date,temp,narrow,top2,lev,vix_abs,topshare,lev_ratio,lev_int,top2_raw,topshare_raw
2005-02-25,,,,,92.55,,,,38.69202952068046,27.731609503019435
2005-02-28,,,,,89.6,,,,43.5738946255202,31.291674528850734
2005-03-01,,,,,89.80000000000001,,,,39.081340764420474,27.137161119421716
2005-03-02,,,,,87.5,,,,38.923464821693244,24.80211850603838
2005-03-03,,,,,85.35,,,,40.86476910822842,25.119300110984668
2005-03-04,,,,,90.3,,,,39.68192378340266,22.91353454100983
2005-03-07,,,,,88.7,,,,44.36887328839651,28.360232725446682
2005-03-08,,,,,88.0,,,,40.442717274634695,23.607992628264494
2005-03-09,,,,,86.5,,,,39.19573828054591,29.620979354521314
2005-03-10,,,,,87.55,,,,38.82638903856465,30.46952564616824
2005-03-11,,,,,86.0,,,,43.583331600973686,28.512551005524116
2005-03-14,,,,,88.05,,,,35.70007696402972,27.097158920387933
2005-03-15,,,,,84.25,,,,37.93860099776555,25.475356054769783
2005-03-16,,,,,82.55,,,,38.71319866625704,23.314788685307576
2005-03-17,,,,,83.55000000000001,,,,38.615572409760844,24.509556231329576
2005-03-18,,,,,84.3,,,,39.536384050124106,26.460667782499588
2005-03-21,,,,,81.95,,,,41.31453228077819,24.517538117114444
2005-03-22,,,,,78.65,,,,41.89999502552983,24.715662166305506
2005-03-23,,,,,79.7,,,,39.51828789405857,21.82718904282455
2005-03-24,,,,,82.9,,,,40.638557360154905,23.204742651878956
2005-03-28,,,,,81.25,,,,37.281871485074625,24.10274903512336
2005-03-29,,,,,77.55,,,,40.098089369367955,21.46466087668541
2005-03-30,,,,,81.8,,,,39.17541417315531,22.64111076978551
2005-03-31,,,,,79.9,,,,38.83365539197955,22.47581541706417
2005-04-01,,,,,79.55,,,,42.34527691239972,24.60903172693628
2005-04-04,,,,,79.45,,,,41.962048474529865,27.039214213666686
2005-04-05,,,,,81.6,,,,38.19095889256787,25.35770934649583
2005-04-06,,,,,84.25,,,,39.33483546948201,22.683667615633084
2005-04-07,,,,,88.35,,,,37.17637835841205,26.965407110447558
2005-04-08,,,,,86.9,,,,39.36360220880122,22.23486824974298
2005-04-11,,,,,90.1,,,,38.23226583414154,23.85527087687945
2005-04-12,,,,,93.5,,,,40.37466408314981,26.453477859860016
2005-04-13,,,,,83.44999999999999,,,,39.77517019278779,23.057715013030265
2005-04-14,,,,,77.35,,,,42.4947341384574,23.74496433832489
2005-04-15,,,,,61.30000000000001,,,,44.2294202503787,25.95643499714556
2005-04-18,,,,,67.2,,,,39.83764940164058,22.224330483589842
2005-04-19,,,,,75.19999999999999,,,,39.25833690503801,23.685685691842544
2005-04-20,,,,,65.39999999999999,,,,40.23267883247725,27.534525423908164
2005-04-21,,,,,77.95,,,,40.41401094531458,28.46295416611821
2005-04-22,,,,,73.1,,,,40.272164690853565,34.613206054001054
2005-04-25,,,,,76.9,,,,36.92898096869386,30.636225409742778
2005-04-26,,,,,75.45,,,,37.250688403351354,27.959704381566297
2005-04-27,,,,,75.65,,,,36.14250363830883,22.287252499342184
2005-04-28,,,,,65.7,,,,35.26059718868378,23.096482221551533
2005-04-29,,,,,73.45,,,,38.729621783726756,22.53223669540971
2005-05-02,,,,,74.4,,,,38.37654228792793,24.11016524719965
2005-05-03,,,,,77.35,,,,35.48941810274765,28.587258738775766
2005-05-04,,,,,80.75,,,,36.68155019715137,25.053018945505283
2005-05-05,,,,,80.1,,,,39.17924304520797,23.947639793287028
2005-05-06,,,,,79.75,,,,37.80359969496138,24.400458821113702
2005-05-09,,,,,81.25,,,,38.375782957992136,23.41971012332989
2005-05-10,,,,,75.45,,,,38.77627415738771,23.872773595369168
2005-05-11,,,,,77.75,,,,41.95825804342476,32.4193553581311
2005-05-12,,,,,69.39999999999999,,,,38.4841899664919,27.64623405201571
2005-05-13,,,,,68.4,,,,40.74397377998207,23.7253208325576
2005-05-16,,,,,71.6,,,,37.32600200005145,24.080747915814353
2005-05-17,,,,,77.15,,,,37.00170102115504,23.497429478026017
2005-05-18,,,,,81.85,,,,39.114283695773366,25.816390645729893
2005-05-19,,,,,83.4,,,,38.27444132075624,24.686627744190755
2005-05-20,,,,,84.3,,,,38.36738376100306,24.891783332015503
2005-05-23,,,,,85.25,,,,45.6949293861657,35.0616880249771
2005-05-24,,,,,86.55,,,,49.34220924042,38.86032760958752
2005-05-25,,,,,87.1,,,,42.2704409591108,34.009032547248836
2005-05-26,,,,,88.8,,,,40.66247982323787,30.484119392441304
2005-05-27,,,,,89.25,,,,37.270007444889885,37.45039300226482
2005-05-31,,,,,83.55000000000001,,,,40.4549735781285,32.92618631619714
2005-06-01,,,,,88.2,,,,47.95102754439276,39.471186019430945
2005-06-02,,,,,90.8,,,,39.544660830601956,30.967528291329348
2005-06-03,,,,,89.25,,,,43.76356327393113,36.26106094430177
2005-06-06,,,,,88.60000000000001,,,,45.61558500250976,38.06528218080314
2005-06-07,,,,,88.05,,,,44.502264667366696,35.43011431541899
2005-06-08,,,,,86.5,,,,43.05869314930156,36.02589421921471
2005-06-09,,,,,89.6,,,,41.11243982467138,32.143389810273476
2005-06-10,,,,,90.19999999999999,,,,41.52536223487309,30.32499467877451
2005-06-13,,,,,91.75,,,,39.14521913483545,28.56992672943413
2005-06-14,,,,,91.05000000000001,,,,34.67198860773523,27.244768076687603
2005-06-15,,,,,92.7,,,,42.17766131272545,30.91412094852501
2005-06-16,,,,,94.25,,,,39.005735269471174,29.155904506928533
2005-06-17,,,,,92.6,,,,36.73272095951576,23.483623175611733
2005-06-20,,,,,92.64999999999999,,,,41.16249038701599,33.58503402462142
2005-06-21,,,,,94.6,,,,39.329228929723456,31.067586290089693
2005-06-22,,,,,94.75,,,,34.2072655622139,25.379836383352266
2005-06-23,,,,,89.35,,,,41.95032440994739,31.19745094913299
2005-06-24,,,,,89.1,,,,35.88483516944455,31.819455279882884
2005-06-27,,,,,87.4,,,,39.94382276146328,32.44406087716441
2005-06-28,,,,,92.1,,,,39.975161839116566,32.646958068960394
2005-06-29,,,,,91.15,,,,38.4723352110725,36.86055520571067
2005-06-30,,,,,89.80000000000001,,,,37.031752757671335,28.663796031346795
2005-07-01,,,,,93.0,,,,34.920922705255215,29.609427560179775
2005-07-05,,,,,91.6,,,,36.76394507556308,25.52388686268927
2005-07-06,,,,,88.65,,,,38.749208926157245,23.89189606726428
2005-07-07,,,,,87.55,,,,36.4715514561286,26.936488950393795
2005-07-08,,,,,92.75,,,,37.05308252838445,25.154904489016676
2005-07-11,,,,,93.60000000000001,,,,38.762167116906866,24.45001386271368
2005-07-12,,,,,95.25,,,,40.63186997565206,22.09805462807843
2005-07-13,,,,,95.8,,,,39.00553039491747,26.48356837246019
2005-07-14,,,,,95.95,,,,43.53727238152902,33.11800118676647
2005-07-15,,,,,98.35,,,,39.693561775970466,27.06276948820229
2005-07-18,,,,,96.15,,,,40.49072677514807,24.70551008848463
2005-07-19,,,,,97.75,,,,41.110411640153586,32.93144327309608
2005-07-20,,,,,98.85,,,,46.18139251392396,37.812757917363
2005-07-21,,,,,95.14999999999999,,,,39.799247491114755,38.67438514866938
2005-07-22,,,,,97.4,,,,41.80500077746147,37.71952741824906
2005-07-25,,,,,94.5,,,,35.669065531620305,27.622134993153058
2005-07-26,,,,,95.05,,,,36.599760466115164,25.911037347149975
2005-07-27,,,,,98.2,,,,38.940875535442835,28.442222284331788
2005-07-28,,,,,97.4,,,,35.42648700150956,22.223332307447393
2005-07-29,,,,,92.15,,,,38.93301589819078,24.384621109206822
2005-08-01,,,,,89.6,,,,36.64326759557742,23.351581736353413
2005-08-02,,,,,91.25,,,,42.77974477595744,30.958817228682
2005-08-03,,,,,90.85,,,,38.96274523111448,27.320588643658105
2005-08-04,,,,,87.4,,,,37.92950483219087,23.947220035610158
2005-08-05,,,,,87.6,,,,38.03009329113329,23.630352232342787
2005-08-08,,,,,83.94999999999999,,,,35.06885193850546,23.02928943976282
2005-08-09,,,,,88.0,,,,37.53428495618181,26.535093320504682
2005-08-10,,,,,88.1,,,,40.648359521463064,27.87414654509872
2005-08-11,,,,,87.9,,,,38.79479736777791,28.53786232134598
2005-08-12,,,,,86.3,,,,42.36256866037402,28.494619294558383
2005-08-15,,,,,88.7,,,,40.34734029974428,31.27465257264688
2005-08-16,,,,,82.4,,,,38.337470094561546,26.89110404729821
2005-08-17,,,,,83.5,,,,41.430141344534825,24.11444609591981
2005-08-18,,,,,82.9,,,,34.088631708578696,28.66068835441869
2005-08-19,,,,,82.9,,,,38.323559722266076,22.647555113604504
2005-08-22,,,,,82.9,,,,36.96706490073052,24.706692012667858
2005-08-23,,,,,83.3,,,,37.58324253092221,22.522648310340205
2005-08-24,,,,,79.15,,,,37.08043796009333,24.261047775495076
2005-08-25,,,,,81.35,,,,36.54240949472343,21.00473812539785
2005-08-26,,,,,81.4,,,,37.834701721825695,20.5049738050437
2005-08-29,,,,,82.4,,,,36.94747992176025,23.39174081060497
2005-08-30,,,,,81.75,,,,34.73564331609407,22.121463943889307
2005-08-31,,,,,87.0,,,,37.78301001261818,24.216873504043036
2005-09-01,,,,,84.25,,,,38.190726527485644,23.26022904066221
2005-09-02,,,,,82.15,,,,35.863560289239395,24.616902187321216
2005-09-06,,,,,85.35,,,,35.456725080071074,23.024138601657
2005-09-07,,,,,87.4,,,,34.7557715641721,27.444633724080774
2005-09-08,,,,,85.35,,,,38.23148338209694,24.519762476225637
2005-09-09,,,,,90.1,,,,38.824235084503655,26.23079092497077
2005-09-12,,,,,91.75,,,,33.175505610902654,27.497112642025623
2005-09-13,,,,,88.05,,,,35.09980512558776,25.584561525981936
2005-09-14,,,,,85.45,,,,35.41973041008703,26.554168848092285
2005-09-15,,,,,87.55,,,,36.559422971226745,30.990477069703715
2005-09-16,,,,,93.89999999999999,,,,39.35120992843286,25.83215733408507
2005-09-19,,,,,89.3,,,,35.19723065623733,24.446035960207933
2005-09-20,,,,,86.8,,,,38.339836713242526,23.763079139676304
2005-09-21,,,,,81.05000000000001,,,,34.60085504583046,23.506392305315572
2005-09-22,,,,,83.35,,,,35.65434774116982,26.354812634329956
2005-09-23,,,,,85.19999999999999,,,,38.53976365675244,26.336310056053456
2005-09-26,,,,,84.8,,,,35.57886513110501,25.37756311756515
2005-09-27,,,,,86.2,,,,36.49209680616866,23.194520537189074
2005-09-28,,,,,86.85,,,,38.97142840755193,27.378820809905335
2005-09-29,,,,,88.8,,,,38.60029710964167,22.067813316811986
2005-09-30,,,,,90.4,,,,37.29732492053319,24.384421202706815
2005-10-03,,,,,87.69999999999999,,,,35.544511827693206,24.41218798441127
2005-10-04,,,,,84.0,,,,39.098437184273884,27.326964077143888
2005-10-05,,,,,77.25,,,,36.33422201839379,23.74011024305158
2005-10-06,,,,,75.19999999999999,,,,36.63398914444164,23.65279656334545
2005-10-07,,,,,77.05,,,,33.90680115036281,23.129019102760225
2005-10-10,,,,,72.25,,,,36.48777830765344,22.51134976431615
2005-10-11,,,,,71.85,,,,40.19471320833382,24.828008864453597
2005-10-12,,,,,68.9,,,,43.06018358107111,28.822635163596743
2005-10-13,,,,,67.65,,,,39.84908735187188,27.965796172382447
2005-10-14,,,,,75.65,,,,36.386636952155506,24.350279922170767
2005-10-17,,,,,76.65,,,,34.15550897418416,24.782916721509864
2005-10-18,,,,,73.35,,,,37.705548091286076,28.3735423656725
2005-10-19,,,,,82.5,,,,37.246537560212694,23.489233196415707
2005-10-20,,,,,69.45,,,,34.92195561483315,29.012541221712056
2005-10-21,,,,,69.35000000000001,,,,38.223288598516156,31.747929180090352
2005-10-24,,,,,76.3,,,,36.91071017928695,24.13427060927352
2005-10-25,,,,,77.35,,,,35.32489040408016,21.76426458684474
2005-10-26,,,,,77.05,,,,34.88090098940239,22.593179940756425
2005-10-27,,,,,69.9,,,,36.60765234470873,20.595053712655467
2005-10-28,,,,,78.75,,,,40.491726849341866,24.91017510052088
2005-10-31,,,,,73.4,,,,37.068998372650974,28.57196731553195
2005-11-01,,,,,75.75,,,,38.16678305425556,28.77839300268212
2005-11-02,,,,,82.6,,,,39.2056483407782,26.590685317778593
2005-11-03,,,,,85.0,,,,40.54302523208904,23.60187522051546
2005-11-04,,,,,84.15,,,,35.489793444467935,27.039226513177876
2005-11-07,,,,,84.5,,,,35.72935678806311,29.039789148529994
2005-11-08,,,,,84.6,,,,34.535956118016024,25.677441582131205
2005-11-09,,,,,86.0,,,,35.0619574655336,27.536553074201013
2005-11-10,,,,,90.5,,,,40.27742492100957,29.072897676093785
2005-11-11,,,,,91.85,,,,38.82256853751894,25.9777385093024
2005-11-14,,,,,89.1,,,,35.142843258219095,24.3328342628467
2005-11-15,,,,,88.85,,,,35.75786810046512,26.05887284547594
2005-11-16,,,,,88.7,,,,39.20590010107331,27.165781728858292
2005-11-17,,,,,93.75,,,,38.693946183860724,26.005632041179993
2005-11-18,,,,,94.4,,,,39.08642167342586,27.59830556081524
2005-11-21,,,,,95.9,,,,36.39271421456645,27.266738378297266
2005-11-22,,,,,97.0,,,,39.6489830826248,27.865104244593546
2005-11-23,,,,,95.19999999999999,,,,41.23066938420863,30.328959956228214
2005-11-25,,,,,95.6,,,,46.31121729718779,38.599528528951744
2005-11-28,,,,,90.8,,,,38.40779649223053,30.23476693115053
2005-11-29,,,,,90.55,,,,43.87904295122217,35.089588247288425
2005-11-30,,,,,89.7,,,,39.42088817216247,29.254497678690033
2005-12-01,,,,,93.8,,,,37.416725250185394,26.467132128937003
2005-12-02,,,,,94.95,,,,40.38624443365311,26.621430270300024
2005-12-05,,,,,92.0,,,,37.94111319935958,27.0316277984194
2005-12-06,,,,,92.4,,,,41.7047124517922,30.839481249613033
2005-12-07,,,,,89.1,,,,39.827809170557416,31.000787285043263
2005-12-08,,,,,88.94999999999999,,,,41.5654348862422,29.28088679182383
2005-12-09,,,,,91.55,,,,40.69221776626021,28.35608440699959
2005-12-12,,,,,92.64999999999999,,,,39.07927836326586,28.75667134317767
2005-12-13,,,,,94.45,,,,37.05849217488358,28.763543171211687
2005-12-14,,,,,97.6,,,,40.473230166427285,30.299963416985776
2005-12-15,,,,,96.35,,,,35.85025851947259,29.56399477680157
2005-12-16,,,,,96.6,,,,40.5151828682259,29.917176657043704
2005-12-19,,,,,93.1,,,,42.13650804459711,37.70396072404005
2005-12-20,,,,,94.05,,,,39.01349881296202,27.692786224493123
2005-12-21,,,,,95.95,,,,40.8950522002826,28.283559416494093
2005-12-22,,,,,98.55000000000001,,,,38.66352246181455,26.133832584153645
2005-12-23,,,,,98.65,,,,34.950779296187676,24.44646828133416
2005-12-27,,,,,92.15,,,,35.47020376130266,27.226905699311644
2005-12-28,,,,,93.25,,,,37.15973645762174,28.315803524530246
2005-12-29,,,,,91.95,,,,37.91792952646318,28.99764763220168
2005-12-30,,,,,89.65,,,,39.57217197062614,30.879852658846872
2006-01-03,,,,,94.3,,,,37.99059301592841,27.54340560953118
2006-01-04,,,,,93.15,,,,40.00563552508843,28.77468691068925
2006-01-05,,,,,93.45,,,,39.431621650658066,28.426498582422127
2006-01-06,,,,,95.0,,,,48.682142822182186,35.561806490111444
2006-01-09,,,,,94.35,,,,40.55809222253654,28.230764323750098
2006-01-10,,,,,95.7,,,,44.859351893567855,32.27707350335404
2006-01-11,,,,,95.3,,,,45.307700575358815,30.01170376425418
2006-01-12,,,,,94.0,,,,44.110875361227166,30.003732474878582
2006-01-13,,,,,93.85,,,,40.06045852882774,29.365595149885653
2006-01-17,,,,,90.45,,,,39.99631503481292,29.972365673929502
2006-01-18,,,,,88.75,,,,51.812648194935484,40.63403444049276
2006-01-19,,,,,90.1,,,,47.51165115639498,36.21346086026601
2006-01-20,,,,,77.19999999999999,,,,47.187112590340504,41.3103944672765
2006-01-23,,,,,80.35,,,,45.21285881503154,38.75926005231133
2006-01-24,,,,,83.44999999999999,,,,42.36260538828749,31.448585701133197
2006-01-25,,,,,85.65,,,,43.25339309506992,32.28691256266336
2006-01-26,,,,,87.9,,,,38.47081499535147,28.756733409436514
2006-01-27,,,,,90.14999999999999,,,,41.73415069751303,28.523879241162902
2006-01-30,,,,,88.05,,,,39.038812392629005,30.061556078963186
2006-01-31,,,,,85.25,,,,42.285397329979546,32.661548934117604
2006-02-01,,,,,88.2,,,,41.98404835174288,34.768238652896414
2006-02-02,,,,,83.85,,,,34.355498729403116,25.55620414881854
2006-02-03,,,,,85.19999999999999,,,,42.14456872864842,31.556978329575486
2006-02-06,,,,,84.8,,,,40.644706837864064,28.512926307097587
2006-02-07,,,,,82.05,,,,41.91971967056994,32.38979701840817
2006-02-08,,,,,85.85,,,,44.603485799638456,36.025845348366076
2006-02-09,,,,,84.4,,,,40.44420373189263,28.723661031568458
2006-02-10,,,,,85.65,,,,41.97990755488253,33.96369623253811
2006-02-13,,,,,83.25,,,,45.26942039843213,34.58450963039579
2006-02-14,,,,,88.75,,,,38.09982519215402,27.677994169261467
2006-02-15,,,,,88.45,,,,42.187963753856984,35.574154712593476
2006-02-16,,,,,92.6,,,,44.639714020263106,32.846743043244224
2006-02-17,,,,,89.95,,,,41.949411089457776,28.57177678443777
2006-02-21,,,,,87.95,,,,37.05307440983281,24.885490551247212
2006-02-22,,,,,90.6,,,,40.77737009524941,24.542906294265673
2006-02-23,,,,,90.65,,,,38.87288325076657,28.288027665041408
2006-02-24,,,52.976190476190474,,92.7,20.833333333333336,,,39.0875970340944,23.96268801378873
2006-02-27,,,67.65873015873017,,92.05,58.92857142857143,,,40.317632508022704,28.310610820862898
2006-02-28,,,99.40476190476191,,88.3,99.40476190476191,,,49.43815596679332,41.208427463456474
2006-03-01,,,93.84920634920636,,92.30000000000001,75.59523809523809,,,44.758661852508354,30.29074909860429
2006-03-02,,,88.29365079365078,,91.39999999999999,76.78571428571429,,,42.929303969055525,30.453307621171504
2006-03-03,,,95.43650793650794,,90.19999999999999,88.29365079365078,,,45.534151031651895,33.3931892850093
2006-03-06,,,77.97619047619048,,86.3,56.547619047619044,,,41.43050444831569,28.26883696814914
2006-03-07,,,79.16666666666666,,86.7,47.817460317460316,,,41.60793036573248,27.15612991212562
2006-03-08,,,50.99206349206349,,88.4,39.48412698412698,,,39.06849851180179,26.073987122938814
2006-03-09,,,55.75396825396825,,86.6,56.547619047619044,,,39.264813195670754,28.03581524386565
2006-03-10,,,83.53174603174604,,90.75,80.75396825396825,,,42.05388156542838,31.173505239279724
2006-03-13,,,62.10317460317461,,93.15,76.38888888888889,,,39.84755354546884,30.46357845255992
2006-03-14,,,57.738095238095234,,96.3,76.78571428571429,,,39.506150519574454,30.537864137905512
2006-03-15,,,62.89682539682539,,93.25,47.817460317460316,,,39.96176485251849,27.214541540476944
2006-03-16,,,75.1984126984127,,90.1,32.73809523809524,,,40.89819290434743,25.09228737469028
2006-03-17,,,88.29365079365078,,89.4,36.30952380952381,,,42.84238065768311,25.821201863873494
2006-03-20,,,45.83333333333333,,91.05000000000001,56.15079365079365,,,38.879328641227325,28.09945228729333
2006-03-21,,,92.26190476190477,,91.9,71.23015873015873,,,44.511612150993855,29.755583703876525
2006-03-22,,,95.43650793650794,,93.94999999999999,72.02380952380952,,,45.552379380405604,29.977159350160104
2006-03-23,,,84.32539682539682,,94.15,37.5,,,42.19843773885836,26.042414267582952
2006-03-24,,,90.27777777777779,,94.05,85.51587301587301,,,43.994347888775465,32.50178217835904
2006-03-27,,,55.75396825396825,,92.7,35.11904761904761,,,39.374103379908185,25.844087549301875
2006-03-28,,,58.13492063492064,,92.1,33.53174603174603,,,39.640537101641016,25.77138016621328
2006-03-29,,,97.02380952380952,,95.25,89.48412698412699,,,46.383877652272545,34.46484985375922
2006-03-30,,,85.9126984126984,,92.15,72.42063492063492,,,42.70998710654261,30.128039506666422
2006-03-31,,,98.21428571428571,,93.05,98.61111111111111,,,48.1101998307407,40.39325455693017
2006-04-03,,,29.96031746031746,,92.15,9.722222222222223,,,37.761768468441815,23.317099884097722
2006-04-04,,,72.81746031746032,,94.3,64.88095238095238,,,40.82023707495047,28.823058793773605
2006-04-05,,,86.30952380952381,,94.35,75.9920634920635,,,42.9203030725944,30.80920413512561
2006-04-06,,,86.70634920634922,,92.75,74.8015873015873,,,42.96992459407082,30.492751520794386
2006-04-07,,,63.29365079365079,,88.7,29.166666666666668,,,40.27218403323545,25.244888138626
2006-04-10,,,25.992063492063494,,89.05,36.7063492063492,,,37.23947132056159,26.141168731961624
2006-04-11,,,32.73809523809524,,85.0,31.150793650793652,,,37.982539033343585,25.59234930719747
2006-04-12,,,25.992063492063494,,86.2,4.166666666666666,,,37.23132340563241,22.294193719907376
2006-04-13,,,97.02380952380952,,88.1,92.26190476190477,,,47.44929178390229,35.62606290106616
2006-04-17,,,36.7063492063492,,87.1,35.91269841269841,,,38.28085936922287,26.118801739538917
2006-04-18,,,29.166666666666668,,93.0,5.357142857142857,,,37.438175974008246,22.546781239718857
2006-04-19,,,76.78571428571429,,93.4,28.373015873015873,,,41.65197573107934,25.273266994735238
2006-04-20,,,47.023809523809526,,91.8,68.05555555555556,,,38.9393100046012,29.791215745922916
2006-04-21,,,75.1984126984127,,92.05,87.10317460317461,,,41.51087355603607,33.42928258235538
2006-04-24,,,6.15079365079365,,91.25,20.436507936507937,,,35.03118395744183,24.392177208281424
2006-04-25,,,0.992063492063492,,91.25,23.214285714285715,,,33.932410024653095,24.52196951017848
2006-04-26,,,2.976190476190476,,91.2,1.7857142857142856,,,34.48033903403841,21.990574935069315
2006-04-27,,,45.43650793650794,,90.8,34.72222222222222,,,38.82315293845162,25.935700757362618
2006-04-28,,,99.40476190476191,,92.05,94.24603174603175,,,51.46812867596226,37.393209945034826
2006-05-01,,,73.61111111111111,,87.30000000000001,56.15079365079365,,,41.31318066589249,28.472414157779642
2006-05-02,,,33.92857142857143,,90.05,74.8015873015873,,,38.0235371939138,30.569933528376435
2006-05-03,,,68.05555555555556,,90.05,46.230158730158735,,,40.63943466795889,27.411368947234777
2006-05-04,,,54.166666666666664,,90.7,14.484126984126986,,,39.359297683542216,23.915663586126623
2006-05-05,,,33.92857142857143,,91.9,20.436507936507937,,,38.057206499293784,24.415799442839862
2006-05-08,,,22.023809523809522,,90.0,27.18253968253968,,,36.97940662249371,25.216546170225264
2006-05-09,,,9.722222222222223,,90.05,49.801587301587304,,,35.38864845376426,27.817777719407122
2006-05-10,,,20.833333333333336,,91.10000000000001,8.928571428571429,,,36.7611860023584,23.385594605261748
2006-05-11,,,58.13492063492064,,87.55,29.166666666666668,,,39.6997334596501,25.54620052296106
2006-05-12,,,31.944444444444443,,79.05000000000001,6.15079365079365,,,37.909749801379114,22.76516008818988
2006-05-15,,,0.5952380952380952,,82.15,1.3888888888888888,,,33.77689508868935,21.762984022821733
2006-05-16,,,16.071428571428573,,83.25,7.738095238095238,,,36.1220913405644,23.08099304387574
2006-05-17,,,39.48412698412698,,68.69999999999999,6.944444444444445,,,38.34987368725981,22.872066335182403
2006-05-18,,,44.24603174603175,,65.05000000000001,0.992063492063492,,,38.81942564959109,20.816699785181193
2006-05-19,,,56.94444444444444,,64.1,29.563492063492063,,,39.57435645103665,25.537452540701466
2006-05-22,,,37.89682539682539,,61.400000000000006,1.7857142857142856,,,38.29950448670208,21.5767638268116
2006-05-23,,,36.7063492063492,,58.69999999999999,6.547619047619048,,,38.21305831456,22.550417756834555
2006-05-24,,,28.76984126984127,,63.2,5.357142857142857,,,37.30094213883944,22.41608362896758
2006-05-25,,,26.38888888888889,,72.5,26.38888888888889,,,37.08546820218749,24.878774236607757
2006-05-26,,,22.42063492063492,,78.7,0.1984126984126984,,,36.83432480607182,20.116027271285873
2006-05-30,,,22.42063492063492,,56.7,0.1984126984126984,,,36.814244905390616,19.73522485933497
2006-05-31,,,37.89682539682539,,67.8,16.071428571428573,,,38.21174664190858,23.687732192031653
2006-06-01,,,30.357142857142854,,77.4,5.753968253968254,,,37.42231653381959,22.29259968389023
2006-06-02,,,29.96031746031746,,78.4,2.579365079365079,,,37.404843327607004,21.566526020394907
2006-06-05,,,16.071428571428573,,66.75,1.3888888888888888,,,35.899080945979726,20.518373992564744
2006-06-06,,,16.071428571428573,,63.3,26.785714285714285,,,35.89570067734817,24.552799235821446
2006-06-07,,,12.103174603174603,,61.0,16.071428571428573,,,35.47894128037154,23.540859294306905
2006-06-08,,,24.801587301587304,,58.24999999999999,10.912698412698413,,,36.92808523770314,22.908709309854423
2006-06-09,,,33.13492063492063,,59.4,7.341269841269842,,,37.51697673343987,22.313851498622554
2006-06-12,,,34.32539682539682,,47.599999999999994,2.976190476190476,,,37.68447908181668,21.363419279250635
2006-06-13,,,76.78571428571429,,40.475,18.849206349206348,,,41.17217901946297,23.66984619970919
2006-06-14,,,66.86507936507937,,46.35,20.436507936507937,,,40.15108682887316,23.86759715515972
2006-06-15,,,61.70634920634921,,70.5,10.515873015873016,,,39.64187596298022,22.614045981422496
2006-06-16,,,77.57936507936508,,63.75,12.5,,,41.29026959062338,23.002324375816073
2006-06-19,,,44.24603174603175,,60.85000000000001,39.08730158730159,,,38.355396418122005,25.792446911789835
2006-06-20,,,25.595238095238095,,66.54999999999998,2.976190476190476,,,37.0126957626469,21.329469533959923
2006-06-21,,,50.99206349206349,,72.4,33.53174603174603,,,38.87831953818416,25.00444045894488
2006-06-22,,50.0,66.07142857142857,,70.6,35.11904761904761,,,39.997761638955225,25.243432789021387
2006-06-23,,50.0,76.38888888888889,,70.55,39.08730158730159,,,41.08011511305578,25.64825779304931
2006-06-26,,50.0,28.373015873015873,,71.9,2.1825396825396823,,,37.1910716191252,20.66405389981992
2006-06-27,,50.0,56.547619047619044,,68.0,12.103174603174603,,,39.13379074899589,22.732778535983865
2006-06-28,,50.0,60.11904761904761,,71.05,13.293650793650794,,,39.4835435103303,22.89207675406951
2006-06-29,,50.0,40.27777777777778,,84.85000000000001,12.896825396825399,,,38.208431293238775,22.840223547689646
2006-06-30,,50.0,0.5952380952380952,,84.6,2.579365079365079,,,33.45124520914857,20.75239682764202
2006-07-03,,50.0,14.484126984126986,,84.75,1.7857142857142856,,,35.765311881756986,20.551663500564505
2006-07-05,,50.0,3.7698412698412698,,79.25,0.992063492063492,,,34.530141424128935,20.164922312944398
2006-07-06,,50.0,15.674603174603174,,81.75,51.388888888888886,,,35.85078391805941,26.66704019096719
2006-07-07,,50.0,19.642857142857142,,80.14999999999999,33.13492063492063,,,36.51214523804839,24.668482097042997
2006-07-10,,50.0,22.42063492063492,,79.9,4.563492063492063,,,36.64436579201688,21.256221920185432
2006-07-11,,50.0,58.92857142857143,,84.3,21.626984126984127,,,39.37498080138159,23.578911687959263
2006-07-12,,50.0,33.53174603174603,,77.55,5.753968253968254,,,37.544930076390145,21.504611043329767
2006-07-13,,50.0,24.00793650793651,,61.050000000000004,14.087301587301587,,,36.85191661803258,22.751010195891386
2006-07-14,,50.0,7.341269841269842,,59.75,24.801587301587304,,,35.04012479222622,23.742938617370925
2006-07-17,,50.0,4.9603174603174605,,56.8,17.658730158730158,,,34.70720554766915,23.0480536686873
2006-07-18,,50.0,10.119047619047619,,61.30000000000001,10.515873015873016,,,35.2573076768429,22.328101298694357
2006-07-19,,50.0,68.84920634920636,,72.25,18.055555555555554,,,40.15343075979846,23.047923627311224
2006-07-20,,50.0,84.72222222222221,,68.94999999999999,83.13492063492063,,,42.07841750283571,30.47296588973913
2006-07-21,,50.0,59.32539682539682,,63.00000000000001,60.51587301587301,,,39.3324830797337,27.636742435601207
2006-07-24,,50.0,12.103174603174603,,75.1,14.484126984126986,,,35.43256210332121,22.734854194899416
2006-07-25,,50.0,35.91269841269841,,75.75,11.30952380952381,,,37.61606889895525,22.488004424898477
2006-07-26,,50.0,10.515873015873016,,76.9,6.944444444444445,,,35.31774648956309,21.57907367407237
2006-07-27,,50.0,18.849206349206348,,75.30000000000001,1.3888888888888888,,,35.90980610655352,20.2689526128628
2006-07-28,,50.0,15.674603174603174,,78.35,0.1984126984126984,,,35.73206039321051,19.26407095324093
2006-07-31,,50.0,19.246031746031747,,75.25,2.1825396825396823,,,36.00757768072202,20.48917413790366
2006-08-01,,50.0,6.15079365079365,,74.75,0.5952380952380952,,,34.774918318655565,19.307193562611662
2006-08-02,,50.0,0.1984126984126984,,78.3,9.722222222222223,,,32.51783188885989,21.895899370239665
2006-08-03,,50.0,0.992063492063492,,77.69999999999999,18.055555555555554,,,33.29100391062809,22.826750670464413
2006-08-04,,50.0,58.13492063492064,,78.3,22.023809523809522,,,39.13181782415651,23.079808901759822
2006-08-07,,50.0,5.753968253968254,,73.85,32.34126984126984,,,34.66360570589273,24.27160939096869
2006-08-08,,50.0,32.34126984126984,,73.85,26.785714285714285,,,37.22697274172596,23.625371134099403
2006-08-09,,50.0,77.57936507936508,,74.0,43.452380952380956,,,40.923422411191595,25.428331513896513
2006-08-10,,50.0,57.738095238095234,,77.69999999999999,29.563492063492063,,,39.11712754132748,23.772234051348047
2006-08-11,,50.0,55.35714285714286,,78.5,7.738095238095238,,,39.052345123443175,21.518203601722874
2006-08-14,,50.0,22.42063492063492,,78.7,18.452380952380953,,,36.47756454084701,22.794140331444364
2006-08-15,,50.0,63.69047619047619,,82.9,29.96031746031746,,,39.49966122349198,23.749114573713033
2006-08-16,,89.88095238095238,78.76984126984127,,87.95,16.865079365079367,,,41.219678539638224,22.702970065125697
2006-08-17,,89.0873015873016,80.75396825396825,,88.8,18.452380952380953,,,41.45652272326256,22.75604270925335
2006-08-18,,89.48412698412699,77.57936507936508,,91.8,55.75396825396825,,,40.959400540005745,26.50725371200139
2006-08-21,,90.67460317460318,39.48412698412698,,88.89999999999999,45.43650793650794,,,37.823283121622936,25.45813517237365
2006-08-22,,90.67460317460318,73.61111111111111,,89.05,42.65873015873016,,,40.557890741132304,25.169642160628026
2006-08-23,,88.69047619047619,62.89682539682539,,88.0,6.15079365079365,,,39.507315499757176,21.079828172523047
2006-08-24,,88.69047619047619,20.833333333333336,,88.0,5.753968253968254,,,36.127179121873574,20.91329931160424
2006-08-25,,89.88095238095238,45.43650793650794,,88.45,8.531746031746032,,,38.29512053870915,21.554686084864656
2006-08-28,,87.89682539682539,35.51587301587302,,89.1,19.642857142857142,,,37.51572683502739,22.832478357878387
2006-08-29,,85.11904761904762,61.70634920634921,,88.60000000000001,19.246031746031747,,,39.484395895223265,22.804501479570106
2006-08-30,,88.29365079365078,15.674603174603174,,88.89999999999999,18.849206349206348,,,35.65930666710816,22.802245530268724
2006-08-31,,86.30952380952381,33.53174603174603,,88.45,9.722222222222223,,,37.34137010302974,21.742741482986382
2006-09-01,,82.73809523809523,41.07142857142857,,90.19999999999999,12.896825396825399,,,38.044385851595976,22.298511529599217
2006-09-05,,81.15079365079364,77.97619047619048,,86.85,54.166666666666664,,,41.11089266159708,26.29210260770605
2006-09-06,,86.30952380952381,74.8015873015873,,81.3,33.53174603174603,,,40.74875321508902,24.161954228595356
2006-09-07,,84.32539682539682,73.21428571428571,,80.6,36.7063492063492,,,40.591558598944005,24.430665030963976
2006-09-08,,81.15079365079364,54.563492063492056,,84.2,6.15079365079365,,,39.11228277733987,21.13642527026885
2006-09-11,,77.18253968253968,46.230158730158735,,85.05,22.42063492063492,,,38.51494439224806,22.875576045423994
2006-09-12,,74.0079365079365,56.547619047619044,,90.4,26.785714285714285,,,39.24050675683505,23.379167139019213
2006-09-13,,73.61111111111111,16.071428571428573,,94.1,39.08730158730159,,,35.83143622693644,24.49159355148783
2006-09-14,,75.9920634920635,21.626984126984127,,92.25,16.46825396825397,,,36.4990082350926,22.55660541299888
2006-09-15,,76.38888888888889,45.03968253968254,,91.2,12.5,,,38.42008496178768,22.20864001870214
2006-09-18,,76.38888888888889,79.16666666666666,,91.10000000000001,52.976190476190474,,,41.23428415295835,26.017037181476095
2006-09-19,,72.42063492063492,38.69047619047619,,90.1,65.27777777777779,,,38.028399618417765,27.844892426649963
2006-09-20,,75.59523809523809,79.56349206349206,,93.05,64.88095238095238,,,41.300463990060834,27.821997837779012
2006-09-21,,76.38888888888889,35.11904761904761,,88.75,35.51587301587302,,,37.73422939880298,24.308162689312347
2006-09-22,,77.57936507936508,37.89682539682539,,87.05,2.976190476190476,,,38.00118710102289,20.504366246445393
2006-09-25,,75.9920634920635,18.452380952380953,,89.4,30.357142857142854,,,36.35412696838124,23.62425978477001
2006-09-26,,74.0079365079365,35.91269841269841,,92.35000000000001,37.89682539682539,,,37.891140929329,24.386742352562965
2006-09-27,,71.23015873015873,26.785714285714285,,92.1,31.944444444444443,,,37.158058609179804,23.71365726501695
2006-09-28,,72.02380952380952,24.00793650793651,,91.39999999999999,29.563492063492063,,,36.92125930520586,23.59045895457318
2006-09-29,,78.76984126984127,35.91269841269841,,90.1,0.1984126984126984,,,37.81638613222534,18.208406180386653
2006-10-02,,80.75396825396825,39.08730158730159,,87.15,6.547619047619048,,,38.00629743394753,21.012488074910074
2006-10-03,,75.9920634920635,20.436507936507937,,88.8,2.976190476190476,,,36.574310189706125,20.433615792959042
2006-10-04,,70.83333333333334,22.023809523809522,,90.7,14.087301587301587,,,36.69511179279856,22.228458520269903
2006-10-05,,64.88095238095238,11.706349206349206,,90.1,29.96031746031746,,,35.565765008045524,23.528614444091165
2006-10-06,,64.48412698412699,21.626984126984127,,92.2,13.690476190476192,,,36.666638533840825,22.06543979537537
2006-10-09,,61.70634920634921,30.753968253968257,,91.6,26.38888888888889,,,37.40096667855383,22.94954733607868
2006-10-10,,61.70634920634921,46.230158730158735,,92.4,34.72222222222222,,,38.45140114673497,23.753377593665903
2006-10-11,,62.5,76.78571428571429,,91.9,14.880952380952381,,,41.08773866163652,22.234310005795464
2006-10-12,,58.53174603174603,68.84920634920636,,94.55,25.992063492063494,,,40.332703134942285,22.896277114088385
2006-10-13,,56.94444444444444,74.8015873015873,,96.25,43.452380952380956,,,40.82838292066286,24.613761233899645
2006-10-16,,41.46825396825397,35.11904761904761,,94.55,29.166666666666668,,,37.79727652524167,23.19788919460915
2006-10-17,,62.10317460317461,85.11904761904762,,91.35,17.658730158730158,,,42.0438478102422,22.418120680456667
2006-10-18,,56.547619047619044,88.29365079365078,,93.3,37.10317460317461,,,42.54367304807815,23.77291746348212
2006-10-19,,47.023809523809526,56.547619047619044,,95.5,70.03968253968253,,,39.36850669235007,28.334093946848178
2006-10-20,,57.341269841269835,12.896825396825399,,96.85,63.69047619047619,,,35.77581269828487,27.5947983605941
2006-10-23,,61.30952380952381,40.27777777777778,,94.6,79.56349206349206,,,38.158875962464286,29.771133389531812
2006-10-24,,60.11904761904761,2.1825396825396823,,96.10000000000001,31.944444444444443,,,34.09817397335166,23.547805390700933
2006-10-25,,51.78571428571429,0.5952380952380952,,96.7,38.2936507936508,,,32.81918180793772,24.113669768043927
2006-10-26,,52.976190476190474,8.531746031746032,,97.2,8.928571428571429,,,35.38337188572605,21.340820086400715
2006-10-27,,59.72222222222222,68.84920634920636,,96.0,40.67460317460318,,,40.473391429015884,24.41212800042026
2006-10-30,,42.26190476190476,16.071428571428573,,94.0,27.976190476190478,,,35.99209448376526,23.070220181513555
2006-10-31,,52.976190476190474,5.753968253968254,,94.5,9.325396825396826,,,34.80823395071172,21.493888316176776
2006-11-01,,64.48412698412699,35.11904761904761,,92.45,9.325396825396826,,,37.85345486014737,21.407869771992708
2006-11-02,,64.48412698412699,15.277777777777779,,92.9,4.563492063492063,,,35.884818024026174,20.524850544229047
2006-11-03,,58.53174603174603,6.547619047619048,,94.2,8.134920634920634,,,35.00843832993442,21.217854988931123
2006-11-06,,52.976190476190474,29.563492063492063,,94.2,6.547619047619048,,,37.37313526539779,20.83599434403471
2006-11-07,,46.62698412698413,24.00793650793651,,94.55,6.15079365079365,,,36.94600025713681,20.807362557843238
2006-11-08,,53.37301587301587,42.65873015873016,,96.25,59.32539682539682,,,38.26349327211086,26.43204731828524
2006-11-09,,43.05555555555556,91.86507936507937,,94.95,61.30952380952381,,,44.23318886581882,26.837376616949733
2006-11-10,,39.08730158730159,20.833333333333336,,96.05000000000001,0.5952380952380952,,,36.73431825223747,19.215249572141097
2006-11-13,,46.230158730158735,31.547619047619047,,95.7,2.1825396825396823,,,37.49246628445469,20.08675083497943
2006-11-14,,50.198412698412696,22.42063492063492,,97.5,20.03968253968254,,,36.865702760853424,22.362822127629904
2006-11-15,,49.007936507936506,24.00793650793651,,98.45,37.10317460317461,,,37.010539419538546,23.641416111464284
2006-11-16,,42.26190476190476,70.83333333333334,,99.2,30.357142857142854,,,40.59639596918269,22.9759660900949
2006-11-17,,41.86507936507937,33.13492063492063,,99.75,8.928571428571429,,,37.5729195964907,21.01374989198939
2006-11-20,,40.67460317460318,41.86507936507937,,100.0,32.34126984126984,,,38.11563733994252,23.063787319998667
2006-11-21,,33.53174603174603,16.865079365079367,,100.0,60.11904761904761,,,36.448743993692766,26.267566296485377
2006-11-22,,30.357142857142854,18.452380952380953,,99.3,16.46825396825397,,,36.57046976740681,21.95438944778775
2006-11-24,,22.42063492063492,86.70634920634922,,96.35,61.30952380952381,,,42.24185330392621,26.318893271618272
2006-11-27,,36.30952380952381,73.61111111111111,,88.5,49.801587301587304,,,40.827181238541066,24.745707545181162
2006-11-28,,43.05555555555556,74.0079365079365,,91.9,62.10317460317461,,,40.88917541042735,26.322757450124918
2006-11-29,,47.817460317460316,48.214285714285715,,95.85,62.5,,,38.63231509139303,26.349164344519
2006-11-30,,47.023809523809526,16.865079365079367,,95.45,17.658730158730158,,,36.39170798145137,22.168674634143816
2006-12-01,,45.83333333333333,46.62698412698413,,91.7,39.48412698412698,,,38.406062730909554,23.663250672533252
2006-12-04,,39.08730158730159,87.10317460317461,,93.85,79.16666666666666,,,42.20443693772488,29.102726828087246
2006-12-05,,34.72222222222222,18.849206349206348,,93.65,16.071428571428573,,,36.55495649829691,21.79762774161837
2006-12-06,,31.944444444444443,20.436507936507937,,93.35,18.055555555555554,,,36.66442055194323,22.128274096083395
2006-12-07,,37.5,65.27777777777779,,86.65,51.78571428571429,,,40.03962128405173,24.81938334852743
2006-12-08,,39.88095238095239,91.86507936507937,,89.65,69.24603174603175,,,44.19539576386348,27.67184449357027
2006-12-11,,52.976190476190474,88.29365079365078,,96.44999999999999,37.10317460317461,,,42.65218974944002,23.405720660961062
2006-12-12,,57.341269841269835,75.59523809523809,,96.75,17.658730158730158,,,41.05358225079099,22.05299183156958
2006-12-13,,58.13492063492064,27.18253968253968,,99.1,16.46825396825397,,,37.15245237438012,21.847410865240377
2006-12-14,,67.26190476190477,66.46825396825396,,100.0,15.277777777777779,,,40.1607151910129,21.730523148588677
2006-12-15,,62.10317460317461,51.78571428571429,,99.75,37.10317460317461,,,39.00551215048528,23.26197860921339
2006-12-18,,66.07142857142857,47.42063492063492,,97.0,68.05555555555556,,,38.4254187944383,26.698959408271055
2006-12-19,,67.26190476190477,38.69047619047619,,98.5,37.10317460317461,,,37.967789192622,23.248145556851924
2006-12-20,,65.27777777777779,6.15079365079365,,98.7,1.7857142857142856,,,34.998173735619055,19.60304036644476
2006-12-21,,65.27777777777779,36.7063492063492,,97.35000000000001,39.88095238095239,,,37.8109197358112,23.469880800396947
2006-12-22,,66.86507936507937,62.5,,93.2,34.72222222222222,,,39.59111503800209,23.03115493046412
2006-12-26,,66.07142857142857,67.65873015873017,,93.7,24.801587301587304,,,40.17576230038296,22.445959550034832
2006-12-27,,65.67460317460318,90.27777777777779,,96.8,88.69047619047619,,,43.0348914079103,30.67849740444103
2006-12-28,,68.45238095238095,80.35714285714286,,95.05,68.84920634920636,,,41.542204897104554,26.64704929846809
2006-12-29,,64.48412698412699,73.21428571428571,,92.2,66.07142857142857,,,40.85875054505049,26.252478979361094
2007-01-03,,59.72222222222222,40.67460317460318,,89.80000000000001,40.67460317460318,,,38.03794083407964,23.457841528604717
2007-01-04,,58.53174603174603,27.18253968253968,,92.45,56.15079365079365,,,37.17980515914373,24.852770377821308
2007-01-05,,63.69047619047619,53.769841269841265,,89.3,46.230158730158735,,,39.098151448262556,23.73381835933765
2007-01-08,,69.64285714285714,44.642857142857146,,90.0,21.626984126984127,,,38.269714094299836,22.250002793820833
2007-01-09,,66.46825396825396,92.65873015873017,,90.45,83.13492063492063,,,44.30192782126775,29.769239222219202
2007-01-10,,68.05555555555556,94.64285714285714,,92.64999999999999,90.67460317460318,,,45.15003397793448,31.462886618810494
2007-01-11,,62.10317460317461,83.13492063492063,,95.65,81.54761904761905,,,42.02173875142975,28.87649169161554
2007-01-12,,65.67460317460318,94.64285714285714,,99.25,73.61111111111111,,,44.93447099157047,27.50410642533992
2007-01-16,,67.65873015873017,91.07142857142857,,96.3,85.51587301587301,,,43.80579989301039,30.060771591622416
2007-01-17,,35.91269841269841,94.64285714285714,,97.05,86.70634920634922,,,45.06999175672528,30.39426834706799
2007-01-18,,44.642857142857146,97.02380952380952,,95.75,76.78571428571429,,,46.627965176654335,27.99997176495377
2007-01-19,,37.10317460317461,86.70634920634922,,98.0,65.67460317460318,,,42.43215005453702,26.00295437496144
2007-01-22,,37.89682539682539,80.75396825396825,,96.15,51.78571428571429,,,41.84436559933776,24.36551438986549
2007-01-23,,35.11904761904761,56.94444444444444,,98.3,34.32539682539682,,,39.321268372247346,22.945592432367324
2007-01-24,,29.563492063492063,77.18253968253968,,100.0,25.992063492063494,,,41.26963074280901,22.535061444293962
2007-01-25,,27.18253968253968,63.29365079365079,,93.89999999999999,62.10317460317461,,,39.735756301279935,25.33407646840281
2007-01-26,,22.817460317460316,76.78571428571429,,94.35,66.86507936507937,,,41.17432173936655,25.865945864983985
2007-01-29,,18.452380952380953,63.69047619047619,,92.75,16.865079365079367,,,39.86306920956698,21.786056458426394
2007-01-30,,25.992063492063494,26.38888888888889,,95.19999999999999,2.579365079365079,,,37.14901164040493,19.770114630952364
2007-01-31,,19.246031746031747,2.976190476190476,,97.9,67.26190476190477,,,34.18899673628915,25.841140724997523
2007-02-01,,20.03968253968254,2.1825396825396823,,98.45,58.92857142857143,,,33.82152464118926,24.830855829161944
2007-02-02,,15.674603174603174,11.30952380952381,,99.6,14.484126984126986,,,35.6701156275533,21.547350537322675
2007-02-05,,14.087301587301587,64.88095238095238,,97.25,59.32539682539682,,,39.874500529096515,24.8214464039386
2007-02-06,,12.5,83.13492063492063,,96.75,40.27777777777778,,,41.76940260230304,23.160458733547024
2007-02-07,,9.722222222222223,88.69047619047619,,98.4,58.53174603174603,,,42.55750798235438,24.647832275325115
2007-02-08,,9.722222222222223,50.595238095238095,,97.8,0.5952380952380952,,,38.70996776453893,19.164406375208944
2007-02-09,,9.325396825396826,92.26190476190477,,94.5,49.801587301587304,,,43.94133763783359,23.737928732454694
2007-02-12,,9.722222222222223,50.198412698412696,,91.95,10.515873015873016,,,38.53065414596863,21.051942025867127
2007-02-13,,9.722222222222223,35.51587301587302,,98.3,0.1984126984126984,,,37.6310051074902,18.075920165251343
2007-02-14,,12.896825396825399,39.08730158730159,,98.85,0.992063492063492,,,37.86944965299858,19.07234017243033
2007-02-15,,15.277777777777779,40.27777777777778,,98.89999999999999,0.992063492063492,,,37.96086414863993,18.600586381647584
2007-02-16,,17.261904761904763,25.595238095238095,,99.9,72.81746031746032,,,36.99846553332195,25.970734164875793
2007-02-20,,15.277777777777779,27.18253968253968,,98.8,5.753968253968254,,,37.06140840920612,20.192909858644086
2007-02-21,,15.674603174603174,59.32539682539682,,99.0,46.62698412698413,,,39.24151460010703,23.478327399963653
2007-02-22,,12.896825396825399,62.10317460317461,,99.1,12.896825396825399,,,39.4754873906101,21.11193954912952
2007-02-23,,12.896825396825399,75.9920634920635,,97.1,5.753968253968254,,,40.877626772239054,20.19255021320792
2007-02-26,,18.452380952380953,56.94444444444444,,94.25,4.563492063492063,,,39.112335374969426,19.941020190159374
2007-02-27,,50.0,66.46825396825396,,58.45000000000001,22.023809523809522,,,39.77568190817116,21.816298889592268
2007-02-28,,24.404761904761905,52.57936507936508,,72.9,30.753968253968257,,,38.80728859980631,22.455866240603047
2007-03-01,,19.246031746031747,59.72222222222222,,70.89999999999999,47.817460317460316,,,39.28223816164055,23.4359774573635
2007-03-02,,50.0,74.8015873015873,,56.95,15.277777777777779,,,40.802932758335,21.325551629204895
2007-03-05,,50.0,66.46825396825396,,51.85000000000001,16.071428571428573,,,39.65298468998931,21.33834156093316
2007-03-06,,50.0,30.753968253968257,,70.19999999999999,6.944444444444445,,,37.28311186526795,20.25142618095676
2007-03-07,,50.0,15.674603174603174,,73.8,10.515873015873016,,,36.039290258559475,20.706417908296483
2007-03-08,,50.0,42.26190476190476,,78.55000000000001,16.071428571428573,,,37.96969697751275,21.318828697618304
2007-03-09,,50.0,25.595238095238095,,79.55,33.53174603174603,,,36.95511387395838,22.532560781421687
2007-03-12,,50.0,9.722222222222223,,80.05,47.817460317460316,,,35.43323809042954,23.208281744793318
2007-03-13,,50.0,91.86507936507937,,59.35,69.24603174603175,,,42.75072662303833,25.004242480586736
2007-03-14,,50.0,62.5,,63.65,43.452380952380956,,,39.36258328641106,22.963398076351194
2007-03-15,,50.0,70.43650793650794,,67.85,4.563492063492063,,,39.96864016903496,19.829683468156592
2007-03-16,,50.0,18.055555555555554,,66.05000000000001,8.134920634920634,,,36.437916503050246,20.433603462551936
2007-03-19,,50.0,23.61111111111111,,77.05,25.595238095238095,,,36.779611537930855,21.86267436640574
2007-03-20,,50.0,12.896825396825399,,83.65,8.134920634920634,,,35.81491386612163,20.32917649655345
2007-03-21,,18.055555555555554,60.912698412698404,,89.05,5.753968253968254,,,39.13521219169864,20.10608577550241
2007-03-22,,13.293650793650794,29.563492063492063,,85.35,3.373015873015873,,,37.081620905938664,19.39786272372858
2007-03-23,,11.30952380952381,1.7857142857142856,,85.25,35.51587301587302,,,33.54192161542954,22.46822872896533
2007-03-26,,12.5,4.166666666666666,,84.2,15.674603174603174,,,34.47654594032438,21.040060764187444
2007-03-27,,17.261904761904763,8.928571428571429,,82.6,13.293650793650794,,,35.297580150602656,20.770251909175407
2007-03-28,,18.055555555555554,16.865079365079367,,75.1,2.976190476190476,,,35.970659762829264,19.298988341561397
2007-03-29,,17.261904761904763,16.46825396825397,,74.3,1.3888888888888888,,,35.907295962712276,19.055167659453904
2007-03-30,,50.0,7.738095238095238,,76.8,0.1984126984126984,,,35.0240867205336,17.440210768971788
2007-04-02,,50.0,35.91269841269841,,77.35,1.7857142857142856,,,37.243176982704554,18.618883074353306
2007-04-03,,15.674603174603174,2.1825396825396823,,82.69999999999999,13.690476190476192,,,33.71238723613645,20.62206381664999
2007-04-04,,21.626984126984127,4.563492063492063,,83.8,10.912698412698413,,,34.24581824460935,20.34150787626944
2007-04-05,,22.817460317460316,6.944444444444445,,83.85,2.1825396825396823,,,34.74768380849663,18.858442353117333
2007-04-09,,19.246031746031747,25.992063492063494,,84.3,5.753968253968254,,,36.665778640207414,19.449489819201034
2007-04-10,,12.896825396825399,46.62698412698413,,86.6,1.3888888888888888,,,37.8603220131316,18.47264931675266
2007-04-11,,24.00793650793651,19.642857142857142,,82.55,1.3888888888888888,,,35.998754118383246,18.45852065382625
2007-04-12,,24.801587301587304,14.484126984126986,,86.44999999999999,1.3888888888888888,,,35.707687159978185,18.219282369679984
2007-04-13,,33.92857142857143,75.1984126984127,,89.0,25.595238095238095,,,39.916856916694854,21.404491296885876
2007-04-16,,28.373015873015873,42.65873015873016,,90.1,13.293650793650794,,,37.56297899104625,20.381907888049795
2007-04-17,,33.13492063492063,53.37301587301587,,89.3,8.531746031746032,,,38.16388155988951,19.774096453398503
2007-04-18,,68.05555555555556,66.07142857142857,,87.9,7.341269841269842,,,39.180822963368946,19.514794201144355
2007-04-19,,66.07142857142857,7.341269841269842,,87.30000000000001,75.59523809523809,,,34.761222643928846,24.699566752771275
2007-04-20,,68.45238095238095,3.7698412698412698,,89.65,51.388888888888886,,,33.98389751924467,22.916600918485774
2007-04-23,,57.738095238095234,6.547619047619048,,84.8,18.849206349206348,,,34.63127010487612,20.752695221842988
2007-04-24,,63.69047619047619,82.34126984126983,,84.4,24.404761904761905,,,40.80688663532347,21.252572777464778
2007-04-25,,68.45238095238095,26.785714285714285,,83.94999999999999,57.341269841269835,,,36.599140658062225,23.153642578185472
2007-04-26,,69.24603174603175,45.03968253968254,,86.05000000000001,70.83333333333334,,,37.69890111560163,23.961360418049978
2007-04-27,,69.24603174603175,83.92857142857143,,87.75,81.15079365079364,,,40.882943574802226,25.288395311592982
2007-04-30,,72.02380952380952,24.404761904761905,,78.9,0.992063492063492,,,36.50243960335664,18.078710031862112
2007-05-01,,73.61111111111111,12.103174603174603,,82.45,0.1984126984126984,,,35.39123928779125,17.219371183534207
2007-05-02,,70.43650793650794,25.992063492063494,,84.6,4.166666666666666,,,36.55521913629443,18.755709474969187
2007-05-03,,74.40476190476191,24.00793650793651,,84.55,2.579365079365079,,,36.459002579719666,18.414850686369334
2007-05-04,,75.9920634920635,46.62698412698413,,85.45,12.103174603174603,,,37.731785222833544,20.091148764728157
2007-05-07,,74.0079365079365,39.88095238095239,,84.25,30.753968253968257,,,37.27781360205257,21.49600887793498
2007-05-08,,75.1984126984127,63.29365079365079,,83.94999999999999,34.72222222222222,,,38.865360472217844,21.75721004950567
2007-05-09,,76.78571428571429,81.94444444444444,,85.6,58.13492063492064,,,40.78657661175651,23.061702165708827
2007-05-10,,79.96031746031747,77.57936507936508,,82.0,54.563492063492056,,,40.10667927466302,22.90910982198249
2007-05-11,,78.76984126984127,85.9126984126984,,85.25,73.21428571428571,,,41.02135976349794,23.888407655329317
2007-05-14,,80.35714285714286,61.70634920634921,,80.19999999999999,8.531746031746032,,,38.80989880282139,19.40842162832809
2007-05-15,,82.73809523809523,48.214285714285715,,79.95,38.2936507936508,,,37.825280031629205,21.916769956316244
2007-05-16,,86.30952380952381,60.51587301587301,,82.5,56.547619047619044,,,38.63740558068397,22.963738453468544
2007-05-17,,89.0873015873016,49.007936507936506,,82.45,5.357142857142857,,,37.88920160352163,18.981080008040703
2007-05-18,,89.88095238095238,51.78571428571429,,86.2,2.579365079365079,,,38.01495930635137,18.39903343825997
2007-05-21,,89.0873015873016,4.563492063492063,,83.5,18.452380952380953,,,34.25346064299221,20.477330349085953
2007-05-22,,84.32539682539682,14.484126984126986,,84.7,5.357142857142857,,,35.67369738618918,18.77659291872843
2007-05-23,,88.69047619047619,23.61111111111111,,83.8,37.5,,,36.45261549314919,21.846516277783394
2007-05-24,,92.26190476190477,76.78571428571429,,79.6,9.325396825396826,,,40.086528261323785,19.38895571263954
2007-05-25,,90.67460317460318,40.27777777777778,,83.3,25.992063492063494,,,37.34611970670699,21.028555854457576
2007-05-29,,92.65873015873017,49.007936507936506,,82.35000000000001,13.690476190476192,,,37.85860866901808,20.085165314016386
2007-05-30,,87.5,59.32539682539682,,85.85,77.97619047619048,,,38.50641947939175,24.449397951566294
2007-05-31,,78.37301587301587,54.166666666666664,,84.75,74.40476190476191,,,38.13693725948691,24.024555419520937
2007-06-01,,77.18253968253968,24.801587301587304,,86.10000000000001,27.976190476190478,,,36.49484209772403,21.169668485661226
2007-06-04,,71.23015873015873,11.30952380952381,,83.55000000000001,83.13492063492063,,,35.33027862098316,25.010092214843667
2007-06-05,,74.0079365079365,6.944444444444445,,81.85,88.29365079365078,,,34.7169235961893,26.02437165643335
2007-06-06,,72.02380952380952,62.5,,75.65,79.56349206349206,,,38.86699813485785,24.71095483151643
2007-06-07,,75.59523809523809,60.51587301587301,,64.70000000000002,87.5,,,38.67083466415687,26.004892888155002
2007-06-08,,79.56349206349206,87.5,,75.8,62.5,,,41.140165017229144,23.358202770822007
2007-06-11,,84.72222222222221,91.86507936507937,,76.44999999999999,85.11904761904762,,,41.91822972835427,25.65303896057003
2007-06-12,,81.15079365079364,77.97619047619048,,66.64999999999999,62.5,,,40.32987319666884,23.394012084779416
2007-06-13,,79.56349206349206,72.81746031746032,,76.35,81.94444444444444,,,39.80875184583084,25.058698184008705
2007-06-14,,89.88095238095238,90.67460317460318,,81.8,71.23015873015873,,,41.567861867809206,23.873379714665074
2007-06-15,,83.92857142857143,87.5,,80.3,50.198412698412696,,,41.18225280253774,22.80233346544166
2007-06-18,,82.73809523809523,75.59523809523809,,82.9,43.84920634920635,,,40.09363621423897,22.380278683122906
2007-06-19,,87.10317460317461,43.84920634920635,,85.75,45.43650793650794,,,37.743222947140545,22.463859031876236
2007-06-20,,79.96031746031747,29.96031746031746,,76.65,29.166666666666668,,,36.69522007897744,21.269613525534346
2007-06-21,,78.76984126984127,75.9920634920635,,78.94999999999999,24.00793650793651,,,40.096364325268866,20.864023347586695
2007-06-22,,80.35714285714286,59.32539682539682,,71.25,59.72222222222222,,,38.6727148548092,23.11595840768914
2007-06-25,,80.35714285714286,61.70634920634921,,66.75,66.46825396825396,,,38.89909974749573,23.574087267673686
2007-06-26,,64.0873015873016,62.10317460317461,,55.55,41.46825396825397,,,38.97816511783212,22.18552790513531
2007-06-27,,65.67460317460318,40.27777777777778,,72.35,22.817460317460316,,,37.52360233641555,20.805277146125515
2007-06-28,,65.67460317460318,77.97619047619048,,72.30000000000001,25.992063492063494,,,40.185270417518005,21.031808509803234
2007-06-29,,68.05555555555556,90.67460317460318,,68.85,35.51587301587302,,,41.620409933836505,21.66142157932781
2007-07-02,,67.65873015873017,59.32539682539682,,73.0,32.73809523809524,,,38.702450875967656,21.464252310682724
2007-07-03,,68.05555555555556,99.40476190476191,,75.4,96.23015873015873,,,45.77603625882044,28.420476963204656
2007-07-05,,63.69047619047619,80.75396825396825,,72.6,85.11904761904762,,,40.80679097299711,25.728639610687942
2007-07-06,,64.0873015873016,77.57936507936508,,76.39999999999999,61.70634920634921,,,40.41135743417499,23.307686466630823
2007-07-09,,62.10317460317461,61.30952380952381,,74.2,24.404761904761905,,,39.014732229833974,21.023081812079887
2007-07-10,,66.46825396825396,91.46825396825396,,62.15,33.92857142857143,,,41.987665483424166,21.52205114574464
2007-07-11,,64.88095238095238,98.21428571428571,,66.8,20.03968253968254,,,44.95255069101413,20.544124094833073
2007-07-12,,63.69047619047619,95.03968253968253,,72.30000000000001,27.579365079365083,,,42.87401063835924,21.11837256751453
2007-07-13,64.09700176366843,58.92857142857143,70.03968253968253,50.595238095238095,74.25,77.57936507936508,2.976190476190476,98.21428571428571,39.813563153795386,24.4528260414966
2007-07-16,58.89029982363316,66.86507936507937,41.07142857142857,51.38888888888889,72.05000000000001,82.73809523809523,2.976190476190476,99.8015873015873,37.78080409936516,25.160253581072524
2007-07-17,67.50987654320988,62.5,93.84920634920636,50.79365079365079,71.85,61.30952380952381,2.579365079365079,99.0079365079365,42.602369327024306,23.248072916109162
2007-07-18,62.910052910052904,60.912698412698404,77.57936507936508,50.0,70.0,60.11904761904761,2.579365079365079,97.42063492063492,40.647995779075195,23.16741308907199
2007-07-19,68.28500881834215,56.15079365079365,86.70634920634922,50.1984126984127,73.85,86.70634920634922,4.563492063492063,95.83333333333334,41.29377163992576,25.977907969073282
2007-07-20,59.91446208112875,58.13492063492064,53.769841269841265,48.80952380952381,65.25,96.62698412698413,2.976190476190476,94.64285714285714,38.59215713798236,28.909053192735744
2007-07-23,57.79929453262787,71.23015873015873,56.547619047619044,46.62698412698413,65.95000000000002,64.0873015873016,1.7857142857142856,91.46825396825396,38.739003264252894,23.435994986157713
2007-07-24,64.00088183421516,73.21428571428571,92.26190476190477,49.20634920634921,57.24999999999999,56.15079365079365,5.357142857142857,93.05555555555556,42.409129553058854,23.02808032477367
2007-07-25,59.27601410934744,68.45238095238095,64.0873015873016,50.198412698412696,59.49999999999999,67.26190476190477,5.753968253968254,94.64285714285714,39.29608712336467,23.60515418487026
2007-07-26,57.98835978835979,50.0,89.48412698412699,50.3968253968254,48.150000000000006,45.43650793650794,4.9603174603174605,95.83333333333334,41.90190759732535,22.390481363590048
2007-07-27,50.59338624338624,50.0,75.59523809523809,51.388888888888886,39.574999999999996,20.833333333333336,4.9603174603174605,97.81746031746032,40.57083719680292,20.693451462418928
2007-07-30,54.05811287477953,50.0,82.34126984126983,53.37301587301587,47.824999999999996,16.071428571428573,6.944444444444445,99.8015873015873,41.03468374469665,20.328391640433445
2007-07-31,55.12116402116401,50.0,91.07142857142857,50.7936507936508,41.2,29.166666666666668,1.7857142857142856,99.8015873015873,42.18287742327115,21.243422655503366
2007-08-01,55.2141975308642,50.0,96.23015873015873,50.7936507936508,40.824999999999996,20.436507936507937,1.7857142857142856,99.8015873015873,43.95596620886707,20.70353794792507
2007-08-02,49.05767195767196,50.0,70.83333333333334,50.595238095238095,46.95,4.166666666666666,1.3888888888888888,99.8015873015873,40.14977726863905,18.544755051840976
2007-08-03,50.087477954144624,50.0,87.5,50.1984126984127,37.1,0.992063492063492,0.5952380952380952,99.8015873015873,41.658428533586886,17.963613344802702
2007-08-06,53.41516754850087,50.0,91.46825396825396,50.0,42.65,12.5,0.1984126984126984,99.8015873015873,42.299852000582824,19.818249314348343
2007-08-07,52.63862433862434,50.0,81.94444444444444,50.0,46.1,17.658730158730158,0.1984126984126984,99.8015873015873,41.11408137397999,20.381450253890605
2007-08-08,54.86022927689594,50.0,87.89682539682539,50.0,46.375,25.198412698412696,0.1984126984126984,99.8015873015873,41.860317185438824,20.937874830145052
2007-08-09,49.72892416225749,50.0,84.72222222222221,50.0,33.8,10.515873015873016,0.1984126984126984,99.8015873015873,41.43391943615896,19.435448940365426
2007-08-10,49.51146384479718,50.0,74.0079365079365,50.3968253968254,29.25,37.89682539682539,0.992063492063492,99.8015873015873,40.65254353558252,21.70005489201737
2007-08-13,51.7953262786596,50.0,89.88095238095238,50.7936507936508,33.575,16.865079365079367,1.7857142857142856,99.8015873015873,42.07391391263442,20.260427385443524
2007-08-14,56.69012345679012,50.0,91.86507936507937,50.3968253968254,30.799999999999997,63.69047619047619,0.992063492063492,99.8015873015873,42.419944779662735,23.375177410667774
2007-08-15,52.8905643738977,50.0,95.03968253968253,50.595238095238095,23.32499999999999,37.5,1.3888888888888888,99.8015873015873,43.07408730966961,21.585001623108084
2007-08-16,56.593562610229284,50.0,96.23015873015873,50.595238095238095,22.92500000000001,69.24603174603175,1.3888888888888888,99.8015873015873,44.08499653676176,23.620246104930377
2007-08-17,54.74541446208112,50.0,98.61111111111111,50.0,25.025000000000006,45.43650793650794,0.1984126984126984,99.8015873015873,45.09662622740317,22.222635058932617
2007-08-20,52.523897707231036,50.0,94.24603174603175,50.595238095238095,34.17500000000001,14.087301587301587,1.3888888888888888,99.8015873015873,43.687095888779595,19.94319566803418
2007-08-21,59.58333333333333,50.0,99.0079365079365,51.19047619047619,36.875,60.912698412698404,2.579365079365079,99.8015873015873,45.28166422244973,23.173189959268633
2007-08-22,57.609611992945325,50.0,95.83333333333334,52.182539682539684,42.775,34.72222222222222,4.563492063492063,99.8015873015873,44.21957031231928,21.341664375952398
2007-08-23,54.78342151675484,50.0,83.92857142857143,51.98412698412699,43.449999999999996,32.34126984126984,5.357142857142857,98.61111111111111,41.822163879529796,21.25206809804437
2007-08-24,60.51269841269841,50.0,93.45238095238095,52.38095238095238,48.2,54.166666666666664,5.753968253968254,99.0079365079365,43.76492938674599,22.860129457073352
2007-08-27,55.27901234567901,50.0,85.11904761904762,51.785714285714285,43.2,35.51587301587302,5.753968253968254,97.81746031746032,41.933913894501956,21.440872880033368
2007-08-28,54.8994708994709,50.0,81.54761904761905,51.98412698412698,34.25,56.547619047619044,6.944444444444445,97.02380952380952,41.61698857211812,22.954890402731277
2007-08-29,60.93447971781303,50.0,92.65873015873017,50.992063492063494,40.475,79.16666666666666,5.753968253968254,96.23015873015873,43.10828004646501,24.593149309940294
2007-08-30,63.5689594356261,50.0,99.40476190476191,51.98412698412699,37.35,92.65873015873017,7.341269841269842,96.62698412698413,46.204099103825705,26.74940752578767
2007-08-31,56.12486772486772,50.0,76.38888888888889,51.98412698412698,41.550000000000004,63.29365079365079,6.15079365079365,97.81746031746032,41.13854227266618,23.35585650790503
2007-09-04,63.02786596119929,50.0,88.69047619047619,53.57142857142857,43.05,93.05555555555556,8.134920634920634,99.0079365079365,42.51203846600002,27.141841842827148
2007-09-05,63.967901234567904,50.0,96.23015873015873,54.36507936507937,38.550000000000004,93.05555555555556,8.928571428571429,99.8015873015873,44.396615609385535,27.438955175598856
2007-09-06,64.89091710758377,50.0,97.02380952380952,54.96031746031746,40.025000000000006,95.03968253968253,11.30952380952381,98.61111111111111,44.97852756418021,27.85976994126486
2007-09-07,61.48597883597883,50.0,93.45238095238095,54.96031746031746,34.425,82.73809523809523,10.119047619047619,99.8015873015873,44.016579185591844,25.136264915661883
2007-09-10,62.61075837742504,50.0,95.83333333333334,54.166666666666664,31.55000000000001,96.23015873015873,11.30952380952381,97.02380952380952,44.829217906892296,28.43247359667174
2007-09-11,48.461111111111116,50.0,52.57936507936508,53.57142857142858,36.825,46.62698412698413,10.912698412698413,96.23015873015873,39.035411993942084,22.290922020886388
2007-09-12,47.31058201058201,50.0,47.023809523809526,52.777777777777786,37.599999999999994,48.214285714285715,9.722222222222223,95.83333333333334,38.647248441368106,22.405685401104776
2007-09-13,46.032804232804224,50.0,58.13492063492064,51.388888888888886,38.099999999999994,17.658730158730158,8.134920634920634,94.64285714285714,39.707535711137275,20.278755144955596
2007-09-14,47.641446208112875,50.0,58.92857142857143,50.0,37.699999999999996,35.51587301587302,6.15079365079365,93.84920634920636,39.79321141353797,21.416554363390368
2007-09-17,46.70864197530864,50.0,65.67460317460318,49.007936507936506,33.8,24.404761904761905,4.563492063492063,93.45238095238095,40.347014374019174,20.76237046831256
2007-09-18,59.219135802469125,50.0,91.46825396825396,47.61904761904762,49.125,58.92857142857143,4.166666666666666,91.07142857142857,43.79319955998569,23.12923952688883
2007-09-19,60.763756613756605,65.27777777777779,82.34126984126983,47.817460317460316,49.925,73.61111111111111,4.9603174603174605,90.67460317460318,42.006325866265236,23.930746014069495
2007-09-20,63.02160493827161,66.46825396825396,90.27777777777779,46.03174603174604,48.875,84.32539682539682,1.7857142857142856,90.27777777777779,43.507733357863685,25.58949129847907
2007-09-21,61.25220458553792,56.94444444444444,75.9920634920635,48.01587301587301,55.0,88.29365079365078,8.134920634920634,87.89682539682539,41.30438424824868,26.1645309257807
2007-09-24,62.737037037037034,62.10317460317461,80.75396825396825,48.01587301587301,53.15,90.67460317460318,8.531746031746032,87.5,41.927225577823314,26.50489397916953
2007-09-25,64.87125220458555,69.24603174603175,89.88095238095238,47.61904761904762,56.99999999999999,77.97619047619048,8.134920634920634,87.10317460317461,43.45703088547766,24.669077030649085
2007-09-26,63.32557319223986,63.29365079365079,87.5,47.023809523809526,61.85000000000001,66.86507936507937,6.547619047619048,87.5,42.7024610525686,23.48001400232862
2007-09-27,51.94444444444444,65.27777777777779,58.92857142857143,48.611111111111114,65.0,8.531746031746032,8.134920634920634,89.0873015873016,40.026500394617,19.203367149744217
2007-09-28,46.26984126984126,60.912698412698404,39.48412698412698,51.1904761904762,60.0,2.976190476190476,13.293650793650794,89.0873015873016,38.23271653525371,18.221647035021444
2007-10-01,55.596649029982366,60.51587301587301,45.83333333333333,50.5952380952381,60.8,74.8015873015873,14.484126984126986,86.70634920634922,38.75061956227756,24.263540401761734
2007-10-02,55.29329805996473,49.404761904761905,47.42063492063492,51.58730158730158,57.550000000000004,83.53174603174604,17.261904761904763,85.9126984126984,38.88933443828421,25.33993380724719
2007-10-03,57.991181657848315,60.912698412698404,74.0079365079365,52.38095238095238,55.99999999999999,43.84920634920635,20.833333333333336,83.92857142857143,41.27324320942236,22.06483050776557
2007-10-04,60.507583774250435,61.30952380952381,65.67460317460318,54.36507936507936,57.8,73.21428571428571,25.992063492063494,82.73809523809523,40.693290955820295,24.01998849232657
2007-10-05,65.02945326278659,59.72222222222222,73.21428571428571,55.55555555555556,65.44999999999999,81.54761904761905,27.976190476190478,83.13492063492063,41.24994726378053,25.078274292482654
2007-10-08,62.456261022927684,48.214285714285715,62.89682539682539,57.34126984126984,62.699999999999996,90.67460317460318,31.547619047619047,83.13492063492063,40.42809228681236,26.556914145281468
2007-10-09,66.37019400352733,48.214285714285715,67.65873015873017,58.53174603174604,69.39999999999999,99.40476190476191,33.53174603174603,83.53174603174604,40.852762362693966,30.786925296152646
2007-10-10,55.750264550264546,50.595238095238095,28.373015873015873,62.10317460317461,66.64999999999999,74.8015873015873,40.27777777777778,83.92857142857143,37.713281147157716,24.568217992048897
2007-10-11,67.1615520282187,64.48412698412699,75.1984126984127,59.920634920634924,55.60000000000001,98.61111111111111,35.51587301587302,84.32539682539682,41.53047105078761,30.46377983494327
2007-10-12,59.90758377425044,54.166666666666664,46.230158730158735,58.53174603174604,61.35,94.24603174603175,33.53174603174603,83.53174603174604,38.991147132980174,28.104292381393307
2007-10-15,57.33686067019399,60.912698412698404,39.48412698412698,56.54761904761904,53.75,99.0079365079365,30.357142857142854,82.73809523809523,38.5677818530637,30.752954742433182
2007-10-16,63.34867724867724,50.0,82.73809523809523,55.35714285714286,49.95,88.69047619047619,29.166666666666668,81.54761904761905,42.20383495678755,26.511354185437085
2007-10-17,68.92821869488536,50.0,99.40476190476191,53.57142857142857,57.300000000000004,96.23015873015873,23.214285714285715,83.92857142857143,46.260334814316714,29.22278793017546
2007-10-18,56.62698412698413,48.214285714285715,42.65873015873016,54.56349206349206,57.5,97.42063492063492,25.198412698412696,83.92857142857143,38.72958621313425,30.237872620973405
2007-10-19,48.97283950617283,50.0,20.436507936507937,55.75396825396825,42.599999999999994,97.42063492063492,24.00793650793651,87.5,36.883969760167666,30.381559856658292
2007-10-22,62.20617283950618,50.0,76.78571428571429,56.34920634920635,45.9,95.43650793650794,22.817460317460316,89.88095238095238,41.620508389814034,29.487243119933055
2007-10-23,61.10379188712522,33.13492063492063,74.40476190476191,56.74603174603175,48.975,99.8015873015873,23.214285714285715,90.27777777777779,41.465356800005296,31.755639763860373
2007-10-24,64.56878306878306,37.5,89.0873015873016,59.32539682539682,48.0,91.46825396825396,27.579365079365083,91.07142857142857,43.31560469761059,27.77920598834629
2007-10-25,65.81825396825397,50.198412698412696,90.67460317460318,60.51587301587302,47.074999999999996,85.11904761904762,28.373015873015873,92.65873015873017,43.772076798982276,26.272774225129265
2007-10-26,69.29400352733686,41.86507936507937,99.8015873015873,60.91269841269841,52.20000000000001,95.03968253968253,28.76984126984127,93.05555555555556,48.077045223340754,29.393810339739524
2007-10-29,57.97072310405643,43.84920634920635,63.29365079365079,64.88095238095238,50.64999999999999,55.35714285714286,33.13492063492063,96.62698412698413,40.77078436297408,23.10537202743467
2007-10-30,59.61278659611993,41.07142857142857,52.182539682539684,66.86507936507937,47.325,95.83333333333334,40.27777777777778,93.45238095238095,39.76834630320026,29.79678490753353
2007-10-31,70.39435626102292,39.08730158730159,88.29365079365078,68.45238095238095,57.349999999999994,97.81746031746032,43.452380952380956,93.45238095238095,43.38814838286022,30.61678086255788
2007-11-01,69.57910052910051,40.27777777777778,97.81746031746032,70.43650793650794,41.974999999999994,95.03968253968253,46.230158730158735,94.64285714285714,45.677835411416524,29.77190425478963
2007-11-02,69.84453262786596,49.007936507936506,99.40476190476191,67.85714285714286,42.474999999999994,92.26190476190477,38.69047619047619,97.02380952380952,46.65098729498745,28.908546975467758
2007-11-05,67.2484126984127,41.07142857142857,98.61111111111111,62.89682539682539,39.225,99.8015873015873,34.32539682539682,91.46825396825396,46.42205186053847,33.94376332823986
2007-11-06,71.20749559082893,52.57936507936508,99.40476190476191,65.67460317460318,46.525,99.40476190476191,31.547619047619047,99.8015873015873,47.60373893509217,32.44244525958197
2007-11-07,67.07345679012346,59.32539682539682,96.23015873015873,63.88888888888889,33.775000000000006,92.65873015873017,28.373015873015873,99.40476190476191,45.636676030638334,29.37608913991363
2007-11-08,67.67566137566136,54.563492063492056,99.0079365079365,62.5,34.599999999999994,99.8015873015873,25.198412698412696,99.8015873015873,47.36493347027739,34.187461665847025
2007-11-09,66.11111111111111,50.0,98.61111111111111,64.68253968253968,28.75,96.23015873015873,29.563492063492063,99.8015873015873,46.84264571657387,30.471596774706562
2007-11-12,60.88033509700177,35.11904761904761,89.88095238095238,64.0873015873016,22.275000000000006,96.23015873015873,28.373015873015873,99.8015873015873,44.07436011635153,30.52890002430035
2007-11-13,65.60141093474427,34.32539682539682,94.24603174603175,64.88095238095238,39.75,93.45238095238095,30.357142857142854,99.40476190476191,45.120112009559286,29.86654446120418
2007-11-14,64.95396825396826,33.53174603174603,95.03968253968253,66.66666666666666,35.150000000000006,90.67460317460318,34.32539682539682,99.0079365079365,45.342223963414426,29.24687454651182
2007-11-15,62.12275132275131,33.92857142857143,92.26190476190477,66.07142857142857,29.85000000000001,82.73809523809523,33.53174603174603,98.61111111111111,44.95864526457044,26.54715167788484
2007-11-16,54.225132275132275,35.51587301587302,53.37301587301587,64.28571428571429,36.275000000000006,80.35714285714286,32.34126984126984,96.23015873015873,40.13345055266476,26.313487861011858
2007-11-19,58.56587301587301,50.0,77.97619047619048,64.48412698412699,34.974999999999994,57.738095238095234,36.30952380952381,92.65873015873017,42.25305174483,23.407104533332536
2007-11-20,63.867372134038796,50.0,87.89682539682539,61.7063492063492,37.800000000000004,88.29365079365078,33.53174603174603,89.88095238095238,44.00782266739748,28.76959674211321
2007-11-21,63.373721340388,50.0,86.70634920634922,64.68253968253968,32.900000000000006,87.10317460317461,31.150793650793652,98.21428571428571,43.88893778039118,28.331480322607376
2007-11-23,59.8242504409171,50.0,68.45238095238095,63.88888888888889,35.974999999999994,87.89682539682539,27.976190476190478,99.8015873015873,41.55177398379516,28.542295293327864
2007-11-26,61.408024691358015,50.0,82.34126984126983,63.69047619047619,27.724999999999994,91.46825396825396,27.579365079365083,99.8015873015873,43.095840840118164,29.42924236240859
2007-11-27,60.75273368606701,50.0,79.16666666666666,59.32539682539682,34.3,91.86507936507937,18.849206349206348,99.8015873015873,42.58579718921619,29.62067735996456
2007-11-28,59.68756613756613,35.91269841269841,81.54761904761905,59.32539682539682,39.725,80.75396825396825,18.849206349206348,99.8015873015873,43.06241255918019,26.555037049338807
2007-11-29,56.34823633156966,38.69047619047619,66.07142857142857,59.12698412698413,40.075,78.76984126984127,18.849206349206348,99.40476190476191,41.4473742101626,26.316504121544227
2007-11-30,61.897619047619045,53.37301587301587,80.75396825396825,61.111111111111114,42.824999999999996,73.21428571428571,23.61111111111111,98.61111111111111,42.92744120432722,25.552800562451893
2007-12-03,60.229894179894174,50.0,79.96031746031747,60.317460317460316,40.975,69.24603174603175,22.42063492063492,98.21428571428571,42.788124020444336,24.915362538514866
2007-12-04,60.43853615520282,50.0,75.59523809523809,66.66666666666666,40.525000000000006,61.70634920634921,35.11904761904761,98.21428571428571,42.3776456383984,23.920152579000163
2007-12-05,64.00449735449735,38.2936507936508,84.72222222222221,69.64285714285714,43.675,72.02380952380952,40.67460317460318,98.61111111111111,43.70590637673454,25.19985416939604
2007-12-06,60.15890652557319,27.976190476190478,65.67460317460318,71.23015873015873,47.599999999999994,73.21428571428571,44.24603174603175,98.21428571428571,41.538897605808366,25.34967298436186
2007-12-07,65.42283950617283,25.595238095238095,87.5,73.61111111111111,47.875,71.62698412698413,50.99206349206349,96.23015873015873,43.98988441246316,25.206700930377167
2007-12-10,66.1673721340388,25.595238095238095,87.5,78.57142857142858,48.150000000000006,62.89682539682539,61.30952380952381,95.83333333333334,44.00456832484658,24.175326233811102
2007-12-11,66.63430335097001,24.801587301587304,89.48412698412699,79.56349206349206,41.025,75.1984126984127,64.0873015873016,95.03968253968253,44.189751292268554,25.772173645112375
2007-12-12,68.40291005291004,31.150793650793652,90.27777777777779,77.57936507936508,43.825,83.53174603174604,60.51587301587301,94.64285714285714,44.36856273601049,27.263456531160735
2007-12-13,68.70564373897707,30.357142857142854,94.64285714285714,77.97619047619048,43.6,77.57936507936508,61.70634920634921,94.24603174603175,45.31294539563897,26.137209222235864
2007-12-14,66.81208112874779,50.0,83.53174603174604,78.17460317460318,41.825,66.07142857142857,62.10317460317461,94.24603174603175,43.770201891288515,24.81371077470456
2007-12-17,65.2358024691358,50.0,71.62698412698413,79.36507936507937,38.7,78.37301587301587,64.48412698412699,94.24603174603175,42.11329656018077,26.261409918118865
2007-12-18,70.90987654320988,50.0,85.11904761904762,80.15873015873015,43.4,90.67460317460318,66.46825396825396,93.84920634920636,43.89730666760169,29.418357743122836
2007-12-19,68.24656084656084,50.0,77.97619047619048,83.13492063492063,45.8,67.26190476190477,71.62698412698413,94.64285714285714,43.01951432991141,24.933369346439143
2007-12-20,70.79770723104056,50.0,85.11904761904762,83.92857142857143,48.550000000000004,68.05555555555556,74.40476190476191,93.45238095238095,43.90730369978327,25.026244573858236
2007-12-21,63.97954144620812,50.0,54.166666666666664,83.73015873015873,57.650000000000006,50.99206349206349,74.8015873015873,92.65873015873017,40.80958928453907,23.32353167391759
2007-12-24,77.2389770723104,50.0,98.61111111111111,82.14285714285714,56.99999999999999,87.5,72.81746031746032,91.46825396825396,46.94585455971056,28.832195105614467
2007-12-26,69.14761904761905,50.0,64.88095238095238,82.14285714285714,56.7,82.73809523809523,75.1984126984127,89.0873015873016,41.691778443399286,27.287858431927525
2007-12-27,70.04955908289243,50.0,79.56349206349206,79.96031746031747,49.349999999999994,82.73809523809523,74.40476190476191,85.51587301587301,43.33652522290641,27.311922056270305
2007-12-28,69.73880070546737,50.0,78.76984126984127,80.35714285714286,48.150000000000006,82.73809523809523,71.23015873015873,89.48412698412699,43.301335633396434,27.294429415213134
2007-12-31,67.65873015873015,50.0,79.96031746031747,79.16666666666666,43.75,74.0079365079365,70.43650793650794,87.89682539682539,43.444519967714726,25.958201684178373
2008-01-02,68.54312169312169,50.0,80.75396825396825,83.33333333333334,42.074999999999996,71.23015873015873,76.38888888888889,90.27777777777779,43.63962877619451,25.391711304409004
2008-01-03,62.703968253968235,50.0,56.94444444444444,85.3174603174603,43.775000000000006,56.94444444444444,75.59523809523809,95.03968253968253,41.22137489891152,23.90906161889061
2008-01-04,73.56067019400352,50.0,95.83333333333334,86.30952380952382,40.15,81.15079365079364,76.78571428571429,95.83333333333334,46.13845686598842,26.90857238329174
2008-01-07,74.52583774250441,50.0,91.46825396825396,89.88095238095238,40.525000000000006,87.10317460317461,79.96031746031747,99.8015873015873,44.978648972010696,28.57694960944973
2008-01-08,62.76816578483245,50.0,59.32539682539682,89.88095238095238,36.425000000000004,53.769841269841265,79.96031746031747,99.8015873015873,41.49071403998303,23.558443836406422
2008-01-09,62.65820105820106,50.0,56.15079365079365,87.5,39.699999999999996,59.72222222222222,75.1984126984127,99.8015873015873,41.22775267671213,24.340649516489364
2008-01-10,67.90255731922399,50.0,75.1984126984127,89.68253968253968,41.375,58.92857142857143,79.56349206349206,99.8015873015873,42.921424946312946,24.0628518245614
2008-01-11,68.78888888888888,50.0,80.35714285714286,90.47619047619048,40.8,55.35714285714286,81.15079365079364,99.8015873015873,43.5795047311206,23.641287105004412
2008-01-14,69.22222222222221,50.0,77.57936507936508,90.87301587301587,42.75,59.72222222222222,82.73809523809523,99.0079365079365,43.20661984165186,24.144268488069134
2008-01-15,77.09065255731922,50.0,95.43650793650794,91.66666666666666,41.65,94.64285714285714,84.32539682539682,99.0079365079365,46.10363309241169,29.96176919581356
2008-01-16,75.87354497354497,50.0,95.03968253968253,89.88095238095238,39.050000000000004,95.03968253968253,81.54761904761905,98.21428571428571,45.91113052661898,30.03194447429963
2008-01-17,67.78677248677248,50.0,81.15079365079364,85.9126984126984,28.849999999999994,82.34126984126983,73.61111111111111,98.21428571428571,43.58882529500756,26.855806904872566
2008-01-18,65.1689594356261,50.0,73.61111111111111,83.33333333333334,32.05,75.1984126984127,66.86507936507937,99.8015873015873,42.761408911591644,25.907033712757553
2008-01-22,61.87275132275132,50.0,77.18253968253968,77.18253968253968,22.474999999999994,75.9920634920635,54.563492063492056,99.8015873015873,43.13948880885743,25.97074605931264
2008-01-23,64.5215167548501,50.0,78.37301587301587,77.97619047619048,27.450000000000003,85.11904761904762,56.15079365079365,99.8015873015873,43.318399732638696,27.440851048665387
2008-01-24,67.26067019400352,50.0,89.48412698412699,80.55555555555556,30.549999999999997,73.61111111111111,61.30952380952381,99.8015873015873,44.39025379676108,25.85373029605783
2008-01-25,66.38412698412698,50.0,83.13492063492063,82.73809523809524,27.30000000000001,78.37301587301587,65.67460317460318,99.8015873015873,43.78846182502644,26.296212820068842
2008-01-28,60.97760141093475,50.0,62.10317460317461,84.32539682539684,30.549999999999997,60.51587301587301,68.84920634920636,99.8015873015873,41.732254011743166,24.37945956761718
2008-01-29,57.63968253968254,50.0,51.78571428571429,86.90476190476191,31.700000000000003,41.07142857142857,74.40476190476191,99.40476190476191,40.92325387157277,22.750969918972874
2008-01-30,68.62821869488536,50.0,88.69047619047619,84.92063492063492,30.94999999999999,73.61111111111111,70.43650793650794,99.40476190476191,44.24393961071562,25.860211252591185
2008-01-31,58.28395061728394,50.0,41.46825396825397,83.53174603174602,34.5,72.02380952380952,68.84920634920636,98.21428571428571,40.08483695066493,25.709515747232558
2008-02-01,68.66613756613756,50.0,67.26190476190477,85.11904761904762,39.95,98.21428571428571,71.62698412698413,98.61111111111111,42.268468734632904,31.172262930255002
2008-02-04,65.16869488536155,50.0,57.341269841269835,86.5079365079365,35.025000000000006,92.26190476190477,73.21428571428571,99.8015873015873,41.491901683662405,29.55135222439103
2008-02-05,61.75820105820105,50.0,53.37301587301587,87.30158730158729,29.400000000000006,78.37301587301587,77.57936507936508,97.02380952380952,41.224089557822374,26.355577827719785
2008-02-06,71.16305114638448,50.0,95.03968253968253,86.3095238095238,27.575000000000003,86.30952380952381,75.59523809523809,97.02380952380952,45.90930074594153,28.42497853554937
2008-02-07,72.3758377425044,50.0,99.8015873015873,85.11904761904762,30.849999999999994,84.72222222222221,72.81746031746032,97.42063492063492,49.1488972045059,27.971088808564122
2008-02-08,67.28721340388007,50.0,89.0873015873016,81.94444444444446,29.974999999999994,71.62698412698413,68.05555555555556,95.83333333333334,44.408908434370474,25.880314674335068
2008-02-11,70.20458553791886,50.0,98.21428571428571,79.96031746031746,31.0,83.53174603174604,64.88095238095238,95.03968253968253,47.03063304609611,27.733225757566576
2008-02-12,64.97980599647266,50.0,85.9126984126984,77.77777777777777,34.17500000000001,61.30952380952381,60.11904761904761,95.43650793650794,44.122983438009186,24.743545221400012
2008-02-13,61.927336860670195,50.0,68.84920634920636,78.37301587301587,37.800000000000004,58.92857142857143,61.70634920634921,95.03968253968253,42.69613590032991,24.52165989095342
2008-02-14,57.59241622574955,50.0,62.5,78.37301587301587,36.150000000000006,35.91269841269841,62.5,94.24603174603175,41.98488725930791,22.298797971565207
2008-02-15,49.30546737213404,50.0,25.992063492063494,77.77777777777779,37.45,33.53174603174603,61.70634920634921,93.84920634920636,38.72846927306156,21.909854376780142
2008-02-19,54.786860670194,50.0,43.05555555555556,82.73809523809524,36.025000000000006,36.7063492063492,67.26190476190477,98.21428571428571,40.45579121963011,22.38398864289032
2008-02-20,57.498236331569665,50.0,37.5,84.12698412698413,39.0,62.10317460317461,70.03968253968253,98.21428571428571,39.98033708166327,24.891520736875147
2008-02-21,54.077954144620804,50.0,34.32539682539682,85.51587301587301,37.199999999999996,37.10317460317461,71.62698412698413,99.40476190476191,39.76721873278838,22.403585486022155
2008-02-22,72.43580246913581,50.0,93.45238095238095,87.10317460317461,39.85,74.0079365079365,74.40476190476191,99.8015873015873,45.77092748328448,26.031879604199244
2008-02-25,68.31225749559083,50.0,73.61111111111111,88.4920634920635,42.425,67.26190476190477,77.18253968253968,99.8015873015873,43.19710782856991,25.366330991909802
2008-02-26,62.171957671957664,50.0,31.547619047619047,85.9126984126984,45.25,98.21428571428571,74.0079365079365,97.81746031746032,39.21965450082809,31.356536030376315
2008-02-27,69.49320987654322,50.0,76.78571428571429,85.11904761904762,43.275,79.96031746031747,70.83333333333334,99.40476190476191,43.46771248424069,26.961553744320536
2008-02-28,63.60326278659611,50.0,58.53174603174603,85.9126984126984,41.175,65.27777777777779,72.81746031746032,99.0079365079365,41.76939503755123,25.333927691866993
2008-02-29,60.7626102292769,50.0,59.32539682539682,85.31746031746033,33.650000000000006,54.96031746031746,74.40476190476191,96.23015873015873,41.86988646313764,24.294713509669823
2008-03-03,62.49435626102292,50.0,66.46825396825396,84.52380952380952,34.3,57.341269841269835,70.03968253968253,99.0079365079365,42.551219766226936,24.58087055949168
2008-03-04,69.55238095238094,50.0,81.15079365079364,85.51587301587301,36.2,84.72222222222221,71.23015873015873,99.8015873015873,43.81830416812322,28.32289577664576
2008-03-05,62.23721340388008,50.0,57.341269841269835,88.0952380952381,38.5,54.166666666666664,77.18253968253968,99.0079365079365,41.7835197868139,24.30436888404677
2008-03-06,64.0595238095238,50.0,72.42063492063492,86.30952380952381,31.125,60.51587301587301,72.81746031746032,99.8015873015873,43.17993794909361,24.956921072901782
2008-03-07,55.62724867724867,50.0,55.75396825396825,80.75396825396825,31.275000000000006,34.32539682539682,61.70634920634921,99.8015873015873,41.71950513330644,22.439827214998033
2008-03-10,50.25626102292768,50.0,37.89682539682539,79.56349206349206,26.549999999999997,34.72222222222222,59.32539682539682,99.8015873015873,40.28732027419686,22.455139333964187
2008-03-11,57.53368606701941,50.0,67.26190476190477,76.38888888888889,34.10000000000001,35.91269841269841,53.769841269841265,99.0079365079365,42.71694732452357,22.5350107696236
2008-03-12,49.51622574955908,50.0,37.89682539682539,73.21428571428572,31.950000000000003,36.30952380952381,46.62698412698413,99.8015873015873,40.28899981706861,22.601782597255376
2008-03-13,50.46940035273368,50.0,44.642857142857146,74.2063492063492,31.775000000000006,28.76984126984127,48.61111111111111,99.8015873015873,41.00456310754649,21.811211485305503
2008-03-14,58.30617283950617,50.0,77.97619047619048,76.78571428571428,22.099999999999994,44.24603174603175,55.75396825396825,97.81746031746032,43.650667481095056,23.356930659048995
2008-03-17,62.556261022927686,50.0,90.27777777777779,77.57936507936508,19.39999999999999,60.912698412698404,57.738095238095234,97.42063492063492,45.09631059496652,25.009294660664523
2008-03-18,67.39620811287477,50.0,91.07142857142857,78.96825396825398,35.525000000000006,66.46825396825396,60.51587301587301,97.42063492063492,45.15073027745069,25.40186215954342
2008-03-19,67.57125220458553,50.0,99.0079365079365,78.96825396825398,25.400000000000006,72.42063492063492,61.30952380952381,96.62698412698413,47.87127202740855,26.024974249273956
2008-03-20,55.1405643738977,50.0,52.976190476190474,78.76984126984127,33.44999999999999,37.10317460317461,61.30952380952381,96.23015873015873,41.65762017404898,22.92056094162687
2008-03-24,67.93659611992945,50.0,96.62698412698413,82.34126984126985,35.675,49.801587301587304,67.65873015873017,97.02380952380952,46.78617516456164,23.988539820292008
2008-03-25,59.87336860670195,50.0,64.0873015873016,85.11904761904762,35.7,33.92857142857143,73.21428571428571,97.02380952380952,42.59281944907142,22.54409518272449
2008-03-26,66.28712522045855,50.0,83.92857142857143,89.48412698412699,34.8,40.67460317460318,83.92857142857143,95.03968253968253,44.12700675190174,23.19252212578731
2008-03-27,64.30388007054674,50.0,76.78571428571429,90.47619047619048,35.30000000000001,33.13492063492063,86.70634920634922,94.24603174603175,43.759658315898356,22.54034194419056
2008-03-28,59.989153439153434,50.0,60.11904761904761,92.85714285714286,35.724999999999994,19.642857142857142,91.86507936507937,93.84920634920636,42.2907945040117,21.172783979899545
2008-03-31,48.206084656084656,50.0,10.515873015873016,91.46825396825398,35.974999999999994,16.46825396825397,92.26190476190477,90.67460317460318,37.42687839291905,20.860349727464833
2008-04-01,60.65837742504409,50.0,60.51587301587301,88.88888888888889,43.3,21.626984126984127,92.65873015873017,85.11904761904762,42.33625216880551,21.40299706858203
2008-04-02,61.277865961199296,50.0,61.70634920634921,88.69047619047619,41.425,29.166666666666668,93.45238095238095,83.92857142857143,42.4205143859151,22.378516512483863
2008-04-03,56.21931216931216,50.0,35.91269841269841,89.28571428571428,41.974999999999994,32.34126984126984,96.62698412698413,81.94444444444444,40.68751392455023,22.485637838706698
2008-04-04,60.54365079365079,50.0,54.166666666666664,88.2936507936508,43.875,33.92857142857143,95.83333333333334,80.75396825396825,41.91211917185847,22.74667686199228
2008-04-07,66.31428571428572,50.0,62.10317460317461,92.46031746031747,43.949999999999996,57.341269841269835,97.81746031746032,87.10317460317461,42.54750481812097,24.74277136230564
2008-04-08,67.40582010582011,50.0,80.35714285714286,94.44444444444446,44.1,24.404761904761905,98.61111111111111,90.27777777777779,43.938147978801275,21.84020683529716
2008-04-09,57.56587301587302,50.0,33.53174603174603,95.83333333333334,42.975,27.579365079365083,99.0079365079365,92.65873015873017,40.63674612727407,22.35244329428055
2008-04-10,64.83915343915343,50.0,60.912698412698404,96.82539682539682,45.05,31.150793650793652,99.0079365079365,94.64285714285714,42.458807345641105,22.465790186890953
2008-04-11,72.72504409171076,50.0,65.27777777777779,97.81746031746033,41.349999999999994,97.81746031746032,99.8015873015873,95.83333333333334,42.84490183137474,31.230487555814733
2008-04-14,66.1758377425044,50.0,60.912698412698404,98.61111111111111,40.45,47.023809523809526,99.8015873015873,97.42063492063492,42.52482232966928,23.903396286507327
2008-04-15,62.917636684303346,50.0,57.341269841269835,99.4047619047619,43.05,17.261904761904763,99.8015873015873,99.0079365079365,42.2990980076303,21.265528617461747
2008-04-16,58.501851851851846,50.0,27.976190476190478,99.60317460317461,48.675,24.404761904761905,99.8015873015873,99.40476190476191,40.155823616322664,22.115403889902012
2008-04-17,54.247707231040565,3.7698412698412698,11.30952380952381,99.20634920634922,49.074999999999996,66.07142857142857,99.8015873015873,98.61111111111111,37.98561293864135,25.567113405383296
2008-04-18,58.6799823633157,2.1825396825396823,21.23015873015873,99.0079365079365,49.675000000000004,87.10317460317461,99.8015873015873,98.21428571428571,39.24501581299778,28.789615897859843
2008-04-21,55.52028218694884,4.166666666666666,24.801587301587304,98.61111111111111,48.75,52.57936507936508,99.8015873015873,97.42063492063492,40.08279027090258,24.42742905278152
2008-04-22,60.429365079365084,26.38888888888889,31.150793650793652,98.21428571428572,47.824999999999996,64.88095238095238,99.8015873015873,96.62698412698413,40.479667310260716,25.456171125779665
2008-04-23,60.04074074074074,15.674603174603174,36.7063492063492,95.63492063492063,49.349999999999994,65.67460317460318,99.8015873015873,91.46825396825396,40.99523536786213,25.57028948350431
2008-04-24,71.48342151675485,6.944444444444445,86.30952380952381,95.23809523809524,49.85,78.37301587301587,99.8015873015873,90.67460317460318,44.39852386323334,26.941219512791008
2008-04-25,69.34885361552028,10.912698412698413,74.0079365079365,93.45238095238095,52.050000000000004,80.75396825396825,99.0079365079365,87.89682539682539,43.61573708914381,27.324594149291205
2008-04-28,58.314462081128745,12.103174603174603,41.46825396825397,91.86507936507937,51.8,50.595238095238095,98.21428571428571,85.51587301587301,41.3588587608312,24.350852309913478
2008-04-29,65.18853615520281,13.690476190476192,53.37301587301587,93.05555555555554,49.400000000000006,88.29365079365078,98.21428571428571,87.89682539682539,42.05768820846906,29.22216061458407
2008-04-30,66.4041446208113,10.515873015873016,60.11904761904761,95.23809523809524,48.025000000000006,85.11904761904762,97.02380952380952,93.45238095238095,42.540945109844934,28.45762651879212
2008-05-01,62.355555555555554,13.293650793650794,44.24603174603175,98.41269841269842,55.60000000000001,52.976190476190474,97.42063492063492,99.40476190476191,41.57647543374905,24.615086029337377
2008-05-02,73.82557319223986,30.357142857142854,70.83333333333334,99.4047619047619,59.1,75.9920634920635,99.0079365079365,99.8015873015873,43.378011885240106,26.770997178548395
2008-05-05,75.847442680776,41.86507936507937,71.23015873015873,99.8015873015873,55.50000000000001,87.89682539682539,99.8015873015873,99.8015873015873,43.39189704723305,29.088461443902013
2008-05-06,76.90070546737213,38.69047619047619,81.94444444444444,99.60317460317461,58.949999999999996,72.81746031746032,99.8015873015873,99.40476190476191,44.04849201990119,26.426072016700807
2008-05-07,71.53015873015873,18.849206349206348,68.05555555555556,99.8015873015873,51.349999999999994,86.70634920634922,99.8015873015873,99.8015873015873,43.25181302306655,28.87506972964995
2008-05-08,67.24514991181657,27.18253968253968,57.341269841269835,99.60317460317461,53.00000000000001,58.53174603174603,99.8015873015873,99.40476190476191,42.49561599565425,25.300756957166303
2008-05-09,73.38483245149912,37.89682539682539,73.21428571428571,98.61111111111111,52.949999999999996,74.40476190476191,99.0079365079365,98.21428571428571,43.61341831732341,26.65747130123966
2008-05-12,79.52786596119928,24.00793650793651,93.84920634920636,98.01587301587301,61.050000000000004,87.89682539682539,98.61111111111111,97.42063492063492,45.95284385313444,29.095419308343175
2008-05-13,77.59717813051145,13.690476190476192,91.07142857142857,98.80952380952381,60.099999999999994,85.9126984126984,99.8015873015873,97.81746031746032,45.388945056619626,28.86809019984315
2008-05-14,73.43333333333334,14.880952380952381,83.92857142857143,98.21428571428572,61.7,60.11904761904761,99.8015873015873,96.62698412698413,44.35437069669781,25.540381030872673
2008-05-15,66.98589065255732,6.547619047619048,61.70634920634921,98.01587301587301,68.5,41.86507936507937,99.8015873015873,96.23015873015873,42.87572680605467,24.01903615267549
2008-05-16,56.03862433862434,10.119047619047619,21.23015873015873,94.44444444444446,67.65,33.13492063492063,99.40476190476191,89.48412698412699,40.11278980557409,23.29934456744533
2008-05-19,60.06825396825397,10.912698412698413,30.753968253968257,96.82539682539684,64.94999999999999,47.817460317460316,99.40476190476191,94.24603174603175,41.0004865922938,24.545275875980796
2008-05-20,65.85026455026454,34.72222222222222,50.198412698412696,95.43650793650794,62.10000000000001,47.023809523809526,97.81746031746032,93.05555555555556,42.1973634604879,24.484802561179556
2008-05-21,61.99435626102292,24.00793650793651,36.30952380952381,93.84920634920636,57.05,65.67460317460318,95.83333333333334,91.86507936507937,41.439383149188004,25.97284813121954
2008-05-22,67.04761904761905,13.293650793650794,59.32539682539682,93.84920634920636,59.75,70.43650793650794,95.83333333333334,91.86507936507937,42.70539881712975,26.34084862692927
2008-05-23,56.87125220458553,20.833333333333336,25.992063492063494,95.03968253968254,52.25,49.404761904761905,94.24603174603175,95.83333333333334,40.67093302442476,24.72775065442223
2008-05-27,53.464373897707226,18.055555555555554,27.579365079365083,92.26190476190476,51.8,27.579365079365083,93.84920634920636,90.67460317460318,40.808845641118765,22.954901802970834
2008-05-28,55.48659611992945,11.706349206349206,46.62698412698413,90.47619047619048,54.65,13.690476190476192,93.05555555555556,87.89682539682539,41.97519312711694,21.58358313968015
2008-05-29,62.95731922398589,4.9603174603174605,60.51587301587301,92.06349206349206,59.3,45.83333333333333,92.65873015873017,91.46825396825396,42.79568714769194,24.48649132748789
2008-05-30,57.26119929453263,3.7698412698412698,45.83333333333333,93.65079365079364,60.85000000000001,17.261904761904763,93.05555555555556,94.24603174603175,41.96117123451683,22.134072853905543
2008-06-02,59.99929453262787,5.357142857142857,65.27777777777779,95.03968253968254,50.85000000000001,17.261904761904763,96.23015873015873,93.84920634920636,43.196837429689715,22.144080572366367
2008-06-03,58.53068783068783,5.357142857142857,66.07142857142857,90.67460317460316,49.400000000000006,18.452380952380953,93.05555555555556,88.29365079365078,43.22672778337219,22.289917692503373
2008-06-04,61.96737213403879,3.373015873015873,89.88095238095238,87.89682539682539,48.0,14.880952380952381,91.46825396825396,84.32539682539682,45.30500240869997,21.746731279631902
2008-06-05,56.15185185185185,2.579365079365079,56.547619047619044,86.5079365079365,56.85000000000001,16.46825396825397,90.27777777777779,82.73809523809523,42.66397425448687,21.94582877454114
2008-06-06,48.85996472663139,5.357142857142857,41.46825396825397,81.74603174603175,41.1,24.00793650793651,86.70634920634922,76.78571428571429,41.86544972695605,22.458282623236933
2008-06-09,68.5268077601411,4.9603174603174605,98.61111111111111,80.35714285714286,42.199999999999996,89.0873015873016,84.72222222222221,75.9920634920635,47.774287781437685,29.344312988823685
2008-06-10,59.32239858906526,2.976190476190476,76.78571428571429,81.15079365079364,42.050000000000004,49.801587301587304,83.92857142857143,78.37301587301587,43.897430382478746,24.62082024527875
2008-06-11,56.088536155202824,10.119047619047619,74.40476190476191,79.76190476190476,39.699999999999996,27.18253968253968,80.75396825396825,78.76984126984127,43.78229458150085,22.684367319005258
2008-06-12,65.65440917107583,16.865079365079367,90.27777777777779,77.38095238095238,41.675000000000004,77.97619047619048,78.37301587301587,76.38888888888889,45.34663357479095,27.394595630974628
2008-06-13,66.60617283950617,5.753968253968254,89.48412698412699,77.77777777777777,46.95,87.5,77.57936507936508,77.97619047619048,45.314798630962564,29.11409875989031
2008-06-16,60.56128747795413,1.3888888888888888,78.76984126984127,76.38888888888889,47.625,61.70634920634921,77.97619047619048,74.8015873015873,44.02050366751015,25.74208821488671
2008-06-17,63.59179894179894,3.373015873015873,95.03968253968253,76.78571428571428,47.175000000000004,54.166666666666664,79.16666666666666,74.40476190476191,46.26153372085182,25.138251367806397
2008-06-18,53.18677248677249,8.134920634920634,67.65873015873017,76.38888888888889,44.400000000000006,17.261904761904763,79.96031746031747,72.81746031746032,43.51243800238092,22.084601627613164
2008-06-19,59.41763668430335,7.738095238095238,83.92857142857143,76.38888888888889,46.050000000000004,37.89682539682539,82.34126984126983,70.43650793650794,44.525158646703765,23.872858708021138
2008-06-20,57.025485008818336,50.0,55.75396825396825,78.96825396825396,42.824999999999996,29.166666666666668,84.72222222222221,73.21428571428571,42.83353713730884,23.02909194990291
2008-06-23,47.07830687830688,50.0,13.293650793650794,82.73809523809524,43.4,12.103174603174603,85.51587301587301,79.96031746031747,40.11244466567878,21.486392435906115
2008-06-24,47.26666666666666,50.0,17.261904761904763,82.93650793650792,43.949999999999996,4.166666666666666,84.72222222222221,81.15079365079364,40.432813358860294,20.359388042335766
2008-06-25,45.70705467372133,50.0,9.325396825396826,81.15079365079364,47.15,4.9603174603174605,85.11904761904762,77.18253968253968,39.73420228699307,20.39683040239506
2008-06-26,52.64470899470899,50.0,31.150793650793652,85.71428571428572,40.175,24.00793650793651,84.32539682539682,87.10317460317461,41.52707645021668,22.46287405937911
2008-06-27,45.619753086419756,50.0,8.531746031746032,83.53174603174602,41.4,10.119047619047619,79.16666666666666,87.89682539682539,39.44090399044345,21.340350533938068
2008-06-30,41.76499118165785,50.0,6.944444444444445,76.38888888888889,40.125,2.579365079365079,70.83333333333334,81.94444444444444,39.031768771773834,19.902776076290056
2008-07-01,54.2773368606702,50.0,56.15079365079365,75.1984126984127,40.875,18.849206349206348,69.64285714285714,80.75396825396825,42.85335627538802,22.272624244699685
2008-07-02,42.58853615520282,50.0,8.134920634920634,77.77777777777777,35.19999999999999,13.293650793650794,67.26190476190477,88.29365079365078,39.27799788502397,21.57549551470469
2008-07-03,40.10784832451499,50.0,7.341269841269842,72.02380952380952,38.025000000000006,4.166666666666666,63.29365079365079,80.75396825396825,39.098317539087354,20.306393807166614
2008-07-07,46.810934744268074,50.0,35.51587301587302,71.42857142857143,35.55,14.880952380952381,63.29365079365079,79.56349206349206,41.721201785108555,21.6805916086453
2008-07-08,45.361992945326286,50.0,21.23015873015873,74.60317460317461,42.12500000000001,7.738095238095238,67.26190476190477,81.94444444444444,40.782972121107846,20.819031935571676
2008-07-09,54.28139329805996,50.0,60.51587301587301,76.78571428571428,36.925,13.293650793650794,66.07142857142857,87.5,43.15990940894814,21.555763214175467
2008-07-10,51.45793650793651,50.0,57.738095238095234,71.42857142857143,36.025000000000006,11.30952380952381,61.70634920634921,81.15079365079364,42.92665066965227,21.3728208866346
2008-07-11,59.838007054673724,50.0,86.30952380952381,72.22222222222223,31.275000000000006,36.7063492063492,62.89682539682539,81.54761904761905,45.01054592290902,23.546646890476605
2008-07-14,60.32416225749558,50.0,90.67460317460318,74.0079365079365,28.799999999999997,31.944444444444443,59.32539682539682,88.69047619047619,45.59821132723337,23.150796577902096
2008-07-15,56.631216931216926,50.0,84.72222222222221,68.05555555555556,28.650000000000006,28.76984126984127,52.182539682539684,83.92857142857143,44.971746958422706,22.763258964192783
2008-07-16,61.49647266313933,50.0,91.86507936507937,68.05555555555556,37.25,41.07142857142857,54.563492063492056,81.54761904761905,45.773967359515225,23.952314899560626
2008-07-17,68.46887125220458,50.0,99.40476190476191,72.8174603174603,37.474999999999994,74.0079365079365,60.912698412698404,84.72222222222221,48.79361723727474,26.865239583850116
2008-07-18,63.20414462081129,50.0,72.42063492063492,70.63492063492063,39.875,82.34126984126983,64.48412698412699,76.78571428571429,43.87569232666486,28.43690073939194
2008-07-21,67.90432098765432,50.0,95.43650793650794,67.46031746031747,42.375,83.13492063492063,63.69047619047619,71.23015873015873,46.710768473624235,28.49757177390058
2008-07-22,67.44409171075837,50.0,98.61111111111111,68.25396825396825,47.05,60.912698412698404,70.03968253968253,66.46825396825396,48.02022233581877,25.649898092075375
2008-07-23,60.07469135802469,50.0,71.23015873015873,71.62698412698413,46.725,39.88095238095239,72.81746031746032,70.43650793650794,43.84046891571217,23.94243993665538
2008-07-24,58.03156966490299,50.0,62.5,73.01587301587301,41.4,45.43650793650794,74.0079365079365,72.02380952380952,43.397389594967564,24.47196105997172
2008-07-25,54.22548500881834,50.0,56.15079365079365,75.0,42.725,15.277777777777779,75.1984126984127,74.8015873015873,43.11629531921143,21.734821816450303
2008-07-28,50.692328042328036,50.0,24.404761904761905,78.76984126984127,39.425,42.26190476190476,81.94444444444444,75.59523809523809,41.26649519990052,24.22081549213617
2008-07-29,58.17557319223986,50.0,68.45238095238095,78.37301587301587,44.925,11.706349206349206,79.16666666666666,77.57936507936508,43.76653101281745,21.481635663468836
2008-07-30,48.95299823633156,50.0,43.05555555555556,68.25396825396825,46.974999999999994,5.753968253968254,77.57936507936508,58.92857142857143,42.415432614474504,20.40348965741593
2008-07-31,46.66913580246913,50.0,41.07142857142857,65.47619047619048,42.65,6.15079365079365,75.59523809523809,55.35714285714286,42.27803070466673,20.64760626120122
2008-08-01,39.842063492063495,50.0,7.738095238095238,65.67460317460318,43.575,8.928571428571429,77.97619047619048,53.37301587301587,39.45868333089593,21.323409633078764
2008-08-04,37.038183421516756,50.0,2.1825396825396823,63.69047619047619,41.275000000000006,5.357142857142857,77.18253968253968,50.198412698412696,38.23296577862645,20.42985119043182
2008-08-05,37.66031746031746,50.0,0.992063492063492,63.492063492063494,47.15,2.1825396825396823,79.96031746031747,47.023809523809526,37.49207752662401,20.07735413072453
2008-08-06,44.60326278659612,50.0,15.277777777777779,67.06349206349206,49.425,20.833333333333336,81.15079365079364,52.976190476190474,40.4099136268263,22.31794838267057
2008-08-07,56.658289241622576,50.0,78.37301587301587,65.47619047619048,47.125,12.5,80.35714285714286,50.595238095238095,44.196783017785044,21.581203667655775
2008-08-08,43.72504409171076,50.0,22.817460317460316,66.46825396825398,48.35,1.7857142857142856,81.15079365079364,51.78571428571429,41.05042121840521,20.02245586605994
2008-08-11,40.51975308641975,50.0,4.9603174603174605,67.46031746031746,49.699999999999996,2.976190476190476,82.34126984126983,52.57936507936508,38.765209258788744,20.265149329907207
2008-08-12,50.47433862433862,50.0,44.24603174603175,70.23809523809524,47.074999999999996,10.912698412698413,82.34126984126983,58.13492063492064,42.46227358657564,21.44800475249839
2008-08-13,50.417548500881836,50.0,39.08730158730159,69.24603174603175,46.125,25.595238095238095,78.76984126984127,59.72222222222222,42.13404424816666,22.51244139549667
2008-08-14,45.86490299823634,50.0,14.484126984126986,76.5873015873016,49.15,5.753968253968254,82.34126984126983,70.83333333333334,40.28261391032132,20.655200496265476
2008-08-15,47.60070546737214,50.0,14.484126984126986,81.15079365079364,52.10000000000001,1.7857142857142856,84.72222222222221,77.57936507936508,40.237600484986295,20.006652154874207
2008-08-18,50.05079365079364,50.0,23.61111111111111,85.71428571428572,47.55,0.992063492063492,85.11904761904762,86.30952380952381,41.02298075546803,19.781168661217134
2008-08-19,54.29329805996473,50.0,37.89682539682539,88.0952380952381,46.8,4.9603174603174605,81.54761904761905,94.64285714285714,41.9363600919375,20.396877189513113
2008-08-20,59.31252204585538,50.0,55.35714285714286,90.47619047619048,48.949999999999996,3.7698412698412698,85.11904761904762,95.83333333333334,43.00055172767125,20.280339839646174
2008-08-21,52.77936507936508,50.0,20.03968253968254,88.4920634920635,50.9,17.658730158730158,80.75396825396825,96.23015873015873,40.74320200343262,21.991224506742665
2008-08-22,66.48977072310404,50.0,82.73809523809523,86.30952380952381,55.95,12.103174603174603,76.38888888888889,96.23015873015873,44.77929415487837,21.457674134972937
2008-08-25,51.46728395061728,50.0,29.563492063492063,85.31746031746032,47.575,2.976190476190476,75.1984126984127,95.43650793650794,41.47952764106355,20.2236852161859
2008-08-26,48.75776014109347,50.0,11.30952380952381,87.89682539682539,48.775000000000006,4.9603174603174605,79.56349206349206,96.23015873015873,39.92798962197317,20.357125526903573
2008-08-27,49.84779541446208,50.0,11.30952380952381,88.0952380952381,51.19999999999999,9.325396825396826,79.96031746031747,96.23015873015873,39.875065360694414,20.956526710758965
2008-08-28,53.25679012345679,50.0,25.992063492063494,87.3015873015873,52.85,9.722222222222223,79.96031746031747,94.64285714285714,41.15808599035894,21.05157013585465
2008-08-29,59.846119929453266,50.0,48.61111111111111,87.69841269841271,48.375,31.547619047619047,83.13492063492063,92.26190476190477,42.54240018355979,22.94975588851017
2008-09-02,48.166931216931225,50.0,7.341269841269842,88.0952380952381,45.025000000000006,14.484126984126986,85.9126984126984,90.27777777777779,39.209646334532465,21.53333572026207
2008-09-03,55.77522045855379,50.0,52.57936507936508,83.13492063492063,46.425000000000004,4.563492063492063,86.70634920634922,79.56349206349206,42.76498014412257,20.29321128654657
2008-09-04,47.9595238095238,50.0,23.61111111111111,84.52380952380952,39.925,0.992063492063492,86.70634920634922,82.34126984126983,40.85397998862218,19.448069651144433
2008-09-05,54.12010582010582,50.0,37.5,89.48412698412699,42.35,8.928571428571429,87.10317460317461,91.86507936507937,41.8562046855427,20.72937540472413
2008-09-08,72.16649029982362,50.0,94.24603174603175,89.48412698412699,43.4,55.75396825396825,85.51587301587301,93.45238095238095,46.578415366334475,25.12880994164653
2008-09-09,52.11984126984127,50.0,41.46825396825397,83.92857142857143,36.325,11.706349206349206,76.78571428571429,91.07142857142857,42.05597369408598,21.19317432453887
2008-09-10,48.01798941798941,50.0,34.32539682539682,75.9920634920635,38.7,8.134920634920634,63.69047619047619,88.29365079365078,41.65033256202858,20.43514994569557
2008-09-11,57.34947089947089,50.0,74.8015873015873,68.05555555555556,39.025,34.32539682539682,52.57936507936508,83.53174603174604,43.88928940181793,23.044512093407796
2008-09-12,46.21622574955908,50.0,37.5,58.33333333333333,35.849999999999994,44.24603174603175,53.37301587301587,63.29365079365079,41.86593720341797,24.20227529484195
2008-09-15,58.11640211640212,50.0,96.62698412698413,51.58730158730158,20.75,83.53174603174604,45.83333333333333,57.341269841269835,47.139406265277984,28.565666484715774
2008-09-16,54.30864197530864,50.0,90.27777777777779,55.55555555555556,24.25,43.05555555555556,48.214285714285715,62.89682539682539,45.90549910728249,24.157915913093714
2008-09-17,60.12469135802469,50.0,97.02380952380952,62.10317460317461,9.450000000000003,91.86507936507937,52.57936507936508,71.62698412698413,47.450399527356566,29.73683817071116
2008-09-18,60.82186948853616,50.0,99.8015873015873,61.111111111111114,17.25,79.96031746031747,58.13492063492064,64.0873015873016,51.62855651214484,28.322481338765304
2008-09-19,52.84029982363316,50.0,87.10317460317461,52.38095238095238,19.825000000000003,54.563492063492056,53.769841269841265,50.99206349206349,45.531162093700026,25.07143008654033
2008-09-22,46.29585537918871,50.0,54.563492063492056,64.68253968253968,15.375,32.73809523809524,59.72222222222222,69.64285714285714,42.89062253804961,23.009368726983894
2008-09-23,42.25873015873016,50.0,16.865079365079367,79.36507936507937,10.700000000000003,37.10317460317461,64.48412698412699,94.24603174603175,40.453737301398775,23.538596160832416
2008-09-24,57.94118165784833,50.0,68.84920634920636,78.17460317460318,12.025000000000006,75.1984126984127,58.53174603174603,97.81746031746032,43.76455980200438,27.175579061055167
2008-09-25,43.34074074074074,50.0,10.119047619047619,76.19047619047619,17.950000000000003,55.35714285714286,52.57936507936508,99.8015873015873,39.809778977053405,25.09404849764448
2008-09-26,66.19382716049383,50.0,95.83333333333334,77.97619047619048,13.149999999999991,93.84920634920636,56.15079365079365,99.8015873015873,47.22045390679,30.125057936039042
2008-09-29,50.815696649029974,50.0,50.595238095238095,76.19047619047619,0.0,77.57936507936508,52.57936507936508,99.8015873015873,42.749259780024815,27.533154550744175
2008-09-30,42.82125220458554,50.0,40.27777777777778,72.61904761904762,1.5250000000000057,33.92857142857143,45.83333333333333,99.40476190476191,42.171676392011406,23.188590622724533
2008-10-01,43.5579365079365,50.0,23.61111111111111,71.82539682539682,0.4749999999999943,78.37301587301587,44.642857142857146,99.0079365079365,41.09750289405846,27.913696372765965
2008-10-02,40.36596119929453,50.0,2.1825396825396823,72.61904761904762,0.0,91.07142857142857,47.023809523809526,98.21428571428571,38.00044841455111,29.64775284835401
2008-10-03,49.02998236331569,50.0,44.642857142857146,70.03968253968253,0.0,91.86507936507937,41.07142857142857,99.0079365079365,42.45610189508102,29.785107729983295
2008-10-06,33.994708994709,50.0,0.1984126984126984,70.03968253968254,0.0,45.43650793650794,40.67460317460318,99.40476190476191,36.860607616009474,24.448353347775313
2008-10-07,35.60405643738977,50.0,3.373015873015873,67.85714285714286,0.0,60.11904761904761,35.91269841269841,99.8015873015873,38.55049119951354,25.633068613188577
2008-10-08,36.24338624338625,50.0,5.357142857142857,66.46825396825398,0.0,66.07142857142857,33.13492063492063,99.8015873015873,38.82210360284635,26.218933661263627
2008-10-09,41.62257495590829,50.0,43.452380952380956,62.5,0.0,50.198412698412696,25.198412698412696,99.8015873015873,42.39980933525966,24.784597721242356
2008-10-10,35.692239858906525,50.0,13.293650793650794,59.920634920634924,0.0,64.88095238095238,20.03968253968254,99.8015873015873,40.128329982981214,25.99687499223035
2008-10-13,43.47442680776014,50.0,41.46825396825397,59.72222222222223,0.0,79.16666666666666,20.03968253968254,99.40476190476191,42.28622404334522,28.300560587085243
2008-10-14,55.4673721340388,50.0,91.07142857142857,62.10317460317461,0.0,80.75396825396825,24.404761904761905,99.8015873015873,46.195677901641695,28.359460651871558
2008-10-15,43.51851851851852,50.0,50.198412698412696,60.11904761904762,0.0,60.912698412698404,20.436507936507937,99.8015873015873,42.76046086326372,25.69643904438847
2008-10-16,35.07495590828924,50.0,2.976190476190476,61.904761904761905,0.0,74.0079365079365,24.00793650793651,99.8015873015873,38.41431385027104,26.99681539677367
2008-10-17,36.37566137566137,50.0,4.9603174603174605,62.8968253968254,0.0,78.76984126984127,25.992063492063494,99.8015873015873,38.91554819313663,27.792670186352115
2008-10-20,35.07495590828924,50.0,8.134920634920634,61.904761904761905,0.0,63.69047619047619,24.00793650793651,99.8015873015873,39.48451618181746,25.897633082962606
2008-10-21,48.258377425044095,50.0,64.88095238095238,59.920634920634924,0.0,74.8015873015873,20.03968253968254,99.8015873015873,43.53230826598434,27.001600747213594
2008-10-22,36.75044091710758,50.0,15.674603174603174,59.12698412698413,0.0,72.02380952380952,18.849206349206348,99.40476190476191,40.310551287622445,26.66302581659959
2008-10-23,29.36507936507936,50.0,1.3888888888888888,56.15079365079365,0.0,43.05555555555556,12.5,99.8015873015873,37.881440061697134,24.272785395553722
2008-10-24,37.63227513227513,50.0,26.38888888888889,54.761904761904766,0.0,71.62698412698413,9.722222222222223,99.8015873015873,41.24140072779661,26.56205267854749
2008-10-27,31.723985890652553,50.0,7.738095238095238,53.57142857142857,0.0,59.32539682539682,7.341269841269842,99.8015873015873,39.41378605594127,25.540417772983037
2008-10-28,34.98677248677249,50.0,14.880952380952381,53.968253968253975,0.0,73.21428571428571,8.531746031746032,99.40476190476191,40.156847290753525,26.793121762776973
2008-10-29,32.87037037037037,50.0,4.9603174603174605,54.36507936507937,0.0,72.81746031746032,9.325396825396826,99.40476190476191,38.89747621135902,26.75547003336459
2008-10-30,37.85273368606702,50.0,28.76984126984127,55.15873015873016,0.0,67.65873015873017,12.103174603174603,98.21428571428571,41.44775701201988,26.15565553341876
2008-10-31,38.955026455026456,50.0,25.595238095238095,56.349206349206355,0.0,80.35714285714286,15.277777777777779,97.42063492063492,41.20321170515883,27.524761217406084
2008-11-03,34.92063492063492,50.0,11.706349206349206,56.547619047619044,0.0,71.23015873015873,16.071428571428573,97.02380952380952,39.938743300977144,26.458419706907954
2008-11-04,35.62610229276896,50.0,20.833333333333336,55.35714285714286,0.0,62.89682539682539,12.896825396825399,97.81746031746032,40.72827082491869,25.787383655473246
2008-11-05,33.33333333333333,50.0,4.9603174603174605,55.35714285714286,0.0,74.0079365079365,12.103174603174603,98.61111111111111,38.82545326480046,26.717576613224146
2008-11-06,37.03703703703704,50.0,23.214285714285715,54.96031746031746,0.0,72.02380952380952,10.119047619047619,99.8015873015873,40.811777547648944,26.50342538321998
2008-11-07,55.4673721340388,50.0,92.26190476190477,54.96031746031746,0.0,99.8015873015873,10.119047619047619,99.8015873015873,46.050362124047794,31.738632339310975
2008-11-10,38.55820105820105,50.0,18.055555555555554,54.36507936507937,0.0,97.81746031746032,8.928571428571429,99.8015873015873,40.33243513124082,30.307657862991334
2008-11-11,43.01146384479718,50.0,39.88095238095239,53.96825396825397,0.0,95.43650793650794,8.134920634920634,99.8015873015873,41.95792837159002,29.733605227817183
2008-11-12,32.20899470899471,50.0,1.3888888888888888,52.77777777777778,0.0,78.76984126984127,5.753968253968254,99.8015873015873,37.845590481986136,27.05451270974763
2008-11-13,33.267195767195766,50.0,4.166666666666666,52.38095238095239,0.0,83.92857142857143,5.357142857142857,99.40476190476191,38.60349722543476,27.806820362571276
2008-11-14,32.8042328042328,50.0,2.976190476190476,52.182539682539684,0.0,82.73809523809523,4.563492063492063,99.8015873015873,38.02233022105636,27.65015713685916
2008-11-17,31.28306878306878,50.0,1.3888888888888888,51.98412698412699,0.0,72.81746031746032,4.166666666666666,99.8015873015873,37.61303824390188,26.630437342991787
2008-11-18,30.379188712522044,50.0,6.15079365079365,52.182539682539684,0.0,54.563492063492056,4.9603174603174605,99.40476190476191,38.76542114302743,25.158913866514293
2008-11-19,31.305114638447968,50.0,6.547619047619048,51.785714285714285,0.0,63.29365079365079,3.7698412698412698,99.8015873015873,38.80515077426542,25.812607121539553
2008-11-20,33.73015873015873,50.0,13.690476190476192,50.595238095238095,0.0,74.40476190476191,1.3888888888888888,99.8015873015873,39.833642415815696,26.704258232483756
2008-11-21,32.098765432098766,50.0,8.531746031746032,50.1984126984127,0.0,71.23015873015873,0.5952380952380952,99.8015873015873,38.98263637205025,26.423341461665974
2008-11-24,39.79276895943562,50.0,32.73809523809524,50.7936507936508,0.0,90.27777777777779,1.7857142857142856,99.8015873015873,41.27634965288039,28.730387399191432
2008-11-25,32.6058201058201,50.0,9.325396825396826,50.3968253968254,0.0,73.61111111111111,1.7857142857142856,99.0079365079365,39.05778606223736,26.56615228346586
2008-11-26,29.82804232804233,50.0,2.579365079365079,51.19047619047619,0.0,59.72222222222222,3.7698412698412698,98.61111111111111,37.96840690204648,25.560485054690908
2008-11-28,33.86243386243386,50.0,6.944444444444445,52.579365079365076,0.0,83.13492063492063,7.341269841269842,97.81746031746032,38.79969762669177,27.486757527192385
2008-12-01,28.615520282186946,50.0,0.5952380952380952,52.57936507936508,0.0,48.61111111111111,7.738095238095238,97.42063492063492,37.05331774608646,24.685182749261475
2008-12-02,32.95855379188712,50.0,2.1825396825396823,51.98412698412698,0.0,86.30952380952381,6.15079365079365,97.81746031746032,37.83884775726412,28.29881686383021
2008-12-03,31.12874779541446,50.0,4.563492063492063,52.976190476190474,0.0,62.10317460317461,8.134920634920634,97.81746031746032,38.009843713598066,25.759961768588386
2008-12-04,28.328924162257497,50.0,0.1984126984126984,51.58730158730159,0.0,49.801587301587304,5.357142857142857,97.81746031746032,36.61658575229143,24.76305037812852
2008-12-05,29.298941798941797,50.0,6.15079365079365,52.77777777777778,0.0,43.05555555555556,6.944444444444445,98.61111111111111,38.284662253422155,24.31132001938351
2008-12-08,32.91446208112875,50.0,11.706349206349206,54.36507936507936,0.0,59.72222222222222,10.515873015873016,98.21428571428571,39.01440824243833,25.610856095855027
2008-12-09,29.739858906525573,50.0,4.166666666666666,55.952380952380956,0.0,41.46825396825397,12.5,99.40476190476191,37.9771969821612,24.248165693055135
2008-12-10,27.7336860670194,50.0,0.1984126984126984,55.75396825396825,0.0,31.944444444444443,14.880952380952381,96.62698412698413,35.429183596606784,23.019560078066096
2008-12-11,30.224867724867725,50.0,0.5952380952380952,56.349206349206355,0.0,51.78571428571429,16.865079365079367,95.83333333333334,35.88754007350284,24.823833487895634
2008-12-12,29.1005291005291,50.0,0.992063492063492,56.54761904761905,0.0,40.27777777777778,18.849206349206348,94.24603174603175,36.06550055733195,24.121211564292118
2008-12-15,29.497354497354497,50.0,0.1984126984126984,54.96031746031746,0.0,50.198412698412696,16.071428571428573,93.84920634920636,34.2944157220388,24.739651411822773
2008-12-16,36.15520282186948,50.0,18.055555555555554,58.531746031746025,0.0,63.69047619047619,25.595238095238095,91.46825396825396,39.47085994198692,25.764492259022713
2008-12-17,33.06878306878306,50.0,8.531746031746032,59.72222222222222,0.0,51.388888888888886,27.976190476190478,91.46825396825396,38.28810782832724,24.761728457512092
2008-12-18,30.511463844797174,50.0,0.1984126984126984,62.89682539682539,0.0,35.51587301587302,35.91269841269841,89.88095238095238,34.149881784304384,23.375777315486683
2008-12-19,29.651675485008816,50.0,0.1984126984126984,62.698412698412696,0.0,28.373015873015873,35.91269841269841,89.48412698412699,34.13092913582243,22.574009859330214
2008-12-22,29.210758377425044,50.0,1.3888888888888888,61.90476190476191,0.0,24.404761904761905,34.72222222222222,89.0873015873016,34.637156630206015,22.4251672926871
2008-12-23,27.711640211640212,50.0,0.1984126984126984,58.73015873015873,0.0,22.817460317460316,26.38888888888889,91.07142857142857,33.443548878754015,22.333853476446798
2008-12-24,30.555555555555557,50.0,2.579365079365079,53.37301587301587,0.0,59.72222222222222,15.674603174603174,91.07142857142857,35.67277095081764,25.527723442529144
2008-12-26,29.739858906525576,50.0,2.1825396825396823,51.98412698412699,0.0,57.341269841269835,11.30952380952381,92.65873015873017,35.24382403935429,25.18376203002931
2008-12-29,29.387125220458557,50.0,2.1825396825396823,51.98412698412699,0.0,54.166666666666664,10.119047619047619,93.84920634920636,34.72960509339882,24.850512645568653
2008-12-30,28.549382716049383,50.0,4.9603174603174605,51.98412698412699,0.0,41.07142857142857,11.706349206349206,92.26190476190477,36.63777989912271,24.02911086751812
2008-12-31,28.086419753086417,50.0,4.563492063492063,54.56349206349207,0.0,29.96031746031746,20.03968253968254,89.0873015873016,36.204577659636286,22.63490847116085
2009-01-02,30.630776014109347,50.0,6.547619047619048,57.93650793650794,2.0250000000000057,34.72222222222222,28.76984126984127,87.10317460317461,37.407296034707436,23.126643357820157
2009-01-05,32.08077601410935,50.0,2.579365079365079,65.67460317460318,2.3000000000000114,31.944444444444443,41.46825396825397,89.88095238095238,35.14084706105217,22.880425454616248
2009-01-06,33.05308641975308,50.0,6.15079365079365,69.44444444444444,3.5999999999999943,19.642857142857142,53.37301587301587,85.51587301587301,36.652278669926034,22.00793131707783
2009-01-07,33.73015873015873,50.0,13.690476190476192,70.43650793650794,0.0,14.880952380952381,56.15079365079365,84.72222222222221,38.34950367298637,21.53544937048831
2009-01-08,33.686067019400355,50.0,0.992063492063492,68.05555555555556,0.0,47.023809523809526,50.99206349206349,85.11904761904762,34.14100439228772,24.350520025976657
2009-01-09,28.92416225749559,50.0,2.976190476190476,65.67460317460318,0.0,7.341269841269842,47.42063492063492,83.92857142857143,34.77473957047747,20.552683167654322
2009-01-12,29.872134038800702,50.0,10.912698412698413,61.904761904761905,0.0,11.30952380952381,40.67460317460318,83.13492063492063,37.88700542907112,21.225331683813746
2009-01-13,33.75220458553792,50.0,16.46825396825397,54.76190476190476,0.0,56.547619047619044,26.785714285714285,82.73809523809523,38.651969679781814,24.99409240042346
2009-01-14,30.996472663139333,50.0,14.087301587301587,50.1984126984127,0.0,50.198412698412696,16.865079365079367,83.53174603174604,38.27656982106047,24.525316797412668
2009-01-15,51.74162257495591,50.0,85.51587301587301,49.60317460317461,0.0,95.83333333333334,15.674603174603174,83.53174603174604,44.383412810677605,29.60834777975694
2009-01-16,48.985890652557316,50.0,81.54761904761905,49.801587301587304,0.0,78.37301587301587,14.484126984126986,85.11904761904762,43.89069059588674,26.71088078669695
2009-01-20,39.15343915343915,50.0,56.94444444444444,49.404761904761905,0.0,40.27777777777778,10.912698412698413,87.89682539682539,42.22792073311378,23.675138609664977
2009-01-21,49.140211640211646,50.0,86.70634920634922,52.77777777777778,0.0,60.51587301587301,10.119047619047619,95.43650793650794,44.44590190411008,25.245904769504385
2009-01-22,44.20194003527336,50.0,50.99206349206349,53.96825396825397,0.0,83.92857142857143,12.5,95.43650793650794,41.83742886414073,27.445666578994537
2009-01-23,35.55996472663139,50.0,8.928571428571429,55.15873015873016,0.0,86.70634920634922,13.293650793650794,97.02380952380952,37.464615534969354,27.857174951478225
2009-01-26,30.335097001763668,50.0,2.1825396825396823,56.150793650793645,0.0,50.198412698412696,14.087301587301587,98.21428571428571,34.51677210290306,24.511221501177832
2009-01-27,27.88800705467372,50.0,2.579365079365079,58.730158730158735,0.0,19.642857142857142,18.849206349206348,98.61111111111111,34.520443809955516,21.849133243822134
2009-01-28,43.023985890652554,0.992063492063492,57.341269841269835,65.67460317460318,0.8500000000000085,72.81746031746032,31.547619047619047,99.8015873015873,42.19594942640094,26.335828307575547
2009-01-29,34.457671957671955,50.0,6.944444444444445,68.65079365079364,0.0,40.27777777777778,37.5,99.8015873015873,36.38542608993124,23.663909969840034
2009-01-30,32.64991181657849,50.0,2.1825396825396823,67.06349206349206,0.0,38.2936507936508,37.10317460317461,97.02380952380952,34.49202757363857,23.203849907476204
2009-02-02,31.349206349206348,50.0,7.738095238095238,64.48412698412699,0.0,23.214285714285715,29.166666666666668,99.8015873015873,36.42352066552663,22.217312225154757
2009-02-03,32.25308641975308,50.0,8.134920634920634,64.68253968253968,0.0,29.96031746031746,29.563492063492063,99.8015873015873,36.45381991328337,22.501100362982164
2009-02-04,34.12698412698413,50.0,18.849206349206348,59.32539682539682,0.0,41.46825396825397,19.642857142857142,99.0079365079365,38.429820551093606,23.56608791373513
2009-02-05,47.64109347442681,50.0,66.46825396825396,58.73015873015873,0.0,69.64285714285714,19.642857142857142,97.81746031746032,42.65713738270742,25.76266573095142
2009-02-06,46.58289241622575,50.0,59.32539682539682,61.9047619047619,0.0,64.88095238095238,28.76984126984127,95.03968253968253,42.271552157251705,25.523751851101746
2009-02-09,42.92328042328042,50.0,27.976190476190478,68.65079365079364,0.0,74.40476190476191,45.43650793650794,91.86507936507937,39.415225178062926,26.263633847618205
2009-02-10,45.56878306878306,50.0,43.05555555555556,69.84126984126983,0.0,64.48412698412699,48.61111111111111,91.07142857142857,40.83716700256636,25.404194718390677
2009-02-11,38.99911816578483,50.0,20.436507936507937,69.84126984126985,0.0,50.595238095238095,49.007936507936506,90.67460317460318,38.67942250172251,24.46127343767693
2009-02-12,40.52028218694885,50.0,30.357142857142854,70.43650793650794,0.0,42.65873015873016,49.404761904761905,91.46825396825396,39.73034325552089,23.788831631700244
2009-02-13,41.776895943562614,50.0,40.67460317460318,70.23809523809524,0.0,33.92857142857143,43.05555555555556,97.42063492063492,40.54932592786796,22.870749497057545
2009-02-17,32.385361552028215,50.0,10.515873015873016,62.301587301587304,0.0,33.53174603174603,26.785714285714285,97.81746031746032,37.22585300970147,22.766343879321134
2009-02-18,35.64814814814815,50.0,18.849206349206348,57.539682539682545,0.0,60.51587301587301,15.277777777777779,99.8015873015873,38.41128237009323,25.112314359951192
2009-02-19,36.68430335097002,50.0,38.69047619047619,54.16666666666667,0.0,40.27777777777778,8.531746031746032,99.8015873015873,40.396815248431054,23.413978045632973
2009-02-20,42.63668430335096,50.0,50.99206349206349,52.57936507936508,0.0,74.0079365079365,5.357142857142857,99.8015873015873,41.5443986272428,26.172164099902982
2009-02-23,32.20899470899471,50.0,20.833333333333336,50.7936507936508,0.0,45.83333333333333,1.7857142857142856,99.8015873015873,38.60678558395239,24.143246093758545
2009-02-24,39.15343915343915,0.1984126984126984,61.30952380952381,50.7936507936508,0.0,77.18253968253968,1.7857142857142856,99.8015873015873,42.25862676188142,26.51263593777231
2009-02-25,41.00529100529101,50.0,49.007936507936506,50.992063492063494,0.0,68.05555555555556,2.1825396825396823,99.8015873015873,41.348462933697725,25.62575786754797
2009-02-26,40.36596119929453,50.0,58.53174603174603,51.19047619047619,0.0,42.65873015873016,2.579365079365079,99.8015873015873,42.03116035760075,23.836282628554553
2009-02-27,31.48148148148148,50.0,18.452380952380953,50.5952380952381,0.0,44.642857142857146,1.7857142857142856,99.40476190476191,38.32247623075292,23.9641553054984
2009-03-02,26.102292768959437,50.0,5.753968253968254,50.1984126984127,0.0,22.817460317460316,0.5952380952380952,99.8015873015873,35.551579009875844,22.204148042004423
2009-03-03,25.50705467372134,50.0,4.166666666666666,50.0,0.0,21.23015873015873,0.1984126984126984,99.8015873015873,34.74070394086433,22.02041258168128
2009-03-04,32.341269841269835,50.0,7.738095238095238,50.0,0.0,75.59523809523809,0.1984126984126984,99.8015873015873,36.104524203005354,26.264503333347662
2009-03-05,30.57760141093474,50.0,12.103174603174603,50.0,0.0,50.99206349206349,0.1984126984126984,99.8015873015873,37.289904958395596,24.39916960540514
2009-03-06,32.34126984126984,50.0,20.03968253968254,50.0,0.0,50.99206349206349,0.1984126984126984,99.8015873015873,38.2950363646683,24.372875827637024
2009-03-09,29.78395061728395,50.0,9.722222222222223,50.00000000000001,0.0,48.61111111111111,0.5952380952380952,99.40476190476191,36.573303066978475,24.22327531716677
2009-03-10,35.5379188712522,50.0,34.32539682539682,50.198412698412696,0.0,50.595238095238095,1.3888888888888888,99.0079365079365,39.78217776626579,24.369061887775498
2009-03-11,46.45061728395062,50.0,75.1984126984127,50.79365079365079,0.0,65.27777777777779,2.579365079365079,99.0079365079365,42.91877302862153,25.52536181326694
2009-03-12,47.68518518518518,50.0,70.03968253968253,51.98412698412699,0.0,83.13492063492063,6.547619047619048,97.42063492063492,42.63998219654025,26.93452526242868
2009-03-13,51.78571428571428,50.0,87.10317460317461,55.55555555555555,0.0,75.1984126984127,14.087301587301587,97.02380952380952,44.3819457106981,26.309632558873865
2009-03-16,53.90211640211639,50.0,85.9126984126984,57.14285714285714,0.0,91.86507936507937,18.849206349206348,95.43650793650794,44.15634314549584,28.470648966393235
2009-03-17,49.559082892416214,50.0,80.75396825396825,58.92857142857143,0.0,57.738095238095234,24.00793650793651,93.84920634920636,43.744141081878254,24.837254160310014
2009-03-18,59.30335097001763,50.0,99.40476190476191,65.27777777777777,0.0,89.0873015873016,37.5,93.05555555555556,48.94546763437536,28.06953016699787
2009-03-19,56.79012345679011,50.0,90.67460317460318,65.27777777777777,0.0,83.92857142857143,37.89682539682539,92.65873015873017,45.03127256215023,27.164167356098375
2009-03-20,42.526455026455025,50.0,42.65873015873016,61.904761904761905,0.0,61.70634920634921,31.944444444444443,91.86507936507937,40.53090039165907,25.26394102185349
2009-03-23,59.12698412698412,50.0,97.42063492063492,65.27777777777777,0.0,91.46825396825396,39.08730158730159,91.46825396825396,47.304896832818464,28.465008386348057
2009-03-24,59.5679012345679,50.0,95.43650793650794,69.24603174603175,0.0,87.5,46.62698412698413,91.86507936507937,46.40021272901908,27.813725836909807
2009-03-25,59.54585537918871,50.0,96.23015873015873,69.04761904761905,0.0,86.30952380952381,45.83333333333333,92.26190476190477,47.13812931889589,27.6866588046716
2009-03-26,53.72574955908289,50.0,80.35714285714286,73.41269841269842,0.0,52.57936507936508,54.563492063492056,92.26190476190477,43.706157477252106,24.651113730373293
2009-03-27,57.649911816578474,50.0,92.26190476190477,75.79365079365078,0.0,56.94444444444444,60.11904761904761,91.46825396825396,45.68658980258199,25.066900049926144
2009-03-30,51.71957671957672,50.0,75.9920634920635,74.8015873015873,0.0,39.08730158730159,57.341269841269835,92.26190476190477,43.19752056978583,23.846593241039933
2009-03-31,48.76543209876543,50.0,68.45238095238095,72.02380952380952,0.0,35.91269841269841,53.769841269841265,90.27777777777779,42.65450134865697,23.518302999011613
2009-04-01,54.40917107583774,50.0,90.27777777777779,68.84920634920636,0.0,52.57936507936508,48.61111111111111,89.0873015873016,45.32886101029159,24.72338375762276
2009-04-02,52.336860670194,50.0,87.89682539682539,66.46825396825398,0.0,45.83333333333333,44.24603174603175,88.69047619047619,44.846346307535455,24.365933898588185
2009-04-03,49.13051146384479,50.0,78.76984126984127,67.06349206349206,0.75,31.944444444444443,44.642857142857146,89.48412698412699,43.64353010530779,23.12408317093785
2009-04-06,44.17989417989418,50.0,50.595238095238095,70.83333333333333,0.0,33.92857142857143,52.976190476190474,88.69047619047619,41.32882469743833,23.27224029084413
2009-04-07,45.94356261022928,50.0,54.563492063492056,73.21428571428572,0.0,34.72222222222222,57.341269841269835,89.0873015873016,41.67517837855358,23.3870329764075
2009-04-08,46.251763668430335,50.0,56.547619047619044,76.98412698412699,2.875,16.46825396825397,62.10317460317461,91.86507936507937,41.91911322011342,21.606231491039683
2009-04-09,67.86693121693122,50.0,99.8015873015873,81.34920634920636,8.674999999999997,99.8015873015873,69.64285714285714,93.05555555555556,53.42187657807671,33.277316797452194
2009-04-13,69.27222222222223,50.0,99.8015873015873,87.69841269841271,5.474999999999994,99.8015873015873,81.54761904761905,93.84920634920636,53.789356411419995,35.27634011071071
2009-04-14,69.87910052910053,50.0,99.8015873015873,89.28571428571428,5.824999999999989,99.8015873015873,83.53174603174604,95.03968253968253,54.07415264608573,35.87143232408081
2009-04-15,70.58015873015873,50.0,98.21428571428571,90.47619047619048,9.574999999999989,98.21428571428571,84.72222222222221,96.23015873015873,50.19978562531321,31.14691189317933
2009-04-16,63.758641975308635,1.7857142857142856,90.27777777777779,91.66666666666666,10.525000000000006,95.43650793650794,87.89682539682539,95.43650793650794,45.67153908441279,29.63638317687453
2009-04-17,64.49982363315696,2.579365079365079,89.48412698412699,90.27777777777777,15.150000000000006,97.81746031746032,85.9126984126984,94.64285714285714,45.54402537481083,30.56165090146549
2009-04-20,66.57107583774251,50.0,97.81746031746032,86.9047619047619,2.0500000000000114,88.69047619047619,81.94444444444444,91.86507936507937,49.03629448893787,28.4327335675835
2009-04-21,62.19294532627866,1.7857142857142856,98.21428571428571,87.8968253968254,7.150000000000006,83.53174603174604,83.53174603174604,92.26190476190477,50.730270749908826,27.54710462275678
2009-04-22,59.9400352733686,1.3888888888888888,95.43650793650794,86.7063492063492,4.75,77.57936507936508,82.73809523809523,90.67460317460318,47.467587820130696,26.829199314253472
2009-04-23,57.535714285714285,1.3888888888888888,91.46825396825396,84.12698412698413,7.125,66.86507936507937,77.97619047619048,90.27777777777779,46.23990032082883,25.906880910806514
2009-04-24,60.56296296296296,0.5952380952380952,95.83333333333334,83.53174603174604,7.950000000000003,86.30952380952381,74.8015873015873,92.26190476190477,48.01839457258077,27.98627358170459
2009-04-27,49.2358024691358,2.1825396825396823,77.57936507936508,82.34126984126985,4.199999999999989,30.357142857142854,72.02380952380952,92.65873015873017,43.84411702115843,23.118222979865386
2009-04-28,48.09656084656085,2.976190476190476,73.21428571428571,78.17460317460319,5.125,38.69047619047619,67.26190476190477,89.0873015873016,43.44379416607024,23.916839525357137
2009-04-29,57.534920634920624,50.0,81.94444444444444,76.58730158730158,9.800000000000011,54.563492063492056,64.88095238095238,88.29365079365078,44.44259160550389,24.839302720415336
2009-04-30,44.052028218694886,0.992063492063492,66.46825396825396,76.1904761904762,8.75,16.46825396825397,62.10317460317461,90.27777777777779,42.85129251618657,21.66472852148096
2009-05-01,47.95943562610229,0.5952380952380952,82.73809523809523,72.81746031746033,11.75,23.61111111111111,58.92857142857143,86.70634920634922,44.71932588849006,22.394456578290303
2009-05-04,59.60855379188713,0.5952380952380952,97.42063492063492,75.7936507936508,13.674999999999997,86.30952380952381,65.27777777777779,86.30952380952381,50.0186066316766,27.898116606136686
2009-05-05,54.68095238095238,0.5952380952380952,86.30952380952381,78.76984126984127,16.599999999999994,49.404761904761905,72.42063492063492,85.11904761904762,45.50427723417626,24.492825793658866
2009-05-06,65.81261022927688,1.3888888888888888,98.61111111111111,85.9126984126984,18.875,98.21428571428571,84.72222222222221,87.10317460317461,52.980145175813284,31.344951762573036
2009-05-07,65.76966490299824,4.563492063492063,98.21428571428571,88.0952380952381,16.400000000000006,93.84920634920636,90.27777777777779,85.9126984126984,52.300841211723025,29.516979042123815
2009-05-08,67.99691358024693,4.563492063492063,99.8015873015873,89.6825396825397,19.875000000000014,99.0079365079365,92.26190476190477,87.10317460317461,56.855686620609326,34.38730482969482
2009-05-11,65.57927689594356,5.357142857142857,97.42063492063492,89.0873015873016,17.825000000000017,87.10317460317461,94.64285714285714,83.53174603174604,51.917921775707455,28.22494778947019
2009-05-12,65.55643738977072,5.357142857142857,95.43650793650794,90.67460317460318,20.5,80.75396825396825,96.23015873015873,85.11904761904762,49.743985766011036,27.393292402911484
2009-05-13,58.57627865961199,10.119047619047619,87.89682539682539,87.5,15.875,47.023809523809526,92.26190476190477,82.73809523809523,46.125124463325875,24.396795292988177
2009-05-14,59.84294532627867,8.928571428571429,90.27777777777779,87.10317460317461,21.575000000000003,44.642857142857146,90.67460317460318,83.53174603174604,47.02920892814115,24.25028248109656
2009-05-15,50.47125220458553,10.119047619047619,66.46825396825396,83.33333333333334,17.200000000000003,26.785714285714285,86.70634920634922,79.96031746031747,42.861022732586854,22.657436714720408
2009-05-18,62.10211640211641,3.373015873015873,93.84920634920636,83.53174603174602,24.400000000000006,68.45238095238095,83.92857142857143,83.13492063492063,48.025426635633245,25.929910829564573
2009-05-19,60.87389770723104,2.579365079365079,93.84920634920636,83.13492063492063,28.0,52.182539682539684,81.94444444444444,84.32539682539682,48.3631349742654,24.69876526415625
2009-05-20,67.13941798941798,0.1984126984126984,97.42063492063492,85.9126984126984,27.424999999999997,96.62698412698413,85.9126984126984,85.9126984126984,51.97863873978841,30.392659503594015
2009-05-21,62.58774250440917,2.1825396825396823,93.84920634920636,85.51587301587301,21.625,73.61111111111111,84.72222222222221,86.30952380952381,48.92612779743955,26.532119494692886
2009-05-22,58.746119929453265,1.7857142857142856,90.27777777777779,85.11904761904762,18.424999999999983,54.166666666666664,81.94444444444444,88.29365079365078,47.40171551306481,24.78008862431738
2009-05-26,59.99506172839506,4.9603174603174605,86.70634920634922,84.72222222222223,23.450000000000003,60.51587301587301,78.76984126984127,90.67460317460318,46.35623118130782,25.396535373227312
2009-05-27,60.329100529100515,2.976190476190476,89.48412698412699,81.74603174603175,19.099999999999994,77.57936507936508,75.59523809523809,87.89682539682539,47.229815185917104,26.855333547912313
2009-05-28,58.22125220458553,5.357142857142857,82.73809523809523,80.75396825396825,20.82499999999999,69.24603174603175,74.0079365079365,87.5,45.67999542249426,26.218133156650985
2009-05-29,52.80458553791887,6.944444444444445,67.65873015873017,80.15873015873015,27.69999999999999,37.10317460317461,77.57936507936508,82.73809523809523,43.45328940901527,23.75434883473466
2009-06-01,54.16649029982363,0.1984126984126984,75.1984126984127,82.14285714285714,24.900000000000006,40.67460317460318,85.9126984126984,78.37301587301587,44.430846010499145,24.043250732207035
2009-06-02,57.74523809523809,0.1984126984126984,83.13492063492063,82.14285714285714,25.92500000000001,54.96031746031746,91.46825396825396,72.81746031746032,45.70465037239783,24.920082078410527
2009-06-03,43.74550264550264,2.1825396825396823,43.05555555555556,80.15873015873015,22.450000000000003,20.03968253968254,88.69047619047619,71.62698412698413,40.86592465379033,22.16922729866381
2009-06-04,54.243033509700176,0.1984126984126984,77.18253968253968,82.73809523809524,24.549999999999997,36.30952380952381,94.24603174603175,71.23015873015873,44.834651749285726,23.76913571717832
2009-06-05,56.891005291005285,0.1984126984126984,78.76984126984127,84.32539682539682,25.950000000000003,49.404761904761905,95.03968253968253,73.61111111111111,45.04456037992962,24.65085766690951
2009-06-08,58.59338624338625,0.992063492063492,78.76984126984127,83.33333333333334,25.575000000000003,67.65873015873017,94.24603174603175,72.42063492063492,45.20089974093718,25.954041470376975
2009-06-09,58.12601410934744,4.563492063492063,87.5,83.53174603174604,29.325000000000003,34.32539682539682,96.23015873015873,70.83333333333334,46.586979162425735,23.573844640125603
2009-06-10,59.497530864197536,4.9603174603174605,79.96031746031747,83.73015873015873,28.849999999999994,61.70634920634921,98.21428571428571,69.24603174603175,45.35828052849349,25.55060954491498
2009-06-11,58.8542328042328,11.30952380952381,76.38888888888889,80.95238095238096,29.724999999999994,63.29365079365079,93.05555555555556,68.84920634920636,44.90323197183286,25.648528558981194
2009-06-12,56.73765432098765,12.5,68.45238095238095,79.16666666666667,29.625,64.48412698412699,91.07142857142857,67.26190476190477,43.75888278960085,25.73653289808918
2009-06-15,53.20961199294533,11.706349206349206,63.69047619047619,78.57142857142858,22.974999999999994,58.13492063492064,89.48412698412699,67.65873015873017,42.972394644338706,25.20346133575734
2009-06-16,52.236860670194,15.674603174603174,70.03968253968253,72.81746031746032,18.299999999999997,59.32539682539682,77.18253968253968,68.45238095238095,43.78352954004493,25.3927793754733
2009-06-17,56.41957671957672,19.642857142857142,80.35714285714286,70.23809523809524,21.150000000000006,74.40476190476191,71.23015873015873,69.24603174603175,45.40170619691518,26.555726655953922
2009-06-18,53.02566137566137,18.849206349206348,65.67460317460318,69.44444444444444,24.924999999999997,68.84920634920636,69.64285714285714,69.24603174603175,43.27866405617594,26.015518655211334
2009-06-19,56.694268077601414,16.46825396825397,72.42063492063492,70.43650793650794,30.025000000000006,77.57936507936508,71.62698412698413,69.24603174603175,44.11897553963199,26.77600974574358
2009-06-22,55.809435626102285,20.833333333333336,79.16666666666666,68.84920634920636,22.07499999999999,72.42063492063492,70.03968253968253,67.65873015873017,45.28417323227117,26.50214634203893
2009-06-23,54.57195767195767,20.03968253968254,76.38888888888889,72.61904761904762,23.55000000000001,53.37301587301587,73.21428571428571,72.02380952380952,44.87259900038638,25.030961371839634
2009-06-24,51.58597883597884,19.642857142857142,71.23015873015873,69.44444444444446,27.375,39.08730158730159,68.05555555555556,70.83333333333334,43.9416451463488,24.194888392327954
2009-06-25,53.521340388007054,26.785714285714285,62.89682539682539,71.42857142857143,34.10000000000001,46.62698412698413,64.48412698412699,78.37301587301587,43.03984586684949,24.628241832359556
2009-06-26,40.7531746031746,21.626984126984127,18.452380952380953,73.80952380952381,35.175,16.46825396825397,62.5,85.11904761904762,38.24732777284524,21.952834712674708
2009-06-29,56.33112874779542,19.246031746031747,64.48412698412699,74.2063492063492,36.625,62.89682539682539,62.89682539682539,85.51587301587301,43.28867995616018,25.655541995279336
2009-06-30,42.83465608465608,25.992063492063494,32.34126984126984,69.64285714285714,34.125,17.658730158730158,64.88095238095238,74.40476190476191,39.740470771348825,22.188008643187324
2009-07-01,45.420105820105825,21.23015873015873,48.61111111111111,66.46825396825396,34.45,22.023809523809522,63.29365079365079,69.64285714285714,41.799532821484235,22.648677040858654
2009-07-02,40.88756613756613,32.34126984126984,34.72222222222222,65.27777777777777,30.125,10.119047619047619,65.67460317460318,64.88095238095238,40.002990876300174,21.361327025812006
2009-07-06,53.11287477954144,41.46825396825397,68.84920634920636,61.904761904761905,27.5,58.13492063492064,56.94444444444444,66.86507936507937,43.82891129414715,25.474003316808357
2009-07-07,42.980158730158735,44.642857142857146,51.388888888888886,56.94444444444444,22.875,22.817460317460316,45.83333333333333,68.05555555555556,42.07319190805177,22.85708258463722
2009-07-08,55.58289241622575,39.88095238095239,79.16666666666666,58.33333333333333,21.75,83.53174603174604,37.89682539682539,78.76984126984127,45.29402071181998,27.538441300212313
2009-07-09,47.60899470899471,43.452380952380956,56.547619047619044,65.47619047619048,25.549999999999997,24.404761904761905,41.07142857142857,89.88095238095238,42.566145431779084,23.03275291692122
2009-07-10,53.67495590828925,68.84920634920636,56.547619047619044,67.85714285714286,27.450000000000003,42.65873015873016,39.88095238095239,95.83333333333334,42.565627279532436,24.442785423814573
2009-07-13,69.84100529100529,75.1984126984127,89.88095238095238,70.83333333333334,34.22500000000001,92.65873015873017,45.83333333333333,95.83333333333334,47.2691087369407,28.91665435129232
2009-07-14,68.22081128747794,60.912698412698404,84.72222222222221,74.4047619047619,37.45,85.51587301587301,54.563492063492056,94.24603174603175,46.15568616294669,27.839764561905866
2009-07-15,71.63959435626101,68.84920634920636,93.05555555555556,79.36507936507937,35.275000000000006,81.15079365079364,67.26190476190477,91.46825396825396,48.79172651321596,27.45619853249716
2009-07-16,66.76402116402116,77.18253968253968,74.40476190476191,75.5952380952381,36.449999999999996,75.1984126984127,69.24603174603175,81.94444444444444,44.65704603549675,26.736586277566577
2009-07-17,73.75731922398589,79.96031746031747,85.51587301587301,79.16666666666666,39.15,97.02380952380952,83.13492063492063,75.1984126984127,46.2428333839112,30.95709722834597
2009-07-20,71.05643738977072,64.0873015873016,87.10317460317461,81.74603174603175,39.0,77.97619047619048,87.89682539682539,75.59523809523809,46.620710954202956,26.970137801337806
2009-07-21,65.20008818342151,79.16666666666666,70.43650793650794,80.75396825396825,40.324999999999996,43.84920634920635,89.48412698412699,72.02380952380952,43.93556812300182,24.604933698388948
2009-07-22,72.25652557319223,79.56349206349206,89.0873015873016,78.37301587301587,41.325,74.8015873015873,86.30952380952381,70.43650793650794,47.21283708887983,26.7114642422197
2009-07-23,53.60590828924162,75.1984126984127,41.46825396825397,77.77777777777777,41.425,8.134920634920634,83.13492063492063,72.42063492063492,40.87704799035355,21.109052252969967
2009-07-24,67.24276895943562,77.97619047619048,71.62698412698413,75.39682539682539,42.275,73.21428571428571,82.73809523809523,68.05555555555556,44.16317290297965,26.651281478881923
2009-07-27,60.98201058201059,72.42063492063492,67.26190476190477,78.96825396825398,39.3,26.38888888888889,91.86507936507937,66.07142857142857,43.766083511586814,23.205280524995732
2009-07-28,57.049118165784826,68.45238095238095,47.817460317460316,82.53968253968254,37.474999999999994,26.785714285714285,92.26190476190477,72.81746031746032,41.83053347519785,23.21306115900787
2009-07-29,58.83218694885361,78.37301587301587,56.547619047619044,78.96825396825396,35.974999999999994,29.166666666666668,91.46825396825396,66.46825396825396,42.49108469831494,23.562412377534063
2009-07-30,64.10758377425044,79.16666666666666,76.38888888888889,83.73015873015873,36.50000000000001,20.833333333333336,95.03968253968253,72.42063492063492,44.899773823021896,22.864763840077178
2009-07-31,67.0153439153439,76.38888888888889,73.61111111111111,84.32539682539682,35.19999999999999,56.15079365079365,96.62698412698413,72.02380952380952,44.52203728583255,25.4883025473619
2009-08-03,64.72416225749559,79.96031746031747,62.10317460317461,83.33333333333333,36.10000000000001,56.15079365079365,96.62698412698413,70.03968253968253,43.16886657928885,25.514377016676487
2009-08-04,63.70749559082892,77.57936507936508,63.29365079365079,87.5,37.775,31.150793650793652,98.61111111111111,76.38888888888889,43.43212530041917,23.80028197263984
2009-08-05,76.53262786596119,70.43650793650794,91.86507936507937,91.86507936507937,37.75,83.53174603174604,99.8015873015873,83.92857142857143,47.86918867254186,27.61504369677008
2009-08-06,77.0969135802469,61.30952380952381,96.23015873015873,92.06349206349206,35.82499999999999,92.26190476190477,99.8015873015873,84.32539682539682,51.24010531334541,29.473725209631716
2009-08-07,78.26384479717812,59.32539682539682,95.83333333333334,94.04761904761904,38.099999999999994,95.03968253968253,99.8015873015873,88.29365079365078,51.131140285819576,30.07204702656064
2009-08-10,70.70661375661376,57.738095238095234,78.76984126984127,95.83333333333334,37.525000000000006,58.53174603174603,99.8015873015873,91.86507936507937,45.42310540165749,25.645969376573298
2009-08-11,74.47204585537919,45.03968253968254,91.07142857142857,97.42063492063491,35.025000000000006,80.75396825396825,99.8015873015873,95.03968253968253,47.89919608178058,27.486827812845778
2009-08-12,69.260582010582,28.76984126984127,85.9126984126984,95.03968253968253,36.375,64.88095238095238,99.0079365079365,91.07142857142857,46.929004290490184,26.182390099748183
2009-08-13,67.29074074074074,35.51587301587302,68.84920634920636,96.23015873015873,38.224999999999994,67.26190476190477,98.61111111111111,93.84920634920636,44.27283434896111,26.35693650012156
2009-08-14,72.12072310405642,36.7063492063492,88.29365079365078,93.05555555555556,39.325,77.97619047619048,99.0079365079365,87.10317460317461,47.26203078162974,27.110767667155
2009-08-17,63.716313932980604,51.388888888888886,68.05555555555556,86.70634920634922,30.275000000000006,65.27777777777779,97.42063492063492,75.9920634920635,44.25922409179175,26.26400972265258
2009-08-18,54.767724867724866,42.65873015873016,60.912698412698404,77.77777777777777,34.55,25.992063492063494,96.62698412698413,58.92857142857143,43.502990666993604,23.702494560333328
2009-08-19,54.54691358024691,46.230158730158735,57.738095238095234,78.17460317460318,34.349999999999994,25.992063492063494,96.23015873015873,60.11904761904761,43.15350502237274,23.71852752552298
2009-08-20,69.2621693121693,38.2936507936508,93.84920634920636,75.39682539682539,37.275,96.62698412698413,96.23015873015873,54.563492063492056,49.63205940034767,30.57187931375887
2009-08-21,66.04382716049382,39.48412698412698,89.88095238095238,75.0,37.474999999999994,75.1984126984127,96.23015873015873,53.769841269841265,47.569042947430795,26.892281381647432
2009-08-24,72.71763668430334,52.57936507936508,94.64285714285714,81.34920634920636,37.15,94.24603174603175,96.23015873015873,66.46825396825396,50.18235286153381,30.02103466747299
2009-08-25,63.47037037037037,44.642857142857146,72.02380952380952,86.30952380952381,37.699999999999996,48.214285714285715,97.81746031746032,74.8015873015873,44.88391395377879,25.207124348586675
2009-08-26,59.97045855379189,41.46825396825397,70.03968253968253,86.70634920634922,37.625,22.817460317460316,99.40476190476191,74.0079365079365,44.696258820053835,23.645622432447894
2009-08-27,73.21569664902998,35.91269841269841,95.83333333333334,85.51587301587301,38.3,98.21428571428571,98.21428571428571,72.81746031746032,51.141552672331954,32.67589652038282
2009-08-28,77.1615520282187,47.817460317460316,99.40476190476191,90.87301587301587,38.099999999999994,99.0079365079365,99.0079365079365,82.73809523809523,54.25905893513413,34.51774056452807
2009-08-31,72.01384479717812,54.166666666666664,90.67460317460318,88.0952380952381,34.974999999999994,78.37301587301587,96.62698412698413,79.56349206349206,48.38824110352057,27.47183543044474
2009-09-01,68.92460317460316,52.976190476190474,92.26190476190477,83.92857142857142,27.125,76.78571428571429,95.03968253968253,72.81746031746032,49.18139959049414,27.374474679238777
2009-09-02,68.82098765432099,59.72222222222222,86.70634920634922,85.31746031746032,27.75,74.8015873015873,93.45238095238095,77.18253968253968,47.42523111947238,27.042724272332467
2009-09-03,59.8121693121693,45.03968253968254,77.18253968253968,85.31746031746032,32.25,18.452380952380953,93.05555555555556,77.57936507936508,45.732894070568,23.419189120111753
2009-09-04,62.0469135802469,44.24603174603175,77.18253968253968,79.96031746031747,36.849999999999994,46.230158730158735,91.07142857142857,68.84920634920636,45.89396126537671,25.21124985854805
2009-09-08,53.57971781305114,44.642857142857146,45.83333333333333,82.53968253968253,35.95,26.38888888888889,91.07142857142857,74.0079365079365,42.242871540884806,24.04823891720163
2009-09-09,62.502998236331564,36.7063492063492,72.81746031746032,84.92063492063492,39.2,47.023809523809526,90.27777777777779,79.56349206349206,45.329994146213515,25.269900662404677
2009-09-10,62.95282186948853,34.72222222222222,70.83333333333334,83.53174603174602,41.125,57.341269841269835,91.46825396825396,75.59523809523809,45.111393043521375,25.90127299268446
2009-09-11,47.47398589065256,32.34126984126984,32.73809523809524,83.33333333333334,39.625,0.1984126984126984,93.05555555555556,73.61111111111111,40.16051984616933,19.424402828350658
2009-09-14,53.71975308641975,27.18253968253968,54.166666666666664,80.95238095238096,40.35,24.404761904761905,94.64285714285714,67.26190476190477,43.260831801293754,23.962274793394283
2009-09-15,52.22257495590828,25.992063492063494,43.84920634920635,81.15079365079364,41.449999999999996,29.96031746031746,95.03968253968253,67.26190476190477,42.10427477267882,24.33226215684111
2009-09-16,58.15723104056437,24.801587301587304,64.0873015873016,79.16666666666666,40.775,51.388888888888886,98.21428571428571,60.11904761904761,44.26232088579882,25.558027802541865
2009-09-17,60.582451499118164,28.373015873015873,51.78571428571429,83.33333333333334,40.875,81.54761904761905,99.8015873015873,66.86507936507937,42.87384432156944,27.58433128076862
2009-09-18,51.68024691358024,30.753968253968257,37.5,83.92857142857143,40.199999999999996,27.18253968253968,99.0079365079365,68.84920634920636,41.03949166574935,24.163507056068017
2009-09-21,60.97195767195766,27.976190476190478,69.24603174603175,79.76190476190476,39.85,63.29365079365079,97.81746031746032,61.70634920634921,44.82230352717599,26.299984868629533
2009-09-22,65.48465608465608,27.976190476190478,79.16666666666666,79.76190476190476,42.300000000000004,79.16666666666666,98.61111111111111,60.912698412698404,45.893963459833444,27.485203317364913
2009-09-23,56.658994708994705,33.92857142857143,65.67460317460318,73.01587301587301,41.275000000000006,43.05555555555556,97.02380952380952,49.007936507936506,44.411243005458005,25.115450477566004
2009-09-24,54.89991181657848,39.48412698412698,66.86507936507937,67.65873015873015,37.625,42.65873015873016,91.46825396825396,43.84920634920635,44.49982705468478,25.10288629805392
2009-09-25,47.96358024691357,47.023809523809526,56.547619047619044,64.88095238095238,35.974999999999994,4.9603174603174605,88.69047619047619,41.07142857142857,43.461802574450225,22.055225113970998
2009-09-28,53.439682539682536,39.08730158730159,79.56349206349206,67.26190476190476,37.800000000000004,5.357142857142857,88.69047619047619,45.83333333333333,45.90901515218972,22.057098743023168
2009-09-29,46.675749559082895,38.69047619047619,49.801587301587304,69.04761904761905,37.025,0.5952380952380952,87.10317460317461,50.99206349206349,42.668404727159256,19.804503028600003
2009-09-30,47.80925925925925,42.65873015873016,52.182539682539684,68.25396825396825,35.974999999999994,6.547619047619048,85.11904761904762,51.388888888888886,43.029949131520915,22.174688082697855
2009-10-01,47.852645502645494,43.452380952380956,64.88095238095238,65.67460317460316,29.325000000000003,1.7857142857142856,85.51587301587301,45.83333333333333,44.40875607468447,21.183949431006127
2009-10-02,52.232451499118156,47.817460317460316,72.02380952380952,68.65079365079364,28.299999999999997,15.674603174603174,83.92857142857143,53.37301587301587,45.079321617863755,23.150612361474206
2009-10-05,49.132098765432104,39.48412698412698,66.86507936507937,66.46825396825398,32.900000000000006,3.7698412698412698,83.13492063492063,49.801587301587304,44.64787761007471,21.627574940510875
2009-10-06,53.932098765432094,34.72222222222222,80.35714285714286,63.888888888888886,35.75,26.785714285714285,82.34126984126983,45.43650793650794,46.13773425153942,24.027207576084585
2009-10-07,51.147795414462074,43.05555555555556,44.642857142857146,67.46031746031746,38.3,49.007936507936506,82.73809523809523,52.182539682539684,42.38011330474869,25.370043233882754
2009-10-08,46.72980599647267,41.86507936507937,38.69047619047619,73.61111111111111,39.55,1.3888888888888888,85.51587301587301,61.70634920634921,41.705322253246614,20.948975448203434
2009-10-09,49.52328042328042,42.26190476190476,49.801587301587304,72.81746031746032,42.199999999999996,0.992063492063492,89.88095238095238,55.75396825396825,42.969127137281305,20.063573017001023
2009-10-12,49.452116402116395,45.43650793650794,44.642857142857146,71.23015873015873,42.474999999999994,11.706349206349206,93.45238095238095,49.007936507936506,42.405671123240566,22.576213661920924
2009-10-13,56.09902998236331,50.595238095238095,67.65873015873017,68.65079365079364,42.525000000000006,27.976190476190478,94.64285714285714,42.65873015873016,44.820577827765085,24.021180634448296
2009-10-14,66.42257495590829,50.595238095238095,89.0873015873016,70.83333333333333,42.85,70.83333333333334,96.62698412698413,45.03968253968254,47.956294637179965,26.60427604004897
2009-10-15,61.12557319223985,48.214285714285715,62.5,70.23809523809524,45.7,74.8015873015873,99.8015873015873,40.67460317460318,44.38217481998679,26.785179422682535
2009-10-16,63.777865961199296,60.11904761904761,62.5,68.45238095238096,46.425000000000004,90.67460317460318,99.8015873015873,37.10317460317461,44.38236408115684,28.5920543225254
2009-10-19,53.581393298059965,49.801587301587304,49.801587301587304,67.46031746031747,46.275000000000006,37.89682539682539,99.40476190476191,35.51587301587302,43.1336315514571,24.5179898484561
2009-10-20,57.96560846560846,62.5,51.388888888888886,67.06349206349206,47.75,59.72222222222222,99.40476190476191,34.72222222222222,43.26095554577505,25.768281931542308
2009-10-21,58.75343915343915,71.23015873015873,58.13492063492064,63.2936507936508,44.45,62.5,93.84920634920636,32.73809523809524,43.93082845132565,25.986484836871583
2009-10-22,50.85123456790123,70.83333333333334,47.42063492063492,60.71428571428571,48.275,13.293650793650794,88.29365079365078,33.13492063492063,42.93584389559998,22.76488765985857
2009-10-23,59.51931216931217,74.0079365079365,49.007936507936506,59.72222222222222,44.325,95.83333333333334,85.51587301587301,33.92857142857143,43.04361658569717,30.862100565672684
2009-10-26,61.758994708994706,75.9920634920635,66.46825396825396,59.12698412698413,39.225,91.07142857142857,83.53174603174604,34.72222222222222,44.67384251493382,29.23632666297347
2009-10-27,51.43924162257495,77.18253968253968,41.07142857142857,57.341269841269835,37.925000000000004,55.75396825396825,79.16666666666666,35.51587301587302,42.33262907532019,25.603754782362042
2009-10-28,52.439770723104054,82.73809523809523,62.5,61.111111111111114,30.224999999999994,20.436507936507937,77.97619047619048,44.24603174603175,44.40263630279285,23.405534373111557
2009-10-29,53.24179894179893,80.35714285714286,49.404761904761905,73.21428571428572,38.099999999999994,4.166666666666666,76.78571428571429,69.64285714285714,43.16955584361529,21.55122615340496
2009-10-30,49.02142857142857,79.56349206349206,33.92857142857143,77.57936507936509,23.27499999999999,14.484126984126986,75.1984126984127,79.96031746031747,41.569907906533466,22.79530610912818
2009-11-02,60.28536155202821,83.92857142857143,56.547619047619044,81.94444444444443,25.549999999999997,48.61111111111111,75.59523809523809,88.29365079365078,43.86417577701534,25.135153464630804
2009-11-03,50.96975308641975,83.92857142857143,31.547619047619047,84.12698412698413,27.974999999999994,3.373015873015873,76.78571428571429,91.46825396825396,41.06121844575264,21.245818688930726
2009-11-04,52.324867724867715,84.72222222222221,34.72222222222222,84.52380952380952,30.700000000000003,1.7857142857142856,78.37301587301587,90.67460317460318,41.82234525811599,20.823889872738274
2009-11-05,53.44276895943563,86.70634920634922,26.785714285714285,80.35714285714286,36.425000000000004,26.785714285714285,76.78571428571429,83.92857142857143,40.064650222937175,23.72644705450428
2009-11-06,48.6863315696649,86.70634920634922,13.293650793650794,81.34920634920636,39.525,1.7857142857142856,80.35714285714286,82.34126984126983,37.54648605612692,20.629266829195426
2009-11-09,51.20414462081129,86.30952380952381,26.785714285714285,76.5873015873016,42.12500000000001,6.944444444444445,83.53174603174604,69.64285714285714,39.83812679254656,21.75338540538549
2009-11-10,51.067724867724856,87.89682539682539,24.404761904761905,73.01587301587301,42.9,18.055555555555554,84.32539682539682,61.70634920634921,39.16390037620576,22.928456413220218
2009-11-11,56.29171075837742,87.5,37.89682539682539,84.12698412698413,42.4,6.15079365079365,90.27777777777779,77.97619047619048,42.12577548843063,21.609335691240343
2009-11-12,56.26437389770722,87.89682539682539,31.547619047619047,91.07142857142857,39.400000000000006,3.373015873015873,93.45238095238095,88.69047619047619,41.11254642003514,21.12418547882459
2009-11-13,53.292063492063484,69.24603174603175,27.579365079365083,90.47619047619048,41.6,0.5952380952380952,91.46825396825396,89.48412698412699,40.090236249292765,19.703393024616734
2009-11-16,55.449118165784824,72.42063492063492,32.73809523809524,90.87301587301587,42.775,2.976190476190476,93.05555555555556,88.69047619047619,41.451017804726796,20.849355732418637
2009-11-17,53.29074074074073,73.21428571428571,22.817460317460316,88.88888888888889,43.975,6.15079365079365,91.46825396825396,86.30952380952381,39.101232122851314,21.409472913561203
2009-11-18,51.585626102292764,76.78571428571429,27.579365079365083,79.56349206349206,45.925000000000004,1.7857142857142856,89.48412698412699,69.64285714285714,40.286702923922924,20.460998168289752
2009-11-19,51.735537918871245,79.16666666666666,51.388888888888886,60.91269841269842,43.425000000000004,14.087301587301587,89.0873015873016,32.73809523809524,43.30907047934149,22.26972256265026
2009-11-20,40.64841269841269,76.78571428571429,10.515873015873016,59.32539682539682,44.525,0.992063492063492,91.07142857142857,27.579365079365083,36.62509874770885,19.736175637767726
2009-11-23,43.11657848324515,80.35714285714286,14.087301587301587,58.13492063492063,47.1,10.912698412698413,88.69047619047619,27.579365079365083,37.69284473389266,21.955683990602175
2009-11-24,42.55194003527337,84.32539682539682,11.706349206349206,59.12698412698413,48.825,0.1984126984126984,85.51587301587301,32.73809523809524,36.90285057124045,19.318935976846525
2009-11-25,43.49435626102292,83.53174603174604,14.880952380952381,59.32539682539682,48.8,2.579365079365079,84.32539682539682,34.32539682539682,37.78134658874063,20.083086938346245
2009-11-27,58.81349206349206,86.70634920634922,51.388888888888886,64.68253968253968,37.875,70.03968253968253,83.13492063492063,46.230158730158735,43.3257517298713,26.16917412910898
2009-11-30,47.03148148148147,84.32539682539682,24.801587301587304,69.64285714285714,38.724999999999994,2.976190476190476,86.30952380952381,52.976190476190474,39.80187081060909,20.184562701252737
2009-12-01,46.72874779541446,79.56349206349206,29.563492063492063,61.507936507936506,45.199999999999996,6.944444444444445,84.32539682539682,38.69047619047619,40.92689107654341,21.22340589704758
2009-12-02,46.02680776014109,73.61111111111111,27.976190476190478,59.126984126984134,47.199999999999996,12.896825396825399,86.70634920634922,31.547619047619047,40.67978563315695,22.007666845804376
2009-12-03,69.81940035273368,78.76984126984127,86.30952380952381,66.46825396825398,43.849999999999994,89.88095238095238,87.5,45.43650793650794,47.39866458146027,28.404939377241256
2009-12-04,71.41754850088184,75.1984126984127,95.43650793650794,61.3095238095238,46.875,99.0079365079365,88.29365079365078,34.32539682539682,51.14057979170688,34.682677317720504
2009-12-07,52.735449735449734,76.38888888888889,43.452380952380956,55.35714285714286,44.75,55.75396825396825,85.11904761904762,25.595238095238095,42.91658616931092,25.136132762974324
2009-12-08,49.80185185185184,77.18253968253968,37.89682539682539,53.17460317460318,40.775,54.166666666666664,80.75396825396825,25.595238095238095,42.31378034499574,25.079952486608015
2009-12-09,47.35379188712522,79.96031746031747,29.166666666666668,52.182539682539684,43.35,44.642857142857146,81.15079365079364,23.214285714285715,41.191506361740494,24.40703477884409
2009-12-10,46.925396825396824,83.13492063492063,35.51587301587302,47.420634920634924,44.2,37.5,75.9920634920635,18.849206349206348,42.14811292247035,24.025945596755232
2009-12-11,42.524955908289236,84.72222222222221,25.595238095238095,46.62698412698413,46.025,14.880952380952381,75.1984126984127,18.055555555555554,40.69991189978208,22.128269631888436
2009-12-14,49.40520282186948,83.13492063492063,18.055555555555554,46.82539682539682,47.125,90.67460317460318,77.57936507936508,16.071428571428573,39.04800876504018,28.57196648785234
2009-12-15,58.718077601410926,84.72222222222221,57.738095238095234,47.42063492063492,46.275000000000006,93.45238095238095,82.34126984126983,12.5,44.10153264009132,29.880790996642247
2009-12-16,49.259082892416224,76.38888888888889,30.357142857142854,47.61904761904762,48.650000000000006,66.07142857142857,85.51587301587301,9.722222222222223,41.667051926269025,25.7682611314592
2009-12-17,45.298677248677244,82.73809523809523,18.849206349206348,48.41269841269842,43.724999999999994,54.563492063492056,89.48412698412699,7.341269841269842,39.42050924186085,25.132824709524176
2009-12-18,50.89647266313933,75.9920634920635,28.76984126984127,49.801587301587304,45.8,83.53174603174604,96.23015873015873,3.373015873015873,41.428592903301954,27.51285207438181
2009-12-21,51.27098765432098,75.9920634920635,35.51587301587302,46.82539682539683,48.775000000000006,76.38888888888889,92.65873015873017,0.992063492063492,42.210125981767774,26.74098569952239
2009-12-22,42.883245149911815,68.45238095238095,29.563492063492063,44.84126984126984,52.300000000000004,19.246031746031747,87.5,2.1825396825396823,41.65500158014447,22.584153086575405
2009-12-23,37.381305114638444,60.51587301587301,11.706349206349206,40.27777777777778,51.449999999999996,28.76984126984127,80.35714285714286,0.1984126984126984,37.938941943745185,23.516602313654396
2009-12-24,61.45749559082893,58.53174603174603,82.34126984126983,42.26190476190476,52.650000000000006,97.81746031746032,83.13492063492063,1.3888888888888888,46.91948423209674,33.63992890810888
2009-12-28,55.03809523809523,65.27777777777779,56.15079365079365,41.46825396825396,50.35,92.65873015873017,82.73809523809523,0.1984126984126984,43.93254215217552,29.874748673005524
2009-12-29,44.76957671957671,68.05555555555556,21.23015873015873,43.05555555555555,49.974999999999994,63.29365079365079,85.9126984126984,0.1984126984126984,40.427992385560174,25.704157236897395
2009-12-30,50.771957671957665,66.86507936507937,37.10317460317461,44.642857142857146,50.199999999999996,81.54761904761905,89.0873015873016,0.1984126984126984,42.341252774925934,27.477389615750514
2009-12-31,49.68395061728395,62.5,51.78571428571429,45.63492063492064,45.8,52.57936507936508,90.67460317460318,0.5952380952380952,43.68447098433652,25.121741318552253
2010-01-04,42.5042328042328,63.69047619047619,29.166666666666668,44.24603174603175,49.9,27.976190476190478,87.5,0.992063492063492,41.76432557262347,23.464424940296862
2010-01-05,50.98677248677248,64.88095238095238,46.230158730158735,48.41269841269841,53.24999999999999,49.801587301587304,93.45238095238095,3.373015873015873,43.189425195422984,25.02314737054587
2010-01-06,44.01093474426807,56.547619047619044,8.134920634920634,52.38095238095238,54.199999999999996,57.738095238095234,99.0079365079365,5.753968253968254,37.85324447130625,25.458404844750167
2010-01-07,50.97830687830688,50.99206349206349,24.00793650793651,53.76984126984127,54.7,89.0873015873016,99.8015873015873,7.738095238095238,41.12460875009306,28.532847511613735
2010-01-08,48.63862433862433,57.738095238095234,16.46825396825397,53.96825396825397,59.35,66.46825396825396,99.8015873015873,8.134920634920634,39.915547465740076,26.162461833761935
2010-01-11,49.08465608465608,58.13492063492064,4.9603174603174605,54.16666666666667,62.24999999999999,86.70634920634922,99.8015873015873,8.531746031746032,37.21550203219054,28.12139887132566
2010-01-12,51.85626102292768,58.92857142857143,30.753968253968257,53.96825396825397,58.75,66.86507936507937,99.8015873015873,8.134920634920634,41.92853042380275,26.18186869859473
2010-01-13,50.91181657848324,51.78571428571429,20.436507936507937,53.769841269841265,60.74999999999999,82.73809523809523,99.0079365079365,8.531746031746032,40.70799840238667,27.576806394820764
2010-01-14,60.19506172839506,59.72222222222222,64.0873015873016,53.37301587301587,61.85000000000001,70.03968253968253,98.61111111111111,8.134920634920634,44.50528555302656,26.501428760774576
2010-01-15,54.57089947089946,55.75396825396825,38.2936507936508,53.17460317460317,60.449999999999996,78.37301587301587,98.21428571428571,8.134920634920634,42.574799017005866,27.189441973666927
2010-01-19,52.358201058201054,51.388888888888886,35.11904761904761,51.785714285714285,62.10000000000001,70.03968253968253,97.42063492063492,6.15079365079365,42.27658165170878,26.44029152299396
2010-01-20,50.76119929453262,54.166666666666664,48.214285714285715,51.19047619047619,56.6,39.48412698412698,97.02380952380952,5.357142857142857,43.28564071475888,24.38222603132981
2010-01-21,62.67186948853616,40.67460317460318,92.26190476190477,51.19047619047619,44.325,96.62698412698413,97.42063492063492,4.9603174603174605,49.23274333952521,31.704578426749364
2010-01-22,56.10202821869488,34.72222222222222,82.73809523809523,50.1984126984127,31.724999999999994,90.67460317460318,95.83333333333334,4.563492063492063,47.039527286657425,29.375855539798874
2010-01-25,58.28192239858906,45.03968253968254,81.15079365079364,50.79365079365079,36.475,91.86507936507937,95.43650793650794,6.15079365079365,46.624383092297684,29.6820369415174
2010-01-26,59.861992945326264,39.48412698412698,89.48412698412699,48.8095238095238,38.625,96.62698412698413,91.46825396825396,6.15079365079365,48.381948131422995,31.79546977370043
2010-01-27,55.86137566137566,35.91269841269841,79.56349206349206,44.24603174603175,42.15,90.67460317460318,81.15079365079364,7.341269841269842,46.508639676722105,29.549469710467612
2010-01-28,54.10061728395061,33.13492063492063,80.75396825396825,40.079365079365076,40.675,90.67460317460318,72.81746031746032,7.341269841269842,46.65880565023347,29.56922876155968
2010-01-29,53.319576719576716,26.38888888888889,86.70634920634922,36.3095238095238,38.449999999999996,94.24603174603175,66.46825396825396,6.15079365079365,47.75462629285542,30.77380800253228
2010-02-01,41.96940035273368,28.373015873015873,34.72222222222222,35.11904761904762,43.525,87.5,64.48412698412699,5.753968253968254,42.55096665984556,28.721452829343118
2010-02-02,34.098412698412695,30.753968253968257,16.071428571428573,34.920634920634924,46.3,46.62698412698413,64.48412698412699,5.357142857142857,40.467355394902846,25.10091808185762
2010-02-03,44.150793650793645,29.96031746031746,57.341269841269835,36.70634920634921,46.0,50.595238095238095,66.86507936507937,6.547619047619048,44.38119659697558,25.263025401226606
2010-02-04,42.45555555555555,35.91269841269841,75.59523809523809,34.72222222222222,34.8,21.23015873015873,60.51587301587301,8.928571428571429,45.97761609881197,23.135179336220315
2010-02-05,36.37627865961199,31.944444444444443,48.214285714285715,34.523809523809526,34.724999999999994,25.992063492063494,59.72222222222222,9.325396825396826,43.62938118811173,23.56169198281236
2010-02-08,38.29250440917107,50.0,47.023809523809526,34.920634920634924,33.724999999999994,28.373015873015873,58.53174603174603,11.30952380952381,43.45898154712058,23.72149685517314
2010-02-09,32.51322751322751,34.32539682539682,32.73809523809524,34.12698412698413,35.0,20.436507936507937,54.166666666666664,14.087301587301587,42.481976189842705,23.057465798784232
2010-02-10,33.17724867724868,50.0,35.91269841269841,32.142857142857146,36.50000000000001,7.341269841269842,49.801587301587304,14.484126984126986,42.73688630165906,21.28903724865036
2010-02-11,31.48606701940035,50.0,20.436507936507937,31.547619047619047,40.099999999999994,17.658730158730158,47.817460317460316,15.277777777777779,41.33437862986537,22.73282142274118
2010-02-12,58.53624338624338,50.0,98.61111111111111,31.150793650793652,43.175,99.8015873015873,47.023809523809526,15.277777777777779,53.96565576123336,37.36299648784046
2010-02-16,33.40608465608466,26.785714285714285,27.18253968253968,31.34920634920635,44.375,36.7063492063492,48.214285714285715,14.484126984126986,42.124371201886554,24.245464799833197
2010-02-17,40.46860670194004,69.24603174603175,44.642857142857146,32.73809523809524,45.7,16.071428571428573,51.78571428571429,13.690476190476192,43.32000795839406,22.407490801161437
2010-02-18,32.67469135802469,50.0,18.452380952380953,31.54761904761905,48.425000000000004,15.674603174603174,51.78571428571429,11.30952380952381,41.25105472443875,22.330990597564355
2010-02-19,34.667019400352736,50.0,27.976190476190478,32.539682539682545,49.95,8.531746031746032,58.13492063492064,6.944444444444445,42.22079678912794,21.40994433483656
2010-02-22,38.31622574955908,50.0,8.531746031746032,44.04761904761905,50.3,45.03968253968254,74.8015873015873,13.293650793650794,39.597755079816444,24.781770312786318
2010-02-23,39.53871252204585,50.0,16.865079365079367,47.023809523809526,46.574999999999996,37.89682539682539,80.35714285714286,13.690476190476192,41.0617931597672,24.348898156174744
2010-02-24,38.89320987654321,56.547619047619044,23.214285714285715,48.214285714285715,49.325,3.7698412698412698,81.94444444444444,14.484126984126986,41.77309722633715,20.478298941026285
2010-02-25,42.404761904761905,50.0,22.023809523809522,51.785714285714285,49.75,32.73809523809524,87.89682539682539,15.674603174603174,41.687983440616335,23.90368667829628
2010-02-26,48.858024691358025,50.0,35.11904761904761,55.55555555555556,52.5,47.817460317460316,93.05555555555556,18.055555555555554,42.80556023127622,25.047431507004873
2010-03-01,41.585008818342146,42.65873015873016,22.42063492063492,50.1984126984127,53.69999999999999,28.76984126984127,86.70634920634922,13.690476190476192,41.75884406022403,23.61537640254449
2010-03-02,48.48712522045855,31.150793650793652,30.753968253968257,53.57142857142857,54.7,73.61111111111111,94.64285714285714,12.5,42.47714208585903,26.937793194363056
2010-03-03,38.02839506172839,37.5,5.357142857142857,54.36507936507937,55.85000000000001,19.246031746031747,95.43650793650794,13.293650793650794,38.94264939846703,22.76546509817238
2010-03-04,40.75202821869488,41.86507936507937,14.880952380952381,56.74603174603175,56.400000000000006,12.103174603174603,97.81746031746032,15.674603174603174,41.034068947953664,21.954908177294755
2010-03-05,59.039506172839495,53.769841269841265,54.96031746031746,58.33333333333333,62.89999999999999,66.86507936507937,97.81746031746032,18.849206349206348,44.22160787717755,26.409530378514102
2010-03-08,59.5984126984127,48.61111111111111,71.23015873015873,59.920634920634924,61.050000000000004,43.452380952380956,99.0079365079365,20.833333333333336,45.50892344536977,24.65382573788332
2010-03-09,71.49100529100528,61.70634920634921,92.65873015873017,60.317460317460316,60.39999999999999,94.64285714285714,98.61111111111111,22.023809523809522,49.76863034354177,30.973333524803852
2010-03-10,68.25555555555556,56.15079365079365,85.51587301587301,61.111111111111114,57.15,89.48412698412699,99.8015873015873,22.42063492063492,47.70699369468815,29.578794349673
2010-03-11,61.480952380952374,66.46825396825396,66.46825396825396,61.30952380952381,59.70000000000001,50.595238095238095,99.8015873015873,22.817460317460316,45.15852092854642,25.139452409470408
2010-03-12,54.98165784832452,64.0873015873016,31.944444444444443,61.507936507936506,62.10000000000001,58.13492063492064,99.8015873015873,23.214285714285715,42.59282147155281,25.651782310729438
2010-03-15,50.745149911816576,63.69047619047619,10.912698412698413,61.70634920634921,60.0,66.07142857142857,99.8015873015873,23.61111111111111,40.5485825018085,26.357496382400047
2010-03-16,52.01552028218695,62.89682539682539,12.5,61.70634920634921,61.55,72.02380952380952,99.8015873015873,23.61111111111111,40.79750660111742,26.8345573936412
2010-03-17,51.11851851851851,68.84920634920636,12.896825396825399,61.30952380952381,65.44999999999999,50.595238095238095,99.0079365079365,23.61111111111111,40.84689406851959,25.156871192170204
2010-03-18,44.25379188712521,71.23015873015873,3.7698412698412698,56.547619047619044,66.89999999999999,16.071428571428573,98.21428571428571,14.880952380952381,38.82275001281013,22.31470931647682
2010-03-19,42.52010582010581,71.23015873015873,2.976190476190476,53.17460317460317,65.15,15.674603174603174,97.02380952380952,9.325396825396826,37.8961176531693,22.214670494666482
2010-03-22,41.04391534391534,66.46825396825396,0.992063492063492,49.6031746031746,65.65,20.833333333333336,94.64285714285714,4.563492063492063,37.21544952461682,22.793458927070592
2010-03-23,48.632275132275126,72.42063492063492,9.325396825396826,48.80952380952381,68.25,63.69047619047619,93.05555555555556,4.563492063492063,40.022372270817165,26.066985756629073
2010-03-24,51.42151675485008,76.38888888888889,15.277777777777779,49.8015873015873,62.24999999999999,81.94444444444444,94.64285714285714,4.9603174603174605,40.89356574866964,27.80238666909852
2010-03-25,62.47001763668429,81.94444444444444,60.11904761904761,54.166666666666664,58.00000000000001,81.54761904761905,95.03968253968253,13.293650793650794,44.47001957688418,27.677164080307666
2010-03-26,64.33844797178129,84.32539682539682,63.29365079365079,59.92063492063492,61.150000000000006,66.07142857142857,97.02380952380952,22.817460317460316,44.75913429063844,26.264279389081622
2010-03-29,56.1610229276896,84.32539682539682,12.5,61.90476190476191,62.05,86.30952380952381,99.40476190476191,24.404761904761905,40.608118722880334,28.832308923021117
2010-03-30,52.902292768959434,79.96031746031747,17.261904761904763,63.69047619047619,64.35000000000001,41.86507936507937,99.8015873015873,27.579365079365083,41.060960678835116,24.56281936491124
2010-03-31,54.61781305114638,83.13492063492063,6.944444444444445,63.88888888888889,62.05,78.76984126984127,99.40476190476191,28.373015873015873,39.44468302856648,27.518301222989106
2010-04-01,55.14797178130512,82.34126984126983,29.563492063492063,62.698412698412696,62.650000000000006,41.46825396825397,98.21428571428571,27.18253968253968,42.186840343670795,24.553267251213725
2010-04-05,51.3710758377425,75.9920634920635,21.23015873015873,62.698412698412696,64.9,25.992063492063494,97.02380952380952,28.373015873015873,41.41484939353869,23.255567361914235
2010-04-06,53.39523809523809,71.62698412698413,35.11904761904761,63.0952380952381,68.85,11.706349206349206,95.83333333333334,30.357142857142854,42.53103088812674,21.771378916187302
2010-04-07,61.118871252204585,73.21428571428571,54.563492063492056,63.492063492063494,66.89999999999999,43.452380952380956,96.62698412698413,30.357142857142854,43.957088271315136,24.68027122853836
2010-04-08,55.189770723104054,78.76984126984127,28.76984126984127,63.095238095238095,67.6,35.91269841269841,95.43650793650794,30.753968253968257,42.136154927484725,24.065852270169756
2010-04-09,50.7395061728395,78.76984126984127,12.103174603174603,65.67460317460318,69.3,18.055555555555554,97.42063492063492,33.92857142857143,40.460100250295675,22.53007626231409
2010-04-12,54.668606701940035,74.8015873015873,26.785714285714285,67.65873015873017,72.1,16.46825396825397,99.8015873015873,35.51587301587302,41.83240563215315,22.276181596146134
2010-04-13,51.069664902998234,76.78571428571429,11.30952380952381,66.46825396825398,69.0,22.817460317460316,99.8015873015873,33.13492063492063,40.21111757047602,22.859710428861415
2010-04-14,75.579012345679,72.42063492063492,89.48412698412699,66.66666666666667,72.05000000000001,84.72222222222221,99.8015873015873,33.53174603174603,48.070511663545325,28.343942321132477
2010-04-15,67.5957671957672,77.57936507936508,47.023809523809526,67.26190476190476,70.55,93.84920634920636,99.8015873015873,34.72222222222222,43.30228754430125,30.43976570613639
2010-04-16,75.94038800705468,70.03968253968253,98.61111111111111,66.66666666666667,58.2,99.8015873015873,99.8015873015873,33.53174603174603,53.60186803979202,40.487159261646624
2010-04-19,78.06578483245148,74.0079365079365,98.21428571428571,68.84920634920636,63.3,99.0079365079365,99.8015873015873,37.89682539682539,53.31611651810867,36.83471718149709
2010-04-20,77.93668430335096,71.23015873015873,92.65873015873017,69.84126984126985,71.35,92.65873015873017,99.8015873015873,39.88095238095239,49.73207538905354,30.352888967571307
2010-04-21,77.96455026455027,66.86507936507937,90.67460317460318,74.4047619047619,68.4,93.45238095238095,99.8015873015873,49.007936507936506,48.65092192270745,30.534637973248508
2010-04-22,71.77936507936508,64.88095238095238,74.40476190476191,71.42857142857143,67.65,82.73809523809523,98.61111111111111,44.24603174603175,45.702836913033764,27.91240724113107
2010-04-23,66.1673721340388,62.5,54.96031746031746,71.23015873015873,66.89999999999999,75.59523809523809,99.40476190476191,43.05555555555556,43.934899382068714,27.210676370086073
2010-04-26,62.97425044091711,55.35714285714286,43.05555555555556,66.86507936507937,62.650000000000006,99.40476190476191,99.0079365079365,34.72222222222222,43.08977671499075,37.59227140714403
2010-04-27,60.982980599647256,60.912698412698404,64.0873015873016,63.29365079365079,42.975,83.92857142857143,96.62698412698413,29.96031746031746,44.58180574012353,28.382948819026556
2010-04-28,60.84179894179894,65.27777777777779,69.64285714285714,58.13492063492063,47.300000000000004,74.0079365079365,95.03968253968253,21.23015873015873,45.04456636675539,27.078320094009367
2010-04-29,47.61075837742504,53.37301587301587,27.579365079365083,54.16666666666667,57.8,41.86507936507937,91.86507936507937,16.46825396825397,41.846747162672926,24.5710398958353
2010-04-30,58.803791887125215,57.341269841269835,77.18253968253968,47.420634920634924,44.875,85.51587301587301,86.70634920634922,8.134920634920634,45.950750647269714,28.652860430348028
2010-05-03,38.43059964726631,49.404761904761905,22.817460317460316,42.857142857142854,49.525,23.214285714285715,81.15079365079364,4.563492063492063,41.45750387047718,23.0137667659966
2010-05-04,44.118871252204585,57.738095238095234,38.69047619047619,40.87301587301587,40.4,58.53174603174603,78.37301587301587,3.373015873015873,42.64441915766183,25.72778236711976
2010-05-05,40.371869488536156,61.70634920634921,28.76984126984127,37.5,37.725,56.15079365079365,73.21428571428571,1.7857142857142856,41.95736448045863,25.632899536512525
2010-05-06,41.43386243386243,55.35714285714286,72.02380952380952,25.0,18.0,62.5,49.007936507936506,0.992063492063492,45.27243889524964,26.078556478748105
2010-05-07,36.15520282186949,64.88095238095238,69.64285714285714,15.873015873015873,0.0,73.61111111111111,31.547619047619047,0.1984126984126984,44.91632365462377,26.95100909840407
2010-05-10,38.32081128747795,56.547619047619044,66.46825396825396,11.706349206349207,27.900000000000006,64.48412698412699,23.214285714285715,0.1984126984126984,44.73060073819816,26.184347858866637
2010-05-11,33.693474426807754,50.595238095238095,54.166666666666664,11.507936507936508,29.200000000000003,51.388888888888886,22.817460317460316,0.1984126984126984,43.81028889879439,25.212814074348838
2010-05-12,34.05855379188712,38.69047619047619,59.32539682539682,11.904761904761905,36.2,41.07142857142857,23.214285714285715,0.5952380952380952,44.241913586518365,24.563260753777065
2010-05-13,29.99700176366843,37.10317460317461,44.642857142857146,12.5,33.3,39.48412698412698,23.61111111111111,1.3888888888888888,43.10532225187331,24.50097988232045
2010-05-14,40.1400352733686,49.404761904761905,88.69047619047619,12.698412698412698,21.900000000000006,52.57936507936508,23.61111111111111,1.7857142857142856,47.60704302660533,25.334931150496203
2010-05-17,31.49982363315697,44.642857142857146,58.92857142857143,12.698412698412698,22.900000000000006,37.10317460317461,22.817460317460316,2.579365079365079,44.21568829700787,24.33986652028056
2010-05-18,35.88051146384479,51.388888888888886,82.73809523809523,12.103174603174603,16.125,37.5,21.23015873015873,2.976190476190476,46.530702772335616,24.348049851521424
2010-05-19,37.12380952380952,53.769841269841265,82.34126984126983,12.6984126984127,11.700000000000003,54.166666666666664,20.436507936507937,4.9603174603174605,46.407141288905116,25.44238789584488
2010-05-20,27.35890652557319,50.0,57.738095238095234,11.904761904761903,0.0,45.03968253968254,18.055555555555554,5.753968253968254,44.06454343809187,24.9362119387886
2010-05-21,34.10493827160494,50.0,71.62698412698413,11.904761904761905,0.0,77.97619047619048,17.658730158730158,6.15079365079365,44.912745684243895,27.37747642355226
2010-05-24,33.649382716049374,50.0,66.46825396825396,12.896825396825395,4.199999999999989,72.81746031746032,18.849206349206348,6.944444444444445,44.60805835748719,26.801326273666376
2010-05-25,29.69197530864197,50.0,48.61111111111111,13.095238095238095,13.474999999999994,53.769841269841265,18.452380952380953,7.738095238095238,43.29183196187864,25.40669150694288
2010-05-26,34.15996472663139,50.0,69.64285714285714,11.30952380952381,12.449999999999989,59.32539682539682,15.277777777777779,7.341269841269842,44.818730802571324,25.685644034009197
2010-05-27,34.10634920634921,46.230158730158735,66.86507936507937,10.912698412698413,25.799999999999997,42.65873015873016,15.277777777777779,6.547619047619048,44.59974094448185,24.63775317470692
2010-05-28,27.333245149911814,50.0,42.65873015873016,10.912698412698413,19.825000000000003,38.2936507936508,15.277777777777779,6.547619047619048,42.99718449211819,24.395331098840625
2010-06-01,24.65590828924162,50.0,37.5,10.119047619047619,11.150000000000006,44.24603174603175,14.880952380952381,5.357142857142857,42.56559328240088,24.785034883964656
2010-06-02,18.688624338624336,50.0,11.706349206349206,9.722222222222221,24.57499999999999,16.46825396825397,13.293650793650794,6.15079365079365,40.269611650177254,22.29332986603747
2010-06-03,25.45432098765432,50.0,25.992063492063494,13.88888888888889,26.349999999999994,32.73809523809524,20.436507936507937,7.341269841269842,41.76545307511481,23.993995324703953
2010-06-04,22.176014109347445,50.0,24.404761904761905,14.484126984126984,11.300000000000011,34.72222222222222,21.626984126984127,7.341269841269842,41.6704360027213,24.072438913906723
2010-06-07,22.9152557319224,50.0,25.595238095238095,14.682539682539684,8.575000000000003,43.84920634920635,19.246031746031747,10.119047619047619,41.73442666126466,24.73291864557773
2010-06-08,29.403880070546737,50.0,48.61111111111111,15.476190476190476,15.75,39.48412698412698,19.642857142857142,11.30952380952381,43.242543307688095,24.494924111668823
2010-06-09,28.52742504409171,50.0,45.83333333333333,14.88095238095238,15.675000000000011,39.08730158730159,17.658730158730158,12.103174603174603,43.06939800963891,24.448008840955122
2010-06-10,34.82442680776014,50.0,63.69047619047619,10.515873015873016,23.575000000000003,57.341269841269835,10.119047619047619,10.912698412698413,44.26095573878381,25.598808002887917
2010-06-11,23.247178130511465,50.0,29.563492063492063,10.912698412698413,28.025000000000006,11.30952380952381,9.325396825396826,12.5,41.87816162203499,21.77639842092581
2010-06-14,27.31005291005291,50.0,42.65873015873016,13.492063492063494,28.55000000000001,12.896825396825399,13.293650793650794,13.690476190476192,42.814333397122475,21.9620089266016
2010-06-15,33.33500881834215,50.0,56.547619047619044,12.896825396825395,35.325,27.579365079365083,15.674603174603174,10.119047619047619,43.77281474645754,23.447156743801635
2010-06-16,33.06472663139329,50.0,53.769841269841265,14.285714285714286,35.19999999999999,26.785714285714285,20.833333333333336,7.738095238095238,43.395129311804595,23.402033883377378
2010-06-17,41.08774250440918,50.0,75.1984126984127,15.873015873015873,37.375,47.023809523809526,26.38888888888889,5.357142857142857,44.90909012631005,24.92515536261738
2010-06-18,27.236772486772487,50.0,23.214285714285715,14.682539682539684,40.125,24.404761904761905,24.404761904761905,4.9603174603174605,41.55078886916238,23.054116666660626
2010-06-21,40.38853615520282,50.0,68.84920634920636,14.682539682539682,37.800000000000004,56.15079365079365,26.38888888888889,2.976190476190476,44.54355705477815,25.370272459843807
2010-06-22,28.667107583774246,50.0,38.69047619047619,14.087301587301587,32.375,23.61111111111111,22.817460317460316,5.357142857142857,42.53035626447712,22.982286412611117
2010-06-23,32.051763668430326,50.0,38.2936507936508,12.5,32.724999999999994,58.92857142857143,18.452380952380953,6.547619047619048,42.483758744270325,25.54912062244805
2010-06-24,34.97689594356261,50.0,60.912698412698404,14.484126984126984,25.650000000000006,48.214285714285715,18.055555555555554,10.912698412698413,43.95439048042965,24.947629082911323
2010-06-25,33.73112874779541,50.0,39.08730158730159,17.857142857142858,28.674999999999997,64.48412698412699,19.246031746031747,16.46825396825397,42.501275045334566,26.064175902759963
2010-06-28,36.688712522045854,50.0,62.10317460317461,15.476190476190476,27.5,54.563492063492056,12.5,18.452380952380953,44.12376566590095,25.31640918171337
2010-06-29,31.43571428571428,50.0,53.769841269841265,14.087301587301589,14.674999999999997,53.769841269841265,9.722222222222223,18.452380952380953,43.37996695994386,25.24258709052863
2010-06-30,16.349029982363316,50.0,7.341269841269842,12.103174603174603,13.650000000000006,18.849206349206348,10.119047619047619,14.087301587301587,39.73077251033066,22.647723899134697
2010-07-01,27.136860670194004,50.0,40.67460317460318,10.317460317460318,17.849999999999994,46.230158730158735,5.753968253968254,14.880952380952381,42.56566805411477,24.908446213734337
2010-07-02,25.7710758377425,50.0,33.53174603174603,8.928571428571429,24.700000000000003,38.69047619047619,3.7698412698412698,14.087301587301587,42.23456349793528,24.39277638682681
2010-07-06,16.508377425044092,50.0,6.15079365079365,8.531746031746032,25.875,8.928571428571429,3.373015873015873,13.690476190476192,39.40206810396939,21.450346285225443
2010-07-07,24.242328042328044,50.0,25.992063492063494,9.722222222222221,32.900000000000006,21.23015873015873,2.976190476190476,16.46825396825397,41.75563437791785,22.80892221359401
2010-07-08,25.37716049382716,50.0,20.03968253968254,12.698412698412698,35.724999999999994,28.76984126984127,2.579365079365079,22.817460317460316,41.15548316665925,23.50763899307868
2010-07-09,27.06137566137566,50.0,17.261904761904763,16.666666666666668,37.55,33.92857142857143,2.1825396825396823,31.150793650793652,40.993982259017294,24.002405037551625
2010-07-12,31.467460317460315,50.0,26.38888888888889,19.444444444444443,38.925,44.24603174603175,2.1825396825396823,36.7063492063492,41.73359435513334,24.619619083858957
2010-07-13,50.72945326278659,50.0,88.69047619047619,21.230158730158735,38.6,88.29365079365078,2.579365079365079,39.88095238095239,47.3106055086685,29.213092089041876
2010-07-14,53.169576719576725,50.0,98.21428571428571,20.238095238095237,37.775,95.83333333333334,1.3888888888888888,39.08730158730159,51.45945883820995,31.132139539852595
2010-07-15,51.02451499118166,50.0,91.86507936507937,18.45238095238095,37.15,95.83333333333334,2.579365079365079,34.32539682539682,47.954226360775756,31.381953443013295
2010-07-16,49.526014109347436,50.0,92.65873015873017,14.88095238095238,34.375,97.02380952380952,4.166666666666666,25.595238095238095,48.28731238825822,33.1986617427671
2010-07-19,48.050176366843026,50.0,89.88095238095238,12.103174603174603,35.075,96.23015873015873,2.579365079365079,21.626984126984127,47.73973952000199,32.495868291750206
2010-07-20,46.58209876543209,50.0,87.5,9.325396825396826,40.175,85.9126984126984,0.1984126984126984,18.452380952380953,47.39656634269939,28.654407642520624
2010-07-21,42.54567901234569,50.0,81.54761904761905,10.11904761904762,35.900000000000006,67.65873015873017,0.1984126984126984,20.03968253968254,45.93655205550905,26.239295702999804
2010-07-22,24.874867724867723,50.0,31.944444444444443,7.142857142857143,38.425000000000004,11.706349206349206,0.5952380952380952,13.690476190476192,42.08061869167151,21.78987496099135
2010-07-23,26.335008818342153,50.0,2.976190476190476,9.722222222222223,41.325,69.24603174603175,0.1984126984126984,19.246031746031747,37.81804648731728,26.347708262168673
2010-07-26,22.733774250440913,50.0,12.5,10.515873015873016,43.175,11.706349206349206,5.753968253968254,15.277777777777779,40.336202019294234,21.831926898858086
2010-07-27,22.213668430335098,50.0,8.134920634920634,10.515873015873016,42.025,18.055555555555554,7.738095238095238,13.293650793650794,39.624824518593414,22.430848720796607
2010-07-28,19.99338624338624,50.0,4.563492063492063,10.119047619047619,39.375,11.706349206349206,8.134920634920634,12.103174603174603,38.416254330414894,21.790077435359446
2010-07-29,34.47804232804233,50.0,62.89682539682539,13.69047619047619,39.675000000000004,14.087301587301587,9.325396825396826,18.055555555555554,44.149555338481775,22.031730839811235
2010-07-30,22.350088183421516,50.0,14.484126984126986,12.5,41.25,2.1825396825396823,14.087301587301587,10.912698412698413,40.46359719727821,20.049049536405594
2010-08-02,21.171693121693117,50.0,9.722222222222223,10.317460317460316,44.974999999999994,0.1984126984126984,10.119047619047619,10.515873015873016,39.81319993008184,18.72176344920714
2010-08-03,23.38456790123457,50.0,4.9603174603174605,12.6984126984127,43.425000000000004,25.595238095238095,12.896825396825399,12.5,38.66863684957841,23.046003683102654
2010-08-04,27.27751322751322,50.0,10.912698412698413,15.476190476190476,44.474999999999994,38.2936507936508,18.452380952380953,12.5,39.881256802912645,24.24555021161457
2010-08-05,20.702821869488535,50.0,0.1984126984126984,15.277777777777779,44.75,0.5952380952380952,20.833333333333336,9.722222222222223,36.15441067425997,19.167978833628204
2010-08-06,29.346384479717813,89.48412698412699,15.277777777777779,15.277777777777777,45.650000000000006,6.944444444444445,22.023809523809522,8.531746031746032,40.39284025169888,20.98579003108315
2010-08-09,51.80934744268077,50.0,94.64285714285714,14.88095238095238,44.65,93.05555555555556,22.817460317460316,6.944444444444445,49.17219092197561,30.589301086109376
2010-08-10,43.41437389770723,50.0,77.97619047619048,13.88888888888889,44.074999999999996,54.96031746031746,21.626984126984127,6.15079365079365,45.07580188550941,25.172972218492827
2010-08-11,39.64223985890652,50.0,79.56349206349206,11.706349206349207,36.525,39.48412698412698,20.03968253968254,3.373015873015873,45.21400025839978,24.329750682012957
2010-08-12,44.67821869488536,50.0,89.48412698412699,9.523809523809524,35.675,73.21428571428571,16.071428571428573,2.976190476190476,47.531905853395365,26.706884641589596
2010-08-13,28.96278659611993,50.0,52.57936507936508,9.126984126984127,34.400000000000006,9.325396825396826,14.087301587301587,4.166666666666666,43.137886708384585,21.299633993196874
2010-08-16,22.713403880070544,50.0,27.976190476190478,7.738095238095238,34.75,5.753968253968254,7.738095238095238,7.738095238095238,41.62247039787316,20.76166473798277
2010-08-17,20.059171075837742,50.0,7.738095238095238,10.317460317460318,39.175000000000004,5.753968253968254,6.15079365079365,14.484126984126986,39.34836178553954,20.75663924728746
2010-08-18,19.429717813051145,50.0,3.373015873015873,11.11111111111111,38.525,7.738095238095238,3.7698412698412698,18.452380952380953,37.79032376614704,20.967484325313443
2010-08-19,39.2352733686067,93.05555555555556,59.32539682539682,13.095238095238095,33.900000000000006,34.32539682539682,4.9603174603174605,21.23015873015873,43.431873791648464,23.687846782860934
2010-08-20,36.147530864197535,50.0,73.61111111111111,10.912698412698411,36.275000000000006,22.817460317460316,4.166666666666666,17.658730158730158,44.67252206180675,22.532073264068703
2010-08-23,23.61922398589065,50.0,20.436507936507937,10.515873015873016,35.849999999999994,18.452380952380953,1.7857142857142856,19.246031746031747,40.83828578770154,22.076655196455697
2010-08-24,20.326455026455022,50.0,18.055555555555554,8.531746031746032,31.349999999999994,8.531746031746032,0.5952380952380952,16.46825396825397,40.53366586925229,21.07519507654742
2010-08-25,19.35978835978836,50.0,14.087301587301587,8.333333333333334,33.25,4.563492063492063,0.1984126984126984,16.46825396825397,40.1008021090901,20.359338642269574
2010-08-26,21.566931216931213,50.0,8.134920634920634,10.912698412698413,31.57499999999999,31.944444444444443,0.1984126984126984,21.626984126984127,39.30592875297078,23.33979188036504
2010-08-27,41.86199294532628,50.0,82.34126984126983,14.285714285714286,38.875,41.46825396825397,0.1984126984126984,28.373015873015873,45.467214389731616,24.193546143519477
2010-08-30,39.358641975308636,50.0,82.73809523809523,14.682539682539682,31.974999999999994,30.753968253968257,0.5952380952380952,28.76984126984127,45.46860739717228,23.099447359360394
2010-08-31,32.72795414462081,50.0,54.563492063492056,15.873015873015873,34.875,18.055555555555554,0.992063492063492,30.753968253968257,43.08998914911356,22.027773481238818
2010-09-01,33.112257495590825,50.0,43.84920634920635,15.674603174603174,40.275,32.73809523809524,1.7857142857142856,29.563492063492063,42.36479826683268,23.31838299048891
2010-09-02,35.22072310405643,87.10317460317461,35.51587301587302,17.857142857142858,42.025,21.23015873015873,2.1825396825396823,33.53174603174603,41.790158241724804,22.22352213622064
2010-09-03,46.93536155202822,80.75396825396825,68.84920634920636,19.444444444444443,46.725,52.182539682539684,2.976190476190476,35.91269841269841,44.184291282160274,24.717736730349174
2010-09-07,42.0026455026455,80.35714285714286,63.69047619047619,20.833333333333332,40.5,26.785714285714285,4.9603174603174605,36.7063492063492,43.66272120352302,22.75262070745982
2010-09-08,43.74118165784833,86.30952380952381,64.0873015873016,23.41269841269841,41.875,25.198412698412696,9.325396825396826,37.5,43.74277229228428,22.559934291483614
2010-09-09,48.593209876543206,89.48412698412699,74.0079365079365,26.38888888888889,42.975,34.72222222222222,13.690476190476192,39.08730158730159,44.42377030710766,23.366408251814182
2010-09-10,42.50114638447971,96.23015873015873,51.388888888888886,26.98412698412698,45.025000000000006,12.5,11.706349206349206,42.26190476190476,42.833658488753386,21.42018619547617
2010-09-13,54.3542328042328,96.23015873015873,91.07142857142857,23.41269841269841,46.974999999999994,46.62698412698413,12.5,34.32539682539682,47.35661840255319,24.366603736643118
2010-09-14,48.14126984126983,96.23015873015873,82.34126984126983,12.5,46.1,42.65873015873016,10.912698412698413,14.087301587301587,45.14966356019457,24.114806362537866
2010-09-15,35.451499118165785,96.23015873015873,51.388888888888886,7.738095238095239,44.75,7.341269841269842,9.722222222222223,5.753968253968254,42.903649954719256,20.900351055638183
2010-09-16,43.444797178130514,97.42063492063492,64.88095238095238,3.174603174603174,45.7,62.89682539682539,4.166666666666666,2.1825396825396823,43.81860465866916,25.298616536619285
2010-09-17,40.63818342151675,91.07142857142857,62.10317460317461,5.158730158730159,44.974999999999994,45.03968253968254,8.928571428571429,1.3888888888888888,43.59159222397675,24.277088369727238
2010-09-20,37.63668430335097,86.30952380952381,50.595238095238095,3.3730158730158726,46.25,48.61111111111111,4.563492063492063,2.1825396825396823,42.8730647519176,24.424732122081576
2010-09-21,37.67151675485009,83.92857142857143,53.37301587301587,6.34920634920635,44.125,41.07142857142857,9.722222222222223,2.976190476190476,43.03217139068617,24.017828737066587
2010-09-22,48.53941798941798,89.48412698412699,87.89682539682539,8.928571428571429,43.724999999999994,57.341269841269835,13.690476190476192,4.166666666666666,46.417782994968896,25.020681515690086
2010-09-23,48.48932980599646,91.86507936507937,82.73809523809523,13.293650793650793,40.324999999999996,58.53174603174603,18.055555555555554,8.531746031746032,45.18589491575774,25.059273734772557
2010-09-24,43.5826278659612,92.65873015873017,62.5,14.682539682539682,45.724999999999994,39.08730158730159,18.055555555555554,11.30952380952381,43.50008016570261,23.710753477122708
2010-09-27,38.006878306878306,92.65873015873017,37.5,19.04761904761905,43.650000000000006,29.96031746031746,21.23015873015873,16.865079365079367,41.97297889922859,22.897575065376767
2010-09-28,51.46560846560846,80.35714285714286,80.75396825396825,20.634920634920633,43.5,72.42063492063492,18.055555555555554,23.214285714285715,44.99356107717521,26.116992724279804
2010-09-29,40.41225749559082,79.96031746031747,60.51587301587301,19.642857142857142,41.875,20.03968253968254,20.436507936507937,18.849206349206348,43.34234277895182,22.19315982121684
2010-09-30,40.8015873015873,79.16666666666666,61.70634920634921,17.063492063492063,40.75,31.944444444444443,20.833333333333336,13.293650793650794,43.440030467964085,23.079577893234514
2010-10-01,42.12962962962963,77.97619047619048,52.976190476190474,21.42857142857143,43.75,43.452380952380956,25.595238095238095,17.261904761904763,43.0155636551534,24.13408683368321
2010-10-04,41.51331569664902,68.45238095238095,60.912698412698404,21.42857142857143,41.175,36.7063492063492,25.595238095238095,17.261904761904763,43.35611055779323,23.54829596543111
2010-10-05,42.342328042328035,69.24603174603175,68.45238095238095,19.246031746031747,45.599999999999994,25.992063492063494,23.214285714285715,15.277777777777779,43.949016432565315,22.761807628090683
2010-10-06,43.859171075837736,77.18253968253968,57.341269841269835,23.61111111111111,46.275000000000006,39.48412698412698,27.18253968253968,20.03968253968254,43.23207157384721,23.752990562769387
2010-10-07,38.19858906525573,78.76984126984127,45.03968253968254,24.20634920634921,46.1,10.119047619047619,30.753968253968257,17.658730158730158,42.48818549745658,21.268227445031112
2010-10-08,37.63465608465608,70.03968253968253,37.89682539682539,20.833333333333336,48.224999999999994,33.92857142857143,31.150793650793652,10.515873015873016,42.10465587607217,23.35522354612591
2010-10-11,40.882186948853615,80.75396825396825,34.32539682539682,19.444444444444443,55.199999999999996,49.801587301587304,33.53174603174603,5.357142857142857,41.78291215260662,24.476080573535537
2010-10-12,39.284126984126985,79.16666666666666,29.563492063492063,20.634920634920633,55.35,42.65873015873016,38.69047619047619,2.579365079365079,41.60501256185375,24.110298190683327
2010-10-13,55.574779541446205,77.57936507936508,87.10317460317461,18.253968253968253,54.65,84.32539682539682,33.92857142857143,2.579365079365079,46.38302494606926,27.937796728374874
2010-10-14,57.2320987654321,72.42063492063492,93.05555555555556,19.444444444444443,50.60000000000001,97.02380952380952,34.72222222222222,4.166666666666666,47.680453301243034,32.51563322687764
2010-10-15,58.52927689594355,72.42063492063492,89.88095238095238,21.82539682539683,54.849999999999994,99.40476190476191,39.88095238095239,3.7698412698412698,47.006562245929885,39.326393874545715
2010-10-18,60.601058201058194,80.75396825396825,97.02380952380952,21.230158730158728,54.55,97.81746031746032,36.7063492063492,5.753968253968254,49.34930901841783,36.651892810293866
2010-10-19,59.15176366843034,79.56349206349206,96.62698412698413,22.420634920634924,48.425000000000004,95.43650793650794,37.10317460317461,7.738095238095238,49.3310840784843,32.39953607918546
2010-10-20,58.390299823633164,81.94444444444444,87.10317460317461,25.793650793650794,51.050000000000004,89.88095238095238,43.05555555555556,8.531746031746032,46.51856656872337,29.87293665335928
2010-10-21,36.172663139329806,87.89682539682539,5.357142857142857,25.396825396825395,53.650000000000006,43.452380952380956,42.65873015873016,8.134920634920634,38.15863975833323,24.1902352234836
2010-10-22,36.84938271604938,91.46825396825396,2.1825396825396823,26.587301587301585,56.099999999999994,43.84920634920635,42.26190476190476,10.912698412698413,37.250091073001435,24.24195194167991
2010-10-25,42.186067019400355,80.35714285714286,31.150793650793652,28.571428571428573,50.74999999999999,49.801587301587304,44.24603174603175,12.896825396825399,41.63167711503653,24.456775569747123
2010-10-26,33.85044091710758,71.62698412698413,5.753968253968254,27.57936507936508,49.45,39.88095238095239,40.27777777777778,14.880952380952381,38.09258541067616,24.001574805335046
2010-10-27,30.337477954144617,68.45238095238095,11.30952380952381,26.58730158730159,48.224999999999994,5.753968253968254,40.27777777777778,12.896825396825399,39.52079010832102,20.795187167729456
2010-10-28,45.19012345679012,74.40476190476191,39.08730158730159,30.158730158730158,47.800000000000004,68.05555555555556,45.03968253968254,15.277777777777779,41.924092481456306,25.60692574022544
2010-10-29,35.86331569664903,64.48412698412699,31.547619047619047,27.579365079365083,47.0,18.452380952380953,44.642857142857146,10.515873015873016,41.62194127771991,22.134860691789957
2010-11-01,31.43483245149912,62.5,8.928571428571429,27.77777777777778,45.425000000000004,28.373015873015873,46.62698412698413,8.928571428571429,39.13764542582241,22.95715041072771
2010-11-02,29.85970017636684,63.29365079365079,2.579365079365079,25.3968253968254,46.075,31.944444444444443,44.24603174603175,6.547619047619048,37.34945406018769,23.15036247024355
2010-11-03,36.7984126984127,65.67460317460318,12.896825396825399,22.023809523809522,52.20000000000001,69.24603174603175,36.7063492063492,7.341269841269842,39.61193674969274,25.693246552678488
2010-11-04,42.09858906525573,69.64285714285714,31.150793650793652,20.03968253968254,57.4,72.02380952380952,33.92857142857143,6.15079365079365,41.546163664813825,26.147201192094233
2010-11-05,58.37072310405644,75.9920634920635,79.56349206349206,28.174603174603174,58.69999999999999,88.29365079365078,45.43650793650794,10.912698412698413,45.01005331629892,29.38355391043026
2010-11-08,39.333862433862436,68.84920634920636,8.531746031746032,28.968253968253965,58.550000000000004,64.0873015873016,50.99206349206349,6.944444444444445,39.05564930146902,25.348715366196195
2010-11-09,39.22768959435626,69.24603174603175,15.674603174603174,33.13492063492064,54.60000000000001,43.84920634920635,55.35714285714286,10.912698412698413,39.92616486014726,24.251471078775147
2010-11-10,43.08007054673721,66.07142857142857,28.373015873015873,35.11904761904762,57.650000000000006,44.24603174603175,60.51587301587301,9.722222222222223,41.28690211327498,24.28860871750616
2010-11-11,61.25537918871252,61.30952380952381,87.5,35.714285714285715,56.8,94.24603174603175,63.29365079365079,8.134920634920634,46.60939159820026,31.49330280973276
2010-11-12,56.25282186948853,63.69047619047619,81.94444444444444,30.357142857142854,48.475,90.67460317460318,56.547619047619044,4.166666666666666,45.31814159555202,30.115316119343206
2010-11-15,39.28483245149911,72.81746031746032,5.753968253968254,30.753968253968253,49.5,77.97619047619048,53.37301587301587,8.134920634920634,37.95764116817845,27.180092757214958
2010-11-16,41.820634920634916,79.16666666666666,18.452380952380953,31.34920634920635,43.550000000000004,79.16666666666666,51.78571428571429,10.912698412698413,40.358937649766006,27.420119728027757
2010-11-17,47.5010582010582,72.42063492063492,52.57936507936508,31.54761904761905,45.599999999999994,64.0873015873016,52.57936507936508,10.515873015873016,42.89435096985481,25.53662481188188
2010-11-18,62.96296296296296,83.92857142857143,94.64285714285714,27.976190476190478,56.25,97.02380952380952,49.801587301587304,6.15079365079365,48.33105848531113,34.38008803552836
2010-11-19,47.04109347442681,75.59523809523809,45.03968253968254,27.976190476190474,59.800000000000004,54.166666666666664,48.61111111111111,7.341269841269842,42.441424123559,24.995382870778606
2010-11-22,34.96807760141093,62.5,9.325396825396826,32.14285714285714,58.15,20.833333333333336,54.166666666666664,10.119047619047619,39.23900413812385,22.753933296054626
2010-11-23,43.58738977072311,64.0873015873016,47.023809523809526,31.944444444444446,48.425000000000004,41.46825396825397,56.15079365079365,7.738095238095238,42.50958195501596,24.296718541007717
2010-11-24,36.44567901234568,58.13492063492064,15.674603174603174,34.72222222222222,52.20000000000001,29.96031746031746,54.563492063492056,14.880952380952381,40.114443679296606,23.503158839961223
2010-11-26,40.12469135802469,55.75396825396825,12.5,41.269841269841265,44.45,67.65873015873017,57.341269841269835,25.198412698412696,39.76460329143616,26.02785633659286
2010-11-29,33.80608465608466,61.70634920634921,4.563492063492063,39.682539682539684,46.175,22.023809523809522,62.10317460317461,17.261904761904763,37.96000864431151,22.889317072757514
2010-11-30,32.77760141093474,59.72222222222222,0.5952380952380952,31.746031746031743,41.150000000000006,56.547619047619044,60.51587301587301,2.976190476190476,36.562827577838554,25.106754948652295
2010-12-01,31.29911816578483,63.69047619047619,6.15079365079365,30.158730158730158,46.6,22.023809523809522,58.53174603174603,1.7857142857142856,38.249830302356635,22.90550093108963
2010-12-02,39.74303350970018,70.83333333333334,13.293650793650794,32.539682539682545,53.05,56.547619047619044,64.0873015873016,0.992063492063492,39.680280507183056,25.120426269734565
2010-12-03,35.103527336860665,70.03968253968253,6.944444444444445,34.920634920634924,59.94999999999999,7.341269841269842,67.65873015873017,2.1825396825396823,38.44400126094874,21.590801198716782
2010-12-06,39.52363315696649,63.69047619047619,7.738095238095238,41.07142857142857,59.900000000000006,33.53174603174603,75.1984126984127,6.944444444444445,38.764407730485274,23.779022500625608
2010-12-07,53.093121693121695,56.94444444444444,43.05555555555556,46.62698412698413,60.05000000000001,74.8015873015873,76.78571428571429,16.46825396825397,42.19872117059498,26.511062107060884
2010-12-08,50.72539682539682,54.563492063492056,33.13492063492063,52.57936507936508,61.30000000000001,55.35714285714286,77.97619047619048,27.18253968253968,41.65809756353674,25.026989928411936
2010-12-09,61.03615520282187,51.78571428571429,81.94444444444444,55.95238095238095,63.75,38.2936507936508,77.57936507936508,34.32539682539682,45.297452591989995,24.155335193044777
2010-12-10,53.77989417989417,56.15079365079365,57.738095238095234,55.75396825396825,61.95,21.23015873015873,75.59523809523809,35.91269841269841,43.20145859263121,22.875006911950628
2010-12-13,46.83597883597883,67.65873015873017,29.96031746031746,52.182539682539684,62.24999999999999,12.896825396825399,73.61111111111111,30.753968253968257,41.55061034445556,22.220032506296928
2010-12-14,41.83104056437389,67.65873015873017,10.912698412698413,48.611111111111114,61.95,17.261904761904763,72.81746031746032,24.404761904761905,39.35853727646216,22.568741377964454
2010-12-15,40.05343915343915,62.10317460317461,18.055555555555554,41.86507936507937,60.29999999999999,16.071428571428573,70.43650793650794,13.293650793650794,40.171294987610906,22.475027534943717
2010-12-16,60.28536155202821,77.18253968253968,83.53174603174604,35.51587301587302,63.05,65.67460317460318,69.24603174603175,1.7857142857142856,45.69937627506915,25.588118269618988
2010-12-17,43.453615520282185,59.32539682539682,38.2936507936508,36.7063492063492,69.45,6.15079365079365,73.21428571428571,0.1984126984126984,41.84894513810408,21.382019059283326
2010-12-20,40.78342151675485,52.182539682539684,27.18253968253968,37.5,67.95,12.103174603174603,74.8015873015873,0.1984126984126984,41.22636678091729,22.081485690247522
2010-12-21,38.2915343915344,46.230158730158735,22.023809523809522,38.492063492063494,67.55000000000001,3.7698412698412698,74.8015873015873,2.1825396825396823,40.54284836367748,20.94582007678929
2010-12-22,57.96560846560846,42.65873015873016,74.8015873015873,43.25396825396825,72.75,54.166666666666664,78.37301587301587,8.134920634920634,44.6131637020092,24.83388374105618
2010-12-23,45.54479717813051,53.769841269841265,19.246031746031747,53.17460317460317,67.65,22.817460317460316,81.15079365079364,25.198412698412696,40.381596339680655,22.865689667503872
2010-12-27,63.744091710758376,51.78571428571429,80.35714285714286,53.96825396825396,61.64999999999999,75.9920634920635,82.73809523809523,25.198412698412696,45.17109959087484,26.465522569204335
2010-12-28,47.02363315696649,70.03968253968253,15.277777777777779,58.33333333333333,62.4,22.817460317460316,84.32539682539682,32.34126984126984,39.89295566142891,22.86187582597833
2010-12-29,40.411992945326276,68.05555555555556,0.992063492063492,55.158730158730165,63.599999999999994,0.992063492063492,87.10317460317461,23.214285714285715,36.79972957634311,19.510176310966187
2010-12-30,37.521869488536154,70.43650793650794,2.976190476190476,45.03968253968254,62.4,1.3888888888888888,83.92857142857143,6.15079365079365,37.537238999364675,20.002257630585728
2010-12-31,37.883597883597886,75.1984126984127,0.5952380952380952,40.67460317460318,61.25,20.03968253968254,80.35714285714286,0.992063492063492,36.42601361986906,22.586870121413323
2011-01-03,56.844268077601406,72.02380952380952,62.10317460317461,40.476190476190474,61.95,70.03968253968253,80.75396825396825,0.1984126984126984,43.39726630686414,25.712083019666547
2011-01-04,38.162433862433865,85.11904761904762,2.976190476190476,39.08730158730159,63.10000000000001,8.928571428571429,77.57936507936508,0.5952380952380952,37.29521754110509,21.51388265239617
2011-01-05,42.81728395061728,69.64285714285714,30.357142857142854,39.682539682539684,64.9,6.15079365079365,76.78571428571429,2.579365079365079,41.35238848399877,21.176912593892368
2011-01-06,46.34126984126984,70.43650793650794,31.150793650793652,42.26190476190476,63.00000000000001,31.547619047619047,78.37301587301587,6.15079365079365,41.49076106661955,23.259107133444033
2011-01-07,62.789770723104056,68.84920634920636,63.29365079365079,54.36507936507937,64.3,77.97619047619048,81.54761904761905,27.18253968253968,43.46538838673135,26.599101995201398
2011-01-10,49.25008818342151,57.738095238095234,19.246031746031747,67.06349206349206,62.300000000000004,21.23015873015873,76.38888888888889,57.738095238095234,40.2898092398302,22.597479153518528
2011-01-11,53.9405643738977,59.72222222222222,34.32539682539682,65.07936507936508,65.55,30.753968253968257,76.38888888888889,53.769841269841265,41.67034479253503,23.10502178091548
2011-01-12,63.54726631393298,59.72222222222222,69.24603174603175,68.05555555555556,68.80000000000001,31.944444444444443,74.0079365079365,62.10317460317461,44.18129243857106,23.171362601885054
2011-01-13,60.007583774250435,55.35714285714286,44.642857142857146,67.06349206349205,68.05,58.13492063492064,73.21428571428571,60.912698412698404,42.29259613807835,24.874906053963763
2011-01-14,76.605291005291,53.37301587301587,98.21428571428571,67.85714285714286,72.7,90.67460317460318,71.62698412698413,64.0873015873016,49.85749214705938,30.0290010927729
2011-01-18,72.46807760141094,43.452380952380956,99.8015873015873,56.150793650793645,70.65,99.40476190476191,77.18253968253968,35.11904761904761,54.017027096591995,39.94781802814604
2011-01-19,69.94215167548501,55.75396825396825,92.65873015873017,56.94444444444444,63.45,90.67460317460318,78.37301587301587,35.51587301587302,47.90688212519018,30.31004712174416
2011-01-20,64.97583774250441,74.40476190476191,74.0079365079365,54.36507936507936,60.05000000000001,79.16666666666666,79.16666666666666,29.563492063492063,44.665003783202984,26.805622819917076
2011-01-21,57.78465608465608,76.78571428571429,35.11904761904761,54.36507936507937,57.650000000000006,94.64285714285714,79.56349206349206,29.166666666666668,41.692682694285935,31.6402590936935
2011-01-24,55.300705467372126,82.73809523809523,41.46825396825397,45.23809523809524,61.75000000000001,72.81746031746032,76.78571428571429,13.690476190476192,42.057339585603735,26.034554601101163
2011-01-25,54.243033509700176,83.92857142857143,50.99206349206349,46.230158730158735,62.05,39.48412698412698,73.61111111111111,18.849206349206348,42.626718152041754,23.87501171982007
2011-01-26,38.08077601410934,72.42063492063492,5.753968253968254,39.682539682539684,66.8,6.15079365079365,68.05555555555556,11.30952380952381,38.063724768293184,21.087687670814066
2011-01-27,41.42504409171076,64.88095238095238,1.7857142857142856,37.5,69.25,53.37301587301587,66.86507936507937,8.134920634920634,36.95160021940794,24.54375469682545
2011-01-28,44.356084656084654,70.83333333333334,13.690476190476192,36.30952380952381,49.9,92.26190476190477,65.27777777777779,7.341269841269842,39.555940666985556,30.442594997555595
2011-01-31,36.61128747795414,81.15079365079364,0.1984126984126984,35.11904761904762,52.349999999999994,37.89682539682539,63.29365079365079,6.944444444444445,35.55927231994034,23.64798312296298
2011-02-01,38.523985890652554,79.16666666666666,0.5952380952380952,35.714285714285715,61.85000000000001,35.51587301587302,61.70634920634921,9.722222222222223,35.83827807582392,23.43535866066734
2011-02-02,36.267195767195766,84.32539682539682,1.7857142857142856,36.7063492063492,63.49999999999999,1.3888888888888888,63.29365079365079,10.119047619047619,36.53626471249962,19.711642080540727
2011-02-03,36.96701940035273,72.81746031746032,3.373015873015873,37.6984126984127,66.54999999999998,6.944444444444445,64.48412698412699,10.912698412698413,37.12035443621726,21.12628225809145
2011-02-04,39.26649029982364,67.65873015873017,11.706349206349206,39.682539682539684,70.35,2.579365079365079,64.48412698412699,14.880952380952381,38.9898397425293,20.217356363532957
2011-02-07,48.33527336860669,70.03968253968253,32.34126984126984,47.817460317460316,68.6,19.642857142857142,66.86507936507937,28.76984126984127,41.40018446636565,22.35578761234593
2011-02-08,53.57530864197531,68.45238095238095,48.61111111111111,53.76984126984127,70.94999999999999,13.293650793650794,71.23015873015873,36.30952380952381,42.3093187003965,21.81707166988739
2011-02-09,60.87195767195767,53.769841269841265,73.21428571428571,53.37301587301587,70.65,46.230158730158735,71.23015873015873,35.51587301587302,44.243795949104715,24.196691022051887
2011-02-10,70.6363315696649,50.198412698412696,98.21428571428571,50.992063492063494,69.55,97.02380952380952,71.62698412698413,30.357142857142854,51.55788236823678,34.453515373788655
2011-02-11,54.568430335097,49.404761904761905,30.753968253968257,57.142857142857146,71.55000000000001,65.67460317460318,73.61111111111111,40.67460317460318,41.23319167019398,25.200166224744315
2011-02-14,48.194885361552025,52.182539682539684,17.261904761904763,49.2063492063492,70.25,58.92857142857143,76.38888888888889,22.023809523809522,39.67102250624486,24.80756307271273
2011-02-15,42.150617283950616,59.72222222222222,20.833333333333336,43.45238095238095,68.14999999999999,11.30952380952381,79.16666666666666,7.738095238095238,40.08495337632995,21.676300262013033
2011-02-16,52.431922398589066,46.62698412698413,54.563492063492056,45.43650793650794,66.4,47.023809523809526,82.34126984126983,8.531746031746032,42.80235768971142,24.270337263412344
2011-02-18,53.1068783068783,45.83333333333333,45.83333333333333,47.420634920634924,67.85,62.5,85.11904761904762,9.722222222222223,42.08440875870699,25.029113215811265
2011-02-22,52.64197530864197,59.32539682539682,54.166666666666664,44.047619047619044,48.0,77.97619047619048,84.72222222222221,3.373015873015873,42.67643968560226,26.354944839223982
2011-02-23,43.65793650793651,83.92857142857143,15.277777777777779,42.06349206349207,44.675000000000004,62.89682539682539,74.40476190476191,9.722222222222223,39.479685506290416,25.09917430323043
2011-02-24,38.99329805996473,85.11904761904762,10.515873015873016,38.095238095238095,46.7,37.10317460317461,66.07142857142857,10.119047619047619,38.725011717016336,23.641591121890865
2011-02-25,40.39488536155203,77.57936507936508,32.34126984126984,36.7063492063492,53.900000000000006,3.373015873015873,60.11904761904761,13.293650793650794,41.32658485374544,20.642111905346983
2011-02-28,39.311287477954146,88.29365079365078,16.071428571428573,38.095238095238095,58.24999999999999,2.579365079365079,58.53174603174603,17.658730158730158,39.48696130471203,20.15827455407151
2011-03-01,37.534126984126985,97.42063492063492,9.325396825396826,38.888888888888886,47.474999999999994,10.119047619047619,57.738095238095234,20.03968253968254,38.39477531667188,21.428119417312743
2011-03-02,41.87301587301587,85.51587301587301,33.92857142857143,39.48412698412699,48.25,8.531746031746032,58.13492063492064,20.833333333333336,41.356308849789926,21.25992309883727
2011-03-03,54.28924162257495,84.72222222222221,56.94444444444444,44.44444444444444,56.99999999999999,42.65873015873016,61.30952380952381,27.579365079365083,42.96330463889261,24.066395225916875
2011-03-04,41.80723104056437,81.15079365079364,28.76984126984127,35.91269841269842,54.7,20.436507936507937,64.48412698412699,7.341269841269842,40.80646832291877,22.366197353226745
2011-03-07,38.720634920634915,85.11904761904762,30.357142857142854,31.15079365079365,48.35,12.5,59.32539682539682,2.976190476190476,40.97233238170983,21.67999104527769
2011-03-08,40.85255731922398,79.96031746031747,34.32539682539682,30.952380952380953,50.9,24.404761904761905,58.92857142857143,2.976190476190476,41.3953718520097,22.623929634582222
2011-03-09,43.528571428571425,80.75396825396825,45.83333333333333,32.93650793650794,49.45,21.626984126984127,63.69047619047619,2.1825396825396823,42.04623321174193,22.468873091351433
2011-03-10,34.515520282186955,84.32539682539682,12.5,33.13492063492063,45.300000000000004,11.30952380952381,64.88095238095238,1.3888888888888888,39.03273074908801,21.483250491539753
2011-03-11,35.471428571428575,77.57936507936508,15.277777777777779,32.738095238095234,49.800000000000004,13.293650793650794,63.29365079365079,2.1825396825396823,39.37903714404158,21.753507322512732
2011-03-14,35.814021164021156,84.72222222222221,7.738095238095238,31.944444444444443,47.175000000000004,31.944444444444443,62.89682539682539,0.992063492063492,37.96295829239316,22.995710274987736
2011-03-15,42.19876543209877,79.96031746031747,44.24603174603175,29.96031746031746,39.2,43.05555555555556,59.72222222222222,0.1984126984126984,41.83346912272478,23.939161169443384
2011-03-16,44.38095238095238,52.976190476190474,68.05555555555556,28.57142857142857,26.5,71.62698412698413,56.94444444444444,0.1984126984126984,43.60022167790515,25.530226046090164
2011-03-17,37.708906525573184,70.03968253968253,43.05555555555556,27.976190476190474,34.075,31.150793650793652,55.75396825396825,0.1984126984126984,41.8247409002721,22.952923915649155
2011-03-18,44.116225749559085,52.976190476190474,71.62698412698413,27.579365079365076,38.9,40.27777777777778,54.563492063492056,0.5952380952380952,43.97830466720048,23.579320268740865
2011-03-21,47.63289241622575,66.07142857142857,50.198412698412696,27.38095238095238,48.475,83.13492063492063,53.37301587301587,1.3888888888888888,42.35617894688972,27.070070401209488
2011-03-22,31.739594356261016,94.64285714285714,4.166666666666666,27.57936507936508,49.474999999999994,0.992063492063492,53.37301587301587,1.7857142857142856,37.29326707060418,19.178500473807343
2011-03-23,37.40811287477954,95.43650793650794,13.293650793650794,26.785714285714285,54.14999999999999,25.992063492063494,50.595238095238095,2.976190476190476,39.175890682087676,22.74984536404974
2011-03-24,37.69400352733686,93.84920634920636,14.880952380952381,26.38888888888889,60.0,16.46825396825397,49.404761904761905,3.373015873015873,39.353363655014206,21.91014280035386
2011-03-25,41.62998236331569,91.07142857142857,23.61111111111111,26.785714285714285,60.449999999999996,35.11904761904761,49.404761904761905,4.166666666666666,40.160457058378384,23.147213077234262
2011-03-28,32.03756613756614,86.30952380952381,0.1984126984126984,28.76984126984127,52.79999999999999,9.722222222222223,53.769841269841265,3.7698412698412698,35.29783359121074,21.27043548543501
2011-03-29,33.92275132275132,86.30952380952381,6.944444444444445,28.17460317460317,59.199999999999996,2.1825396825396823,53.769841269841265,2.579365079365079,37.83778983736581,19.814977346820577
2011-03-30,35.150264550264545,78.37301587301587,12.5,29.960317460317455,61.449999999999996,0.1984126984126984,57.341269841269835,2.579365079365079,38.874619564244675,18.628963902575375
2011-03-31,33.3973544973545,74.0079365079365,2.976190476190476,30.357142857142858,61.30000000000001,6.944444444444445,58.92857142857143,1.7857142857142856,36.753789295704706,20.90272030103767
2011-04-01,45.81216931216931,66.86507936507937,35.91269841269841,31.944444444444446,63.00000000000001,51.78571428571429,62.10317460317461,1.7857142857142856,41.47894669820905,24.197744182249316
2011-04-04,40.2336860670194,56.547619047619044,30.753968253968257,33.13492063492063,62.5,19.642857142857142,64.88095238095238,1.3888888888888888,40.84698936510024,22.048438851266496
2011-04-05,46.66225749559083,58.13492063492064,23.214285714285715,37.3015873015873,63.75,75.9920634920635,72.02380952380952,2.579365079365079,39.90990425753586,25.63992273315869
2011-04-06,53.26807760141094,34.72222222222222,62.5,40.47619047619048,65.5,67.26190476190477,77.97619047619048,2.976190476190476,43.20019259208357,25.094670292697202
2011-04-07,41.747266313932975,37.10317460317461,30.357142857142854,42.063492063492056,64.45,22.817460317460316,79.16666666666666,4.9603174603174605,40.594966475528324,22.346413963321677
2011-04-08,37.02275132275131,56.15079365079365,11.30952380952381,41.666666666666664,60.64999999999999,8.134920634920634,77.57936507936508,5.753968253968254,38.43605538108208,20.96807972933176
2011-04-11,36.32857142857142,64.0873015873016,2.1825396825396823,40.873015873015866,67.05,1.7857142857142856,75.59523809523809,6.15079365079365,36.4601759192172,19.21755514147537
2011-04-12,37.71305114638448,69.64285714285714,0.1984126984126984,41.666666666666664,64.55000000000001,15.277777777777779,75.59523809523809,7.738095238095238,34.74742217841883,21.640342913158953
2011-04-13,40.12857142857143,57.738095238095234,20.03968253968254,39.087301587301596,65.39999999999999,15.277777777777779,70.83333333333334,7.341269841269842,39.49008944131407,21.605676342259486
2011-04-14,38.8005291005291,54.166666666666664,10.912698412698413,35.71428571428572,68.65,28.76984126984127,64.0873015873016,7.341269841269842,38.24239038806701,22.644460163942302
2011-04-15,44.81640211640212,50.595238095238095,7.341269841269842,33.53174603174603,73.4,90.67460317460318,62.89682539682539,4.166666666666666,37.7604697975514,29.61387319546624
2011-04-18,54.89894179894179,57.341269841269835,57.738095238095234,34.32539682539682,65.19999999999999,87.89682539682539,63.69047619047619,4.9603174603174605,42.75396802504955,27.471789959120898
2011-04-19,54.104232804232794,74.8015873015873,57.738095238095234,37.3015873015873,70.85,43.05555555555556,68.45238095238095,6.15079365079365,42.73255187942583,23.544583813253947
2011-04-20,60.790828924162255,42.65873015873016,79.16666666666666,38.2936507936508,74.65,81.94444444444444,73.61111111111111,2.976190476190476,44.59780222424558,26.21892898138181
2011-04-21,55.17248677248677,29.96031746031746,50.99206349206349,42.65873015873016,76.55,83.53174603174604,83.92857142857143,1.3888888888888888,42.179019858109854,26.366923660250848
2011-04-25,40.03950617283951,24.00793650793651,12.103174603174603,49.007936507936506,71.15,22.817460317460316,88.29365079365078,9.722222222222223,38.25891706659727,22.199640648456676
2011-04-26,40.602998236331565,25.198412698412696,2.1825396825396823,47.023809523809526,71.9,50.99206349206349,87.5,6.547619047619048,36.295718050324965,24.115763518957074
2011-04-27,38.08112874779541,20.833333333333336,2.579365079365079,45.03968253968254,73.25,35.11904761904761,88.29365079365078,1.7857142857142856,36.424322161073476,22.97531200417982
2011-04-28,38.23086419753086,31.150793650793652,10.912698412698413,45.43650793650794,76.9,0.992063492063492,87.89682539682539,2.976190476190476,38.02521362216384,19.021168140608484
2011-04-29,71.08906525573191,59.72222222222222,96.62698412698413,45.23809523809524,76.25,98.61111111111111,86.70634920634922,3.7698412698412698,48.29137222708114,34.67025263490407
2011-05-02,39.15573192239858,49.007936507936506,5.753968253968254,44.841269841269835,70.05,17.261904761904763,85.9126984126984,3.7698412698412698,37.04102636110665,21.742812217580624
2011-05-03,37.970017636684304,50.595238095238095,4.563492063492063,48.41269841269841,66.5,3.7698412698412698,87.5,9.325396825396826,36.577846959699464,20.000042142934042
2011-05-04,38.05485008818342,54.166666666666664,1.7857142857142856,50.595238095238095,64.60000000000001,3.7698412698412698,85.51587301587301,15.674603174603174,35.960240776933986,19.98040209404413
2011-05-05,32.291005291005284,24.00793650793651,1.3888888888888888,48.412698412698404,59.0,0.5952380952380952,79.16666666666666,17.658730158730158,35.82181262277578,18.63237329484631
2011-05-06,34.47178130511464,29.166666666666668,6.547619047619048,47.023809523809526,58.00000000000001,10.912698412698413,74.0079365079365,20.03968253968254,36.92086533817908,21.000781864368758
2011-05-09,32.10176366843033,27.976190476190478,4.166666666666666,39.08730158730158,64.2,6.944444444444445,62.89682539682539,15.277777777777779,36.446278350587285,20.62039920137117
2011-05-10,37.216402116402115,18.849206349206348,17.658730158730158,37.698412698412696,70.45,26.785714285714285,63.29365079365079,12.103174603174603,38.6015245955496,22.227110108340316
2011-05-11,36.19312169312169,16.865079365079367,14.880952380952381,38.49206349206349,65.25,33.13492063492063,70.03968253968253,6.944444444444445,38.19957048621061,22.744191119358625
2011-05-12,48.50282186948853,14.087301587301587,57.341269841269835,36.507936507936506,69.85,58.53174603174603,68.45238095238095,4.563492063492063,42.42207829800869,24.252717057115177
2011-05-13,36.63298059964726,27.579365079365083,22.817460317460316,38.492063492063494,64.65,11.706349206349206,70.43650793650794,6.547619047619048,39.33428346758034,21.022859487562037
2011-05-16,38.309171075837746,29.96031746031746,19.246031746031747,39.48412698412698,58.80000000000001,40.27777777777778,68.45238095238095,10.515873015873016,38.750902528806996,23.02350494474628
2011-05-17,42.294532627865955,37.89682539682539,38.69047619047619,33.531746031746025,62.24999999999999,40.27777777777778,60.912698412698404,6.15079365079365,40.84647142714019,23.015738388790542
2011-05-18,32.40758377425044,24.404761904761905,11.706349206349206,34.12698412698413,68.85,3.7698412698412698,57.341269841269835,10.912698412698413,37.81858972888058,19.79776889106904
2011-05-19,35.7978835978836,29.166666666666668,13.690476190476192,39.285714285714285,72.4,2.976190476190476,58.92857142857143,19.642857142857142,38.021860853291145,19.47285671268451
2011-05-20,36.01252204585538,50.0,10.119047619047619,39.88095238095238,62.85,8.531746031746032,62.10317460317461,17.658730158730158,37.428060967395325,20.64742673229893
2011-05-23,34.06507936507936,20.436507936507937,20.436507936507937,40.87301587301587,58.650000000000006,5.357142857142857,64.88095238095238,16.865079365079367,38.73174256421611,19.99901733095662
2011-05-24,35.44691358024691,10.515873015873016,19.246031746031747,46.82539682539682,60.9,7.738095238095238,71.62698412698413,22.023809523809522,38.4996442908549,20.219856902565436
2011-05-25,41.52716049382716,16.071428571428573,22.817460317460316,46.42857142857143,64.65,43.452380952380956,71.23015873015873,21.626984126984127,39.007471628127746,23.05111917332034
2011-05-26,34.326807760141094,24.404761904761905,14.880952380952381,38.492063492063494,69.55,0.1984126984126984,61.30952380952381,15.674603174603174,38.041340579448224,18.530727048103984
2011-05-27,37.51340388007055,11.706349206349206,37.10317460317461,36.7063492063492,70.1,1.3888888888888888,55.75396825396825,17.658730158730158,40.27624353329568,18.64419103504529
2011-05-31,30.871252204585538,12.896825396825399,10.912698412698413,31.944444444444446,72.75,1.7857142857142856,54.96031746031746,8.928571428571429,37.64752970589752,18.711125613093515
2011-06-01,38.0,23.61111111111111,43.05555555555556,32.53968253968254,58.5,17.658730158730158,57.738095238095234,7.341269841269842,40.8785648709025,21.269023221690965
2011-06-02,37.836507936507935,50.0,33.53174603174603,31.15079365079365,59.550000000000004,10.912698412698413,56.547619047619044,5.753968253968254,39.85694557015209,20.70801542019487
2011-06-03,29.548500881834215,50.0,2.976190476190476,29.761904761904763,60.25,0.1984126984126984,55.35714285714286,4.166666666666666,36.25306866328496,18.280296078157583
2011-06-06,44.11604938271604,50.0,43.452380952380956,30.158730158730155,57.550000000000004,54.563492063492056,54.563492063492056,5.753968253968254,40.85182032568993,23.680117917817384
2011-06-07,43.2379188712522,50.0,48.61111111111111,28.76984126984127,59.65,36.30952380952381,50.99206349206349,6.547619047619048,41.46080845398758,22.613136821052702
2011-06-08,37.808289241622575,50.0,45.03968253968254,27.57936507936508,56.050000000000004,5.357142857142857,47.42063492063492,7.738095238095238,41.04310594470573,19.52700695058396
2011-06-09,33.03333333333333,80.35714285714286,11.30952380952381,23.80952380952381,61.150000000000006,0.5952380952380952,43.452380952380956,4.166666666666666,37.6362620738682,18.288788975085517
2011-06-10,37.7305114638448,50.0,42.26190476190476,24.404761904761905,55.7,20.436507936507937,42.26190476190476,6.547619047619048,40.63382045566779,21.321251659276644
2011-06-13,30.195238095238093,50.0,19.246031746031747,22.023809523809526,51.95,13.293650793650794,39.08730158730159,4.9603174603174605,38.36072530089889,20.78247549105523
2011-06-14,36.12645502645502,80.75396825396825,25.992063492063494,23.611111111111114,58.69999999999999,4.166666666666666,35.51587301587302,11.706349206349206,39.060147560614425,19.169152548289297
2011-06-15,33.28342151675485,88.29365079365078,31.547619047619047,16.46825396825397,46.7,5.357142857142857,29.96031746031746,2.976190476190476,39.51223290532215,19.225262551863494
2011-06-16,33.07328042328042,50.0,41.86507936507937,17.063492063492063,43.175,26.38888888888889,31.944444444444443,2.1825396825396823,40.39478255126486,21.715365453856773
2011-06-17,31.533950617283946,50.0,37.5,16.26984126984127,45.375,19.246031746031747,31.944444444444443,0.5952380952380952,39.99461874630823,21.156514739741937
2011-06-20,33.079894179894175,50.0,35.51587301587302,14.087301587301589,50.050000000000004,34.32539682539682,27.976190476190478,0.1984126984126984,39.82634233902003,22.299280798106032
2011-06-21,30.1026455026455,64.0873015873016,19.246031746031747,15.079365079365079,55.7,11.706349206349206,29.96031746031746,0.1984126984126984,38.328365799228536,20.5178202045519
2011-06-22,27.32786596119929,50.0,12.103174603174603,17.063492063492063,57.4,5.753968253968254,31.944444444444443,2.1825396825396823,37.758810658635724,19.434658941157632
2011-06-23,27.99347442680776,50.0,8.134920634920634,17.658730158730158,53.550000000000004,25.595238095238095,30.357142857142854,4.9603174603174605,37.002251506161684,21.586728263938873
2011-06-24,34.37566137566137,50.0,31.944444444444443,24.20634920634921,47.25,28.373015873015873,33.92857142857143,14.484126984126986,39.484662230261755,21.72738689428227
2011-06-27,39.261199294532624,50.0,36.30952380952381,26.19047619047619,48.6,54.96031746031746,34.72222222222222,17.658730158730158,39.75045202778787,23.447517647915873
2011-06-28,30.46366843033509,50.0,12.5,26.38888888888889,54.14999999999999,11.706349206349206,35.91269841269841,16.865079365079367,37.68831958134701,20.298901777519585
2011-06-29,48.050970017636686,50.0,69.64285714285714,25.595238095238095,63.65,39.08730158730159,41.46825396825397,9.722222222222223,42.60861407213977,22.507289932221113
2011-06-30,41.82962962962962,87.10317460317461,39.08730158730159,22.61904761904762,67.4,8.531746031746032,42.65873015873016,2.579365079365079,39.90415272401416,19.897963310177886
2011-07-01,40.56772486772487,90.27777777777779,23.214285714285715,20.23809523809524,70.65,26.38888888888889,39.88095238095239,0.5952380952380952,38.59785491576929,21.561692191526742
2011-07-05,50.25520282186949,91.86507936507937,32.34126984126984,22.817460317460316,69.7,87.89682539682539,45.43650793650794,0.1984126984126984,39.41897905446275,26.800687708652255
2011-07-06,45.95379188712522,91.07142857142857,40.67460317460318,25.0,68.3,29.563492063492063,49.007936507936506,0.992063492063492,39.96295866999583,21.741968376844774
2011-07-07,37.21604938271605,87.89682539682539,8.531746031746032,26.19047619047619,70.25,10.912698412698413,49.404761904761905,2.976190476190476,37.031877644130276,20.101383328966204
2011-07-08,43.12433862433862,87.10317460317461,11.706349206349206,31.746031746031743,70.25,41.86507936507937,51.388888888888886,12.103174603174603,37.498314321284965,22.586126638474536
2011-07-11,41.05255731922398,50.0,24.801587301587304,38.09523809523809,58.05,39.48412698412698,54.563492063492056,21.626984126984127,38.6228667333146,22.44930924647317
2011-07-12,41.458377425044084,50.0,44.642857142857146,36.70634920634921,50.64999999999999,22.42063492063492,52.57936507936508,20.833333333333336,40.255891724392804,21.267006921193506
2011-07-13,41.32574955908289,93.05555555555556,22.817460317460316,32.93650793650794,50.45,33.53174603174603,52.182539682539684,13.690476190476192,38.43390420014823,21.952507163409756
2011-07-14,45.30070546737213,99.40476190476191,8.928571428571429,35.11904761904762,48.0,89.0873015873016,51.78571428571429,18.452380952380953,37.03939838069591,26.993585744849312
2011-07-15,43.31322751322751,99.8015873015873,0.1984126984126984,29.960317460317462,52.349999999999994,95.03968253968253,52.182539682539684,7.738095238095238,34.31215206193515,31.054590503395442
2011-07-18,51.147707231040556,50.0,64.88095238095238,32.34126984126984,47.625,88.29365079365078,52.976190476190474,11.706349206349206,42.04342850565461,26.719906414120963
2011-07-19,66.08941798941798,99.40476190476191,91.86507936507937,37.301587301587304,53.949999999999996,91.86507936507937,59.72222222222222,14.880952380952381,45.69575161706023,28.459677577902625
2011-07-20,69.26507936507936,99.0079365079365,95.43650793650794,44.04761904761905,54.55,92.26190476190477,63.69047619047619,24.404761904761905,47.37030553609218,28.6214162581091
2011-07-21,59.457142857142856,99.8015873015873,70.43650793650794,40.87301587301587,62.2,47.42063492063492,68.84920634920636,12.896825396825399,42.47822696425852,22.833501757347896
2011-07-22,60.493650793650794,99.40476190476191,42.26190476190476,49.404761904761905,62.4,87.5,72.42063492063492,26.38888888888889,39.904182022259235,26.687606516429103
2011-07-25,60.64285714285714,99.8015873015873,57.341269841269835,44.84126984126984,53.24999999999999,90.27777777777779,69.64285714285714,20.03968253968254,41.40537621406749,27.222249006376902
2011-07-26,45.35282186948853,50.0,10.912698412698413,51.58730158730159,49.425,82.73809523809523,74.0079365079365,29.166666666666668,37.2746191842241,25.807412415626608
2011-07-27,41.15749559082892,50.0,16.865079365079367,50.198412698412696,42.55,50.99206349206349,72.02380952380952,28.373015873015873,37.90827041516663,23.017455016372377
2011-07-28,37.781128747795414,50.0,8.531746031746032,49.801587301587304,40.650000000000006,42.26190476190476,66.86507936507937,32.73809523809524,36.990651462606614,22.58980584547056
2011-07-29,35.97222222222222,50.0,18.849206349206348,37.8968253968254,36.875,48.61111111111111,48.214285714285715,27.579365079365083,37.99992781318489,22.92750061975946
2011-08-01,31.718871252204583,50.0,2.976190476190476,40.476190476190474,40.85,26.38888888888889,52.976190476190474,27.976190476190478,36.15424474486693,21.552408164609986
2011-08-02,27.828306878306876,50.0,6.547619047619048,30.555555555555554,38.025000000000006,19.642857142857142,45.83333333333333,15.277777777777779,36.551338744657144,21.079267358362383
2011-08-03,29.868253968253967,50.0,8.531746031746032,33.13492063492063,41.550000000000004,19.246031746031747,42.65873015873016,23.61111111111111,36.800296482778606,21.046303792527894
2011-08-04,24.562786596119928,50.0,4.563492063492063,32.73809523809524,20.849999999999994,22.023809523809522,38.2936507936508,27.18253968253968,36.368650668245394,21.221355426860722
2011-08-05,37.667548500881836,50.0,44.642857142857146,32.53968253968254,20.0,62.10317460317461,34.32539682539682,30.753968253968257,39.99926833529679,23.780130528180486
2011-08-08,27.469135802469136,50.0,37.10317460317461,22.81746031746032,0.0,54.563492063492056,14.880952380952381,30.753968253968257,39.48612975259517,23.218367779369743
2011-08-09,21.74797178130511,50.0,17.658730158730158,18.452380952380953,12.349999999999994,30.357142857142854,10.119047619047619,26.785714285714285,37.80666341769128,21.731289773455355
2011-08-10,20.105820105820104,50.0,42.26190476190476,7.341269841269842,0.0,24.404761904761905,5.357142857142857,9.325396825396826,39.828521657571756,21.364059865564794
2011-08-11,20.198412698412696,50.0,29.166666666666668,7.936507936507937,2.5,44.642857142857146,6.944444444444445,8.928571428571429,38.72567033437606,22.74122493286537
2011-08-12,23.45079365079365,50.0,24.801587301587304,19.642857142857146,9.099999999999994,34.32539682539682,11.30952380952381,27.976190476190478,38.293617755858314,22.07377341999974
2011-08-15,28.45846560846561,50.0,2.579365079365079,28.769841269841272,20.325000000000003,74.0079365079365,16.071428571428573,41.46825396825397,35.95437159030289,24.62294930182956
2011-08-16,29.060405643738978,50.0,9.325396825396826,32.73809523809524,17.875,58.92857142857143,17.261904761904763,48.214285714285715,36.834354678643685,23.522238580128473
2011-08-17,25.99611992945326,50.0,10.119047619047619,36.507936507936506,21.049999999999997,12.103174603174603,17.658730158730158,55.35714285714286,36.943565693832184,20.45700153155564
2011-08-18,33.7962962962963,50.0,53.37301587301587,31.746031746031747,0.0,52.182539682539684,10.912698412698413,52.57936507936508,40.65946485292245,23.023674889956215
2011-08-19,33.2010582010582,50.0,56.15079365079365,24.8015873015873,0.0,62.10317460317461,2.976190476190476,46.62698412698413,40.88918477833327,23.742757737468718
2011-08-22,26.63139329805996,50.0,31.944444444444443,25.198412698412696,0.0,50.198412698412696,1.3888888888888888,49.007936507936506,38.843559472205555,22.98712062423054
2011-08-23,35.93465608465608,50.0,47.023809523809526,26.78571428571429,9.324999999999989,80.35714285714286,1.7857142857142856,51.78571428571429,39.97885666517671,25.38015255868156
2011-08-24,39.7336860670194,50.0,57.341269841269835,33.73015873015873,10.25,71.23015873015873,3.7698412698412698,63.69047619047619,41.06810897601473,24.298164572548952
2011-08-25,52.77883597883598,50.0,95.03968253968253,46.230158730158735,0.6000000000000085,95.03968253968253,7.341269841269842,85.11904761904762,46.70373209046218,30.33795878630131
2011-08-26,46.762169312169306,50.0,54.96031746031746,53.37301587301587,11.024999999999991,78.76984126984127,13.293650793650794,93.45238095238095,40.86345489618511,25.26645412689471
2011-08-29,39.099294532627866,50.0,31.944444444444443,56.34920634920635,19.299999999999997,30.357142857142854,18.452380952380953,94.24603174603175,38.82688270983733,21.806148937903806
2011-08-30,33.53553791887125,50.0,1.7857142857142856,60.51587301587301,17.775000000000006,31.150793650793652,25.992063492063494,95.03968253968253,35.747694497676406,21.87790340968029
2011-08-31,34.92451499118165,50.0,0.992063492063492,58.33333333333333,20.94999999999999,45.43650793650794,23.214285714285715,93.45238095238095,35.11510673410822,22.84337216939467
2011-09-01,32.9395061728395,50.0,17.261904761904763,54.56349206349206,20.450000000000003,7.341269841269842,14.880952380952381,94.24603174603175,37.62790639486375,19.806563280108875
2011-09-02,40.85573192239858,50.0,38.69047619047619,54.166666666666664,15.199999999999989,47.42063492063492,11.30952380952381,97.02380952380952,39.37360746433869,22.891342198624375
2011-09-06,32.57495590828924,50.0,20.03968253968254,51.785714285714285,7.5,32.73809523809524,8.134920634920634,95.43650793650794,37.81010610219765,21.971817112655128
2011-09-07,29.25097001763668,50.0,14.880952380952381,49.007936507936506,16.549999999999983,3.373015873015873,4.9603174603174605,93.05555555555556,37.274962098958106,19.097069824293897
2011-09-08,30.75696649029982,50.0,17.261904761904763,48.21428571428571,14.200000000000003,19.246031746031747,4.9603174603174605,91.46825396825396,37.50274195133614,21.095784057463835
2011-09-09,26.2410934744268,50.0,10.912698412698413,46.42857142857142,3.6999999999999886,17.658730158730158,6.944444444444445,85.9126984126984,36.92210956394666,21.003837292468077
2011-09-12,27.084038800705464,50.0,14.087301587301587,41.666666666666664,3.5249999999999915,33.53174603174603,6.15079365079365,77.18253968253968,37.104686216762026,21.958676292709995
2011-09-13,30.971516754850086,50.0,31.944444444444443,44.84126984126984,7.7250000000000085,14.880952380952381,8.928571428571429,80.75396825396825,38.55335450802446,20.709183506646102
2011-09-14,33.24691358024691,50.0,36.30952380952381,45.43650793650794,13.5,13.293650793650794,8.928571428571429,81.94444444444444,38.873782951912055,20.56163017497582
2011-09-15,34.156878306878305,50.0,21.23015873015873,39.682539682539684,20.075000000000003,55.75396825396825,7.738095238095238,71.62698412698413,37.79333681486218,23.163451501945463
2011-09-16,36.82328042328042,50.0,31.944444444444443,37.301587301587304,22.549999999999997,60.51587301587301,10.119047619047619,64.48412698412699,38.46708565827527,23.622866588853682
2011-09-19,48.946296296296296,50.0,56.15079365079365,50.39682539682539,18.17500000000001,90.67460317460318,16.071428571428573,84.72222222222221,40.343946777735425,27.42212645652089
2011-09-20,45.78765432098765,50.0,41.86507936507937,50.3968253968254,17.849999999999994,91.46825396825396,14.087301587301587,86.70634920634922,39.35739520857693,27.9605226908777
2011-09-21,46.44038800705467,50.0,67.26190476190477,49.6031746031746,6.700000000000003,71.23015873015873,11.706349206349206,87.5,41.44444766063493,24.39526776098318
2011-09-22,36.022927689594354,50.0,34.32539682539682,49.007936507936506,0.0,58.53174603174603,4.563492063492063,93.45238095238095,38.64044778508981,23.47115329471128
2011-09-23,35.78042328042328,50.0,32.73809523809524,49.60317460317461,0.0,57.738095238095234,1.7857142857142856,97.42063492063492,38.52732754341671,23.434246958625558
2011-09-26,42.01269841269841,50.0,53.37301587301587,47.61904761904762,2.4499999999999886,73.61111111111111,1.7857142857142856,93.45238095238095,39.963523486608665,24.640312954049023
2011-09-27,41.77045855379188,50.0,60.11904761904761,45.63492063492064,5.724999999999994,57.341269841269835,1.7857142857142856,89.48412698412699,40.59867078994229,23.370922939035964
2011-09-28,34.25925925925925,50.0,29.166666666666668,47.420634920634924,0.0,57.738095238095234,1.7857142857142856,93.05555555555556,38.263819540792866,23.430021666618128
2011-09-29,34.68324514991181,50.0,21.23015873015873,49.404761904761905,2.8999999999999915,65.67460317460318,2.1825396825396823,96.62698412698413,37.77038145385868,24.028246695349175
2011-09-30,24.559082892416225,50.0,4.166666666666666,50.198412698412696,0.0,12.103174603174603,2.1825396825396823,98.21428571428571,35.98268126944316,20.263856565002534
2011-10-03,33.06878306878307,50.0,29.96031746031746,50.1984126984127,0.0,37.10317460317461,0.992063492063492,99.40476190476191,38.260537507400485,22.208110829101315
2011-10-04,48.56701940035273,50.0,79.16666666666666,50.0,0.0,78.76984126984127,0.1984126984126984,99.8015873015873,42.1480056473169,25.272977385495444
2011-10-05,44.86746031746031,50.0,57.341269841269835,51.785714285714285,5.474999999999994,72.81746031746032,3.7698412698412698,99.8015873015873,40.13294170498232,24.593941966883676
2011-10-06,48.30238095238095,50.0,67.26190476190477,52.38095238095238,9.324999999999989,74.40476190476191,4.9603174603174605,99.8015873015873,41.15575562474736,24.848640229571227
2011-10-07,35.22398589065256,50.0,34.72222222222222,52.57936507936508,9.5,20.833333333333336,5.357142857142857,99.8015873015873,38.549624959397086,21.1070841729536
2011-10-10,43.2957671957672,50.0,39.08730158730159,54.16666666666667,17.44999999999999,64.0873015873016,8.928571428571429,99.40476190476191,38.796404242082296,23.941037673687184
2011-10-11,51.05661375661376,50.0,62.10317460317461,55.75396825396825,17.849999999999994,82.34126984126983,12.896825396825399,98.61111111111111,40.45150536343653,25.771409162261023
2011-10-12,52.54074074074074,50.0,76.78571428571429,53.96825396825397,21.849999999999994,63.69047619047619,10.119047619047619,97.81746031746032,41.79548899400607,23.8893253077155
2011-10-13,53.094356261022924,50.0,68.45238095238095,53.769841269841265,23.25,83.13492063492063,10.515873015873016,97.02380952380952,41.094812838731485,25.86035830703771
2011-10-14,59.48747795414461,50.0,87.89682539682539,51.388888888888886,29.400000000000006,96.62698412698413,15.277777777777779,87.5,43.0558407114732,31.51112687989217
2011-10-17,57.88298059964726,50.0,91.07142857142857,54.36507936507937,16.525000000000006,92.65873015873017,18.452380952380953,90.27777777777779,44.20786238057089,29.35876579084581
2011-10-18,59.891710758377414,50.0,95.43650793650794,54.166666666666664,21.099999999999994,93.45238095238095,18.452380952380953,89.88095238095238,46.09513687177576,29.55642921879158
2011-10-19,60.36402116402116,50.0,97.02380952380952,57.73809523809524,13.900000000000006,98.21428571428571,22.42063492063492,93.05555555555556,47.218138220649976,31.804477754994576
2011-10-20,51.68747795414461,50.0,79.16666666666666,56.34920634920635,13.049999999999997,61.70634920634921,22.817460317460316,89.88095238095238,41.964660877839464,23.66439137855803
2011-10-21,49.44303350970018,50.0,62.10317460317461,54.56349206349206,21.69999999999999,63.69047619047619,20.833333333333336,88.29365079365078,40.464821849881616,23.828747233545965
2011-10-24,49.15449735449735,50.0,48.61111111111111,56.74603174603175,26.849999999999994,71.23015873015873,25.595238095238095,87.89682539682539,39.51420491697159,24.416131770374193
2011-10-25,36.44303350970017,50.0,5.753968253968254,53.96825396825396,19.450000000000003,65.67460317460318,26.785714285714285,81.15079365079364,36.36371363117724,23.99543479916418
2011-10-26,39.605996472663136,50.0,20.833333333333336,52.77777777777778,25.349999999999994,55.75396825396825,28.76984126984127,76.78571428571429,37.71285379868347,23.198129144676784
2011-10-27,47.51781305114638,50.0,67.26190476190477,50.0,36.35,20.436507936507937,36.7063492063492,63.29365079365079,40.90574034111305,21.10457272115007
2011-10-28,39.23818342151675,66.86507936507937,15.674603174603174,55.55555555555556,38.675,10.912698412698413,40.67460317460318,70.43650793650794,37.16915502519318,20.103389831969835
2011-10-31,37.43403880070546,59.32539682539682,32.34126984126984,47.817460317460316,25.099999999999994,19.246031746031747,41.46825396825397,54.166666666666664,38.42253047044609,21.044197758960387
2011-11-01,36.30502645502645,50.0,35.91269841269841,49.60317460317461,13.074999999999989,29.96031746031746,41.07142857142857,58.13492063492064,38.57135598294245,21.651495789302075
2011-11-02,34.346384479717806,45.43650793650794,37.5,49.007936507936506,18.14999999999999,5.357142857142857,37.89682539682539,60.11904761904761,38.66788997414068,19.403486742548615
2011-11-03,39.07407407407407,12.896825396825399,47.42063492063492,56.15079365079365,23.75,27.976190476190478,37.5,74.8015873015873,39.41935789016104,21.514009317427792
2011-11-04,27.710934744268076,0.1984126984126984,13.293650793650794,55.35714285714286,24.599999999999994,7.341269841269842,35.91269841269841,74.8015873015873,36.99350043530416,19.6587166342928
2011-11-07,33.28439153439154,18.849206349206348,0.992063492063492,59.920634920634924,25.375,48.214285714285715,39.48412698412698,80.35714285714286,34.765545619974816,22.802276197898152
2011-11-08,44.08077601410935,39.08730158730159,20.03968253968254,66.26984126984127,31.299999999999997,56.15079365079365,46.62698412698413,85.9126984126984,37.57846474861565,23.12843434655412
2011-11-09,49.399647266313934,61.70634920634921,59.72222222222222,65.87301587301587,9.600000000000009,46.62698412698413,51.388888888888886,80.35714285714286,40.16606933081336,22.722909587727376
2011-11-10,59.06499118165784,61.70634920634921,85.9126984126984,56.74603174603175,17.974999999999994,91.86507936507937,42.26190476190476,71.23015873015873,42.6376376451406,27.65148270525881
2011-11-11,58.04656084656084,60.912698412698404,71.23015873015873,59.52380952380952,24.900000000000006,90.67460317460318,42.65873015873016,76.38888888888889,41.18914872616939,27.345001731985953
2011-11-14,50.07768959435626,58.13492063492064,45.43650793650794,62.301587301587304,22.174999999999997,70.43650793650794,43.452380952380956,81.15079365079364,39.268882794037715,24.17151094631609
2011-11-15,48.85925925925926,41.86507936507937,44.24603174603175,61.30952380952381,21.950000000000003,81.54761904761905,41.07142857142857,81.54761904761905,39.09847665276306,25.39692481626466
2011-11-16,37.379805996472655,6.15079365079365,45.03968253968254,65.07936507936508,16.22500000000001,12.5,44.24603174603175,85.9126984126984,39.22750159478931,20.16077420961453
2011-11-17,44.09938271604938,25.198412698412696,48.61111111111111,74.20634920634922,13.724999999999994,24.404761904761905,59.32539682539682,89.0873015873016,39.38497750921325,21.21701631701306
2011-11-18,37.27072310405644,18.849206349206348,18.849206349206348,71.23015873015873,20.0,25.198412698412696,57.341269841269835,85.11904761904762,37.43627734514292,21.25439220133022
2011-11-21,38.727248677248674,35.51587301587302,14.087301587301587,69.04761904761904,17.72500000000001,42.26190476190476,49.801587301587304,88.29365079365078,36.99909066981213,22.35065542421116
2011-11-22,42.86499118165784,47.023809523809526,29.96031746031746,65.07936507936508,20.075000000000003,43.452380952380956,43.84920634920635,86.30952380952381,38.231070035969154,22.43745830847311
2011-11-23,49.023456790123454,41.46825396825397,61.30952380952381,65.47619047619048,15.050000000000011,50.595238095238095,38.69047619047619,92.26190476190477,40.15979584170216,22.832195537116178
2011-11-25,55.82795414462081,50.0,71.62698412698413,63.492063492063494,13.825000000000003,91.07142857142857,31.150793650793652,95.83333333333334,41.05444662372491,27.100751217796475
2011-11-28,42.97451499118165,50.0,35.11904761904761,63.49206349206349,19.674999999999997,36.7063492063492,29.96031746031746,97.02380952380952,38.43627417395203,21.853962071642094
2011-11-29,41.37724867724868,50.0,32.73809523809524,60.31746031746032,23.400000000000006,29.166666666666668,27.976190476190478,92.65873015873017,38.3299510275816,21.512656294028083
2011-11-30,36.2310405643739,58.92857142857143,16.46825396825397,54.761904761904766,30.5,8.928571428571429,29.563492063492063,79.96031746031747,37.14955895060614,19.81036410017402
2011-12-01,38.78456790123456,54.563492063492056,5.753968253968254,53.17460317460318,31.474999999999994,60.51587301587301,34.72222222222222,71.62698412698413,36.280750840358486,23.179396014313035
2011-12-02,44.38924162257495,37.5,33.13492063492063,55.75396825396825,31.200000000000003,66.07142857142857,45.83333333333333,65.67460317460318,38.33554956815463,23.63888647037337
2011-12-05,41.41164021164021,30.753968253968257,39.88095238095239,55.158730158730165,30.400000000000006,35.91269841269841,48.214285714285715,62.10317460317461,38.66056402323706,21.753220384323512
2011-12-06,34.901322751322745,61.30952380952381,1.7857142857142856,58.33333333333333,29.674999999999997,14.880952380952381,54.563492063492056,62.10317460317461,35.12648252272223,20.421850519236795
2011-12-07,37.31296296296296,62.5,5.357142857142857,66.86507936507937,28.32499999999999,5.357142857142857,61.30952380952381,72.42063492063492,36.1352732994931,19.346769545203273
2011-12-08,45.218959435626104,66.07142857142857,22.42063492063492,63.888888888888886,23.525000000000006,57.341269841269835,52.182539682539684,75.59523809523809,37.626940739563786,22.996922215126204
2011-12-09,43.21481481481481,59.72222222222222,22.42063492063492,58.53174603174603,34.05,40.67460317460318,45.83333333333333,71.23015873015873,37.59123471229035,22.029107852790723
2011-12-12,45.19656084656084,69.64285714285714,7.341269841269842,63.2936507936508,35.82499999999999,60.912698412698404,56.15079365079365,70.43650793650794,36.356607222827904,23.162092251112192
2011-12-13,46.04647266313932,72.02380952380952,11.30952380952381,64.08730158730158,36.475,54.563492063492056,56.547619047619044,71.62698412698413,36.72561933968802,22.880530064867667
2011-12-14,45.23350970017636,71.62698412698413,5.357142857142857,64.28571428571428,34.900000000000006,62.10317460317461,53.37301587301587,75.1984126984127,36.08716006560188,23.197178990582845
2011-12-15,37.39479717813051,69.64285714285714,2.579365079365079,62.1031746031746,37.225,0.992063492063492,59.32539682539682,64.88095238095238,35.43265952250556,18.393885992498507
2011-12-16,39.988800705467376,56.94444444444444,0.5952380952380952,64.6825396825397,39.275000000000006,29.166666666666668,64.0873015873016,65.27777777777779,34.71350572657094,21.358779126462654
2011-12-19,49.82398589065256,54.563492063492056,54.166666666666664,61.111111111111114,37.699999999999996,26.785714285714285,54.166666666666664,68.05555555555556,39.446538591213425,21.23369052838789
2011-12-20,46.381305114638444,37.89682539682539,49.801587301587304,59.722222222222214,41.95,16.865079365079367,60.11904761904761,59.32539682539682,39.13072298580781,20.55144906413094
2011-12-21,59.10414462081128,37.89682539682539,68.05555555555556,65.27777777777779,46.425000000000004,69.24603174603175,74.40476190476191,56.15079365079365,40.44723217784239,23.6795937567474
2011-12-22,55.837037037037035,49.801587301587304,49.801587301587304,77.77777777777777,47.1,25.595238095238095,80.35714285714286,75.1984126984127,39.12710976065828,21.158914888523288
2011-12-23,62.601499118165776,45.43650793650794,54.96031746031746,80.15873015873015,48.175,71.23015873015873,83.13492063492063,77.18253968253968,39.446142086279266,23.87470424284996
2011-12-27,62.10026455026454,52.57936507936508,48.214285714285715,81.94444444444444,45.225,73.61111111111111,82.34126984126983,81.54761904761905,39.00686576955351,23.99954864476811
2011-12-28,51.704056437389774,39.88095238095239,14.484126984126986,88.4920634920635,41.2,48.61111111111111,83.13492063492063,93.84920634920636,36.86491644069837,22.587289100856026
2011-12-29,50.09303350970017,31.944444444444443,3.7698412698412698,87.10317460317461,43.375,63.29365079365079,81.94444444444444,92.26190476190477,35.64202495830347,23.313261872631365
2011-12-30,43.194885361552025,18.452380952380953,5.357142857142857,77.1825396825397,41.5,45.03968253968254,79.96031746031747,74.40476190476191,35.88130265000583,22.357995311646174
2012-01-03,37.85617283950617,4.9603174603174605,0.5952380952380952,76.19047619047619,42.575,20.833333333333336,81.15079365079364,71.23015873015873,34.66751655317341,21.01591030965335
2012-01-04,44.90864197530864,57.341269841269835,5.357142857142857,76.78571428571428,44.45,16.865079365079367,87.10317460317461,66.46825396825396,35.828977021505516,20.588570070091
2012-01-05,50.41234567901234,47.817460317460316,24.404761904761905,75.39682539682539,46.3,38.2936507936508,90.67460317460318,60.11904761904761,37.51045330889558,21.78952728351352
2012-01-06,59.43835978835979,57.738095238095234,31.150793650793652,83.73015873015873,48.425000000000004,66.86507936507937,93.84920634920636,73.61111111111111,37.86662416328637,23.5709857034724
2012-01-09,61.68509700176366,22.817460317460316,29.96031746031746,95.43650793650794,47.325,91.46825396825396,98.21428571428571,92.65873015873017,37.80724130445701,27.2938661241707
2012-01-10,52.12989417989417,12.5,12.5,97.61904761904762,48.275,42.26190476190476,98.21428571428571,97.02380952380952,36.47547147068975,22.06007589739426
2012-01-11,55.060405643738974,0.5952380952380952,35.11904761904761,97.22222222222223,47.375,38.2936507936508,97.81746031746032,96.62698412698413,38.09624447592243,21.798643554181496
2012-01-12,48.041358024691355,2.579365079365079,11.706349206349206,98.21428571428571,48.825,14.087301587301587,98.21428571428571,98.21428571428571,36.442935453355,20.249391429946762
2012-01-13,61.77398589065256,2.579365079365079,52.976190476190474,97.42063492063492,47.725,59.72222222222222,97.42063492063492,97.42063492063492,39.10907144597577,23.118098396393485
2012-01-17,60.06525573192239,1.3888888888888888,54.96031746031746,95.23809523809524,44.5,54.563492063492056,96.62698412698413,93.84920634920636,39.23819936206291,22.870642589030595
2012-01-18,62.79920634920635,0.1984126984126984,79.56349206349206,92.65873015873015,47.775,32.34126984126984,97.42063492063492,87.89682539682539,41.102429128229154,21.544560057247427
2012-01-19,63.1074074074074,0.992063492063492,59.72222222222222,95.23809523809524,50.64999999999999,60.51587301587301,99.0079365079365,91.46825396825396,39.46729956008708,23.06183362352116
2012-01-20,67.27707231040563,0.992063492063492,77.18253968253968,78.76984126984127,58.599999999999994,96.62698412698413,98.61111111111111,58.92857142857143,40.88263941339845,29.93167665013672
2012-01-23,57.34197530864197,1.7857142857142856,54.563492063492056,80.95238095238095,56.64999999999999,49.007936507936506,98.61111111111111,63.29365079365079,39.18433846733953,22.485113714747087
2012-01-24,66.20229276895944,2.1825396825396823,72.02380952380952,88.4920634920635,55.45,73.21428571428571,97.81746031746032,79.16666666666666,40.380923909999275,23.83724060197751
2012-01-25,73.74726631393298,14.880952380952381,88.69047619047619,86.9047619047619,58.45000000000001,93.84920634920636,99.0079365079365,74.8015873015873,42.135259731028086,27.494076526804474
2012-01-26,47.179717813051134,2.976190476190476,4.9603174603174605,84.52380952380952,57.15,43.84920634920635,99.8015873015873,69.24603174603175,35.79847315540394,22.06839149842515
2012-01-27,50.22239858906525,2.579365079365079,2.976190476190476,89.28571428571428,57.349999999999994,60.912698412698404,99.0079365079365,79.56349206349206,35.25209071592335,23.057151210590973
2012-01-30,50.18165784832451,10.912698412698413,9.722222222222223,84.52380952380952,53.00000000000001,61.70634920634921,99.0079365079365,70.03968253968253,36.22380089224168,23.11348993405102
2012-01-31,42.97231040564373,9.722222222222223,0.5952380952380952,76.78571428571428,52.79999999999999,39.88095238095239,99.8015873015873,53.769841269841265,34.44215589033066,21.824390830763313
2012-02-01,59.172839506172835,2.976190476190476,62.89682539682539,80.35714285714286,57.24999999999999,48.214285714285715,99.8015873015873,60.912698412698404,39.496664111544156,22.372242345274657
2012-02-02,49.77530864197531,1.7857142857142856,39.48412698412698,79.76190476190476,60.099999999999994,7.738095238095238,99.8015873015873,59.72222222222222,38.3328353219313,19.561955124325404
2012-02-03,48.70282186948854,2.1825396825396823,25.595238095238095,79.96031746031746,64.5,16.071428571428573,99.8015873015873,60.11904761904761,37.550902747498135,20.498017610799195
2012-02-06,45.36807760141093,8.531746031746032,0.992063492063492,80.75396825396825,61.199999999999996,33.13492063492063,99.8015873015873,61.70634920634921,34.5959434464345,21.568112524820055
2012-02-07,51.48677248677248,20.436507936507937,23.61111111111111,83.92857142857143,61.75000000000001,20.436507936507937,99.8015873015873,68.05555555555556,37.36500137562573,20.96497563483496
2012-02-08,71.68730158730158,10.119047619047619,94.64285714285714,82.34126984126985,59.199999999999996,80.35714285714286,99.8015873015873,64.88095238095238,43.18851734730544,24.311740955683035
2012-02-09,73.10511463844797,4.9603174603174605,97.81746031746032,81.54761904761905,56.85000000000001,99.0079365079365,99.8015873015873,63.29365079365079,46.68481344825962,32.056600533670796
2012-02-10,67.13165784832452,4.166666666666666,89.0873015873016,76.38888888888889,48.025000000000006,96.62698412698413,99.40476190476191,53.37301587301587,42.13875493332549,29.619525473867498
2012-02-13,65.37442680776013,4.166666666666666,75.9920634920635,75.9920634920635,54.800000000000004,94.64285714285714,98.61111111111111,53.37301587301587,40.66714452535718,28.212764313900244
2012-02-14,66.56049382716049,11.706349206349206,87.5,72.61904761904762,52.300000000000004,89.88095238095238,97.81746031746032,47.42063492063492,42.027935231151815,26.816267683929144
2012-02-15,68.48042328042328,7.738095238095238,99.8015873015873,71.62698412698413,47.15,99.8015873015873,97.42063492063492,45.83333333333333,50.802910432469595,37.01264922031756
2012-02-16,68.41516754850088,6.944444444444445,97.42063492063492,69.04761904761905,53.900000000000006,99.0079365079365,96.23015873015873,41.86507936507937,46.48609380440165,32.41451304600643
2012-02-17,66.28941798941798,13.293650793650794,85.11904761904762,65.67460317460318,61.099999999999994,93.84920634920636,96.62698412698413,34.72222222222222,41.546260739720985,28.233504506872762
2012-02-21,62.901763668430334,20.436507936507937,72.42063492063492,63.492063492063494,59.04999999999999,92.26190476190477,96.62698412698413,30.357142857142854,40.40910118148198,27.627848679375965
2012-02-22,61.579012345679004,25.198412698412696,68.05555555555556,63.49206349206349,59.04999999999999,84.32539682539682,95.03968253968253,31.944444444444443,39.98661799023671,25.629872922151538
2012-02-23,65.5485008818342,22.023809523809522,87.5,59.92063492063492,66.0,81.15079365079364,94.64285714285714,25.198412698412696,41.988066124594205,24.76011771030829
2012-02-24,58.85308641975308,24.404761904761905,71.23015873015873,56.74603174603175,63.45,65.67460317460318,93.45238095238095,20.03968253968254,40.38070628747171,23.22713319362543
2012-02-27,66.62751322751323,22.817460317460316,86.70634920634922,66.86507936507937,59.04999999999999,84.72222222222221,91.86507936507937,41.86507936507937,41.864713311519566,25.65931349998789
2012-02-28,69.90335097001764,25.992063492063494,91.46825396825396,68.65079365079364,60.199999999999996,93.84920634920636,91.07142857142857,46.230158730158735,42.52439495056911,28.292783496524205
2012-02-29,72.22504409171076,37.89682539682539,96.23015873015873,69.64285714285714,57.85,95.03968253968253,89.48412698412699,49.801587301587304,45.53439081611024,29.362176195912852
2012-03-01,72.46684303350969,28.76984126984127,95.83333333333334,70.03968253968253,63.69999999999999,94.24603174603175,87.89682539682539,52.182539682539684,45.319222836830505,28.765815594701987
2012-03-02,74.35149911816579,54.96031746031746,87.10317460317461,76.1904761904762,63.550000000000004,84.32539682539682,87.10317460317461,65.27777777777779,42.04322346136778,25.82769458792285
2012-03-05,78.11463844797177,49.801587301587304,99.0079365079365,79.56349206349206,59.75,97.02380952380952,87.5,71.62698412698413,47.65613956280362,30.73205370535348
2012-03-06,72.24594356261024,64.0873015873016,95.03968253968253,68.84920634920636,47.824999999999996,93.84920634920636,82.34126984126983,55.35714285714286,44.620539431210204,28.947855697759582
2012-03-07,74.24761904761905,61.70634920634921,99.0079365079365,66.46825396825398,54.65,99.8015873015873,79.96031746031747,52.976190476190474,48.02946702155319,41.6477178032346
2012-03-08,64.64550264550263,52.976190476190474,67.65873015873017,63.293650793650784,60.25,83.13492063492063,75.59523809523809,50.99206349206349,40.02986614294712,25.859957812563778
2012-03-09,56.56208112874779,36.7063492063492,41.07142857142857,61.111111111111114,64.45,77.97619047619048,73.61111111111111,48.61111111111111,38.36870943880019,24.94393186045667
2012-03-12,62.626631393298055,31.150793650793652,62.10317460317461,62.103174603174594,71.8,78.37301587301587,75.59523809523809,48.61111111111111,39.56997850620074,25.222024036380635
2012-03-13,75.48677248677248,38.69047619047619,98.61111111111111,64.68253968253968,76.0,97.42063492063492,79.96031746031747,49.404761904761905,47.71550749291868,31.673004607716077
2012-03-14,77.3010582010582,50.595238095238095,99.8015873015873,66.26984126984127,73.45,99.8015873015873,84.32539682539682,48.214285714285715,58.41421653624155,42.137241970179666
2012-03-15,75.48130511463845,25.595238095238095,99.40476190476191,70.03968253968253,72.9,99.0079365079365,93.45238095238095,46.62698412698413,54.20164908590175,37.96274325903028
2012-03-16,74.13386243386243,24.801587301587304,93.84920634920636,68.25396825396825,77.65,94.64285714285714,97.02380952380952,39.48412698412698,45.48955310366672,30.274868518191916
2012-03-19,76.91763668430335,35.91269841269841,99.40476190476191,69.64285714285714,74.80000000000001,99.0079365079365,97.42063492063492,41.86507936507937,54.4792900020536,39.23636946812661
2012-03-20,78.89700176366843,55.35714285714286,98.61111111111111,71.82539682539682,72.1,97.81746031746032,98.21428571428571,45.43650793650794,52.25384849026429,35.71585161064705
2012-03-21,77.36878306878306,38.69047619047619,97.81746031746032,72.22222222222223,74.35,96.62698412698413,99.0079365079365,45.43650793650794,48.923187390783816,32.11207528564549
2012-03-22,76.19647266313933,46.230158730158735,89.48412698412699,74.4047619047619,72.15,93.05555555555556,97.42063492063492,51.388888888888886,42.96046789968842,30.178906050682365
2012-03-23,74.11975308641976,44.24603174603175,73.21428571428571,79.16666666666666,75.9,87.10317460317461,98.21428571428571,60.11904761904761,40.65323636615034,27.882843618696455
2012-03-26,79.65820105820104,41.07142857142857,90.27777777777779,81.74603174603175,78.7,92.65873015873017,99.0079365079365,64.48412698412699,43.19731947579074,30.03544994761204
2012-03-27,76.87971781305114,33.92857142857143,91.86507936507937,79.16666666666667,72.05000000000001,92.65873015873017,99.8015873015873,58.53174603174603,44.80580495754031,30.100230632202273
2012-03-28,78.35784832451499,39.48412698412698,90.27777777777779,83.73015873015873,72.65,88.69047619047619,99.8015873015873,67.65873015873017,43.512363844646416,28.69434843075595
2012-03-29,74.24620811287477,28.76984126984127,87.89682539682539,76.98412698412699,72.6,87.5,99.8015873015873,54.166666666666664,42.91138977821427,28.344160789476824
2012-03-30,75.65696649029982,43.05555555555556,90.67460317460318,74.0079365079365,72.5,89.48412698412699,99.40476190476191,48.61111111111111,44.48095680068106,29.25994731111433
2012-04-02,74.06843033509699,48.61111111111111,89.48412698412699,70.23809523809524,71.8,84.72222222222221,99.0079365079365,41.46825396825397,43.22305219349598,27.80567289786957
2012-04-03,73.29664902998235,27.579365079365083,93.84920634920636,68.65079365079364,71.69999999999999,95.03968253968253,97.02380952380952,40.27777777777778,46.32070794446877,31.562707211260765
2012-04-04,69.78447971781304,18.849206349206348,90.27777777777779,69.04761904761904,67.8,85.9126984126984,97.02380952380952,41.07142857142857,44.59548399822896,28.23639162794855
2012-04-05,74.76455026455027,41.07142857142857,93.45238095238095,71.62698412698413,66.5,97.02380952380952,98.21428571428571,45.03968253968254,46.252297350634954,33.57929682329826
2012-04-09,60.80194003527337,49.404761904761905,22.817460317460316,80.55555555555554,55.95,98.61111111111111,98.21428571428571,62.89682539682539,37.412045107932286,39.1103384692473
2012-04-10,78.04611992945325,63.69047619047619,92.26190476190477,86.9047619047619,49.025,95.43650793650794,97.42063492063492,76.38888888888889,45.672745281668945,32.06163665205727
2012-04-11,77.94303350970017,68.45238095238095,88.69047619047619,87.69841269841271,49.95,92.65873015873017,98.61111111111111,76.78571428571429,44.44006392290125,30.779600993701976
2012-04-12,76.81040564373897,68.84920634920636,78.37301587301587,81.54761904761904,64.0,93.05555555555556,95.03968253968253,68.05555555555556,41.86067256519965,31.50376307557036
2012-04-13,76.4700176366843,68.84920634920636,93.05555555555556,76.98412698412699,52.25,97.81746031746032,93.84920634920636,60.11904761904761,46.15870159040503,37.08287425752019
2012-04-16,73.95679012345678,68.05555555555556,95.03968253968253,68.25396825396825,52.25,98.21428571428571,91.07142857142857,45.43650793650794,46.80936047610005,38.10220893527262
2012-04-17,74.46243386243385,67.26190476190477,97.81746031746032,65.07936507936508,57.699999999999996,96.62698412698413,88.69047619047619,41.46825396825397,50.52986567396614,36.108615655935125
2012-04-18,74.32857142857142,70.03968253968253,98.21428571428571,64.08730158730158,56.8,96.62698412698413,87.89682539682539,40.27777777777778,50.996635296925305,36.6250611144047
2012-04-19,72.10440917107583,68.45238095238095,93.05555555555556,61.11111111111111,58.2,94.64285714285714,85.9126984126984,36.30952380952381,46.56803334558299,32.88180996165565
2012-04-20,72.39911816578484,67.26190476190477,97.02380952380952,56.547619047619044,62.8,95.03968253968253,81.15079365079364,31.944444444444443,50.174974965170904,34.26077918671416
2012-04-23,68.2299823633157,68.84920634920636,96.62698412698413,49.007936507936506,55.150000000000006,94.64285714285714,75.59523809523809,22.42063492063492,48.929033611631084,34.25280519839261
2012-04-24,68.55731922398589,71.23015873015873,94.24603174603175,48.01587301587301,59.49999999999999,94.24603174603175,73.21428571428571,22.817460317460316,47.50217215628033,33.94782993625999
2012-04-25,67.863139329806,72.02380952380952,91.46825396825396,44.84126984126984,65.9,89.48412698412699,71.23015873015873,18.452380952380953,46.536698872068385,31.357556260251286
2012-04-26,53.406172839506176,72.42063492063492,39.48412698412698,40.27777777777778,68.80000000000001,70.83333333333334,69.64285714285714,10.912698412698413,38.54655701415535,25.63984723725341
2012-04-27,62.64268077601411,71.62698412698413,80.35714285714286,39.682539682539684,68.4,75.59523809523809,68.05555555555556,11.30952380952381,42.4319317607725,27.199898041672764
2012-04-30,45.71516754850089,70.83333333333334,10.119047619047619,39.285714285714285,64.25,74.0079365079365,69.24603174603175,9.325396825396826,36.281233585349426,26.740128602299656
2012-05-01,61.185185185185176,72.42063492063492,74.40476190476191,40.87301587301587,67.0,72.81746031746032,70.43650793650794,11.30952380952381,41.40776200249715,26.033476061556705
2012-05-02,53.02574955908289,72.81746031746032,51.388888888888886,44.44444444444444,65.6,37.10317460317461,71.62698412698413,17.261904761904763,39.39075761512709,22.336883022909365
2012-05-03,55.70934744268077,74.40476190476191,68.05555555555556,46.82539682539682,62.2,25.992063492063494,72.81746031746032,20.833333333333336,40.75011082107367,21.514097717651104
2012-05-04,59.597354497354495,75.1984126984127,82.34126984126983,40.67460317460318,54.199999999999996,66.07142857142857,72.81746031746032,8.531746031746032,42.884789272496185,24.687276242487634
2012-05-07,64.33915343915343,72.81746031746032,87.5,44.64285714285714,55.3,86.70634920634922,71.62698412698413,17.658730158730158,44.87675262226724,30.092630553747252
2012-05-08,48.69664902998236,71.23015873015873,47.023809523809526,36.70634920634921,54.75,53.37301587301587,69.24603174603175,4.166666666666666,39.19184199814529,23.39662191102102
2012-05-09,45.700705467372124,70.43650793650794,36.30952380952381,35.11904761904762,49.800000000000004,63.29365079365079,68.45238095238095,1.7857142857142856,38.480459008362146,24.314532271599436
2012-05-10,54.73915343915344,70.83333333333334,68.84920634920636,34.523809523809526,55.85000000000001,68.84920634920636,68.45238095238095,0.5952380952380952,40.88191381711486,25.536088943568735
2012-05-11,60.63809523809524,68.84920634920636,89.48412698412699,35.11904761904762,50.55,91.46825396825396,66.86507936507937,3.373015873015873,46.009056714709565,31.696995010920382
2012-05-14,46.64629629629629,50.0,56.547619047619044,32.53968253968254,45.324999999999996,68.45238095238095,64.88095238095238,0.1984126984126984,39.94198301222353,25.616730267043096
2012-05-15,50.206261022927684,50.0,72.81746031746032,31.349206349206348,45.075,72.02380952380952,62.5,0.1984126984126984,41.341814857831416,26.283052095544164
2012-05-16,52.11190476190475,50.0,80.35714285714286,30.158730158730155,44.325,79.16666666666666,60.11904761904761,0.1984126984126984,42.56939695716533,28.111993273414924
2012-05-17,50.129012345679016,50.0,84.32539682539682,24.6031746031746,38.775000000000006,81.15079365079364,49.007936507936506,0.1984126984126984,43.73396469110536,28.370510577120466
2012-05-18,51.70811287477954,50.0,90.67460317460318,20.436507936507937,37.25,98.21428571428571,40.67460317460318,0.1984126984126984,46.281646640434666,38.89575350447515
2012-05-21,49.05970017636683,50.0,73.21428571428571,20.833333333333332,44.974999999999994,92.65873015873017,41.46825396825397,0.1984126984126984,41.528095742578806,32.289164836896425
2012-05-22,50.29770723104056,50.0,81.54761904761905,22.023809523809526,43.8,85.9126984126984,43.05555555555556,0.992063492063492,43.018922175452694,30.15546548776351
2012-05-23,50.79991181657847,50.0,85.9126984126984,21.825396825396822,44.175000000000004,81.54761904761905,42.26190476190476,1.3888888888888888,44.78800709054328,28.854468889558532
2012-05-24,40.436331569664894,50.0,50.99206349206349,23.80952380952381,46.150000000000006,48.214285714285715,46.230158730158735,1.3888888888888888,39.54684210371011,23.26685670709875
2012-05-25,34.09717813051146,50.0,8.531746031746032,30.158730158730158,45.599999999999994,58.13492063492064,56.94444444444444,3.373015873015873,36.238795899165765,24.186840815627026
2012-05-29,34.7231922398589,50.0,6.547619047619048,31.746031746031747,47.425,59.32539682539682,58.92857142857143,4.563492063492063,35.9814069631847,24.39188148445945
2012-05-30,44.98835978835979,50.0,57.341269841269835,31.34920634920635,39.65,66.86507936507937,58.92857142857143,3.7698412698412698,40.0437219247072,25.70290940650799
2012-05-31,34.296472663139326,50.0,12.896825396825399,31.944444444444443,39.85,57.341269841269835,60.11904761904761,3.7698412698412698,36.589166383974856,24.193818099633702
2012-06-01,35.453439153439156,50.0,39.88095238095239,30.753968253968253,33.349999999999994,30.357142857142854,58.53174603174603,2.976190476190476,38.773222615753376,22.109657123785922
2012-06-04,41.904232804232805,50.0,57.341269841269835,27.77777777777778,34.7,59.72222222222222,52.182539682539684,3.373015873015873,40.039775621033456,24.476714321528682
2012-06-05,36.35502645502645,50.0,43.84920634920635,26.19047619047619,38.3,34.32539682539682,48.61111111111111,3.7698412698412698,39.1756184799155,22.522373870641886
2012-06-06,28.870546737213402,50.0,2.579365079365079,27.57936507936508,44.6,32.73809523809524,43.84920634920635,11.30952380952381,34.97652604643492,22.40485550795698
2012-06-07,29.02680776014109,50.0,1.3888888888888888,26.785714285714285,45.7,36.7063492063492,41.07142857142857,12.5,34.663774605742724,22.75309665633154
2012-06-08,33.97275132275132,50.0,5.357142857142857,29.960317460317462,46.925,61.30952380952381,39.08730158730159,20.833333333333336,35.663997279865136,24.75140688200371
2012-06-11,52.87231040564373,50.0,65.67460317460318,43.45238095238095,41.1,81.94444444444444,54.166666666666664,32.73809523809524,40.71081734113666,29.187814653541626
2012-06-12,45.509964726631395,50.0,46.62698412698413,38.095238095238095,44.775,62.5,50.198412698412696,25.992063492063494,39.29233175188608,25.251101726886766
2012-06-13,34.15776014109347,50.0,4.9603174603174605,31.746031746031743,39.325,73.61111111111111,48.61111111111111,14.880952380952381,35.45452780911214,27.35371652029116
2012-06-14,34.71481481481481,50.0,21.626984126984127,28.96825396825397,45.8,40.67460317460318,50.198412698412696,7.738095238095238,37.406034324894065,23.093406402884302
2012-06-15,28.792504409171077,50.0,7.738095238095238,28.373015873015873,47.225,14.087301587301587,53.37301587301587,3.373015873015873,35.92542930280958,21.162628801137334
2012-06-18,46.443386243386236,50.0,46.230158730158735,29.96031746031746,58.4,68.84920634920636,55.75396825396825,4.166666666666666,39.21360864815734,26.52972737183171
2012-06-19,45.561022927689585,50.0,45.03968253968254,30.158730158730158,58.10000000000001,63.29365079365079,50.198412698412696,10.119047619047619,39.1655912796697,25.47713344984015
2012-06-20,42.57283950617284,50.0,22.817460317460316,33.13492063492063,63.800000000000004,60.51587301587301,55.75396825396825,10.515873015873016,37.412383740643605,25.195009221387803
2012-06-21,38.40352733686067,50.0,14.880952380952381,37.8968253968254,49.800000000000004,52.57936507936508,58.53174603174603,17.261904761904763,36.594750030661736,24.007824929842947
2012-06-22,40.34955908289241,50.0,0.1984126984126984,42.06349206349206,59.45,67.65873015873017,59.32539682539682,24.801587301587304,31.716166926436884,25.881005086279252
2012-06-25,36.4731922398589,50.0,0.992063492063492,43.84920634920635,49.050000000000004,46.62698412698413,55.75396825396825,31.944444444444443,34.42938741037375,23.60672698050966
2012-06-26,33.688536155202826,50.0,6.15079365079365,43.05555555555556,51.400000000000006,8.928571428571429,62.10317460317461,24.00793650793651,35.5736196800724,20.928784621554385
2012-06-27,34.82627865961199,50.0,5.357142857142857,46.23015873015873,52.75,8.531746031746032,60.912698412698404,31.547619047619047,35.26018873551434,20.722934806218966
2012-06-28,36.675837742504406,50.0,0.5952380952380952,42.857142857142854,51.449999999999996,47.42063492063492,57.738095238095234,27.976190476190478,34.18968446949432,23.63927886578837
2012-06-29,44.11746031746031,50.0,29.166666666666668,37.8968253968254,64.60000000000001,45.83333333333333,56.15079365079365,19.642857142857142,37.76154846854737,23.605883877219334
2012-07-02,38.25573192239859,50.0,10.515873015873016,35.91269841269841,66.0,33.53174603174603,60.11904761904761,11.706349206349206,35.969793012628216,22.848759985018805
2012-07-03,38.56560846560846,50.0,6.944444444444445,34.920634920634924,66.69999999999999,45.03968253968254,58.92857142857143,10.912698412698413,35.550399786577465,23.517457503163055
2012-07-05,47.04585537918871,50.0,33.13492063492063,32.738095238095234,62.5,83.92857142857143,57.738095238095234,7.738095238095238,37.9870302491968,29.78819978953315
2012-07-06,51.56878306878306,50.0,55.75396825396825,32.53968253968254,64.5,75.9920634920635,61.30952380952381,3.7698412698412698,39.70413788979725,28.04492782694214
2012-07-09,42.34585537918872,50.0,16.865079365079367,36.50793650793651,60.099999999999994,67.65873015873017,67.26190476190477,5.753968253968254,36.50482655425167,26.19279342776739
2012-07-10,49.636507936507925,50.0,59.72222222222222,34.52380952380952,56.400000000000006,60.912698412698404,66.46825396825396,2.579365079365079,40.08655820679811,25.34064613350487
2012-07-11,44.56172839506173,50.0,32.34126984126984,35.91269841269842,60.25,58.13492063492064,68.84920634920636,2.976190476190476,37.890800015412154,24.935823138175014
2012-07-12,43.720634920634915,50.0,24.404761904761905,38.888888888888886,58.35000000000001,61.30952380952381,70.03968253968253,7.738095238095238,37.36096243152597,25.387818111093434
2012-07-13,53.99700176366843,50.0,55.35714285714286,41.26984126984127,66.30000000000001,68.84920634920636,70.43650793650794,12.103174603174603,39.61169081040808,26.60489952256867
2012-07-16,51.99858906525573,50.0,57.341269841269835,41.66666666666667,64.45,49.404761904761905,70.43650793650794,12.896825396825399,39.96708202053693,23.986089405008475
2012-07-17,40.59541446208113,50.0,18.452380952380953,42.658730158730165,67.6,15.277777777777779,68.84920634920636,16.46825396825397,36.77399445700434,21.36538374992826
2012-07-18,41.3037037037037,50.0,29.563492063492063,38.69047619047619,69.2,8.134920634920634,60.51587301587301,16.865079365079367,37.74492959920267,20.858772761693206
2012-07-19,47.82451499118165,70.03968253968253,18.452380952380953,36.507936507936506,72.75,68.45238095238095,60.51587301587301,12.5,36.763422736362806,26.005835787951252
2012-07-20,40.29964726631393,50.0,0.5952380952380952,33.13492063492063,68.65,74.8015873015873,57.341269841269835,8.928571428571429,33.62024206917493,27.521816479142338
2012-07-23,41.89929453262786,50.0,29.96031746031746,26.587301587301585,56.89999999999999,73.61111111111111,47.817460317460316,5.357142857142857,37.70909040337265,27.374710058654237
2012-07-24,46.784744268077596,50.0,63.29365079365079,25.992063492063494,48.825,68.84920634920636,48.214285714285715,3.7698412698412698,40.281789713681924,26.162016834272745
2012-07-25,56.024338624338625,50.0,83.53174603174604,30.753968253968253,53.300000000000004,88.29365079365078,57.738095238095234,3.7698412698412698,43.253024387639506,30.83475223820205
2012-07-26,35.48253968253968,50.0,20.833333333333336,31.349206349206348,62.349999999999994,8.928571428571429,56.547619047619044,6.15079365079365,36.89154016444741,20.94725603853801
2012-07-27,37.198412698412696,50.0,0.5952380952380952,29.365079365079364,66.5,62.5,54.166666666666664,4.563492063492063,33.40950769253903,25.419855445194106
2012-07-30,38.07954144620811,50.0,24.404761904761905,29.166666666666664,59.849999999999994,36.7063492063492,51.388888888888886,6.944444444444445,37.251759016572095,23.14392753558564
2012-07-31,38.24797178130511,50.0,24.404761904761905,28.571428571428573,55.35,49.007936507936506,48.214285714285715,8.928571428571429,37.264188458417266,23.946514527856717
2012-08-01,27.654673721340387,50.0,5.753968253968254,24.00793650793651,55.199999999999996,4.9603174603174605,44.24603174603175,3.7698412698412698,35.129256595092976,20.416501895742257
2012-08-02,30.05890652557319,50.0,12.103174603174603,18.65079365079365,62.15,16.071428571428573,35.91269841269841,1.3888888888888888,35.97395868855453,21.448296546007242
2012-08-03,36.98730158730159,79.56349206349206,20.03968253968254,17.857142857142854,71.8,16.071428571428573,30.357142857142854,5.357142857142857,36.84693939482616,21.506572569591352
2012-08-06,45.725749559082885,78.76984126984127,51.78571428571429,15.873015873015873,70.25,41.07142857142857,26.38888888888889,5.357142857142857,39.367944606204766,23.399542238464445
2012-08-07,32.45379188712522,77.18253968253968,8.134920634920634,14.285714285714285,70.05,15.674603174603174,22.817460317460316,5.753968253968254,35.56286430969907,21.405592672937125
2012-08-08,47.065079365079356,78.37301587301587,51.388888888888886,13.69047619047619,73.4,54.563492063492056,19.246031746031747,8.134920634920634,39.304054268544576,24.43583422000636
2012-08-09,35.57954144620811,79.16666666666666,15.277777777777779,17.460317460317462,73.60000000000001,10.912698412698413,20.03968253968254,14.880952380952381,36.27863817720694,21.02538832295632
2012-08-10,32.189241622574954,81.54761904761905,2.976190476190476,14.880952380952383,76.3,4.9603174603174605,20.833333333333336,8.928571428571429,34.5999101018435,20.37545053077582
2012-08-13,47.16754850088183,82.73809523809523,35.91269841269841,17.460317460317462,81.5,54.563492063492056,22.023809523809522,12.896825396825399,38.03273901736392,24.439986412199495
2012-08-14,45.66931216931217,86.70634920634922,29.96031746031746,17.857142857142858,75.75,59.32539682539682,26.38888888888889,9.325396825396826,37.590770591150644,25.222938624953862
2012-08-15,41.87936507936508,77.97619047619048,14.484126984126986,23.611111111111114,76.85,45.43650793650794,32.73809523809524,14.484126984126986,36.1480056461679,23.68464217364391
2012-08-16,44.59400352733686,69.64285714285714,25.595238095238095,22.023809523809526,78.55000000000001,57.341269841269835,28.76984126984127,15.277777777777779,37.315497243495784,24.868137195690522
2012-08-17,56.17548500881834,61.70634920634921,62.89682539682539,26.98412698412698,82.75,71.62698412698413,35.11904761904761,18.849206349206348,40.190553560537786,27.214482197489183
2012-08-20,65.33051146384479,70.43650793650794,83.92857142857143,32.53968253968254,79.9,92.26190476190477,47.817460317460316,17.261904761904763,43.63829743186245,32.14599867358473
2012-08-21,67.06331569664903,65.27777777777779,95.83333333333334,33.92857142857143,74.9,95.03968253968253,46.230158730158735,21.626984126984127,48.41367688579727,34.66303696413509
2012-08-22,65.37601410934744,74.8015873015873,86.70634920634922,35.91269841269841,74.45,83.53174603174604,53.769841269841265,18.055555555555554,44.85434308991714,29.94828723946098
2012-08-23,61.984479717813045,74.0079365079365,75.1984126984127,41.26984126984127,70.19999999999999,69.24603174603175,62.10317460317461,20.436507936507937,42.027564466772574,26.853071280327264
2012-08-24,65.27619047619046,80.35714285714286,78.76984126984127,40.87301587301587,74.1,78.76984126984127,60.912698412698404,20.833333333333336,42.57233612652992,28.633465112462297
2012-08-27,65.56349206349206,83.13492063492063,77.57936507936508,44.44444444444444,68.25,81.94444444444444,63.29365079365079,25.595238095238095,42.4909592293773,29.450955866953855
2012-08-28,49.77742504409171,77.18253968253968,33.92857142857143,47.817460317460316,67.55000000000001,24.404761904761905,69.24603174603175,26.38888888888889,37.80256128507749,22.309239612309657
2012-08-29,47.644973544973546,78.37301587301587,12.5,50.595238095238095,64.70000000000002,44.24603174603175,69.24603174603175,31.944444444444443,35.98052475390419,23.783228977781203
2012-08-30,54.48342151675485,73.61111111111111,45.83333333333333,50.3968253968254,60.85000000000001,52.182539682539684,70.83333333333334,29.96031746031746,39.04223283653644,24.439703381821744
2012-08-31,49.46014109347443,69.24603174603175,26.38888888888889,47.61904761904762,62.650000000000006,54.96031746031746,68.45238095238095,26.785714285714285,37.39968593836427,24.80803243708289
2012-09-04,47.08571428571429,71.62698412698413,14.484126984126986,48.80952380952381,60.099999999999994,56.547619047619044,68.84920634920636,28.76984126984127,36.16846541371761,25.148004681664897
2012-09-05,48.36649029982363,76.78571428571429,36.7063492063492,42.857142857142854,61.30000000000001,33.92857142857143,63.29365079365079,22.42063492063492,38.20400614064627,23.17133577341969
2012-09-06,58.7689594356261,69.24603174603175,72.42063492063492,38.88888888888889,72.0,54.166666666666664,58.13492063492064,19.642857142857142,41.65180274001433,24.80133163501547
2012-09-07,56.26649029982363,71.23015873015873,50.198412698412696,37.89682539682539,78.1,64.88095238095238,57.738095238095234,18.055555555555554,39.25936670490583,25.89440917642675
2012-09-10,63.56895943562609,60.912698412698404,83.92857142857143,42.06349206349206,68.6,79.96031746031747,64.48412698412699,19.642857142857142,43.79289232240544,28.965840078905035
2012-09-11,64.74726631393298,64.0873015873016,97.42063492063492,30.95238095238095,67.95,95.03968253968253,59.32539682539682,2.579365079365079,50.7529344660736,35.64846213399086
2012-09-12,64.10229276895943,56.547619047619044,93.05555555555556,32.53968253968254,71.0,94.64285714285714,62.5,2.579365079365079,47.0201105124946,34.95452357977412
2012-09-13,62.45326278659612,58.92857142857143,77.97619047619048,36.7063492063492,79.75,77.57936507936508,72.02380952380952,1.3888888888888888,42.756683218705135,28.70244572350561
2012-09-14,55.98977072310405,55.35714285714286,55.35714285714286,39.88095238095238,77.45,63.29365079365079,76.38888888888889,3.373015873015873,39.89562454588902,25.929565466996973
2012-09-17,45.20864197530864,74.40476190476191,9.722222222222223,39.682539682539684,77.05,39.88095238095239,78.37301587301587,0.992063492063492,35.72767124923662,23.769737635720475
2012-09-18,58.561022927689585,81.94444444444444,58.13492063492064,41.86507936507936,79.1,45.03968253968254,82.73809523809523,0.992063492063492,40.040215951670426,24.15295850559835
2012-09-19,51.20035273368606,77.18253968253968,23.214285714285715,42.857142857142854,80.6,47.42063492063492,85.51587301587301,0.1984126984126984,37.10241028327312,24.37144133048515
2012-09-20,50.856966490299826,82.34126984126983,30.753968253968257,43.65079365079365,79.65,23.61111111111111,87.10317460317461,0.1984126984126984,37.67394858786608,22.442996980590895
2012-09-21,56.53456790123457,77.57936507936508,34.32539682539682,43.84920634920635,80.1,70.83333333333334,87.5,0.1984126984126984,37.87551006694773,27.3836761084929
2012-09-24,69.11022927689594,77.57936507936508,83.13492063492063,42.46031746031746,79.25,92.26190476190477,83.92857142857143,0.992063492063492,44.157701274467456,33.07338828901914
2012-09-25,57.26031746031746,82.34126984126983,43.452380952380956,41.46825396825397,72.85000000000001,75.9920634920635,81.15079365079364,1.7857142857142856,38.84957735817134,28.504114664538115
2012-09-26,62.164373897707236,77.18253968253968,75.1984126984127,38.2936507936508,65.95000000000002,85.11904761904762,72.42063492063492,4.166666666666666,42.481270258115245,30.479288963657357
2012-09-27,67.21922398589064,81.15079365079364,81.15079365079364,39.88095238095238,75.8,90.27777777777779,69.24603174603175,10.515873015873016,43.46129789751875,32.1195189760675
2012-09-28,56.530158730158725,81.94444444444444,53.769841269841265,34.72222222222222,71.35,72.42063492063492,62.89682539682539,6.547619047619048,39.56993611513382,28.189459673617367
2012-10-01,63.89929453262786,87.89682539682539,69.64285714285714,44.24603174603175,68.4,78.37301587301587,68.84920634920636,19.642857142857142,41.771247708760164,29.190936465473627
2012-10-02,65.96596119929453,89.88095238095238,74.0079365079365,44.047619047619044,71.44999999999999,80.75396825396825,68.45238095238095,19.642857142857142,42.230832232917805,29.653831915588974
2012-10-03,61.22857142857143,92.65873015873017,59.72222222222222,45.833333333333336,72.85000000000001,55.75396825396825,70.43650793650794,21.23015873015873,40.207509165641376,25.504167078809402
2012-10-04,60.02380952380952,91.46825396825396,52.976190476190474,46.82539682539682,77.25,47.817460317460316,71.62698412698413,22.023809523809522,39.54954243282859,24.5545012792447
2012-10-05,68.16067019400352,87.10317460317461,83.92857142857143,40.87301587301587,78.35,79.16666666666666,47.817460317460316,33.92857142857143,44.48041206256467,29.428131581363864
2012-10-08,62.3336860670194,83.53174603174604,86.70634920634922,20.436507936507937,74.45,93.84920634920636,23.214285714285715,17.658730158730158,45.248032226957804,34.46319681461023
2012-10-09,59.1700176366843,84.72222222222221,90.67460317460318,12.103174603174603,68.14999999999999,93.84920634920636,11.706349206349206,12.5,46.35695029816162,34.597907469522475
2012-10-10,44.90705467372134,87.10317460317461,39.88095238095239,11.904761904761905,68.55000000000001,64.48412698412699,6.15079365079365,17.658730158730158,38.60329874159971,27.203515096984493
2012-10-11,49.123985890652555,77.97619047619048,66.07142857142857,5.9523809523809526,72.05000000000001,70.03968253968253,2.579365079365079,9.325396825396826,41.14871810748085,28.171152532333853
2012-10-12,53.010229276895934,75.9920634920635,82.34126984126983,6.34920634920635,69.3,78.76984126984127,7.738095238095238,4.9603174603174605,44.21531353253534,29.47210942927116
2012-10-15,52.38959435626102,74.40476190476191,68.45238095238095,12.3015873015873,73.65,75.9920634920635,4.9603174603174605,19.642857142857142,41.6829742826897,29.02472680664687
2012-10-16,60.8005291005291,76.38888888888889,93.45238095238095,16.865079365079367,73.9,85.51587301587301,5.753968253968254,27.976190476190478,47.2901897417876,31.325657870438317
2012-10-17,52.34726631393298,73.21428571428571,68.05555555555556,16.666666666666668,74.65,62.5,8.531746031746032,24.801587301587304,41.58323129513488,26.817977504745176
2012-10-18,44.102469135802465,60.51587301587301,21.23015873015873,17.857142857142858,74.85000000000001,90.67460317460318,9.722222222222223,25.992063492063494,36.85582764829072,32.56454734393676
2012-10-19,50.003880070546735,57.341269841269835,56.547619047619044,19.444444444444443,64.70000000000002,91.86507936507937,10.119047619047619,28.76984126984127,39.99853021212895,33.844808933462296
2012-10-22,52.653262786596116,56.94444444444444,62.89682539682539,24.206349206349206,66.89999999999999,84.72222222222221,18.452380952380953,29.96031746031746,40.66293304369912,31.07689288608222
2012-10-23,53.04162257495591,47.817460317460316,79.56349206349206,26.785714285714285,55.85000000000001,78.37301587301587,22.42063492063492,31.150793650793652,43.22751508207867,29.481917263296232
2012-10-24,45.74885361552028,46.62698412698413,41.86507936507937,27.18253968253968,58.35000000000001,83.13492063492063,19.246031746031747,35.11904761904761,38.95229932554237,30.57872253018232
2012-10-25,52.90458553791886,48.214285714285715,73.21428571428571,29.96031746031746,59.4,72.81746031746032,18.849206349206348,41.07142857142857,42.25630109413018,28.702683344251362
2012-10-26,59.620282186948856,42.26190476190476,93.84920634920636,29.76190476190476,60.95,95.43650793650794,15.674603174603174,43.84920634920635,47.61462913658594,35.83101578505859
2012-10-31,38.94532627865961,34.32539682539682,40.27777777777778,23.41269841269841,56.99999999999999,51.388888888888886,10.912698412698413,35.91269841269841,38.71870991162369,25.482001724633825
2012-11-01,35.13721340388007,13.293650793650794,30.357142857142854,32.34126984126984,66.54999999999998,12.103174603174603,11.706349206349206,52.976190476190474,37.68970342316398,21.457545839694063
2012-11-02,45.667195767195764,19.642857142857142,55.75396825396825,31.746031746031747,62.05,60.51587301587301,10.515873015873016,52.976190476190474,40.01155029201394,27.028438308347912
2012-11-05,47.03774250440917,15.674603174603174,71.23015873015873,30.158730158730158,57.89999999999999,58.92857142857143,10.119047619047619,50.198412698412696,42.10327096357482,26.812828599913953
2012-11-06,37.38906525573192,15.277777777777779,41.07142857142857,32.53968253968254,62.10000000000001,17.261904761904763,8.928571428571429,56.15079365079365,38.968221086549335,22.090399298442556
2012-11-07,51.85996472663139,16.071428571428573,83.92857142857143,33.33333333333333,54.60000000000001,73.61111111111111,10.119047619047619,56.547619047619044,44.61022389616416,28.95082864567416
2012-11-08,56.439682539682536,50.0,91.46825396825396,23.214285714285715,57.550000000000004,90.27777777777779,5.753968253968254,40.67460317460318,46.63267356430049,33.012778444906694
2012-11-09,53.131746031746026,50.0,80.75396825396825,22.42063492063492,56.95,85.51587301587301,1.3888888888888888,43.452380952380956,43.804932352134095,31.63928176317507
2012-11-12,50.24973544973545,50.0,64.88095238095238,18.849206349206348,66.6,82.73809523809523,0.1984126984126984,37.5,41.455870537121385,30.814018507266194
2012-11-13,50.10670194003527,50.0,70.03968253968253,18.849206349206348,66.75,70.83333333333334,0.1984126984126984,37.5,42.04926306606449,28.71277018377974
2012-11-14,42.47865961199294,50.0,45.03968253968254,19.246031746031747,60.39999999999999,63.69047619047619,0.1984126984126984,38.2936507936508,39.23580657031106,27.760358684506905
2012-11-15,49.830335097001765,50.0,74.40476190476191,21.825396825396826,60.05000000000001,64.0873015873016,0.1984126984126984,43.452380952380956,42.573635356743345,27.878042174803504
2012-11-16,56.149382716049374,50.0,85.51587301587301,19.246031746031747,67.95,90.67460317460318,0.992063492063492,37.5,45.166483167572714,33.34210573286954
2012-11-19,57.25097001763668,50.0,80.35714285714286,24.6031746031746,73.8,83.13492063492063,1.3888888888888888,47.817460317460316,44.03289938938051,31.281461842101393
2012-11-20,56.48077601410934,50.0,81.15079365079364,22.42063492063492,74.6,79.56349206349206,2.1825396825396823,42.65873015873016,44.40658527683043,30.231060009009937
2012-11-21,53.97654320987654,50.0,62.10317460317461,27.57936507936508,73.45,81.94444444444444,2.976190476190476,52.182539682539684,41.326431861005894,30.825975580008052
2012-11-23,57.71481481481481,24.404761904761905,80.75396825396825,30.357142857142858,74.3,93.84920634920636,4.9603174603174605,55.75396825396825,44.25992110986298,34.71105732263716
2012-11-26,55.925925925925924,24.00793650793651,70.03968253968253,34.523809523809526,72.5,90.67460317460318,7.738095238095238,61.30952380952381,42.35882475104953,33.821515502677336
2012-11-27,52.174426807760135,50.0,53.769841269841265,37.698412698412696,70.4,58.13492063492064,11.706349206349206,63.69047619047619,40.055988481733564,27.29518063636257
2012-11-28,50.447442680776014,15.277777777777779,57.341269841269835,38.0952380952381,72.45,64.88095238095238,10.912698412698413,65.27777777777779,40.613343998704444,28.278869359726915
2012-11-29,45.56825396825397,15.674603174603174,34.72222222222222,37.6984126984127,74.7,62.5,9.722222222222223,65.67460317460318,38.34202560372971,28.12430440018766
2012-11-30,35.916049382716054,15.674603174603174,2.579365079365079,36.70634920634921,70.65,50.99206349206349,11.30952380952381,62.10317460317461,34.44885491945636,26.14994150851056
2012-12-03,39.138977072310404,9.722222222222223,22.42063492063492,38.888888888888886,66.8,47.42063492063492,16.865079365079367,60.912698412698404,37.21327999476824,25.692409625329226
2012-12-04,48.23968253968253,8.928571428571429,58.92857142857143,39.08730158730158,64.4,61.30952380952381,24.404761904761905,53.769841269841265,40.74689932742018,27.90674140265602
2012-12-05,62.88395061728394,10.912698412698413,94.64285714285714,44.44444444444444,67.69999999999999,97.02380952380952,35.51587301587302,53.37301587301587,47.88146138664578,37.54449046121772
2012-12-06,64.31587301587301,10.515873015873016,95.03968253968253,49.007936507936506,67.10000000000001,97.02380952380952,50.198412698412696,47.817460317460316,48.40180454444087,37.648906245714755
2012-12-07,71.37654320987654,50.0,87.10317460317461,62.698412698412696,70.5,89.0873015873016,62.89682539682539,62.5,46.12069048486524,33.44262647621643
2012-12-10,66.77865961199295,50.0,77.97619047619048,62.10317460317461,69.75,69.24603174603175,62.5,61.70634920634921,43.823158372778515,28.97214069906255
2012-12-11,62.814638447971774,12.5,82.34126984126983,53.96825396825396,72.15,81.94444444444444,50.99206349206349,56.94444444444444,44.6725606738127,31.40031863347592
2012-12-12,47.68783068783068,18.055555555555554,46.62698412698413,49.007936507936506,70.25,30.357142857142854,48.214285714285715,49.801587301587304,39.68196990208502,24.073709714404103
2012-12-13,54.99065255731922,50.0,58.13492063492064,42.46031746031746,67.2,66.86507936507937,41.46825396825397,43.452380952380956,40.885885898973285,28.846396204441
2012-12-14,55.86860670194003,50.0,86.30952380952381,19.047619047619047,65.0,93.05555555555556,29.96031746031746,8.134920634920634,45.93906709408008,34.77816674763166
2012-12-17,51.75185185185185,50.0,77.97619047619048,16.666666666666668,68.3,73.21428571428571,28.373015873015873,4.9603174603174605,44.1651496357313,29.794631495180347
2012-12-18,45.618871252204585,50.0,57.738095238095234,19.642857142857142,72.15,41.86507936507937,33.92857142857143,5.357142857142857,41.124638364617994,25.544825273171323
2012-12-19,40.808112874779546,50.0,52.976190476190474,18.055555555555554,63.2,30.753968253968257,33.13492063492063,2.976190476190476,40.45136242889941,24.33821483355228
2012-12-20,44.18941798941799,50.0,66.07142857142857,19.841269841269842,61.64999999999999,32.73809523809524,39.08730158730159,0.5952380952380952,42.161546793520074,24.441937285058778
2012-12-21,32.933509700176366,50.0,20.833333333333336,24.206349206349206,60.8,10.515873015873016,47.817460317460316,0.5952380952380952,37.31662764363354,22.00551481629817
2012-12-24,38.88589065255731,50.0,29.166666666666668,21.428571428571427,60.8,55.75396825396825,42.26190476190476,0.5952380952380952,38.02288944462251,27.612675455623148
2012-12-26,37.32821869488536,50.0,30.753968253968257,21.03174603174603,52.599999999999994,56.15079365079365,41.86507936507937,0.1984126984126984,38.29083245953312,27.644919586158856
2012-12-27,43.31375661375661,50.0,62.89682539682539,16.865079365079364,52.650000000000006,58.13492063492064,32.34126984126984,1.3888888888888888,42.00934650236275,27.93758569256265
2012-12-28,33.38747795414462,50.0,35.91269841269841,13.88888888888889,43.2,50.595238095238095,24.00793650793651,3.7698412698412698,39.07432545799562,27.18527514378655
2012-12-31,47.39400352733686,50.0,70.43650793650794,14.484126984126984,59.900000000000006,72.42063492063492,21.626984126984127,7.341269841269842,42.859013804889464,29.675162658504835
2013-01-02,38.38465608465608,2.1825396825396823,55.75396825396825,16.46825396825397,76.6,29.166666666666668,20.833333333333336,12.103174603174603,40.94962490733472,24.430588164918003
2013-01-03,29.346913580246913,0.1984126984126984,20.833333333333336,19.642857142857142,77.19999999999999,8.928571428571429,21.23015873015873,18.055555555555554,37.395925284743356,21.58937269864013
2013-01-04,47.199470899470896,0.1984126984126984,69.64285714285714,21.825396825396826,80.85,58.13492063492064,29.563492063492063,14.087301587301587,42.654328651354106,28.09592692195238
2013-01-07,44.11340388007054,0.1984126984126984,49.404761904761905,29.76190476190476,81.05000000000001,46.62698412698413,47.42063492063492,12.103174603174603,40.28193998309567,26.569434714289436
2013-01-08,36.58624338624339,0.992063492063492,23.61111111111111,32.539682539682545,81.9,19.642857142857142,55.35714285714286,9.722222222222223,37.706717333294925,23.47547251104576
2013-01-09,49.84514991181656,0.1984126984126984,53.769841269841265,43.05555555555555,80.94999999999999,49.801587301587304,66.46825396825396,19.642857142857142,40.837593970727376,27.19427820642616
2013-01-10,56.17513227513226,1.7857142857142856,66.46825396825396,50.0,82.55,55.75396825396825,75.1984126984127,24.801587301587304,42.37184478894477,27.871965805359057
2013-01-11,46.2005291005291,0.5952380952380952,38.69047619047619,46.230158730158735,83.2,32.73809523809524,79.96031746031747,12.5,39.406203689208084,24.927503180818288
2013-01-14,60.22028218694886,0.5952380952380952,76.78571428571429,45.43650793650794,82.4,86.70634920634922,80.75396825396825,10.119047619047619,43.99296818676419,32.567849687621894
2013-01-15,59.10670194003527,0.1984126984126984,62.89682539682539,49.20634920634921,82.25,93.84920634920636,77.18253968253968,21.23015873015873,42.06459329397114,35.70335317963716
2013-01-16,59.22910052910051,0.5952380952380952,82.73809523809523,41.46825396825396,82.9,76.78571428571429,75.59523809523809,7.341269841269842,44.806227397902866,30.591552943835875
2013-01-17,50.46455026455027,0.1984126984126984,65.67460317460318,37.5,82.15,45.83333333333333,68.45238095238095,6.547619047619048,42.40862329705872,26.780723981879728
2013-01-18,45.65731922398588,0.1984126984126984,51.78571428571429,36.7063492063492,87.69999999999999,21.626984126984127,70.03968253968253,3.373015873015873,40.823423770789795,23.990460271425466
2013-01-22,41.28148148148148,0.1984126984126984,33.13492063492063,36.7063492063492,87.85,19.246031746031747,69.64285714285714,3.7698412698412698,39.17513310118019,23.768100964206784
2013-01-23,53.990652557319216,1.7857142857142856,52.57936507936508,39.08730158730159,87.69999999999999,86.30952380952381,75.1984126984127,2.976190476190476,40.85850985642183,32.77622277310539
2013-01-24,61.49523809523809,0.1984126984126984,85.11904761904762,39.08730158730159,86.55,92.65873015873017,74.0079365079365,4.166666666666666,45.50315016702549,34.86527930823387
2013-01-25,54.174250440917106,0.1984126984126984,56.15079365079365,38.2936507936508,85.55,89.0873015873016,75.9920634920635,0.5952380952380952,41.530114449494675,33.917245360087584
2013-01-28,47.047442680776015,1.3888888888888888,39.88095238095239,39.285714285714285,82.15,60.11904761904761,74.8015873015873,3.7698412698412698,39.61743569114792,28.359236731668886
2013-01-29,36.13703703703703,3.373015873015873,4.563492063492063,35.71428571428572,83.44999999999999,38.69047619047619,67.26190476190477,4.166666666666666,35.069986669945365,25.72467590705815
2013-01-30,30.252910052910053,5.357142857142857,0.992063492063492,30.555555555555557,78.4,16.46825396825397,55.35714285714286,5.753968253968254,33.55132058051487,23.559355311271354
2013-01-31,28.048677248677244,2.579365079365079,0.1984126984126984,28.96825396825397,78.6,5.357142857142857,52.182539682539684,5.753968253968254,31.612025245118826,21.432976949253625
2013-02-01,33.55026455026455,7.738095238095238,4.9603174603174605,29.761904761904763,85.5,24.00793650793651,45.43650793650794,14.087301587301587,35.00703161026439,24.373860691139537
2013-02-04,32.75202821869489,11.30952380952381,17.658730158730158,27.57936507936508,76.65,12.103174603174603,40.27777777777778,14.880952380952381,37.27559704808584,22.88138424937604
2013-02-05,38.811992945326274,11.30952380952381,30.357142857142854,32.539682539682545,81.4,16.865079365079367,44.24603174603175,20.833333333333336,38.75982627080122,23.626504191729826
2013-02-06,38.208465608465616,11.706349206349206,26.785714285714285,33.13492063492064,82.95,13.293650793650794,51.78571428571429,14.484126984126986,38.17977818194841,23.241544023274738
2013-02-07,46.15520282186949,12.896825396825399,53.769841269841265,35.714285714285715,82.5,22.817460317460316,55.75396825396825,15.674603174603174,41.132213115403644,24.33140101103113
2013-02-08,47.3058201058201,13.690476190476192,40.27777777777778,40.079365079365076,84.9,41.46825396825397,62.5,17.658730158730158,39.759058784865985,26.082362174783775
2013-02-11,53.41322751322751,15.277777777777779,44.642857142857146,58.13492063492063,85.30000000000001,31.150793650793652,69.24603174603175,47.023809523809526,40.050300211747945,25.20667889359924
2013-02-12,60.64691358024691,13.690476190476192,53.769841269841265,66.66666666666667,86.8,50.99206349206349,74.8015873015873,58.53174603174603,41.10495534034365,27.44187919282809
2013-02-13,56.58747795414461,13.690476190476192,23.61111111111111,79.56349206349206,85.1,39.48412698412698,76.78571428571429,82.34126984126983,37.77312066504171,25.867496582743332
2013-02-14,47.66172839506173,13.690476190476192,2.976190476190476,78.57142857142857,86.7,0.1984126984126984,73.21428571428571,83.92857142857143,34.44874916679007,19.46194040220533
2013-02-15,45.436860670194,11.706349206349206,0.992063492063492,73.21428571428572,87.69999999999999,0.1984126984126984,77.97619047619048,68.45238095238095,32.60337169132493,19.00535578237893
2013-02-19,43.751675485008825,13.293650793650794,4.9603174603174605,63.2936507936508,88.45,3.7698412698412698,71.62698412698413,54.96031746031746,34.74327726146178,21.139517045106356
2013-02-20,40.655379188712516,16.46825396825397,12.5,56.34920634920635,76.6,2.1825396825396823,69.64285714285714,43.05555555555556,36.215169708708196,20.817092906495848
2013-02-21,36.04303350970017,16.46825396825397,22.42063492063492,35.714285714285715,73.9,8.134920634920634,54.166666666666664,17.261904761904763,37.415688098423296,21.831200712285455
2013-02-22,40.11975308641975,17.658730158730158,28.373015873015873,40.079365079365076,79.15,8.134920634920634,53.769841269841265,26.38888888888889,38.127963034152096,21.626814077586832
2013-02-25,33.243033509700176,17.261904761904763,14.484126984126986,47.420634920634924,55.05000000000001,0.5952380952380952,43.452380952380956,51.388888888888886,36.55198184486038,19.193116291817073
2013-02-26,40.51481481481482,16.071428571428573,31.150793650793652,48.41269841269842,65.65,9.722222222222223,38.2936507936508,58.53174603174603,38.38070821208199,22.05428117482485
2013-02-27,42.914638447971775,15.277777777777779,30.357142857142854,45.43650793650794,76.35,21.23015873015873,25.595238095238095,65.27777777777779,38.32740818752468,23.83503166663032
2013-02-28,33.516225749559084,15.277777777777779,2.1825396825396823,45.63492063492063,72.45,0.1984126984126984,27.579365079365083,63.69047619047619,33.5758883543683,18.762911763942842
2013-03-01,44.15467372134039,15.674603174603174,32.34126984126984,52.57936507936508,73.2,12.896825396825399,31.547619047619047,73.61111111111111,38.410220872626155,22.466724879802317
2013-03-04,46.18377425044091,16.071428571428573,18.452380952380953,60.11904761904762,79.95,22.42063492063492,35.91269841269841,84.32539682539682,37.122086660717535,23.881719202789693
2013-03-05,56.340564373897706,16.071428571428573,45.43650793650794,66.07142857142857,82.6,36.7063492063492,45.83333333333333,86.30952380952381,39.71005587998803,25.303179206045247
2013-03-06,59.76825396825397,17.261904761904763,46.230158730158735,79.16666666666667,82.35000000000001,25.992063492063494,71.23015873015873,87.10317460317461,39.83484541531176,24.19762057687867
2013-03-07,65.47125220458553,21.23015873015873,50.99206349206349,87.30158730158729,84.7,34.72222222222222,83.13492063492063,91.46825396825396,40.05708812806067,25.098813784688435
2013-03-08,62.88500881834215,19.642857142857142,42.26190476190476,87.1031746031746,87.05,26.38888888888889,85.9126984126984,88.29365079365078,39.4310763950788,24.26700085272709
2013-03-11,62.816931216931216,22.023809523809522,35.51587301587302,86.5079365079365,92.2,28.373015873015873,88.69047619047619,84.32539682539682,38.828661546850526,24.3737918253756
2013-03-12,55.568606701940034,21.626984126984127,16.071428571428573,82.73809523809524,88.65,20.833333333333336,89.0873015873016,76.38888888888889,36.604843348019415,23.76368353672843
2013-03-13,51.692416225749554,20.833333333333336,14.484126984126986,74.8015873015873,90.85,9.325396825396826,87.5,62.10317460317461,36.43447204421815,21.739403638848373
2013-03-14,46.24074074074073,18.849206349206348,12.896825396825399,60.912698412698404,93.5,1.7857142857142856,85.9126984126984,35.91269841269841,36.180951690681155,19.68885221843779
2013-03-15,53.71428571428571,20.833333333333336,52.57936507936508,49.6031746031746,93.5,21.626984126984127,87.5,11.706349206349206,40.18705949091858,23.718030522796393
2013-03-18,58.61234567901234,24.00793650793651,72.81746031746032,48.41269841269842,83.2,46.230158730158735,81.54761904761905,15.277777777777779,42.67426483740835,26.00125263568508
2013-03-19,51.8021164021164,24.404761904761905,42.26190476190476,60.51587301587301,78.05,19.642857142857142,81.54761904761905,39.48412698412698,39.32797709441682,23.583760562308463
2013-03-20,45.512169312169306,20.436507936507937,9.722222222222223,64.88095238095238,86.65,1.7857142857142856,80.75396825396825,49.007936507936506,35.719760431406975,19.475983242265343
2013-03-21,62.91675485008818,24.801587301587304,62.10317460317461,78.37301587301587,80.05,22.023809523809522,83.92857142857143,72.81746031746032,41.27973876823769,23.682641936245684
2013-03-22,55.68941798941799,35.51587301587302,32.73809523809524,75.7936507936508,82.15,8.531746031746032,74.8015873015873,76.78571428571429,38.31732833250148,21.493352380871404
2013-03-25,55.34620811287478,31.547619047619047,30.357142857142854,75.9920634920635,81.3,15.277777777777779,77.57936507936508,74.40476190476191,38.008043143624114,22.668095459084665
2013-03-26,49.61181657848325,34.32539682539682,10.912698412698413,72.22222222222223,86.15,1.3888888888888888,73.21428571428571,71.23015873015873,35.960497583137936,19.223201868232376
2013-03-27,51.65873015873016,33.92857142857143,9.325396825396826,77.38095238095238,84.25,11.706349206349206,73.21428571428571,81.54761904761905,35.65076316098546,21.956814676729586
2013-03-28,43.82539682539682,20.436507936507937,1.7857142857142856,61.904761904761905,86.5,11.706349206349206,59.32539682539682,64.48412698412699,33.45124827580088,21.85544888821776
2013-04-01,46.55132275132274,27.18253968253968,9.325396825396826,68.25396825396825,82.1,4.166666666666666,57.341269841269835,79.16666666666666,35.566522242384124,20.76176331586992
2013-04-02,45.23562610229277,40.67460317460318,8.134920634920634,57.539682539682545,86.10000000000001,5.357142857142857,31.547619047619047,83.53174603174604,35.40073365183508,20.859533191683184
2013-04-03,37.56208112874779,42.65873015873016,4.9603174603174605,41.666666666666664,78.94999999999999,2.579365079365079,14.087301587301587,69.24603174603175,34.458587330289184,19.562686870485027
2013-04-04,36.79329805996473,38.69047619047619,1.3888888888888888,31.944444444444443,80.55,32.73809523809524,7.341269841269842,56.547619047619044,32.79086353632225,24.296556002081942
2013-04-05,37.88430335097002,41.07142857142857,12.896825396825399,28.968253968253965,80.4,26.38888888888889,3.373015873015873,54.563492063492056,35.83001111005317,23.73559380293126
2013-04-08,33.77918871252204,41.86507936507937,1.7857142857142856,28.769841269841272,84.05,4.166666666666666,2.1825396825396823,55.35714285714286,33.300696992471266,20.63309697386311
2013-04-09,43.36119929453263,41.46825396825397,39.08730158730159,28.174603174603174,85.8,14.484126984126986,3.373015873015873,52.976190476190474,38.522552156203794,22.012102301522834
2013-04-10,43.14497354497354,39.88095238095239,51.388888888888886,20.23809523809524,88.2,8.531746031746032,2.1825396825396823,38.2936507936508,39.62000292243112,21.2337395966303
2013-04-11,38.560493827160485,42.65873015873016,29.166666666666668,20.634920634920636,88.8,6.547619047619048,4.166666666666666,37.10317460317461,37.658946365933886,20.923416344193832
2013-04-12,36.57795414462081,40.27777777777778,10.119047619047619,29.56349206349206,89.7,0.5952380952380952,4.563492063492063,54.563492063492056,35.52449221821256,18.942695369965787
2013-04-15,26.622398589065252,44.24603174603175,4.166666666666666,18.65079365079365,63.65,3.7698412698412698,2.1825396825396823,35.11904761904761,33.74357499531582,19.7614472406749
2013-04-16,31.005643738977067,44.642857142857146,14.087301587301587,14.285714285714286,80.19999999999999,2.976190476190476,2.579365079365079,25.992063492063494,35.80573562214255,19.498595863023912
2013-04-17,52.11410934744267,45.43650793650794,82.73809523809523,19.444444444444443,67.44999999999999,64.88095238095238,5.357142857142857,33.53174603174603,43.53326799518592,27.487864435484376
2013-04-18,39.81428571428572,45.43650793650794,44.642857142857146,20.03968253968254,62.2,39.08730158730159,2.976190476190476,37.10317460317461,39.05577434249293,24.39386860784723
2013-04-19,39.649735449735445,45.43650793650794,23.61111111111111,13.69047619047619,75.15,72.81746031746032,4.9603174603174605,22.42063492063492,36.848788259515466,28.597740119580322
2013-04-22,42.939682539682536,46.62698412698413,21.626984126984127,24.8015873015873,78.05,66.07142857142857,6.944444444444445,42.65873015873016,36.58924545706076,27.54740432574117
2013-04-23,44.78853615520282,45.83333333333333,37.10317460317461,22.023809523809526,82.6,51.78571428571429,2.579365079365079,41.46825396825397,38.064257500262386,25.68505837673883
2013-04-24,55.46860670194004,44.24603174603175,71.23015873015873,25.396825396825395,81.95,72.42063492063492,1.3888888888888888,49.404761904761905,41.42291672455381,28.29264643687102
2013-04-25,43.177954144620806,45.43650793650794,50.595238095238095,19.246031746031747,81.9,20.436507936507937,0.992063492063492,37.5,39.33017404188248,22.57197744922422
2013-04-26,58.68730158730159,49.007936507936506,76.78571428571429,26.58730158730159,81.95,81.94444444444444,0.5952380952380952,52.57936507936508,42.113453438004335,29.749030490520656
2013-04-29,55.13703703703704,48.214285714285715,74.40476190476191,22.61904761904762,81.44999999999999,68.45238095238095,0.5952380952380952,44.642857142857146,41.74814844702851,27.85810363130372
2013-04-30,49.483950617283945,44.642857142857146,68.05555555555556,13.49206349206349,82.4,59.32539682539682,1.7857142857142856,25.198412698412696,41.083165459844416,26.72007674651877
2013-05-01,38.33121693121692,46.230158730158735,25.992063492063494,25.1984126984127,77.55,16.071428571428573,3.7698412698412698,46.62698412698413,37.208475237919444,22.004282770383902
2013-05-02,41.976719576719574,47.023809523809526,28.76984126984127,31.150793650793652,82.05,15.674603174603174,3.373015873015873,58.92857142857143,37.380179888779395,21.921821856119745
2013-05-03,39.16137566137566,45.03968253968254,31.547619047619047,21.03174603174603,85.75,9.722222222222223,0.5952380952380952,41.46825396825397,37.65241440802852,21.145205595249283
2013-05-06,57.891005291005285,45.43650793650794,73.21428571428571,33.730158730158735,86.7,54.563492063492056,1.7857142857142856,65.67460317460318,41.574539229137635,25.873475320580148
2013-05-07,52.23474426807759,43.452380952380956,44.24603174603175,44.84126984126984,85.85,31.944444444444443,2.1825396825396823,87.5,38.8005103098152,23.785041227925774
2013-05-08,47.39717813051146,45.83333333333333,35.51587301587302,37.698412698412696,86.7,23.214285714285715,0.1984126984126984,75.1984126984127,37.80349939281604,23.125979199322803
2013-05-09,37.35114638447972,45.03968253968254,3.7698412698412698,36.11111111111111,84.35,6.547619047619048,0.1984126984126984,72.02380952380952,33.59107368098622,20.814405342926378
2013-05-10,40.464373897707226,42.65873015873016,4.9603174603174605,40.87301587301587,87.05,14.880952380952381,0.5952380952380952,81.15079365079364,33.797002168529964,21.679084874181743
2013-05-13,39.36243386243386,43.84920634920635,8.531746031746032,32.53968253968254,87.25,21.23015873015873,0.1984126984126984,64.88095238095238,34.74570022785202,22.505395338200447
2013-05-14,39.00776014109347,43.84920634920635,29.563492063492063,15.277777777777777,86.15,29.96031746031746,0.1984126984126984,30.357142857142854,37.35402356422597,23.67724464128838
2013-05-15,46.67936507936508,45.03968253968254,49.007936507936506,14.087301587301587,85.95,62.89682539682539,3.7698412698412698,24.404761904761905,39.15430412645209,27.08409274892291
2013-05-16,54.92222222222222,47.817460317460316,78.76984126984127,15.476190476190478,84.64999999999999,73.21428571428571,9.722222222222223,21.23015873015873,42.11422218469226,28.25458451492705
2013-05-17,37.401234567901234,49.007936507936506,25.992063492063494,14.682539682539684,87.75,16.071428571428573,15.674603174603174,13.690476190476192,36.96410756914303,21.831932773158265
2013-05-20,44.550088183421515,47.817460317460316,44.642857142857146,22.420634920634917,84.9,26.785714285714285,18.055555555555554,26.785714285714285,38.55219692185612,23.342968474992315
2013-05-21,46.89488536155202,46.230158730158735,34.72222222222222,39.08730158730158,83.15,22.817460317460316,21.626984126984127,56.547619047619044,37.68225297839874,22.622464470747563
2013-05-22,48.7978835978836,51.78571428571429,42.26190476190476,42.06349206349206,80.9,14.880952380952381,18.849206349206348,65.27777777777779,38.22949838461348,21.66956717321402
2013-05-23,46.22733686067019,51.78571428571429,46.230158730158735,35.714285714285715,79.65,5.357142857142857,18.452380952380953,52.976190476190474,38.682626446123216,20.50580334874315
2013-05-24,37.1010582010582,54.166666666666664,4.9603174603174605,30.555555555555557,80.05,18.055555555555554,18.452380952380953,42.65873015873016,33.77336907811947,21.955842619100444
2013-05-28,33.1395061728395,51.388888888888886,8.531746031746032,20.03968253968254,77.6,14.484126984126986,19.246031746031747,20.833333333333336,34.702780509047635,21.58513616197177
2013-05-29,31.78059964726631,56.547619047619044,9.722222222222223,15.674603174603174,75.85,11.30952380952381,18.055555555555554,13.293650793650794,34.90230817698463,21.186553050116117
2013-05-30,40.75590828924162,58.53174603174603,39.08730158730159,17.658730158730158,77.35,22.42063492063492,21.626984126984127,13.690476190476192,37.8289932574394,22.35371547596719
2013-05-31,33.56437389770723,55.35714285714286,24.00793650793651,19.047619047619047,68.5,4.563492063492063,22.42063492063492,15.674603174603174,36.64644435083535,20.267142645731177
2013-06-03,43.0442680776014,59.72222222222222,21.626984126984127,42.65873015873015,68.6,19.246031746031747,24.404761904761905,60.912698412698404,36.493535944270704,21.929959216050754
2013-06-04,41.86490299823633,64.0873015873016,14.880952380952381,47.023809523809526,68.65,4.563492063492063,24.801587301587304,69.24603174603175,35.628790134152155,20.122719836636975
2013-06-05,41.7989417989418,63.29365079365079,22.023809523809522,46.42857142857143,62.5,4.563492063492063,24.404761904761905,68.45238095238095,36.48363170565303,19.95978352395041
2013-06-06,42.06014109347443,60.912698412698404,12.103174603174603,45.23809523809524,66.85,24.00793650793651,25.595238095238095,64.88095238095238,35.37704969326095,22.354969118734658
2013-06-07,44.42116402116402,62.89682539682539,9.722222222222223,47.61904761904762,74.3,25.992063492063494,26.38888888888889,68.84920634920636,34.78289796816503,22.55414120598495
2013-06-10,47.72539682539683,60.51587301587301,22.023809523809522,47.023809523809526,72.80000000000001,38.2936507936508,27.18253968253968,66.86507936507937,36.333109767923936,23.788906829096764
2013-06-11,41.13033509700176,61.70634920634921,10.119047619047619,42.85714285714286,64.65,30.357142857142854,24.00793650793651,61.70634920634921,34.98643414408214,23.348942610589063
2013-06-12,42.549911816578486,65.67460317460318,19.642857142857142,50.198412698412696,57.05,13.293650793650794,26.785714285714285,73.61111111111111,36.124118941057596,21.364376762899994
2013-06-13,41.136155202821875,64.48412698412699,12.103174603174603,46.626984126984134,67.95,5.753968253968254,22.42063492063492,70.83333333333334,35.26935914677138,20.32687489226383
2013-06-14,44.61287477954144,58.92857142857143,18.452380952380953,50.0,64.25,27.18253968253968,24.00793650793651,75.9920634920635,35.958563521509504,22.585586757975943
2013-06-17,39.55643738977072,58.92857142857143,10.515873015873016,38.29365079365079,66.0,29.166666666666668,18.849206349206348,57.738095238095234,34.990344723735504,23.023669329486477
2013-06-18,38.99594356261022,60.912698412698404,11.706349206349206,35.71428571428571,66.95,25.595238095238095,20.436507936507937,50.99206349206349,35.1017051000379,22.45329864755914
2013-06-19,40.15308641975308,66.46825396825396,17.658730158730158,35.71428571428571,66.8,18.849206349206348,25.595238095238095,45.83333333333333,35.74690786215896,21.812271617379515
2013-06-20,34.516137566137566,68.05555555555556,16.865079365079367,35.317460317460316,48.775000000000006,5.357142857142857,33.13492063492063,37.5,35.71640943902121,20.22842829878327
2013-06-21,40.99294532627866,64.0873015873016,27.579365079365083,34.12698412698413,55.50000000000001,36.30952380952381,37.89682539682539,30.357142857142854,36.714160591937286,23.659134988791404
2013-06-24,43.78809523809524,64.88095238095238,19.246031746031747,47.023809523809526,49.725,50.198412698412696,38.69047619047619,55.35714285714286,35.830318010269465,24.786541176370473
2013-06-25,45.13033509700176,62.5,18.452380952380953,53.96825396825397,57.650000000000006,29.563492063492063,42.26190476190476,65.67460317460318,35.77176186053118,22.874248452468624
2013-06-26,51.00564373897707,65.67460317460318,41.86507936507937,54.96031746031746,63.949999999999996,16.865079365079367,38.2936507936508,71.62698412698413,37.82100948673596,21.5236075172572
2013-06-27,47.18377425044092,64.48412698412699,11.706349206349206,59.523809523809526,65.7,26.785714285714285,31.547619047619047,87.5,35.21782445168423,22.466156544801738
2013-06-28,46.0373897707231,56.15079365079365,12.103174603174603,60.714285714285715,65.7,20.436507936507937,27.976190476190478,93.45238095238095,35.255229988649475,21.85002235192396
2013-07-01,45.67795414462081,47.023809523809526,7.341269841269842,68.84920634920636,68.14999999999999,6.547619047619048,38.2936507936508,99.40476190476191,34.66159231957045,20.3334832585547
2013-07-02,46.65837742504409,45.03968253968254,14.484126984126986,64.48412698412699,67.8,16.865079365079367,31.547619047619047,97.42063492063492,35.55924727982982,21.531370061127365
2013-07-03,46.26366843033509,52.57936507936508,15.674603174603174,62.1031746031746,69.0,8.134920634920634,29.563492063492063,94.64285714285714,35.60591362029479,20.54410753261387
2013-07-05,52.1283950617284,53.769841269841265,32.34126984126984,62.10317460317461,75.55,13.293650793650794,31.150793650793652,93.05555555555556,37.2144738277336,21.22088448929986
2013-07-08,55.11657848324515,59.72222222222222,43.05555555555556,63.6904761904762,76.10000000000001,6.944444444444445,31.547619047619047,95.83333333333334,37.92763977421327,20.366845829884646
2013-07-09,46.335097001763664,59.32539682539682,27.976190476190478,40.27777777777778,78.25,24.404761904761905,18.849206349206348,61.70634920634921,36.77333634607475,21.989082472978396
2013-07-10,51.737566137566134,58.92857142857143,51.388888888888886,48.611111111111114,78.94999999999999,0.1984126984126984,27.579365079365083,69.64285714285714,38.75472664727527,18.569533731584528
2013-07-11,48.80723104056437,57.341269841269835,31.150793650793652,51.58730158730158,79.95,4.9603174603174605,36.7063492063492,66.46825396825396,37.177429980328135,19.823215604929604
2013-07-12,53.8021164021164,48.61111111111111,27.18253968253968,51.19047619047619,80.8,66.07142857142857,44.642857142857146,57.738095238095234,36.747772439683786,27.0328319787935
2013-07-15,54.364726631393296,42.26190476190476,46.230158730158735,54.960317460317455,81.05000000000001,27.579365079365083,53.37301587301587,56.547619047619044,38.18050107637519,22.303453682643305
2013-07-16,50.07125220458554,48.61111111111111,2.579365079365079,69.84126984126985,77.9,31.547619047619047,67.26190476190477,72.42063492063492,33.52101874848301,22.568373153297948
2013-07-17,60.41640211640211,47.42063492063492,35.51587301587302,74.8015873015873,81.1,38.69047619047619,71.62698412698413,77.97619047619048,37.33831193460709,23.58857216509817
2013-07-18,65.14532627865961,42.26190476190476,50.99206349206349,77.97619047619048,81.15,45.83333333333333,74.8015873015873,81.15079365079364,38.598909585225385,24.03148974832885
2013-07-19,63.778306878306886,48.61111111111111,27.579365079365083,70.03968253968254,87.30000000000001,85.51587301587301,74.8015873015873,65.27777777777779,36.74084486763534,30.073664510839652
2013-07-22,51.952910052910056,45.03968253968254,5.753968253968254,67.06349206349206,88.55000000000001,32.73809523809524,78.76984126984127,55.35714285714286,34.287230505832845,22.704921073830185
2013-07-23,54.20934744268077,52.182539682539684,25.992063492063494,58.13492063492063,86.7,35.91269841269841,74.0079365079365,42.26190476190476,36.53161477060272,23.3073338413801
2013-07-24,64.47813051146385,64.0873015873016,57.738095238095234,59.32539682539682,84.10000000000001,54.563492063492056,75.1984126984127,43.452380952380956,39.30271105171329,24.89258464547203
2013-07-25,65.02010582010581,66.86507936507937,31.150793650793652,68.05555555555556,85.15,81.54761904761905,77.97619047619048,58.13492063492064,37.05341667679346,29.397851522093248
2013-07-26,63.97513227513227,65.27777777777779,20.03968253968254,81.54761904761904,86.39999999999999,52.976190476190474,81.15079365079364,81.94444444444444,35.8591028795849,24.707991060637777
2013-07-29,60.07813051146384,68.84920634920636,0.5952380952380952,82.14285714285714,83.05,58.13492063492064,79.56349206349206,84.72222222222221,32.51449010381973,25.445441619418002
2013-07-30,62.65749559082892,70.03968253968253,1.3888888888888888,87.10317460317461,83.05,63.69047619047619,83.53174603174604,90.67460317460318,32.62846204604155,26.63348399039033
2013-07-31,65.56701940035273,63.69047619047619,29.96031746031746,82.93650793650794,82.75,52.182539682539684,80.35714285714286,85.51587301587301,36.80659030322374,24.4645165072554
2013-08-01,54.25097001763668,58.92857142857143,8.134920634920634,72.02380952380952,85.30000000000001,26.38888888888889,69.24603174603175,74.8015873015873,34.682193323744215,22.207441669939033
2013-08-02,52.78236331569664,66.07142857142857,7.341269841269842,67.46031746031747,90.1,11.706349206349206,66.86507936507937,68.05555555555556,34.519559967207705,20.89002488229685
2013-08-05,60.21305114638448,64.48412698412699,5.753968253968254,77.38095238095238,90.8,52.182539682539684,73.21428571428571,81.54761904761905,33.99022774251278,24.48852223362222
2013-08-06,55.97248677248677,69.24603174603175,5.753968253968254,78.57142857142857,86.39999999999999,14.484126984126986,76.38888888888889,80.75396825396825,33.86309965315802,21.364002806900228
2013-08-07,61.9005291005291,72.42063492063492,6.547619047619048,88.0952380952381,85.1,37.10317460317461,84.32539682539682,91.86507936507937,34.17628666640115,23.533677756941177
2013-08-08,66.96225749559082,65.67460317460318,16.46825396825397,95.43650793650794,86.35,45.03968253968254,97.42063492063492,93.45238095238095,35.53175222439305,24.072119566786238
2013-08-09,64.13439153439154,68.05555555555556,9.325396825396826,96.62698412698413,82.95,34.72222222222222,97.42063492063492,95.83333333333334,34.638077202655616,23.279016850378653
2013-08-12,61.91305114638448,63.69047619047619,4.563492063492063,92.85714285714286,85.95,33.92857142857143,93.84920634920636,91.86507936507937,33.66025261023526,23.155955170391906
2013-08-13,87.35837742504408,74.8015873015873,86.70634920634922,90.27777777777777,88.45,90.27777777777779,87.10317460317461,93.45238095238095,42.884970611380524,32.07950081654734
2013-08-14,86.01816578483243,73.21428571428571,84.72222222222221,90.27777777777777,84.8,91.07142857142857,88.69047619047619,91.86507936507937,42.61645051717867,32.286710130477694
2013-08-15,70.56014109347443,74.0079365079365,52.57936507936508,82.34126984126985,76.35,56.15079365079365,77.18253968253968,87.5,38.730443954207146,25.238548252760012
2013-08-16,52.6400352733686,50.0,15.674603174603174,74.80158730158729,78.15,11.706349206349206,73.21428571428571,76.38888888888889,35.2935304194332,21.040186180427135
2013-08-19,67.15079365079364,50.0,54.563492063492056,75.79365079365078,74.5,68.84920634920636,74.0079365079365,77.57936507936508,38.92041685178972,27.475377223434954
2013-08-20,54.597354497354495,50.0,15.277777777777779,71.23015873015873,75.45,46.230158730158735,62.10317460317461,80.35714285714286,35.26260924050179,24.23073282095192
2013-08-21,47.52257495590829,50.0,22.023809523809522,55.95238095238095,70.3,25.198412698412696,49.404761904761905,62.5,35.80248606525788,22.15184581317447
2013-08-22,46.673192239858906,40.67460317460318,7.738095238095238,59.72222222222222,76.2,32.34126984126984,45.83333333333333,73.61111111111111,34.40488023693341,22.836638001138603
2013-08-23,70.1148148148148,42.65873015873016,72.02380952380952,64.48412698412699,80.1,90.67460317460318,47.023809523809526,81.94444444444444,41.07943753884028,32.097010313508804
2013-08-26,62.863844797178125,40.67460317460318,48.214285714285715,62.89682539682539,75.05,89.88095238095238,45.03968253968254,80.75396825396825,38.28310849900883,31.93232279639243
2013-08-27,57.60123456790124,50.0,42.65873015873016,60.91269841269842,66.15,68.05555555555556,47.023809523809526,74.8015873015873,37.790285480121526,27.350310222086456
2013-08-28,53.01816578483245,50.0,17.658730158730158,66.07142857142857,67.55000000000001,58.53174603174603,46.62698412698413,85.51587301587301,35.470750220596926,25.51139953554664
2013-08-29,49.554144620811286,51.78571428571429,6.944444444444445,63.69047619047619,65.95000000000002,57.341269841269835,48.214285714285715,79.16666666666666,34.15369230803185,25.424910434530943
2013-08-30,48.97918871252204,45.83333333333333,13.293650793650794,59.72222222222223,64.94999999999999,59.32539682539682,39.08730158730159,80.35714285714286,34.92139084097663,25.677434323493415
2013-09-03,53.281657848324514,44.24603174603175,34.72222222222222,53.96825396825397,66.95,70.03968253968253,38.69047619047619,69.24603174603175,37.00381271937434,27.480677093331295
2013-09-04,55.37142857142856,45.43650793650794,56.15079365079365,46.03174603174604,70.6,61.30952380952381,33.92857142857143,58.13492063492064,38.803559252330885,25.895121370489914
2013-09-05,42.288183421516756,47.42063492063492,7.738095238095238,49.404761904761905,71.15,27.18253968253968,37.5,61.30952380952381,34.217946887617,22.417639248327003
2013-09-06,45.263668430335095,43.452380952380956,6.547619047619048,48.80952380952381,70.75,62.89682539682539,36.30952380952381,61.30952380952381,33.94294426621086,26.425723673120967
2013-09-09,47.09541446208113,37.89682539682539,10.912698412698413,54.36507936507937,71.85,57.341269841269835,40.67460317460318,68.05555555555556,34.616701954509296,25.517435958100382
2013-09-10,62.71358024691357,28.76984126984127,57.738095238095234,60.11904761904762,77.35,85.11904761904762,43.452380952380956,76.78571428571429,38.93256003625774,30.225547955943004
2013-09-11,67.9336860670194,29.166666666666668,77.97619047619048,59.52380952380952,80.9,85.9126984126984,50.595238095238095,68.45238095238095,41.5367017400184,30.52106739981114
2013-09-12,46.18130511463845,37.10317460317461,12.103174603174603,53.37301587301587,78.55000000000001,37.10317460317461,49.801587301587304,56.94444444444444,34.6761175947449,23.480474191020846
2013-09-13,48.94920634920635,39.08730158730159,22.023809523809522,55.55555555555556,79.2,32.34126984126984,56.15079365079365,54.96031746031746,35.5828091520309,22.798478519808505
2013-09-16,55.56102292768959,37.89682539682539,52.976190476190474,49.801587301587304,78.1,50.595238095238095,59.72222222222222,39.88095238095239,38.45068200217877,24.41636678721043
2013-09-17,48.78059964726631,31.150793650793652,42.26190476190476,35.11904761904762,77.35,63.29365079365079,58.13492063492064,12.103174603174603,37.58392029678098,26.19184014978954
2013-09-18,41.18306878306878,26.38888888888889,31.150793650793652,31.15079365079365,82.05,24.404761904761905,54.563492063492056,7.738095238095238,36.5154012578458,22.022162309545454
2013-09-19,44.24021164021163,25.198412698412696,39.48412698412698,29.365079365079367,84.2,37.5,58.13492063492064,0.5952380952380952,37.234975617421775,23.413394488347695
2013-09-20,44.17442680776014,25.992063492063494,27.976190476190478,27.976190476190474,84.4,62.89682539682539,55.75396825396825,0.1984126984126984,36.109685930291036,26.177887871235367
2013-09-23,57.20405643738977,26.38888888888889,77.57936507936508,30.15873015873016,78.44999999999999,85.9126984126984,58.13492063492064,2.1825396825396823,41.28267559325824,30.31917526422848
2013-09-24,42.0716049382716,24.801587301587304,17.261904761904763,32.93650793650794,79.6,61.30952380952381,58.13492063492064,7.738095238095238,35.14152614903049,26.07655822333762
2013-09-25,41.00299823633157,17.261904761904763,13.293650793650794,41.269841269841265,79.95,41.46825396825397,66.07142857142857,16.46825396825397,34.70752440084453,23.716355526346845
2013-09-26,48.244620811287476,28.76984126984127,6.547619047619048,59.722222222222214,79.7,53.769841269841265,66.46825396825396,52.976190476190474,33.92062127943191,24.89677907099955
2013-09-27,57.91040564373897,36.7063492063492,29.166666666666668,75.0,72.7,55.75396825396825,70.83333333333334,79.16666666666666,35.98859278311766,25.253110015227616
2013-09-30,44.78306878306878,27.976190476190478,0.5952380952380952,68.25396825396825,67.0,35.11904761904761,64.48412698412699,72.02380952380952,31.929351724793413,23.220976231281796
2013-10-01,45.03492063492064,25.198412698412696,2.579365079365079,57.93650793650794,72.30000000000001,56.547619047619044,60.51587301587301,55.35714285714286,32.86345900967912,25.257506616652304
2013-10-02,44.05555555555555,21.626984126984127,11.706349206349206,53.37301587301587,67.0,57.341269841269835,60.51587301587301,46.230158730158735,34.511284651656695,25.32459509983747
2013-10-03,39.73615520282186,20.833333333333336,5.753968253968254,49.007936507936506,61.64999999999999,54.96031746031746,61.70634920634921,36.30952380952381,33.73908445552741,25.077132006579184
2013-10-04,42.77566137566138,18.452380952380953,8.928571428571429,50.7936507936508,66.30000000000001,63.69047619047619,61.70634920634921,39.88095238095239,34.12479611839759,25.89942134342258
2013-10-07,49.02416225749559,17.261904761904763,23.61111111111111,67.46031746031747,52.949999999999996,68.45238095238095,65.67460317460318,69.24603174603175,35.471945028509225,26.81330349030524
2013-10-08,47.209700176366844,27.579365079365083,3.373015873015873,79.76190476190476,49.15,52.976190476190474,72.42063492063492,87.10317460317461,33.36215638503179,24.749279430755426
2013-10-09,50.99559082892416,50.0,7.738095238095238,77.38095238095238,51.99999999999999,57.341269841269835,62.10317460317461,92.65873015873017,33.82429554855227,25.297710298725306
2013-10-10,49.65626102292769,43.05555555555556,6.15079365079365,72.42063492063492,67.6,39.08730158730159,54.563492063492056,90.27777777777779,33.66426618699062,23.552737976780246
2013-10-11,59.737918871252205,35.51587301587302,41.46825396825397,74.60317460317461,71.4,52.57936507936508,53.769841269841265,95.43650793650794,36.88297916866471,24.474521847659982
2013-10-14,52.38253968253969,33.13492063492063,8.531746031746032,76.5873015873016,69.65,52.182539682539684,59.32539682539682,93.84920634920636,33.849134948139046,24.460637514279014
2013-10-15,56.44920634920635,41.07142857142857,33.53174603174603,77.18253968253968,56.7,54.96031746031746,66.86507936507937,87.5,36.08405429749718,24.839912326402203
2013-10-16,53.56296296296296,47.42063492063492,22.023809523809522,74.8015873015873,76.44999999999999,13.293650793650794,75.9920634920635,73.61111111111111,35.20585984632486,21.19979515008776
2013-10-17,57.24444444444444,36.30952380952381,6.547619047619048,82.14285714285714,82.6,54.166666666666664,80.75396825396825,83.53174603174604,33.66510576909165,24.64712414653076
2013-10-18,61.194532627865954,41.07142857142857,26.38888888888889,67.26190476190476,84.8,85.51587301587301,85.51587301587301,49.007936507936506,35.51087133672216,29.503988930999636
2013-10-21,58.5700176366843,39.48412698412698,33.53174603174603,56.74603174603175,84.2,81.94444444444444,89.0873015873016,24.404761904761905,35.862114916039936,28.45297885189723
2013-10-22,63.672134038800706,31.944444444444443,52.57936507936508,60.714285714285715,83.35,87.10317460317461,90.67460317460318,30.753968253968257,37.76645374041062,29.889046057838648
2013-10-23,54.99629629629629,38.2936507936508,15.277777777777779,67.65873015873015,82.9,57.341269841269835,97.02380952380952,38.2936507936508,34.54117780697899,25.025165665099376
2013-10-24,63.55202821869488,31.150793650793652,53.769841269841265,77.77777777777777,84.0,31.944444444444443,99.8015873015873,55.75396825396825,37.78516986318232,22.664240789346987
2013-10-25,72.02962962962964,29.563492063492063,67.65873015873017,81.54761904761905,84.55,69.64285714285714,99.8015873015873,63.29365079365079,38.96099005661164,26.321435726239983
2013-10-28,65.54620811287478,43.84920634920635,26.785714285714285,86.11111111111111,83.44999999999999,67.26190476190477,99.8015873015873,72.42063492063492,35.5022233332539,25.991284883081512
2013-10-29,73.06296296296297,48.61111111111111,50.99206349206349,85.31746031746033,82.95,85.11904761904762,99.8015873015873,70.83333333333334,37.54417262282025,28.868508273323435
2013-10-30,61.244268077601404,73.21428571428571,0.992063492063492,84.92063492063492,81.75,57.738095238095234,99.40476190476191,70.43650793650794,32.3881540457906,24.96299291432126
2013-10-31,58.73015873015872,57.341269841269835,16.46825396825397,68.05555555555554,81.25,71.62698412698413,98.21428571428571,37.89682539682539,34.628780201011224,26.642394592375286
2013-11-01,60.927865961199295,62.89682539682539,21.23015873015873,82.73809523809524,83.6,27.579365079365083,99.0079365079365,66.46825396825396,34.96939413005615,22.39864299053817
2013-11-04,53.55661375661376,52.57936507936508,0.992063492063492,74.0079365079365,85.35,34.72222222222222,97.81746031746032,50.198412698412696,32.04378926014571,22.96177182260551
2013-11-05,60.29964726631393,51.388888888888886,26.785714285714285,70.23809523809524,83.65,59.72222222222222,97.02380952380952,43.452380952380956,35.31861162460189,25.140614270696044
2013-11-06,67.16119929453262,70.83333333333334,40.27777777777778,72.42063492063492,86.65,62.5,95.83333333333334,49.007936507936506,36.414906881214414,25.38517084084332
2013-11-07,59.8310405643739,79.16666666666666,11.30952380952381,76.38888888888889,80.45,46.62698412698413,93.45238095238095,59.32539682539682,33.95607225615291,23.89515592009384
2013-11-08,51.8042328042328,83.13492063492063,3.7698412698412698,56.74603174603175,85.5,34.32539682539682,77.97619047619048,35.51587301587302,33.09824439962002,22.90117961496373
2013-11-11,57.506349206349206,75.59523809523809,16.071428571428573,59.92063492063492,87.35000000000001,55.35714285714286,75.59523809523809,44.24603174603175,34.46999487142139,24.56326226941512
2013-11-12,51.562433862433856,75.9920634920635,0.992063492063492,70.03968253968253,85.9,4.166666666666666,79.16666666666666,60.912698412698404,32.02256470961225,19.66835471327679
2013-11-13,53.968077601410926,68.05555555555556,5.753968253968254,67.65873015873015,87.4,28.373015873015873,79.56349206349206,55.75396825396825,33.519559245105036,22.44721424364374
2013-11-14,73.79964726631393,68.05555555555556,72.02380952380952,67.65873015873017,88.15,72.81746031746032,80.35714285714286,54.96031746031746,38.981361960323845,26.29576959469101
2013-11-15,55.43703703703703,65.67460317460318,24.00793650793651,64.88095238095238,89.05,12.5,89.0873015873016,40.67460317460318,34.98094970340027,21.05151243092722
2013-11-18,61.94356261022927,84.32539682539682,22.817460317460316,65.07936507936508,84.5,63.29365079365079,91.46825396825396,38.69047619047619,34.835039223546396,25.25344453812435
2013-11-19,58.71128747795413,95.83333333333334,15.277777777777779,67.06349206349205,83.05,34.72222222222222,82.73809523809523,51.388888888888886,34.381016780970654,22.840351408956437
2013-11-20,57.22310405643739,99.40476190476191,13.293650793650794,72.02380952380952,83.0,6.944444444444445,81.15079365079364,62.89682539682539,34.050446731668025,20.252326161613645
2013-11-21,60.18377425044091,91.46825396825396,18.055555555555554,78.57142857142858,86.7,4.9603174603174605,80.35714285714286,76.78571428571429,34.472585523368,19.743785055615447
2013-11-22,61.465961199294526,97.81746031746032,9.722222222222223,84.12698412698413,88.7,6.15079365079365,79.96031746031747,88.29365079365078,33.76028272993354,19.862278307143836
2013-11-25,63.56666666666666,93.45238095238095,3.373015873015873,86.11111111111111,86.05000000000001,41.46825396825397,83.53174603174604,88.69047619047619,32.700305314295655,23.38812233541082
2013-11-26,65.13174603174602,81.94444444444444,29.166666666666668,75.7936507936508,85.95,46.62698412698413,93.05555555555556,58.53174603174603,35.15368360540483,23.715284816673524
2013-11-27,79.42698412698411,87.89682539682539,66.46825396825396,87.89682539682539,85.1,60.11904761904761,98.61111111111111,77.18253968253968,38.22826750901326,24.714465330058015
2013-11-29,81.84567901234567,87.89682539682539,82.73809523809523,76.78571428571428,81.5,89.88095238095238,99.8015873015873,53.769841269841265,40.23945876485161,29.009586590260874
2013-12-02,70.4984126984127,81.54761904761905,49.007936507936506,76.38888888888889,78.85,68.05555555555556,99.8015873015873,52.976190476190474,36.70755080113487,25.351938789399565
2013-12-03,72.3694885361552,79.16666666666666,66.07142857142857,74.20634920634922,77.25,62.89682539682539,99.40476190476191,49.007936507936506,38.22101303514353,24.954109399246473
2013-12-04,65.45679012345678,87.10317460317461,32.73809523809524,86.11111111111111,76.5,25.198412698412696,99.0079365079365,73.21428571428571,35.4049508968651,21.989838855520706
2013-12-05,73.69858906525573,82.73809523809523,79.56349206349206,67.65873015873015,74.6,69.24603174603175,97.81746031746032,37.5,39.553649165760454,25.35423120283962
2013-12-06,61.17689594356261,95.83333333333334,33.13492063492063,66.26984126984127,81.05000000000001,27.579365079365083,94.24603174603175,38.2936507936508,35.42759587787492,22.136681721780267
2013-12-09,60.56225749559082,99.8015873015873,16.46825396825397,70.43650793650792,82.55,35.91269841269841,95.03968253968253,45.83333333333333,34.346847140928375,22.76834805519834
2013-12-10,59.985361552028216,99.40476190476191,4.563492063492063,80.55555555555554,80.45,28.76984126984127,98.21428571428571,62.89682539682539,33.07271655450573,22.293248511610614
2013-12-11,64.48042328042328,99.40476190476191,38.69047619047619,73.80952380952381,72.9,36.30952380952381,97.02380952380952,50.595238095238095,35.63806495453178,22.72769328635614
2013-12-12,58.10811287477954,98.61111111111111,6.547619047619048,77.18253968253968,72.30000000000001,35.11904761904761,98.21428571428571,56.15079365079365,33.51226614634872,22.66356712923139
2013-12-13,65.57971781305115,95.83333333333334,25.992063492063494,77.57936507936509,71.2,67.26190476190477,99.40476190476191,55.75396825396825,34.89660995181152,25.19584542751852
2013-12-16,54.8079365079365,96.62698412698413,5.357142857142857,71.82539682539682,69.85,30.753968253968257,97.81746031746032,45.83333333333333,33.21015517094664,22.40130750468498
2013-12-17,48.655555555555544,95.03968253968253,1.7857142857142856,63.888888888888886,68.94999999999999,9.722222222222223,94.24603174603175,33.53174603174603,32.2019670460094,20.455050080577905
2013-12-18,65.8395061728395,99.40476190476191,48.214285714285715,55.952380952380956,81.0,66.86507936507937,91.86507936507937,20.03968253968254,36.294022184583596,25.06068679415504
2013-12-19,54.317460317460316,99.8015873015873,15.674603174603174,51.38888888888889,79.25,45.03968253968254,92.65873015873017,10.119047619047619,34.00674814526889,23.38894305080299
2013-12-20,58.59753086419754,97.42063492063492,27.18253968253968,49.801587301587304,81.05000000000001,64.0873015873016,94.24603174603175,5.357142857142857,34.88859210752797,24.883158176341883
2013-12-23,72.15132275132275,99.8015873015873,69.24603174603175,50.3968253968254,84.8,90.27777777777779,97.81746031746032,2.976190476190476,38.12404283433205,28.295291158474324
2013-12-24,72.22239858906525,99.8015873015873,62.89682539682539,50.992063492063494,87.6,96.23015873015873,99.8015873015873,2.1825396825396823,37.57130589719323,31.0093697596244
2013-12-26,60.24179894179893,99.8015873015873,10.912698412698413,53.57142857142857,88.35,83.13492063492063,99.8015873015873,7.341269841269842,33.670572947795854,26.95111951942123
2013-12-27,69.97389770723103,99.40476190476191,47.42063492063492,56.349206349206355,87.69999999999999,91.07142857142857,99.8015873015873,12.896825396825399,36.07171187209196,28.685242481349437
2013-12-30,66.54708994708994,99.8015873015873,28.76984126984127,64.68253968253968,82.2,83.13492063492063,99.0079365079365,30.357142857142854,34.90713285509859,26.90527302217894
2013-12-31,53.759082892416224,99.8015873015873,4.9603174603174605,59.920634920634924,81.4,31.547619047619047,98.61111111111111,21.23015873015873,32.95213800261288,22.439023553649562
2014-01-02,59.343209876543206,99.8015873015873,31.944444444444443,64.48412698412699,78.85,19.246031746031747,98.21428571428571,30.753968253968257,35.063846197862716,21.546004022594555
2014-01-03,75.01093474426808,98.61111111111111,69.64285714285714,64.68253968253968,81.2,80.75396825396825,97.81746031746032,31.547619047619047,37.882733166291494,26.50418969782097
2014-01-06,64.79453262786595,98.21428571428571,38.2936507936508,62.698412698412696,82.25,55.75396825396825,98.21428571428571,27.18253968253968,35.43444300813397,24.101993281483256
2014-01-07,63.708818342151666,97.81746031746032,10.515873015873016,75.5952380952381,85.4,56.94444444444444,98.61111111111111,52.57936507936508,33.66133647318408,24.252998092157178
2014-01-08,63.85255731922399,95.83333333333334,6.547619047619048,93.84920634920636,85.65,12.896825396825399,99.8015873015873,87.89682539682539,33.244981383381386,20.872785689561002
2014-01-09,65.1310405643739,93.05555555555556,0.1984126984126984,97.61904761904762,85.55,28.76984126984127,99.8015873015873,95.43650793650794,31.204953122010583,22.201719125825132
2014-01-10,62.28271604938271,87.5,0.5952380952380952,94.24603174603175,89.3,10.515873015873016,97.81746031746032,90.67460317460318,31.26244511332953,20.52299901274088
2014-01-13,63.264726631393295,88.29365079365078,8.531746031746032,91.07142857142857,83.6,23.61111111111111,97.42063492063492,84.72222222222221,33.38178389605784,21.832218744277306
2014-01-14,73.83350970017638,79.96031746031747,44.642857142857146,83.73015873015873,88.60000000000001,66.86507936507937,96.62698412698413,70.83333333333334,35.62749385007261,24.94638325484972
2014-01-15,81.50546737213404,78.76984126984127,78.76984126984127,77.77777777777779,88.60000000000001,86.70634920634922,95.83333333333334,59.72222222222222,38.474356597297984,27.170718544088434
2014-01-16,63.150088183421516,74.0079365079365,40.67460317460318,65.07936507936509,87.35000000000001,43.05555555555556,95.83333333333334,34.32539682539682,35.46104125399015,23.056824247901012
2014-01-17,66.73333333333333,80.75396825396825,62.5,58.33333333333333,87.8,44.24603174603175,97.81746031746032,18.849206349206348,36.9737476210083,23.182466035559045
2014-01-21,51.61710758377425,78.37301587301587,8.531746031746032,62.698412698412696,85.65,9.722222222222223,96.62698412698413,28.76984126984127,33.36638264710251,20.415553991317395
2014-01-22,64.76772486772485,72.02380952380952,47.023809523809526,63.29365079365079,85.8,55.35714285714286,96.62698412698413,29.96031746031746,35.67220530448672,23.796552569969297
2014-01-23,57.05449735449735,67.26190476190477,18.452380952380953,61.11111111111111,81.15,63.69047619047619,97.02380952380952,25.198412698412696,33.98267975049024,24.539015020182653
2014-01-24,44.9679012345679,74.0079365079365,5.357142857142857,55.15873015873016,59.3,35.91269841269841,91.07142857142857,19.246031746031747,32.82596785020279,22.52937148828799
2014-01-27,61.266137566137566,79.96031746031747,26.38888888888889,74.0079365079365,62.89999999999999,70.83333333333334,87.5,60.51587301587301,34.61609249726445,25.09433496616228
2014-01-28,78.91710758377424,62.89682539682539,97.42063492063492,71.82539682539682,71.0,95.03968253968253,82.34126984126983,61.30952380952381,41.805173367306466,29.407882371614924
2014-01-29,46.72751322751322,54.166666666666664,3.7698412698412698,55.15873015873015,63.24999999999999,66.86507936507937,75.59523809523809,34.72222222222222,32.60131257813592,24.82662385804594
2014-01-30,63.48289241622575,41.07142857142857,77.57936507936508,49.404761904761905,63.550000000000004,99.8015873015873,68.05555555555556,30.753968253968257,38.213703369893,33.26888881135777
2014-01-31,39.88395061728395,29.166666666666668,6.15079365079365,36.30952380952381,57.95,92.65873015873017,58.53174603174603,14.087301587301587,32.93676233572275,28.641278302462158
2014-02-03,36.766137566137566,50.0,0.992063492063492,49.00793650793651,46.4,39.08730158730159,67.26190476190477,30.753968253968257,31.66519001373943,22.668898142392678
2014-02-04,30.794885361552026,41.07142857142857,0.1984126984126984,40.079365079365076,54.45,6.547619047619048,57.738095238095234,22.42063492063492,31.146107482741748,19.952785912846707
2014-02-05,33.432980599647266,50.0,1.3888888888888888,46.230158730158735,50.25000000000001,8.928571428571429,54.166666666666664,38.2936507936508,31.417774427431755,20.28106378009447
2014-02-06,36.2347442680776,47.42063492063492,6.15079365079365,46.03174603174603,63.849999999999994,0.5952380952380952,51.388888888888886,40.67460317460318,32.72060632722965,18.761590656922344
2014-02-07,47.01022927689594,30.357142857142854,11.706349206349206,56.94444444444444,73.55000000000001,51.388888888888886,47.42063492063492,66.46825396825396,33.38345124232413,23.613487712713173
2014-02-10,35.68994708994709,28.373015873015873,5.753968253968254,34.12698412698413,73.7,31.547619047619047,44.642857142857146,23.61111111111111,32.6697936747611,22.26179340351916
2014-02-11,35.68553791887125,27.579365079365083,0.1984126984126984,44.04761904761905,77.45,6.15079365079365,45.03968253968254,43.05555555555556,30.451444359325286,19.764593361429572
2014-02-12,46.72134038800705,25.595238095238095,14.484126984126986,59.52380952380952,78.5,30.357142857142854,52.57936507936508,66.46825396825396,33.52315344205179,22.117344095830173
2014-02-13,69.71657848324514,20.03968253968254,72.81746031746032,71.62698412698413,79.3,88.29365079365078,55.75396825396825,87.5,37.644383702878024,27.358413578142333
2014-02-14,51.63298059964727,23.61111111111111,3.7698412698412698,78.96825396825398,82.15,32.34126984126984,62.5,95.43650793650794,32.090165663037915,22.293174715340864
2014-02-18,51.25555555555555,18.055555555555554,1.7857142857142856,78.96825396825396,80.65,41.46825396825397,59.72222222222222,98.21428571428571,31.279143127731025,22.693753504572513
2014-02-19,52.86155202821869,16.865079365079367,2.579365079365079,78.76984126984127,72.5,72.42063492063492,58.92857142857143,98.61111111111111,31.655415707526412,25.191557379676656
2014-02-20,57.17777777777778,6.15079365079365,10.119047619047619,80.35714285714286,76.05000000000001,95.03968253968253,61.70634920634921,99.0079365079365,32.9722229409814,29.570510814570838
2014-02-21,52.78059964726631,0.1984126984126984,11.30952380952381,78.57142857142857,76.6,63.29365079365079,69.24603174603175,87.89682539682539,33.13789979075897,24.506397388721194
2014-02-24,75.81146384479717,0.1984126984126984,99.8015873015873,75.0,78.85,99.8015873015873,64.0873015873016,85.9126984126984,44.33598988215818,37.2281683317801
2014-02-25,67.41693121693122,2.1825396825396823,60.11904761904761,75.9920634920635,81.65,93.05555555555556,64.48412698412699,87.5,36.4300945910899,29.202160292389117
2014-02-26,66.52910052910053,0.1984126984126984,53.37301587301587,82.34126984126985,78.25,88.29365079365078,69.24603174603175,95.43650793650794,35.78212487165885,27.50203388900762
2014-02-27,67.53492063492064,1.3888888888888888,56.15079365079365,83.13492063492063,79.80000000000001,85.11904761904762,70.03968253968253,96.23015873015873,35.87115424399456,27.049144927392533
2014-02-28,55.58641975308642,3.373015873015873,21.23015873015873,79.16666666666667,80.0,56.94444444444444,58.92857142857143,99.40476190476191,33.83692295591844,24.19838782603952
2014-03-03,48.18342151675485,4.166666666666666,2.579365079365079,79.36507936507937,70.0,46.230158730158735,58.92857142857143,99.8015873015873,31.59891203344832,23.387454215123547
2014-03-04,47.516754850088184,0.1984126984126984,2.1825396825396823,86.11111111111111,79.5,5.753968253968254,72.42063492063492,99.8015873015873,31.36913414814455,19.93602469838314
2014-03-05,53.70246913580247,2.1825396825396823,0.992063492063492,86.90476190476191,80.55,57.341269841269835,74.40476190476191,99.40476190476191,31.15864359628111,24.210083766312078
2014-03-06,48.959788359788355,3.373015873015873,3.373015873015873,86.70634920634922,78.94999999999999,12.5,74.0079365079365,99.40476190476191,31.530332012893442,20.64584405303034
2014-03-07,50.34955908289241,2.579365079365079,6.944444444444445,87.5,79.45,15.277777777777779,75.1984126984127,99.8015873015873,32.373888824341826,20.95878459402025
2014-03-10,50.58024691358024,12.103174603174603,0.5952380952380952,86.5079365079365,79.0,24.404761904761905,73.21428571428571,99.8015873015873,30.78264043220358,21.888369387887394
2014-03-11,53.925925925925924,8.928571428571429,12.896825396825399,79.76190476190476,76.0,59.32539682539682,60.11904761904761,99.40476190476191,33.00593557767676,24.27282829535094
2014-03-12,46.46631393298059,2.579365079365079,0.992063492063492,74.4047619047619,77.65,35.11904761904761,50.198412698412696,98.61111111111111,30.934803133619244,22.463414362108807
2014-03-13,44.85255731922399,4.166666666666666,7.341269841269842,71.82539682539684,68.9,31.547619047619047,46.230158730158735,97.42063492063492,32.20189749986946,22.32785664457402
2014-03-14,40.18677248677249,0.1984126984126984,0.992063492063492,70.03968253968254,60.9,27.579365079365083,43.84920634920635,96.23015873015873,30.829381701963587,22.073841733211477
2014-03-17,43.09400352733685,2.579365079365079,4.563492063492063,69.64285714285714,71.8,23.61111111111111,44.24603174603175,95.03968253968253,31.425329465427822,21.86993011168194
2014-03-18,51.08447971781305,5.753968253968254,32.73809523809524,65.67460317460318,77.4,36.7063492063492,42.65873015873016,88.69047619047619,34.44409691400044,22.518549827474384
2014-03-19,53.173544973544985,9.722222222222223,64.0873015873016,59.920634920634924,74.4,12.103174603174603,46.230158730158735,73.61111111111111,36.16775882843777,20.63871325847456
2014-03-20,61.842857142857135,15.674603174603174,91.46825396825396,54.56349206349206,77.4,39.48412698412698,51.388888888888886,57.738095238095234,39.14255277777925,22.629893231962285
2014-03-21,42.08553791887125,7.738095238095238,41.07142857142857,46.230158730158735,75.0,0.1984126984126984,55.35714285714286,37.10317460317461,34.901006460471535,18.533169842128366
2014-03-24,52.34708994708995,11.706349206349206,39.08730158730159,49.801587301587304,74.55,82.73809523809523,63.29365079365079,36.30952380952381,34.71862420897632,26.717840398877208
2014-03-25,50.934567901234566,25.595238095238095,21.23015873015873,58.13492063492063,79.9,56.15079365079365,59.32539682539682,56.94444444444444,33.659725781920166,23.963916315870197
2014-03-26,58.85202821869488,28.76984126984127,48.61111111111111,67.06349206349206,75.35,51.78571428571429,50.198412698412696,83.92857142857143,35.27084634586154,23.588803326266884
2014-03-27,56.837566137566135,30.753968253968257,27.18253968253968,61.30952380952381,76.9,88.69047619047619,40.27777777777778,82.34126984126983,33.8730017474508,27.591088333725388
2014-03-28,50.016225749559084,28.373015873015873,8.928571428571429,62.8968253968254,77.95,59.32539682539682,32.73809523809524,93.05555555555556,32.37268982569561,24.38150041716929
2014-03-31,42.49223985890652,20.03968253968254,6.547619047619048,60.51587301587302,80.6,6.547619047619048,27.18253968253968,93.84920634920636,31.867705985124108,20.206918903869507
2014-04-01,47.83421516754851,19.246031746031747,16.46825396825397,59.523809523809526,84.5,30.753968253968257,28.373015873015873,90.67460317460318,33.12169361994306,22.33237091481765
2014-04-02,44.648677248677245,15.674603174603174,5.357142857142857,60.91269841269842,84.55,23.61111111111111,31.150793650793652,90.67460317460318,31.584134489862514,21.951911447555798
2014-04-03,61.268783068783065,21.626984126984127,46.62698412698413,64.88095238095238,83.15,75.59523809523809,35.11904761904761,94.64285714285714,35.11921068552045,25.51231924348482
2014-04-04,68.32927689594356,33.13492063492063,70.03968253968253,64.0873015873016,80.19999999999999,89.0873015873016,37.89682539682539,90.27777777777779,36.74565867467793,28.021938987789113
2014-04-07,51.99012345679012,44.642857142857146,21.23015873015873,64.08730158730158,72.15,44.24603174603175,39.48412698412698,88.69047619047619,33.53666134386582,23.091216398767738
2014-04-08,45.29417989417989,42.65873015873016,8.928571428571429,61.3095238095238,75.55,12.103174603174603,37.89682539682539,84.72222222222221,32.09890665260691,20.761432065163984
2014-04-09,46.659435626102294,50.198412698412696,8.134920634920634,54.56349206349206,80.9,27.976190476190478,33.53174603174603,75.59523809523809,32.041222568628996,22.223590592188536
2014-04-10,44.35943562610229,58.13492063492064,11.706349206349206,46.62698412698413,70.55,36.7063492063492,29.563492063492063,63.69047619047619,32.40902516165839,22.582589022685674
2014-04-11,42.409347442680776,50.0,15.277777777777779,44.642857142857146,64.85,37.5,22.42063492063492,66.86507936507937,32.866053451138974,22.624162248712867
2014-04-14,43.409523809523805,83.92857142857143,19.246031746031747,37.8968253968254,69.45,15.674603174603174,16.071428571428573,59.72222222222222,33.21316147708042,21.339571315839343
2014-04-15,45.88306878306878,93.05555555555556,4.9603174603174605,38.88888888888889,71.95,49.404761904761905,10.119047619047619,67.65873015873017,31.451900706903203,23.52379465417725
2014-04-16,49.963139329806,88.69047619047619,12.896825396825399,39.08730158730159,79.1,59.72222222222222,8.928571428571429,69.24603174603175,32.55813963461425,24.440362476217913
2014-04-17,56.319576719576716,86.30952380952381,43.84920634920635,34.12698412698413,83.2,64.0873015873016,8.531746031746032,59.72222222222222,34.79723805373589,24.75023252299547
2014-04-21,50.423280423280424,92.26190476190477,22.42063492063492,41.46825396825397,83.75,24.801587301587304,14.880952380952381,68.05555555555556,33.41513790563312,22.11385570127874
2014-04-22,49.80652557319224,87.5,12.103174603174603,41.666666666666664,84.05,43.452380952380956,22.42063492063492,60.912698412698404,32.39690093975826,22.994453386159062
2014-04-23,62.5042328042328,91.46825396825396,60.51587301587301,34.12698412698413,83.65,80.35714285714286,23.214285714285715,45.03968253968254,35.63552893977876,26.19905419589066
2014-04-24,76.82257495590828,94.24603174603175,98.61111111111111,45.23809523809524,83.4,97.42063492063492,24.801587301587304,65.67460317460318,42.21771911575776,31.696039939936526
2014-04-25,71.59118165784832,94.64285714285714,76.38888888888889,49.6031746031746,79.7,88.69047619047619,20.436507936507937,78.76984126984127,37.081009842247056,27.793605604688704
2014-04-28,72.66119929453261,98.21428571428571,70.03968253968253,53.57142857142857,80.14999999999999,94.64285714285714,17.261904761904763,89.88095238095238,36.487522193228564,29.754733318102517
2014-04-29,53.85837742504408,99.8015873015873,12.5,50.3968253968254,81.44999999999999,45.83333333333333,8.928571428571429,91.86507936507937,32.399878122366644,23.216871191235576
2014-04-30,56.02151675485009,99.40476190476191,28.373015873015873,47.420634920634924,82.95,39.88095238095239,5.753968253968254,89.0873015873016,33.710818234605455,22.711209916301573
2014-05-01,49.34303350970018,99.8015873015873,13.293650793650794,44.841269841269835,83.75,15.674603174603174,4.9603174603174605,84.72222222222221,32.507800316970346,21.355749715498774
2014-05-02,45.532098765432096,99.40476190476191,0.1984126984126984,46.03174603174603,85.45,0.992063492063492,8.928571428571429,83.13492063492063,30.107111412385724,18.608714739748507
2014-05-05,49.1883597883598,97.42063492063492,19.246031746031747,40.27777777777778,83.55000000000001,18.849206349206348,8.134920634920634,72.42063492063492,32.98406755748409,21.671287034515526
2014-05-06,59.291887125220455,97.42063492063492,60.11904761904761,43.05555555555556,81.0,24.801587301587304,11.706349206349206,74.40476190476191,35.51797456388901,22.104441826681207
2014-05-07,65.75485008818342,98.61111111111111,57.341269841269835,49.2063492063492,83.0,64.88095238095238,15.277777777777779,83.13492063492063,35.4273320034492,24.719597541100633
2014-05-08,62.767372134038794,99.8015873015873,46.62698412698413,50.0,82.85,56.15079365079365,8.928571428571429,91.07142857142857,34.785064178236645,23.990145687531065
2014-05-09,53.98659611992945,99.8015873015873,16.071428571428573,48.41269841269841,85.4,37.89682539682539,3.373015873015873,93.45238095238095,32.674112497879484,22.64487260822631
2014-05-12,47.456084656084656,96.23015873015873,3.373015873015873,48.214285714285715,88.85,1.7857142857142856,2.976190476190476,93.45238095238095,31.25831983286932,19.2974427669983
2014-05-13,50.433156966490294,98.21428571428571,15.674603174603174,47.817460317460316,89.35,2.1825396825396823,1.3888888888888888,94.24603174603175,32.60145879157237,19.388199433694133
2014-05-14,48.625044091710755,99.8015873015873,8.531746031746032,47.42063492063492,89.15,0.1984126984126984,1.3888888888888888,93.45238095238095,31.876062224968187,18.127728849563642
2014-05-15,53.00335097001764,99.8015873015873,43.452380952380956,39.682539682539684,84.15,2.976190476190476,4.166666666666666,75.1984126984127,34.623686128104666,19.412372485627376
2014-05-16,46.98024691358024,99.40476190476191,33.13492063492063,26.984126984126984,87.8,0.5952380952380952,11.30952380952381,42.65873015873016,33.83766840556608,18.29874675881582
2014-05-19,64.30846560846561,99.8015873015873,72.81746031746032,32.73809523809524,87.9,59.32539682539682,15.674603174603174,49.801587301587304,36.33193663800896,24.25141347538837
2014-05-20,54.73580246913579,99.8015873015873,28.373015873015873,49.6031746031746,85.19999999999999,16.865079365079367,28.76984126984127,70.43650793650794,33.542217237099536,21.281673003825315
2014-05-21,58.70229276895944,99.8015873015873,40.27777777777778,45.43650793650794,90.45,30.753968253968257,27.18253968253968,63.69047619047619,34.369661651142906,22.32250028929655
2014-05-22,56.871428571428574,99.40476190476191,27.579365079365083,51.58730158730159,89.85000000000001,22.817460317460316,25.198412698412696,77.97619047619048,33.521846210910965,21.921762605948715
2014-05-23,74.21640211640211,99.0079365079365,74.8015873015873,58.92857142857143,93.2,56.15079365079365,25.992063492063494,91.86507936507937,36.33497638561934,23.976508623001013
2014-05-27,76.16613756613756,98.61111111111111,74.8015873015873,57.34126984126984,92.45,80.35714285714286,25.198412698412696,89.48412698412699,36.34339273482612,26.128881774444164
2014-05-28,62.00017636684303,99.0079365079365,58.53174603174603,43.45238095238095,91.6,28.373015873015873,17.261904761904763,69.64285714285714,35.36402712829861,22.290456231189808
2014-05-29,66.55361552028218,98.61111111111111,71.62698412698413,40.476190476190474,92.15,51.388888888888886,21.23015873015873,59.72222222222222,36.10526430224241,23.57910211526084
2014-05-30,69.67460317460316,98.21428571428571,84.72222222222221,30.357142857142858,93.0,82.34126984126983,29.563492063492063,31.150793650793652,37.37920915070777,26.39908617317713
2014-06-02,60.32557319223986,99.0079365079365,61.30952380952381,26.984126984126984,92.1,56.15079365079365,31.150793650793652,22.817460317460316,35.47113338022441,24.039971402526728
2014-06-03,45.76172839506173,99.8015873015873,24.404761904761905,25.0,90.65,6.944444444444445,36.30952380952381,13.690476190476192,33.28622965118343,20.090571551331504
2014-06-04,53.046031746031744,96.62698412698413,44.24603174603175,27.579365079365076,89.6,30.357142857142854,35.11904761904761,20.03968253968254,34.54275608948749,22.361851944971754
2014-06-05,60.56719576719576,95.43650793650794,50.198412698412696,41.269841269841265,91.6,42.26190476190476,35.91269841269841,46.62698412698413,34.88778258913069,22.933636192726965
2014-06-06,66.03192239858907,95.03968253968253,65.27777777777779,42.460317460317455,96.35,48.61111111111111,37.5,47.42063492063492,35.5839448385067,23.431808148996687
2014-06-09,60.80335097001763,93.45238095238095,26.785714285714285,56.74603174603175,94.25,41.46825396825397,43.05555555555556,70.43650793650794,33.45257326160456,22.90752158201029
2014-06-10,66.33827160493827,94.24603174603175,40.67460317460318,59.722222222222214,95.05,52.182539682539684,43.84920634920635,75.59523809523809,34.331505038795015,23.641890796053282
2014-06-11,61.934744268077594,95.03968253968253,33.53174603174603,66.66666666666666,92.0,11.30952380952381,54.166666666666664,79.16666666666666,33.772128230145505,20.562594347353837
2014-06-12,57.09823633156966,94.64285714285714,22.817460317460316,61.7063492063492,87.2,14.087301587301587,58.53174603174603,64.88095238095238,33.12823722295798,20.968273099722925
2014-06-13,75.50987654320987,96.62698412698413,87.89682539682539,55.35714285714286,89.1,62.89682539682539,55.75396825396825,54.96031746031746,37.87477182161462,24.558373161086827
2014-06-16,48.66490299823632,95.03968253968253,12.103174603174603,32.34126984126984,86.75,48.214285714285715,49.007936507936506,15.674603174603174,32.26598794796903,23.457052743578174
2014-06-17,43.08148148148148,93.05555555555556,9.325396825396826,30.952380952380953,89.7,3.7698412698412698,49.007936507936506,12.896825396825399,31.999611310329918,19.52151010331696
2014-06-18,40.481834215167545,91.46825396825396,1.7857142857142856,24.8015873015873,96.95,0.992063492063492,45.03968253968254,4.563492063492063,30.890862449530065,18.328019089413303
2014-06-19,41.5289241622575,89.88095238095238,1.3888888888888888,27.182539682539684,96.9,5.753968253968254,50.595238095238095,3.7698412698412698,30.78313674476929,19.778098056101285
2014-06-20,46.961199294532626,91.07142857142857,20.03968253968254,29.96031746031746,95.75,10.119047619047619,57.738095238095234,2.1825396825396823,32.760759560857764,20.40350743217287
2014-06-23,45.802645502645504,88.69047619047619,11.706349206349206,35.11904761904762,95.1,4.563492063492063,68.45238095238095,1.7857142857142856,32.052422686891305,19.530345916005928
2014-06-24,48.6694885361552,84.32539682539682,16.46825396825397,35.51587301587302,89.35,35.51587301587302,67.65873015873017,3.373015873015873,32.44105104879336,22.597240554198127
2014-06-25,41.6416225749559,83.53174603174604,0.1984126984126984,32.738095238095234,92.05,8.531746031746032,60.51587301587301,4.9603174603174605,28.708517115134946,20.14532732141342
2014-06-26,40.671252204585535,82.73809523809523,0.5952380952380952,31.944444444444443,91.85,2.579365079365079,57.341269841269835,6.547619047619048,29.106815718715428,18.662637896957655
2014-06-27,42.09647266313933,80.75396825396825,5.753968253968254,31.944444444444443,93.7,3.373015873015873,53.37301587301587,10.515873015873016,31.2710677420595,18.85042108800592
2014-06-30,40.18677248677248,80.35714285714286,1.3888888888888888,31.349206349206348,92.15,0.1984126984126984,44.642857142857146,18.055555555555554,30.21122651937277,16.219783038055805
2014-07-01,43.23280423280423,81.94444444444444,2.1825396825396823,36.70634920634921,94.25,4.166666666666666,53.37301587301587,20.03968253968254,30.55281857430412,18.868820314748223
2014-07-02,49.13298059964727,87.10317460317461,0.5952380952380952,50.3968253968254,95.9,10.912698412698413,70.83333333333334,29.96031746031746,29.02264207382291,20.22462867953401
2014-07-03,46.58007054673721,84.72222222222221,1.3888888888888888,41.468253968253975,98.4,10.515873015873016,65.27777777777779,17.658730158730158,29.28832787854615,20.175614048361513
2014-07-07,59.43492063492064,85.51587301587301,25.992063492063494,61.30952380952381,93.35,26.785714285714285,74.40476190476191,48.214285714285715,32.95586474627144,22.18681576601108
2014-07-08,73.04250440917107,81.54761904761905,71.23015873015873,66.46825396825398,90.1,53.769841269841265,74.8015873015873,58.13492063492064,35.67430747515067,23.816695609418538
2014-07-09,63.157848324514994,85.9126984126984,52.182539682539684,55.15873015873016,91.75,29.166666666666668,71.62698412698413,38.69047619047619,34.58068709209821,22.29500244361558
2014-07-10,55.764197530864195,87.5,43.05555555555556,43.65079365079365,87.05,23.214285714285715,58.13492063492064,29.166666666666668,33.94004973112277,22.04941791963767
2014-07-11,50.95167548500882,86.30952380952381,3.373015873015873,55.55555555555556,89.6,19.642857142857142,58.53174603174603,52.57936507936508,30.712577548192186,21.5758246870855
2014-07-14,51.02010582010582,84.72222222222221,10.119047619047619,50.0,90.9,22.42063492063492,52.976190476190474,47.023809523809526,31.49234834833522,21.981576981232585
2014-07-15,53.77460317460317,83.53174603174604,27.579365079365083,53.57142857142857,90.19999999999999,4.166666666666666,58.92857142857143,48.214285714285715,32.97708115016948,19.22135338581062
2014-07-16,75.65255731922399,84.32539682539682,85.11904761904762,71.82539682539684,95.0,20.833333333333336,71.23015873015873,72.42063492063492,37.237150777898485,21.78265475388488
2014-07-17,71.34444444444445,86.30952380952381,77.18253968253968,72.02380952380952,77.30000000000001,30.753968253968257,73.61111111111111,70.43650793650794,36.13070001419036,22.29697170450514
2014-07-18,65.45802469135802,85.51587301587301,70.43650793650794,43.45238095238095,89.7,52.976190476190474,56.547619047619044,30.357142857142854,35.55324146270073,23.652547437959416
2014-07-21,50.03033509700175,83.13492063492063,33.92857142857143,30.753968253968253,85.95,35.11904761904761,41.07142857142857,20.436507936507937,33.39288820221495,22.491342503503777
2014-07-22,49.67160493827161,84.32539682539682,37.10317460317461,29.365079365079367,88.8,22.817460317460316,33.92857142857143,24.801587301587304,33.54131355314061,21.93137544126758
2014-07-23,64.42663139329805,89.0873015873016,83.53174603174604,17.658730158730158,92.4,85.9126984126984,27.18253968253968,8.134920634920634,36.97053178007345,26.91808940104182
2014-07-24,56.48730158730159,79.16666666666666,52.182539682539684,21.626984126984127,90.8,78.37301587301587,31.547619047619047,11.706349206349206,34.502669126769646,25.77477682518762
2014-07-25,64.95643738977071,74.40476190476191,90.27777777777779,33.73015873015873,86.55,55.35714285714286,42.26190476190476,25.198412698412696,38.00182828727255,23.9289373658674
2014-07-28,49.97742504409171,69.64285714285714,35.11904761904761,35.317460317460316,87.2,29.563492063492063,46.62698412698413,24.00793650793651,33.49864531097495,22.265281008820086
2014-07-29,40.22680776014109,71.23015873015873,3.7698412698412698,36.507936507936506,83.6,6.547619047619048,53.769841269841265,19.246031746031747,30.742670166680185,19.605770031413307
2014-07-30,37.96666666666666,70.03968253968253,4.166666666666666,32.14285714285714,83.35,0.1984126984126984,52.976190476190474,11.30952380952381,30.74654148743361,15.692301051328448
2014-07-31,33.216931216931215,71.62698412698413,6.547619047619048,27.57936507936508,65.25,0.992063492063492,47.817460317460316,7.341269841269842,31.131027396753396,17.32891046953819
2014-08-01,33.70123456790123,71.62698412698413,6.547619047619048,27.976190476190474,64.85,4.9603174603174605,49.007936507936506,6.944444444444445,31.055852488062353,19.15019132529001
2014-08-04,33.574779541446205,72.02380952380952,3.373015873015873,24.007936507936506,74.4,2.579365079365079,42.26190476190476,5.753968253968254,30.624555988580948,18.33643758822748
2014-08-05,30.28553791887125,66.86507936507937,7.341269841269842,19.444444444444443,65.65,1.3888888888888888,35.91269841269841,2.976190476190476,31.098464120255414,17.96261863904903
2014-08-06,27.622398589065252,66.07142857142857,1.7857142857142856,13.88888888888889,68.14999999999999,0.992063492063492,24.00793650793651,3.7698412698412698,29.54415245064923,17.009614911399826
2014-08-07,30.607054673721336,61.70634920634921,14.087301587301587,15.079365079365079,66.69999999999999,6.944444444444445,25.595238095238095,4.563492063492063,31.58531668482873,19.276946497771476
2014-08-08,31.177072310405645,62.10317460317461,20.436507936507937,10.912698412698413,71.15,2.579365079365079,19.642857142857142,2.1825396825396823,32.26065502171666,18.281530242806237
2014-08-11,43.09541446208112,66.07142857142857,22.42063492063492,13.492063492063492,78.85,78.76984126984127,24.00793650793651,2.976190476190476,32.39619937006047,25.723860314988883
2014-08-12,35.137742504409175,60.912698412698404,7.341269841269842,21.42857142857143,79.35,17.658730158730158,35.51587301587302,7.341269841269842,30.936760865314483,20.567599252979495
2014-08-13,44.55114638447971,57.341269841269835,33.13492063492063,28.37301587301587,85.5,21.23015873015873,48.61111111111111,8.134920634920634,33.10112852200828,21.08957136144299
2014-08-14,41.64532627865962,57.738095238095234,21.626984126984127,30.753968253968253,87.9,5.753968253968254,49.801587301587304,11.706349206349206,32.300551756414265,18.827419482958526
2014-08-15,41.429453262786595,56.94444444444444,11.30952380952381,32.93650793650794,84.25,25.992063492063494,52.57936507936508,13.293650793650794,31.274583716124386,21.872343197556724
2014-08-18,42.61622574955908,54.563492063492056,7.738095238095238,38.095238095238095,88.4,22.42063492063492,61.30952380952381,14.880952380952381,31.035861924077256,21.288072018489515
2014-08-19,60.15467372134038,50.198412698412696,82.34126984126983,31.746031746031747,88.94999999999999,53.37301587301587,50.198412698412696,13.293650793650794,36.36761661731926,23.471775539566856
2014-08-20,53.02663139329806,45.83333333333333,70.03968253968253,31.944444444444443,91.10000000000001,13.293650793650794,51.388888888888886,12.5,35.442987396454164,20.064493236999873
2014-08-21,57.59029982363315,50.198412698412696,77.57936507936508,32.73809523809524,91.2,32.34126984126984,52.57936507936508,12.896825396825399,35.907013875262294,22.200662677697277
2014-08-22,58.772310405643736,55.75396825396825,76.38888888888889,37.698412698412696,92.64999999999999,22.023809523809522,58.53174603174603,16.865079365079367,35.853745041380805,21.101120579605517
2014-08-25,53.7768959435626,61.70634920634921,52.976190476190474,31.944444444444443,91.5,37.5,48.214285714285715,15.674603174603174,34.29387749400829,22.32856500003032
2014-08-26,46.6015873015873,60.912698412698404,29.166666666666668,32.142857142857146,91.85,20.03968253968254,46.230158730158735,18.055555555555554,32.732140062164355,20.80472281439812
2014-08-27,52.343209876543206,56.15079365079365,43.84920634920635,31.746031746031743,91.10000000000001,49.801587301587304,45.83333333333333,17.658730158730158,33.63952947961634,22.98851587597481
2014-08-28,63.52910052910053,55.35714285714286,90.67460317460318,32.34126984126984,89.75,58.53174603174603,45.43650793650794,19.246031746031747,37.708300325338776,23.69039461655745
2014-08-29,55.91287477954144,50.99206349206349,74.8015873015873,32.53968253968254,90.1,24.801587301587304,51.388888888888886,13.690476190476192,35.63377925688521,21.431834935587887
2014-09-02,66.37125220458553,45.43650793650794,86.70634920634922,51.58730158730158,88.75,46.230158730158735,72.81746031746032,30.357142857142854,37.000789691854266,22.683371100465788
2014-09-03,77.88924162257496,50.99206349206349,97.81746031746032,61.507936507936506,88.2,93.45238095238095,79.16666666666666,43.84920634920635,40.61119361236156,28.681253242501597
2014-09-04,74.93262786596121,52.57936507936508,87.5,70.63492063492063,86.8,61.30952380952381,79.56349206349206,61.70634920634921,37.149530118028466,23.880274270460973
2014-09-05,67.03403880070546,52.182539682539684,52.976190476190474,59.52380952380952,89.55,87.5,79.16666666666666,39.88095238095239,34.18795310698094,26.742430931790267
2014-09-08,68.98007054673721,50.595238095238095,73.61111111111111,70.03968253968254,86.7,39.48412698412698,79.96031746031747,60.11904761904761,35.5941379159578,22.38756051054199
2014-09-09,75.71869488536154,48.214285714285715,99.40476190476191,56.94444444444444,82.5,98.61111111111111,75.9920634920635,37.89682539682539,42.345635709569095,31.342206600253203
2014-09-10,68.4710758377425,53.37301587301587,86.70634920634922,50.198412698412696,85.6,67.65873015873017,66.07142857142857,34.32539682539682,37.04631455725536,24.457227464254842
2014-09-11,56.94179894179894,50.198412698412696,56.547619047619044,50.0,86.0,27.18253968253968,64.88095238095238,35.11904761904761,34.510401441753025,21.844591667363286
2014-09-12,58.62380952380951,51.78571428571429,58.13492063492064,55.55555555555556,83.44999999999999,25.992063492063494,74.0079365079365,37.10317460317461,34.5743039525834,21.577810279226743
2014-09-15,72.0536155202822,64.48412698412699,93.05555555555556,49.60317460317461,79.4,90.27777777777779,68.84920634920636,30.357142857142854,38.006922392648235,27.280160519526092
2014-09-16,60.37054673721341,70.83333333333334,64.0873015873016,44.44444444444444,86.35,38.2936507936508,69.64285714285714,19.246031746031747,34.922016172392276,22.321588166466785
2014-09-17,51.17813051146384,70.03968253968253,39.88095238095239,41.07142857142857,86.75,14.087301587301587,74.8015873015873,7.341269841269842,33.415059620852105,20.12637828351987
2014-09-18,54.292063492063484,72.42063492063492,57.738095238095234,38.69047619047619,89.85000000000001,4.9603174603174605,75.59523809523809,1.7857142857142856,34.53860904851641,18.65604398247208
2014-09-19,63.1978835978836,73.61111111111111,68.84920634920636,35.11904761904762,89.45,73.21428571428571,69.64285714285714,0.5952380952380952,35.34877510756975,24.8824272812793
2014-09-22,50.639858906525575,79.16666666666666,41.07142857142857,35.91269841269841,81.55000000000001,23.61111111111111,71.62698412698413,0.1984126984126984,33.478234561518164,21.178662315933337
2014-09-23,47.78500881834214,85.11904761904762,35.11904761904761,34.523809523809526,75.35,20.436507936507937,68.84920634920636,0.1984126984126984,33.11487291332303,20.672093901096734
2014-09-24,42.68500881834215,81.54761904761905,18.849206349206348,29.960317460317462,83.65,7.738095238095238,58.92857142857143,0.992063492063492,32.03277922071786,19.20936218517175
2014-09-25,60.9731922398589,76.38888888888889,89.48412698412699,29.365079365079364,71.8,61.70634920634921,56.94444444444444,1.7857142857142856,37.27000184947731,23.742750108154667
2014-09-26,51.11463844797178,78.37301587301587,59.72222222222222,27.182539682539684,75.75,29.166666666666668,52.182539682539684,2.1825396825396823,34.571942103905414,21.799903236084337
2014-09-29,48.977248677248674,86.70634920634922,60.912698412698404,24.404761904761905,70.1,18.849206349206348,43.452380952380956,5.357142857142857,34.58850851515894,20.520681754249395
2014-09-30,48.147619047619045,90.67460317460318,62.5,22.619047619047617,68.45,12.896825396825399,41.07142857142857,4.166666666666666,34.730632946275364,19.857286039385794
2014-10-01,32.24902998236332,50.0,14.880952380952381,25.396825396825395,66.44999999999999,1.3888888888888888,45.03968253968254,5.753968253968254,31.56540438074066,17.18714498399807
2014-10-02,29.02416225749559,50.0,6.15079365079365,19.444444444444443,69.2,2.1825396825396823,31.547619047619047,7.341269841269842,30.792796320567735,17.52680218634345
2014-10-03,33.3042328042328,50.0,17.658730158730158,19.246031746031747,77.25,2.1825396825396823,29.166666666666668,9.325396825396826,31.742553529454,17.39023221686441
2014-10-06,41.61851851851852,67.65873015873017,40.67460317460318,20.436507936507937,72.7,18.849206349206348,27.976190476190478,12.896825396825399,33.3927035443926,20.273785628192346
2014-10-07,28.331569664902997,50.0,6.944444444444445,20.833333333333336,64.0,0.5952380952380952,26.38888888888889,15.277777777777779,30.878499535374722,16.218476412407536
2014-10-08,32.96860670194003,64.88095238095238,10.912698412698413,19.642857142857146,74.45,2.1825396825396823,24.00793650793651,15.277777777777779,31.183864378675985,17.252243465723797
2014-10-09,33.21199294532628,50.0,33.13492063492063,19.642857142857142,56.199999999999996,11.30952380952381,25.198412698412696,14.087301587301587,32.94207022424623,19.36940241451485
2014-10-10,40.1400352733686,50.0,70.03968253968253,18.849206349206348,46.900000000000006,20.833333333333336,23.61111111111111,14.087301587301587,35.36366155699668,20.347639743546775
2014-10-13,22.81904761904762,50.0,17.658730158730158,12.896825396825397,38.4,4.563492063492063,18.452380952380953,7.341269841269842,31.653556280828056,18.1988611699487
2014-10-14,22.193386243386243,50.0,10.119047619047619,12.301587301587302,43.025000000000006,6.547619047619048,15.277777777777779,9.325396825396826,31.134031530748587,18.44320637816086
2014-10-15,23.600088183421516,50.0,15.674603174603174,11.706349206349206,34.375,27.18253968253968,15.277777777777779,8.134920634920634,31.469020505658573,20.88158051550702
2014-10-16,19.575837742504408,50.0,1.7857142857142856,9.523809523809524,37.0,20.03968253968254,13.690476190476192,5.357142857142857,29.38110684855913,20.222683212516003
2014-10-17,27.774514991181658,50.0,11.30952380952381,9.325396825396826,45.025000000000006,59.32539682539682,13.293650793650794,5.357142857142857,31.1576328448376,23.01947049986436
2014-10-20,40.6320987654321,50.0,56.547619047619044,10.714285714285715,57.15,56.15079365079365,14.484126984126986,6.944444444444445,34.35336158042874,22.7671746524047
2014-10-21,40.09188712522046,50.0,53.37301587301587,12.301587301587302,69.60000000000001,27.976190476190478,16.865079365079367,7.738095238095238,33.956049473123315,20.894896074766294
2014-10-22,31.48924162257495,50.0,22.023809523809522,13.88888888888889,60.64999999999999,26.38888888888889,15.674603174603174,12.103174603174603,32.00054478615878,20.728675214413677
2014-10-23,34.87407407407407,50.0,31.150793650793652,12.6984126984127,67.35,28.76984126984127,14.087301587301587,11.30952380952381,32.572698244639184,20.94379420550325
2014-10-24,53.30811287477954,50.0,81.54761904761905,15.674603174603174,69.45,80.75396825396825,19.642857142857142,11.706349206349206,36.00329672456365,25.014244710889844
2014-10-27,26.82063492063492,24.00793650793651,2.579365079365079,20.833333333333332,69.80000000000001,10.119047619047619,23.61111111111111,18.055555555555554,29.69836429394982,18.922802887958355
2014-10-28,36.30388007054673,19.246031746031747,15.674603174603174,22.61904761904762,78.05,52.182539682539684,27.579365079365083,17.658730158730158,31.417387921751978,22.516068481023257
2014-10-29,35.525573192239854,23.61111111111111,2.579365079365079,27.976190476190474,74.25,58.53174603174603,37.89682539682539,18.055555555555554,29.62216211364175,22.77654796524704
2014-10-30,48.681481481481484,23.214285714285715,39.88095238095239,45.23809523809524,77.4,44.642857142857146,64.48412698412699,25.992063492063494,33.095815605937105,22.264503668377028
2014-10-31,39.70211640211641,18.452380952380953,15.674603174603174,48.01587301587301,79.85000000000001,3.7698412698412698,73.21428571428571,22.817460317460316,31.332321624946086,17.555971733550845
2014-11-03,36.962257495590826,24.801587301587304,5.357142857142857,46.62698412698413,76.35,4.563492063492063,77.57936507936508,15.674603174603174,30.672706305959686,18.10703904716177
2014-11-04,39.16543209876543,19.642857142857142,10.515873015873016,51.78571428571428,75.55,5.357142857142857,82.73809523809523,20.833333333333336,31.041135262487522,18.198629881561466
2014-11-05,39.39223985890652,25.992063492063494,0.5952380952380952,55.75396825396825,79.15,1.7857142857142856,83.92857142857143,27.579365079365083,28.977407973780206,17.08550226462609
2014-11-06,53.59417989417989,23.214285714285715,52.182539682539684,52.38095238095238,81.65,34.32539682539682,83.92857142857143,20.833333333333336,33.581946704480885,21.332098089623848
2014-11-07,51.00864197530864,25.198412698412696,50.99206349206349,54.166666666666664,84.4,0.5952380952380952,84.32539682539682,24.00793650793651,33.523487986164675,15.866059790195969
2014-11-10,47.38606701940035,22.42063492063492,23.214285714285715,56.34920634920634,86.65,15.277777777777779,82.73809523809523,29.96031746031746,31.732513978355374,19.388443566292082
2014-11-11,47.72557319223986,23.61111111111111,16.071428571428573,57.93650793650794,85.4,29.166666666666668,83.92857142857143,31.944444444444443,31.271431842754094,20.686438042314066
2014-11-12,40.80229276895944,20.833333333333336,5.753968253968254,50.198412698412696,84.9,14.484126984126986,81.94444444444444,18.452380952380953,30.65479314848799,19.303049229727502
2014-11-13,45.74479717813051,27.579365079365083,4.563492063492063,58.73015873015873,81.05000000000001,36.7063492063492,81.15079365079364,36.30952380952381,30.21891833972737,21.375790492417117
2014-11-14,54.7437389770723,31.944444444444443,41.46825396825397,55.95238095238095,83.44999999999999,43.05555555555556,80.75396825396825,31.150793650793652,32.991439126402774,21.9809177321232
2014-11-17,51.91587301587302,32.73809523809524,23.214285714285715,55.15873015873016,80.05,62.5,81.15079365079364,29.166666666666668,31.602579191487244,22.86653693495247
2014-11-18,48.753439153439146,31.944444444444443,39.08730158730159,51.58730158730158,80.7,12.5,78.76984126984127,24.404761904761905,32.89778909330505,19.01418464817506
2014-11-19,43.4395061728395,33.92857142857143,4.166666666666666,57.539682539682545,80.19999999999999,15.674603174603174,75.9920634920635,39.08730158730159,30.1596564324988,19.38560288097214
2014-11-20,48.9984126984127,29.166666666666668,38.69047619047619,50.5952380952381,82.1,18.452380952380953,76.78571428571429,24.404761904761905,32.7966125586482,19.728769497694547
2014-11-21,46.33686067019401,27.18253968253968,31.547619047619047,47.22222222222223,85.5,14.087301587301587,77.97619047619048,16.46825396825397,32.357547257312866,19.24938638510363
2014-11-24,51.78465608465608,25.595238095238095,51.388888888888886,51.78571428571428,86.9,8.531746031746032,79.16666666666666,24.404761904761905,33.42987640072503,18.353666702623332
2014-11-25,51.86507936507936,25.992063492063494,46.62698412698413,52.38095238095237,88.75,12.896825396825399,82.73809523809523,22.023809523809522,33.15626403186808,18.95762434618497
2014-11-26,71.02451499118166,19.642857142857142,97.02380952380952,50.00000000000001,89.65,96.23015873015873,86.70634920634922,13.293650793650794,39.29955188643386,29.045432008957604
2014-11-28,49.45255731922398,21.626984126984127,47.023809523809526,46.62698412698413,83.35,22.817460317460316,87.89682539682539,5.357142857142857,33.1619175822878,20.096082741946052
2014-12-01,52.66278659611993,31.944444444444443,39.48412698412698,49.8015873015873,78.55000000000001,56.547619047619044,85.51587301587301,14.087301587301587,32.86197266242818,22.49066476300087
2014-12-02,41.4320987654321,31.547619047619047,10.119047619047619,45.43650793650794,85.75,13.293650793650794,84.32539682539682,6.547619047619048,30.84592873294561,19.00519011885945
2014-12-03,38.834038800705464,27.976190476190478,5.357142857142857,44.047619047619044,87.64999999999999,3.373015873015873,81.94444444444444,6.15079365079365,30.419824874768185,17.296548244450623
2014-12-04,46.032804232804224,28.76984126984127,34.72222222222222,45.63492063492063,88.1,2.976190476190476,83.92857142857143,7.341269841269842,32.40403403596276,17.23607745529013
2014-12-05,44.11975308641975,29.166666666666668,11.30952380952381,48.611111111111114,90.9,17.658730158730158,87.10317460317461,10.119047619047619,30.88563349682525,19.320849697473108
2014-12-08,42.67671957671957,26.785714285714285,17.261904761904763,48.8095238095238,78.94999999999999,18.452380952380953,88.29365079365078,9.325396825396826,31.245888612460902,19.379256961460325
2014-12-09,39.71657848324515,17.658730158730158,14.484126984126986,47.22222222222223,75.55,18.055555555555554,86.70634920634922,7.738095238095238,31.10824196632439,19.33482501154589
2014-12-10,30.954320987654317,24.404761904761905,4.563492063492063,42.857142857142854,57.349999999999994,1.7857142857142856,82.34126984126983,3.373015873015873,30.205693811288896,16.714022542932643
2014-12-11,27.623104056437388,20.436507936507937,3.7698412698412698,39.48412698412698,49.800000000000004,2.579365079365079,77.57936507936508,1.3888888888888888,29.805331021577263,17.07871200156468
2014-12-12,31.07989417989418,15.277777777777779,25.198412698412696,37.8968253968254,47.300000000000004,5.753968253968254,74.40476190476191,1.3888888888888888,31.57280996643203,17.398932691033366
2014-12-15,35.74550264550265,50.0,32.73809523809524,33.53174603174603,48.949999999999996,7.738095238095238,66.07142857142857,0.992063492063492,32.184634950484444,18.123567835185515
2014-12-16,28.616313932980603,50.0,8.928571428571429,30.357142857142854,41.075,16.46825396825397,60.51587301587301,0.1984126984126984,30.738631598062007,19.1000850059106
2014-12-17,22.050793650793647,8.928571428571429,4.166666666666666,24.6031746031746,52.79999999999999,1.7857142857142856,49.007936507936506,0.1984126984126984,29.952669276510957,16.56780780737427
2014-12-18,32.27019400352734,11.30952380952381,29.96031746031746,25.59523809523809,65.95000000000002,10.515873015873016,50.99206349206349,0.1984126984126984,31.775764449651856,18.32714554100471
2014-12-19,35.5358024691358,8.928571428571429,33.53174603174603,31.547619047619044,67.55000000000001,14.087301587301587,62.89682539682539,0.1984126984126984,32.09301435658806,18.67650774501572
2014-12-22,53.69047619047618,8.134920634920634,64.48412698412699,39.285714285714285,73.75,80.75396825396825,78.37301587301587,0.1984126984126984,33.92546947694946,24.330076199548095
2014-12-23,56.17460317460318,6.547619047619048,87.10317460317461,42.460317460317455,76.0,45.43650793650794,84.72222222222221,0.1984126984126984,36.255477802849654,21.750334229488004
2014-12-24,47.5694885361552,7.738095238095238,53.769841269841265,46.03174603174603,78.15,18.452380952380953,91.86507936507937,0.1984126984126984,33.31122257588186,19.20466721503634
2014-12-26,50.004409171075835,8.531746031746032,35.11904761904761,49.404761904761905,77.5,68.05555555555556,97.81746031746032,0.992063492063492,32.25008433801004,22.929828246263437
2014-12-29,38.4915343915344,8.928571428571429,1.7857142857142856,50.5952380952381,74.7,32.73809523809524,99.40476190476191,1.7857142857142856,29.16440551735334,20.39444745253182
2014-12-30,40.908994708994705,4.563492063492063,28.373015873015873,51.19047619047619,70.4,12.5,99.8015873015873,2.579365079365079,31.606369959959224,18.468604454319422
2014-12-31,38.94003527336861,5.753968253968254,31.150793650793652,51.1904761904762,54.0,20.833333333333336,99.40476190476191,2.976190476190476,31.862179947346124,19.290729741236472
2015-01-02,42.75537918871252,8.531746031746032,41.86507936507937,51.19047619047619,61.050000000000004,16.865079365079367,98.21428571428571,4.166666666666666,32.51843893860011,18.926046545526496
2015-01-05,34.85520282186948,4.9603174603174605,18.849206349206348,51.38888888888889,50.39999999999999,16.071428571428573,98.61111111111111,4.166666666666666,31.176870360832144,18.864481424528698
2015-01-06,36.74550264550264,2.976190476190476,38.69047619047619,49.8015873015873,47.199999999999996,6.547619047619048,94.64285714285714,4.9603174603174605,32.36333416180458,17.461554296811617
2015-01-07,31.58677248677249,1.7857142857142856,14.087301587301587,48.80952380952381,53.45000000000001,0.992063492063492,92.65873015873017,4.9603174603174605,30.90277547971819,16.204441769526163
2015-01-08,43.11499118165784,0.5952380952380952,50.99206349206349,49.007936507936506,64.94999999999999,8.531746031746032,91.86507936507937,6.15079365079365,32.982049464912535,18.055952449275097
2015-01-09,39.472663139329796,0.1984126984126984,38.2936507936508,48.611111111111114,62.24999999999999,8.134920634920634,91.86507936507937,5.357142857142857,32.318526500217246,17.905822882241512
2015-01-12,33.31481481481481,0.1984126984126984,23.214285714285715,47.023809523809526,51.99999999999999,8.134920634920634,89.0873015873016,4.9603174603174605,31.384697581733246,17.79160138642098
2015-01-13,38.048677248677244,0.1984126984126984,45.03968253968254,46.03174603174603,48.6,16.865079365079367,87.10317460317461,4.9603174603174605,32.65465311593796,18.7006212679018
2015-01-14,39.47760141093474,0.992063492063492,55.35714285714286,44.44444444444444,46.3,17.658730158730158,83.13492063492063,5.753968253968254,33.140932632343635,18.819472063881747
2015-01-15,43.40326278659612,2.579365079365079,67.26190476190477,43.849206349206355,44.025,33.92857142857143,79.96031746031747,7.738095238095238,33.91553870229589,20.134434343025017
2015-01-16,42.19708994708995,11.706349206349206,69.64285714285714,39.285714285714285,47.625,15.674603174603174,73.61111111111111,4.9603174603174605,34.27472389297858,18.642797529837875
2015-01-20,42.91322751322751,16.46825396825397,47.42063492063492,44.24603174603175,50.55,41.07142857142857,79.56349206349206,8.928571428571429,32.764060584969776,20.67003292338737
2015-01-21,43.032627865961196,16.865079365079367,23.214285714285715,44.84126984126984,55.74999999999999,77.97619047619048,80.35714285714286,9.325396825396826,31.374562055250877,23.678380371916752
2015-01-22,52.32451499118166,18.452380952380953,66.46825396825396,46.82539682539682,68.0,43.05555555555556,84.32539682539682,9.325396825396826,33.83010229824095,20.841700351509246
2015-01-23,41.167019400352736,14.880952380952381,6.944444444444445,50.992063492063494,66.69999999999999,55.35714285714286,92.65873015873017,9.325396825396826,30.291339118774573,21.987891441786175
2015-01-26,61.74585537918871,10.515873015873016,94.24603174603175,53.76984126984127,72.4,50.595238095238095,95.43650793650794,12.103174603174603,37.346450382937476,21.67832731007425
2015-01-27,64.0015873015873,2.1825396825396823,97.81746031746032,53.769841269841265,63.900000000000006,89.0873015873016,94.64285714285714,12.896825396825399,40.3094583690334,25.262904349007798
2015-01-28,59.34550264550264,2.1825396825396823,97.02380952380952,49.801587301587304,48.9,90.67460317460318,93.84920634920636,5.753968253968254,38.82938330897018,25.79738356462299
2015-01-29,51.598236331569666,7.341269841269842,56.94444444444444,47.61904761904762,56.199999999999996,87.89682539682539,90.27777777777779,4.9603174603174605,33.19476661332427,24.893914879044637
2015-01-30,42.38439153439153,12.5,26.785714285714285,44.24603174603174,47.575,87.5,84.72222222222221,3.7698412698412698,31.518236305666225,24.784275458518643
2015-02-02,37.758553791887124,18.055555555555554,24.00793650793651,41.666666666666664,52.85,43.05555555555556,79.56349206349206,3.7698412698412698,31.381275942418895,20.808086524339544
2015-02-03,31.18536155202822,19.246031746031747,2.579365079365079,42.06349206349206,63.35000000000001,3.373015873015873,77.97619047619048,6.15079365079365,29.328023411458993,17.050624963202303
2015-02-04,47.093650793650795,18.849206349206348,53.37301587301587,42.857142857142854,58.35000000000001,52.976190476190474,72.02380952380952,13.690476190476192,33.07804073259334,21.846983405023693
2015-02-05,35.179894179894184,18.849206349206348,12.5,44.642857142857146,65.75,7.341269841269842,73.61111111111111,15.674603174603174,30.792283478844706,17.417621301689724
2015-02-06,46.11075837742504,21.23015873015873,64.48412698412699,43.05555555555556,63.550000000000004,8.531746031746032,69.24603174603175,16.865079365079367,33.58087347722894,17.543013220627824
2015-02-09,37.70017636684303,23.214285714285715,35.51587301587302,43.452380952380956,57.24999999999999,0.1984126984126984,68.84920634920636,18.055555555555554,32.041378985389656,15.426711916709538
2015-02-10,50.608641975308636,22.023809523809522,77.18253968253968,42.06349206349206,63.849999999999994,25.198412698412696,68.05555555555556,16.071428571428573,34.79657328249605,19.22751622305046
2015-02-11,54.19347442680776,25.595238095238095,75.59523809523809,44.642857142857146,65.19999999999999,46.62698412698413,70.83333333333334,18.452380952380953,34.63962130115398,21.09539263846084
2015-02-12,64.34885361552027,24.404761904761905,91.46825396825396,47.22222222222222,73.3,83.53174603174604,74.8015873015873,19.642857142857142,36.97793696649213,24.22438242173527
2015-02-13,55.5252204585538,27.579365079365083,71.23015873015873,50.5952380952381,76.55,24.801587301587304,80.35714285714286,20.833333333333336,34.380330474933174,19.215094614190033
2015-02-17,49.882716049382715,24.00793650793651,52.182539682539684,51.785714285714285,71.0,23.214285714285715,85.11904761904762,18.452380952380953,33.04895378159899,19.02845411019249
2015-02-18,40.30687830687831,17.261904761904763,16.071428571428573,54.16666666666667,72.75,5.357142857142857,93.05555555555556,15.277777777777779,30.97940422674238,17.203417472580547
2015-02-19,43.94585537918871,14.484126984126986,5.753968253968254,54.36507936507937,73.55000000000001,59.32539682539682,95.43650793650794,13.293650793650794,30.143142865896817,22.052210876879457
2015-02-20,42.863315696649025,12.896825396825399,20.436507936507937,53.37301587301587,78.5,14.880952380952381,96.23015873015873,10.515873015873016,31.161134090187314,18.327955454584853
2015-02-23,57.52151675485008,12.5,66.86507936507937,52.976190476190474,77.19999999999999,58.13492063492064,97.02380952380952,8.928571428571429,33.89909297002542,21.974554001849356
2015-02-24,62.91940035273368,18.452380952380953,91.07142857142857,54.761904761904766,81.55000000000001,38.2936507936508,97.42063492063492,12.103174603174603,36.68475481340858,20.217734462528334
2015-02-25,68.33033509700175,18.055555555555554,97.02380952380952,55.35714285714286,80.8,75.1984126984127,97.81746031746032,12.896825396825399,38.07465295577883,22.966271739305324
2015-02-26,69.9721340388007,24.801587301587304,94.64285714285714,56.54761904761905,80.45,85.11904761904762,97.81746031746032,15.277777777777779,37.36568590709377,24.141588828650317
2015-02-27,58.590476190476195,22.42063492063492,65.27777777777779,55.55555555555556,83.3,41.07142857142857,98.61111111111111,12.5,33.80819896458968,20.478637271239325
2015-03-02,57.336507936507935,22.817460317460316,69.24603174603175,54.76190476190476,84.8,20.833333333333336,97.02380952380952,12.5,34.19502457214563,18.8446096591574
2015-03-03,50.53915343915344,27.579365079365083,50.99206349206349,53.769841269841265,80.7,2.579365079365079,99.0079365079365,8.531746031746032,32.99056651431437,16.31771874129017
2015-03-04,45.74091710758377,24.801587301587304,33.92857142857143,53.57142857142858,78.85,0.5952380952380952,99.40476190476191,7.738095238095238,32.01337498378566,15.493354189850256
2015-03-05,60.92116402116402,18.849206349206348,85.9126984126984,52.57936507936508,79.80000000000001,40.27777777777778,98.61111111111111,6.547619047619048,35.91648257528885,20.240799068154235
2015-03-06,59.654320987654316,26.785714285714285,81.54761904761905,55.15873015873016,74.0,33.53174603174603,97.81746031746032,12.5,35.46618278074835,19.476698896923857
2015-03-09,64.21904761904761,27.976190476190478,90.67460317460318,53.57142857142857,74.7,58.53174603174603,94.64285714285714,12.5,36.886525436138506,21.89794564758481
2015-03-10,59.43174603174603,50.0,81.54761904761905,53.17460317460318,66.54999999999998,29.166666666666668,92.26190476190477,14.087301587301587,35.4836546317747,19.27701075285108
2015-03-11,66.04391534391534,50.0,95.03968253968253,53.76984126984127,65.65,61.70634920634921,91.86507936507937,15.674603174603174,37.622429731484154,22.04192032876413
2015-03-12,67.03774250440918,50.0,97.02380952380952,54.96031746031746,72.9,48.61111111111111,90.67460317460318,19.246031746031747,38.746167969736554,20.884567507396522
2015-03-13,57.795414462081126,30.753968253968257,83.92857142857143,55.952380952380956,70.0,13.690476190476192,90.27777777777779,21.626984126984127,35.900214221024655,18.14654688122124
2015-03-16,48.109700176366836,12.5,54.563492063492056,55.357142857142854,71.95,1.3888888888888888,91.46825396825396,19.246031746031747,33.324555469383824,15.830119520483468
2015-03-17,58.107054673721336,16.865079365079367,83.53174603174604,56.94444444444445,71.69999999999999,24.801587301587304,92.65873015873017,21.23015873015873,35.857216009662004,18.956368899840655
2015-03-18,54.3410934744268,16.46825396825397,65.27777777777779,52.57936507936508,80.14999999999999,24.00793650793651,90.67460317460318,14.484126984126986,33.94268066693958,18.895514508173083
2015-03-19,46.62416225749559,17.261904761904763,35.91269841269841,48.01587301587302,79.65,27.18253968253968,92.26190476190477,3.7698412698412698,32.26862485170317,19.099029666079065
2015-03-20,54.47072310405644,19.246031746031747,58.53174603174603,49.404761904761905,84.9,35.91269841269841,91.86507936507937,6.944444444444445,33.522999785885524,19.441747043405083
2015-03-23,54.434215167548494,10.515873015873016,66.86507936507937,54.56349206349206,82.95,16.071428571428573,92.65873015873017,16.46825396825397,34.008510463518334,18.32178840130856
2015-03-24,46.94779541446207,9.722222222222223,29.563492063492063,54.36507936507937,81.9,26.785714285714285,91.07142857142857,17.658730158730158,31.813355410461842,19.017811814906505
2015-03-25,61.4379188712522,50.0,80.35714285714286,57.936507936507944,72.80000000000001,22.817460317460316,92.26190476190477,23.61111111111111,35.47760207188486,18.849256460058157
2015-03-26,59.8694885361552,50.0,82.34126984126983,57.34126984126984,71.0,10.119047619047619,89.48412698412699,25.198412698412696,35.61511383861842,17.489425422284658
2015-03-27,58.12328042328042,50.0,69.24603174603175,55.357142857142854,74.65,19.246031746031747,91.07142857142857,19.642857142857142,34.36114350587099,18.45578912987612
2015-03-30,59.010052910052906,14.087301587301587,76.38888888888889,54.76190476190476,77.45,45.03968253968254,90.67460317460318,18.849206349206348,35.09261294355757,20.23799952108969
2015-03-31,46.370899470899474,50.0,30.753968253968257,52.18253968253969,73.55000000000001,2.1825396825396823,92.26190476190477,12.103174603174603,31.974368410014232,15.996183078331388
2015-04-01,55.212874779541444,50.0,69.64285714285714,52.57936507936508,74.45,0.992063492063492,91.86507936507937,13.293650793650794,34.46563961139021,15.56514854371105
2015-04-02,43.22380952380952,14.087301587301587,24.404761904761905,54.761904761904766,76.65,8.531746031746032,92.65873015873017,16.865079365079367,31.46113664666415,17.284115345842732
2015-04-06,45.218342151675486,16.071428571428573,24.00793650793651,56.74603174603175,76.3,20.03968253968254,89.88095238095238,23.61111111111111,31.444452900295193,18.36412383393716
2015-04-07,46.54074074074074,27.579365079365083,34.32539682539682,55.15873015873015,76.10000000000001,4.9603174603174605,84.72222222222221,25.595238095238095,32.06163177967745,16.632542935949417
2015-04-08,44.740035273368605,25.198412698412696,17.658730158730158,58.730158730158735,80.1,5.753968253968254,83.53174603174604,33.92857142857143,31.12529415300282,16.978902659539806
2015-04-09,45.045502645502644,29.96031746031746,11.706349206349206,60.11904761904761,84.55,2.579365079365079,82.34126984126983,37.89682539682539,30.753734197806626,15.963599605140214
2015-04-10,74.11746031746031,31.547619047619047,97.02380952380952,57.93650793650794,87.1,93.45238095238095,81.15079365079364,34.72222222222222,38.145146506429015,25.132610727078053
2015-04-13,59.68747795414461,31.944444444444443,43.84920634920635,58.333333333333336,80.3,81.94444444444444,77.97619047619048,38.69047619047619,32.71038021070593,23.45527699347682
2015-04-14,53.638271604938275,32.34126984126984,38.2936507936508,63.88888888888889,81.65,18.849206349206348,81.54761904761905,46.230158730158735,32.336198816834454,18.300490366274165
2015-04-15,51.385890652557315,33.92857142857143,35.91269841269841,53.96825396825397,85.8,23.214285714285715,76.38888888888889,31.547619047619047,32.20895604378548,18.572776884961474
2015-04-16,52.335978835978835,35.11904761904761,8.928571428571429,54.16666666666667,87.0,81.54761904761905,77.97619047619048,30.357142857142854,30.574386079064,23.29823107724167
2015-04-17,55.620458553791885,35.51587301587302,42.65873015873016,53.37301587301587,80.55,58.53174603174603,78.76984126984127,27.976190476190478,32.54134711847372,21.227430554512885
2015-04-20,53.98324514991181,38.69047619047619,30.357142857142854,54.166666666666664,83.5,56.94444444444444,81.15079365079364,27.18253968253968,31.775661250826037,21.067446237563935
2015-04-21,44.49294532627866,32.34126984126984,16.46825396825397,50.79365079365079,83.75,15.277777777777779,79.16666666666666,22.42063492063492,31.011908721789645,18.007585893082506
2015-04-22,51.37601410934744,35.11904761904761,25.198412698412696,56.54761904761905,86.44999999999999,34.32539682539682,81.54761904761905,31.547619047619047,31.399393015484243,19.207707518857088
2015-04-23,70.78941798941798,35.51587301587302,86.30952380952381,52.77777777777778,87.6,95.43650793650794,76.38888888888889,29.166666666666668,36.12976398363032,26.091731172057774
2015-04-24,74.5058201058201,49.007936507936506,91.07142857142857,54.16666666666667,88.55000000000001,99.8015873015873,70.83333333333334,37.5,36.97914525463714,31.829181172581734
2015-04-27,78.36754850088184,56.94444444444444,98.61111111111111,61.50793650793651,84.4,97.81746031746032,71.23015873015873,51.78571428571429,39.43714671201316,27.74306018268397
2015-04-28,79.81781305114639,66.07142857142857,99.40476190476191,60.317460317460316,87.95,96.62698412698413,66.46825396825396,54.166666666666664,41.83243625078228,26.52342020200108
2015-04-29,66.49347442680774,70.83333333333334,70.03968253968253,59.72222222222222,83.05,42.26190476190476,66.07142857142857,53.37301587301587,34.4233721358799,19.47245336650273
2015-04-30,67.93827160493827,71.23015873015873,75.1984126984127,65.27777777777777,77.25,39.48412698412698,75.1984126984127,55.35714285714286,34.79398143322462,19.35649704864977
2015-05-01,70.19223985890652,65.27777777777779,74.40476190476191,66.26984126984127,86.5,45.83333333333333,78.76984126984127,53.769841269841265,34.76938244040934,20.00854251985614
2015-05-04,59.44356261022928,63.29365079365079,37.10317460317461,66.66666666666666,85.75,25.992063492063494,79.56349206349206,53.769841269841265,32.23308422284688,18.722234780951073
2015-05-05,63.81781305114639,65.67460317460318,54.96031746031746,69.44444444444446,78.44999999999999,33.53174603174603,83.53174603174604,55.35714285714286,33.39233685201846,19.145115908489498
2015-05-06,68.4620811287478,63.69047619047619,66.46825396825396,70.83333333333334,74.25,58.53174603174603,86.30952380952381,55.35714285714286,34.26579795931717,20.93384738427167
2015-05-07,58.23298059964726,63.69047619047619,25.595238095238095,71.42857142857143,74.35,46.230158730158735,83.92857142857143,58.92857142857143,31.434352682102535,19.865929371330633
2015-05-08,64.19435626102293,63.69047619047619,61.70634920634921,67.85714285714286,85.7,15.674603174603174,83.53174603174604,52.182539682539684,33.70882947325098,18.013574578226585
2015-05-11,54.58465608465608,58.13492063492064,32.34126984126984,64.28571428571428,80.75,14.087301587301587,80.75396825396825,47.817460317460316,31.814587473730725,17.76678527795367
2015-05-12,56.18289241622575,61.70634920634921,44.642857142857146,55.357142857142854,80.7,27.18253968253968,74.0079365079365,36.7063492063492,32.688007458544824,18.80537579400096
2015-05-13,48.732275132275134,59.72222222222222,23.214285714285715,51.58730158730159,81.2,15.277777777777779,69.24603174603175,33.92857142857143,31.354529758830463,17.914855360363383
2015-05-14,60.86649029982363,61.70634920634921,61.30952380952381,47.817460317460316,86.3,47.42063492063492,62.5,33.13492063492063,33.64341481294421,20.0155057026277
2015-05-15,52.99929453262786,56.15079365079365,22.817460317460316,48.80952380952381,88.1,52.57936507936508,60.11904761904761,37.5,31.305140448286995,20.278858340799182
2015-05-18,64.03015873015872,52.976190476190474,74.8015873015873,46.82539682539682,86.35,60.51587301587301,58.53174603174603,35.11904761904761,34.64207369780337,21.06242648864102
2015-05-19,50.88977072310405,58.92857142857143,33.53174603174603,44.84126984126984,85.75,25.992063492063494,54.166666666666664,35.51587301587302,31.958247003091955,18.683208962329843
2015-05-20,47.35114638447971,62.89682539682539,28.373015873015873,43.45238095238095,85.6,4.9603174603174605,51.78571428571429,35.11904761904761,31.55472331196115,16.53128310640819
2015-05-21,52.21904761904762,68.05555555555556,48.61111111111111,37.10317460317461,89.45,14.484126984126986,46.62698412698413,27.579365079365083,32.90336575064085,17.7263363574746
2015-05-22,62.16155202821869,65.67460317460318,94.24603174603175,33.92857142857143,89.35,24.801587301587304,42.26190476190476,25.595238095238095,37.6864669617334,18.57249078196786
2015-05-26,56.225220458553785,50.0,72.81746031746032,26.19047619047619,79.7,72.42063492063492,33.92857142857143,18.452380952380953,34.543280362793446,21.99880911052028
2015-05-27,55.18500881834215,65.27777777777779,94.64285714285714,15.476190476190478,83.65,28.373015873015873,16.865079365079367,14.087301587301587,37.85246476895138,18.770677773586673
2015-05-28,50.57707231040563,60.11904761904761,87.89682539682539,14.087301587301589,83.44999999999999,10.119047619047619,13.690476190476192,14.484126984126986,36.47643401689384,17.270902115095367
2015-05-29,47.71746031746031,64.48412698412699,87.89682539682539,7.5396825396825395,80.8,4.9603174603174605,8.134920634920634,6.944444444444445,36.68065502650985,16.36929392608569
2015-06-01,45.324338624338615,67.26190476190477,77.18253968253968,7.5396825396825395,80.14999999999999,3.373015873015873,4.9603174603174605,10.119047619047619,34.811236597467925,16.08436756268528
2015-06-02,37.308289241622575,64.88095238095238,38.2936507936508,10.317460317460318,78.8,5.753968253968254,7.738095238095238,12.896825396825399,32.189781893615375,16.403919654110016
2015-06-03,41.54620811287478,59.32539682539682,46.230158730158735,15.277777777777779,81.7,12.896825396825399,10.515873015873016,20.03968253968254,32.69671489991265,17.38017240942761
2015-06-04,34.00828924162258,68.84920634920636,16.46825396825397,15.873015873015873,76.44999999999999,3.7698412698412698,14.880952380952381,16.865079365079367,31.01638420341166,16.116910455285847
2015-06-05,47.39453262786595,56.94444444444444,63.29365079365079,27.38095238095238,78.94999999999999,2.976190476190476,31.944444444444443,22.817460317460316,33.65311722611003,15.97131068226413
2015-06-08,50.052557319223986,58.92857142857143,68.05555555555556,28.769841269841265,73.55000000000001,22.023809523809522,37.89682539682539,19.642857142857142,34.13422867101432,18.162221600274144
2015-06-09,55.24056437389771,67.26190476190477,67.26190476190477,32.34126984126984,77.65,43.05555555555556,49.404761904761905,15.277777777777779,33.99453119677662,19.269916641453072
2015-06-10,52.418694885361546,76.78571428571429,41.46825396825397,31.349206349206348,83.9,50.198412698412696,55.75396825396825,6.944444444444445,32.28077544249618,19.615829459693046
2015-06-11,61.95679012345679,96.23015873015873,70.43650793650794,36.50793650793651,85.75,39.48412698412698,58.13492063492064,14.880952380952381,34.32701540054911,19.129183823032964
2015-06-12,51.75238095238094,48.61111111111111,78.76984126984127,29.761904761904763,81.1,8.134920634920634,53.37301587301587,6.15079365079365,35.01710386149937,16.67287340219209
2015-06-15,59.50934744268078,77.18253968253968,91.86507936507937,29.166666666666668,73.05,41.07142857142857,49.801587301587304,8.531746031746032,37.16555170358509,19.167998235191337
2015-06-16,51.09294532627865,79.16666666666666,66.46825396825396,28.96825396825397,75.95,8.928571428571429,44.24603174603175,13.690476190476192,33.97879994993021,16.818975662292253
2015-06-17,47.57936507936508,77.18253968253968,45.43650793650794,32.73809523809524,77.5,6.944444444444445,50.198412698412696,15.277777777777779,32.57691306644506,16.458710734079084
2015-06-18,49.96084656084656,82.34126984126983,55.75396825396825,20.03968253968254,84.05,27.579365079365083,35.51587301587302,4.563492063492063,33.20081606081325,18.382078054838054
2015-06-19,48.84074074074074,82.73809523809523,61.30952380952381,18.055555555555557,80.19999999999999,19.642857142857142,32.73809523809524,3.373015873015873,33.631037186682555,17.794597688218815
2015-06-22,50.9458553791887,82.73809523809523,33.13492063492063,19.246031746031743,86.3,79.16666666666666,34.32539682539682,4.166666666666666,31.835089150287278,22.258098627949508
2015-06-23,45.95802469135802,87.10317460317461,11.706349206349206,19.246031746031747,89.45,66.46825396825396,34.72222222222222,3.7698412698412698,30.750213147045415,21.066391927963764
2015-06-24,61.98624338624337,85.11904761904762,81.54761904761905,15.873015873015873,83.7,94.64285714285714,27.976190476190478,3.7698412698412698,35.54968862607759,25.309009053583903
2015-06-25,52.312522045855374,84.72222222222221,62.10317460317461,16.46825396825397,79.95,52.57936507936508,29.96031746031746,2.976190476190476,33.68160621882865,19.820933507279666
2015-06-26,57.26172839506173,90.67460317460318,97.02380952380952,17.460317460317462,79.9,18.452380952380953,24.801587301587304,10.119047619047619,38.777683361488954,17.67766165703367
2015-06-29,39.37301587301587,50.0,67.65873015873017,8.928571428571429,55.74999999999999,30.753968253968257,14.087301587301587,3.7698412698412698,34.203373583153265,18.578139650049522
2015-06-30,33.734744268077606,95.03968253968253,30.357142857142854,7.738095238095238,58.849999999999994,6.944444444444445,12.5,2.976190476190476,31.749834294111,16.490487897174784
2015-07-01,32.011992945326284,95.83333333333334,13.690476190476192,8.134920634920636,69.55,1.3888888888888888,12.896825396825399,3.373015873015873,30.943799289757056,15.661627539993283
2015-07-02,38.15661375661375,91.46825396825396,41.07142857142857,9.325396825396826,66.05000000000001,9.722222222222223,14.087301587301587,4.563492063492063,32.382374258379265,16.720093548077404
2015-07-06,41.439506172839494,50.0,79.16666666666666,9.920634920634921,64.94999999999999,4.9603174603174605,13.690476190476192,6.15079365079365,35.37340573128317,16.17705931578504
2015-07-07,39.06666666666666,89.88095238095238,39.08730158730159,10.912698412698413,69.55,11.706349206349206,14.880952380952381,6.944444444444445,32.30579850719255,17.011454238946865
2015-07-08,41.62557319223986,50.0,78.37301587301587,9.920634920634921,51.7,34.72222222222222,13.293650793650794,6.547619047619048,35.18933560041007,18.722168527400395
2015-07-09,44.565961199294534,50.0,87.5,6.15079365079365,50.150000000000006,57.341269841269835,8.531746031746032,3.7698412698412698,36.61620078946578,20.132329182426112
2015-07-10,47.106878306878315,50.0,77.97619047619048,6.34920634920635,65.85000000000001,67.26190476190477,7.738095238095238,4.9603174603174605,35.29573199489384,20.98444116965286
2015-07-13,44.21164021164021,87.89682539682539,31.150793650793652,7.5396825396825395,80.5,64.0873015873016,10.119047619047619,4.9603174603174605,31.830971176751742,20.730296207470232
2015-07-14,47.578306878306876,84.72222222222221,37.89682539682539,9.523809523809524,83.15,72.81746031746032,15.277777777777779,3.7698412698412698,32.27964345255336,21.474339373296328
2015-07-15,49.80617283950616,92.65873015873017,45.43650793650794,12.3015873015873,83.85,60.11904761904761,21.626984126984127,2.976190476190476,32.72091598336596,20.345435478293172
2015-07-16,65.3363315696649,96.23015873015873,79.56349206349206,18.650793650793652,89.45,97.81746031746032,29.166666666666668,8.134920634920634,35.39357188944713,27.431887804279754
2015-07-17,71.5326278659612,99.8015873015873,99.40476190476191,21.62698412698413,90.25,99.8015873015873,35.51587301587302,7.738095238095238,41.84203718739421,34.845702486423
2015-07-20,70.31746031746032,99.40476190476191,92.65873015873017,24.00793650793651,88.75,98.61111111111111,37.10317460317461,10.912698412698413,37.45930584241687,29.8789594180347
2015-07-21,68.3225749559083,99.8015873015873,86.30952380952381,23.214285714285715,88.89999999999999,95.03968253968253,35.51587301587302,10.912698412698413,36.435316642957005,26.200055613506777
2015-07-22,69.07301587301586,97.42063492063492,94.24603174603175,20.238095238095237,89.4,96.23015873015873,31.547619047619047,8.928571428571429,37.882539256327476,27.200385676384776
2015-07-23,59.56666666666666,97.42063492063492,60.912698412698404,19.246031746031747,86.8,85.51587301587301,27.976190476190478,10.515873015873016,33.71187176609465,23.02340427875505
2015-07-24,52.52433862433862,50.0,54.563492063492056,17.46031746031746,81.3,98.61111111111111,22.817460317460316,12.103174603174603,33.36051777675447,30.045411493423675
2015-07-27,42.25661375661375,50.0,35.11904761904761,11.11111111111111,72.0,82.73809523809523,16.071428571428573,6.15079365079365,32.13294787661442,22.692140330872125
2015-07-28,32.22275132275132,50.0,7.341269841269842,13.095238095238095,82.8,20.436507936507937,16.071428571428573,10.119047619047619,30.664856774329486,17.703733407944398
2015-07-29,41.46825396825397,75.1984126984127,5.753968253968254,16.46825396825397,87.5,62.10317460317461,19.246031746031747,13.690476190476192,30.375093082625597,20.539327726066197
2015-07-30,51.42522045855379,67.26190476190477,35.11904761904761,21.03174603174603,89.35,83.53174603174604,26.785714285714285,15.277777777777779,32.121684588540134,22.79342911108103
2015-07-31,42.41957671957672,54.563492063492056,18.452380952380953,19.642857142857146,89.4,52.57936507936508,27.579365079365083,11.706349206349206,31.22465386194331,19.661575865323087
2015-08-03,49.44832451499118,50.0,48.61111111111111,22.817460317460316,87.2,54.96031746031746,33.13492063492063,12.5,32.92337326641083,20.059999942168403
2015-08-04,63.48765432098766,49.801587301587304,95.03968253968253,22.023809523809526,85.0,95.43650793650794,33.53174603174603,10.515873015873016,38.03639775699432,26.99050159123808
2015-08-05,63.52504409171076,49.801587301587304,91.46825396825396,21.825396825396826,87.45,98.61111111111111,25.992063492063494,17.658730158730158,37.35855535169043,30.467857944980775
2015-08-06,56.43721340388007,52.182539682539684,72.42063492063492,17.460317460317462,81.15,96.23015873015873,21.23015873015873,13.690476190476192,34.60685458590841,27.445575130646088
2015-08-07,39.13456790123456,50.0,6.944444444444445,20.436507936507937,83.05,60.912698412698404,22.42063492063492,18.452380952380953,30.659125837215207,20.64884162410976
2015-08-10,50.60864197530864,52.976190476190474,41.86507936507937,27.38095238095238,88.85,58.92857142857143,28.373015873015873,26.38888888888889,32.555016772269425,20.455402890468623
2015-08-11,64.947442680776,50.0,92.26190476190477,30.555555555555554,81.44999999999999,95.43650793650794,36.7063492063492,24.404761904761905,37.61463746680301,27.32906275391569
2015-08-12,62.104409171075844,50.0,75.59523809523809,34.92063492063492,81.95,89.0873015873016,48.61111111111111,21.23015873015873,35.07848056892426,24.598118806527967
2015-08-13,48.701587301587296,50.0,12.103174603174603,42.857142857142854,82.55,70.43650793650794,56.94444444444444,28.76984126984127,30.978431995540074,21.406301686455176
2015-08-14,53.02839506172839,50.0,33.13492063492063,47.02380952380952,85.85,48.214285714285715,56.15079365079365,37.89682539682539,32.06903307139316,19.440010141458195
2015-08-17,49.97336860670194,50.0,18.849206349206348,45.63492063492063,84.9,55.35714285714286,53.769841269841265,37.5,31.316728571118357,20.195356055253683
2015-08-18,48.324162257495594,50.0,23.61111111111111,44.84126984126985,81.05000000000001,41.07142857142857,49.801587301587304,39.88095238095239,31.534054043799557,19.16629411968063
2015-08-19,50.89065255731923,50.0,37.89682539682539,44.84126984126984,73.75,50.198412698412696,47.817460317460316,41.86507936507937,32.29021932262073,19.523025264064966
2015-08-20,56.44497354497354,50.0,70.43650793650794,39.682539682539684,54.3,89.48412698412699,40.67460317460318,38.69047619047619,34.541679313977355,24.824653081173082
2015-08-21,44.65705467372133,50.0,60.912698412698404,27.182539682539684,29.924999999999997,88.69047619047619,27.579365079365083,26.785714285714285,33.81469205763705,24.777794008523458
2015-08-24,28.681657848324516,50.0,52.976190476190474,4.761904761904762,0.0,87.89682539682539,3.7698412698412698,5.753968253968254,33.246671660631186,24.502569314096956
2015-08-25,27.89453262786596,50.0,49.801587301587304,1.1904761904761905,9.949999999999989,77.97619047619048,0.1984126984126984,2.1825396825396823,33.0700570775303,22.324005974582594
2015-08-26,30.399823633156963,50.0,43.05555555555556,1.1904761904761905,24.200000000000003,85.51587301587301,0.1984126984126984,2.1825396825396823,32.603052556129384,23.75011649821064
2015-08-27,28.357142857142854,50.0,26.38888888888889,0.992063492063492,34.75,79.96031746031747,0.1984126984126984,1.7857142857142856,31.685927400672636,22.736564272725023
2015-08-28,21.991622574955905,50.0,5.753968253968254,1.7857142857142856,34.875,61.30952380952381,0.5952380952380952,2.976190476190476,30.397388073421926,20.5544431372737
2015-08-31,19.41278659611993,50.0,3.373015873015873,2.380952380952381,28.924999999999997,52.976190476190474,1.3888888888888888,3.373015873015873,30.11478334163734,19.93058542963584
2015-09-01,25.74338624338624,50.0,28.76984126984127,3.1746031746031744,21.5,71.62698412698413,1.7857142857142856,4.563492063492063,31.765839670271063,21.52070630243557
2015-09-02,27.74541446208113,50.0,16.46825396825397,4.166666666666666,34.775000000000006,84.72222222222221,2.1825396825396823,6.15079365079365,31.158575087502825,23.537567569303864
2015-09-03,27.24047619047619,50.0,24.801587301587304,4.365079365079366,35.974999999999994,60.51587301587301,2.1825396825396823,6.547619047619048,31.51896901649689,20.465549737620453
2015-09-04,30.102292768959437,50.0,43.452380952380956,2.976190476190476,30.5,64.0873015873016,1.7857142857142856,4.166666666666666,32.50381067870593,20.713480315081938
2015-09-08,27.480599647266313,50.0,11.30952380952381,8.531746031746032,37.75,73.61111111111111,2.1825396825396823,14.880952380952381,30.863607053464936,21.746961334244805
2015-09-09,41.53447971781305,50.0,64.0873015873016,13.095238095238095,34.425,87.5,2.976190476190476,23.214285714285715,33.80504971130688,24.183851507390607
2015-09-10,34.587213403880064,50.0,43.84920634920635,13.095238095238097,39.074999999999996,56.15079365079365,2.1825396825396823,24.00793650793651,32.48064727679319,20.144435161785125
2015-09-11,30.431216931216927,50.0,27.976190476190478,11.11111111111111,42.0,50.595238095238095,4.166666666666666,18.055555555555554,31.642065022416688,19.545314252950966
2015-09-14,40.9810405643739,50.0,56.15079365079365,18.055555555555557,39.375,73.61111111111111,5.357142857142857,30.753968253968257,33.15974958077989,21.648439077025984
2015-09-15,28.32874779541446,50.0,12.896825396825399,13.888888888888888,43.650000000000006,50.198412698412696,5.753968253968254,22.023809523809522,30.918392994932177,19.49380070132166
2015-09-16,23.963403880070548,50.0,0.1984126984126984,13.492063492063494,46.625,31.547619047619047,6.15079365079365,20.833333333333336,28.960350230183295,18.65819645746048
2015-09-17,33.80229276895943,50.0,31.547619047619047,8.531746031746032,47.15,71.23015873015873,7.341269841269842,9.722222222222223,31.774213730939344,21.161452227596214
2015-09-18,34.40352733686067,50.0,20.03968253968254,21.626984126984127,44.3,66.07142857142857,8.531746031746032,34.72222222222222,31.248948285397972,20.792491499003628
2015-09-21,44.4768959435626,50.0,45.83333333333333,26.19047619047619,49.65,80.75396825396825,6.547619047619048,45.83333333333333,32.44358392200268,22.381740571418764
2015-09-22,35.81375661375661,50.0,14.087301587301587,28.373015873015873,43.9,71.23015873015873,7.738095238095238,49.007936507936506,30.947905885368222,21.124612936063762
2015-09-23,29.614726631393292,50.0,3.7698412698412698,32.53968253968254,44.675000000000004,22.023809523809522,9.325396825396826,55.75396825396825,30.07258861322538,17.977652330599373
2015-09-24,36.101322751322755,50.0,10.119047619047619,40.07936507936508,41.325,51.78571428571429,11.30952380952381,68.84920634920636,30.7483871451522,19.63015813138475
2015-09-25,46.95273368606702,50.0,51.78571428571429,38.492063492063494,40.949999999999996,71.62698412698413,12.103174603174603,64.88095238095238,32.71213851500483,21.156847372834264
2015-09-28,49.61913580246914,50.0,72.02380952380952,39.682539682539684,30.92500000000001,71.62698412698413,13.293650793650794,66.07142857142857,34.11364005107137,21.126853023468932
2015-09-29,49.38015873015873,50.0,68.84920634920636,39.48412698412699,32.92500000000001,72.42063492063492,7.341269841269842,71.62698412698413,33.83832537310273,21.211722270449854
2015-09-30,43.399470899470906,50.0,46.230158730158735,39.08730158730159,38.75,53.37301587301587,6.547619047619048,71.62698412698413,32.39984855712393,19.84934142227787
2015-10-01,44.57098765432099,50.0,46.62698412698413,40.27777777777778,43.625,49.801587301587304,5.357142857142857,75.1984126984127,32.41009505100846,19.47802700397551
2015-10-02,42.88606701940036,50.0,23.214285714285715,39.682539682539684,47.65,75.1984126984127,5.357142857142857,74.0079365079365,31.37155200725242,21.657708189986234
2015-10-05,43.74303350970017,50.0,22.42063492063492,40.476190476190474,52.300000000000004,72.81746031746032,5.357142857142857,75.59523809523809,31.317447661944353,21.347036782028457
2015-10-06,51.614638447971785,50.0,67.26190476190477,40.476190476190474,53.00000000000001,52.57936507936508,6.944444444444445,74.0079365079365,33.75379981560636,19.8431236692486
2015-10-07,38.52821869488536,50.0,6.15079365079365,42.06349206349206,58.00000000000001,42.26190476190476,7.738095238095238,76.38888888888889,30.278740944992943,19.2307742271363
2015-10-08,51.03686067019399,50.0,39.48412698412698,38.888888888888886,62.89999999999999,87.89682539682539,8.134920634920634,69.64285714285714,32.143142427084825,23.997204848521097
2015-10-09,44.05132275132275,50.0,21.23015873015873,38.095238095238095,64.60000000000001,60.51587301587301,8.134920634920634,68.05555555555556,31.300634049581372,20.472288971719134
2015-10-12,53.06507936507936,50.0,61.30952380952381,37.8968253968254,69.14999999999999,52.976190476190474,8.134920634920634,67.65873015873017,33.30307119520815,19.926599867882384
2015-10-13,41.56596119929453,50.0,21.23015873015873,40.27777777777778,61.64999999999999,37.5,7.738095238095238,72.81746031746032,31.286947216740813,19.072898320144375
2015-10-14,48.88201058201058,50.0,35.51587301587302,37.5,59.849999999999994,86.70634920634922,6.15079365079365,68.84920634920636,31.869065512186896,23.53795403774929
2015-10-15,43.454144620811284,50.0,3.7698412698412698,36.3095238095238,69.75,85.11904761904762,6.15079365079365,66.46825396825396,29.99578705080944,23.196622052934053
2015-10-16,41.126102292768955,50.0,3.7698412698412698,33.92857142857143,74.75,61.30952380952381,6.15079365079365,61.70634920634921,30.068941560821337,20.614523735785863
2015-10-19,42.08571428571428,50.0,3.373015873015873,32.34126984126984,75.1,74.8015873015873,8.531746031746032,56.15079365079365,29.95283397677867,21.684147770118617
2015-10-20,57.34567901234568,50.0,71.62698412698413,30.158730158730158,71.25,89.88095238095238,11.706349206349206,48.61111111111111,33.949541758939084,24.51735143040369
2015-10-21,53.005291005291,50.0,85.9126984126984,29.960317460317462,66.5,32.34126984126984,12.896825396825399,47.023809523809526,35.76553449801945,18.837970700713598
2015-10-22,54.248677248677254,50.0,61.70634920634921,28.174603174603178,77.75,74.8015873015873,15.674603174603174,40.67460317460318,33.320783118689775,21.73228223361086
2015-10-23,66.9800705467372,82.73809523809523,87.89682539682539,29.960317460317462,77.69999999999999,99.0079365079365,16.46825396825397,43.452380952380956,36.20187575494286,30.543819621728158
2015-10-26,59.00317460317459,50.0,75.9920634920635,30.158730158730158,73.55000000000001,91.46825396825396,17.658730158730158,42.65873015873016,34.3625630490863,24.855579421383997
2015-10-27,59.464902998236326,50.0,87.10317460317461,28.17460317460317,72.85000000000001,80.75396825396825,18.452380952380953,37.89682539682539,35.958188676401726,22.636113941834505
2015-10-28,61.26031746031747,50.0,87.10317460317461,29.365079365079367,78.35,82.34126984126983,19.642857142857142,39.08730158730159,36.04959923526606,22.860715419405228
2015-10-29,59.11940035273369,50.0,79.96031746031747,31.944444444444446,76.95,72.42063492063492,20.436507936507937,43.452380952380956,34.92325634992152,21.601261493853062
2015-10-30,42.42663139329806,50.0,24.801587301587304,25.595238095238095,74.65,56.15079365079365,21.23015873015873,29.96031746031746,31.391096595677205,20.145301018795806
2015-11-02,42.434744268077594,97.42063492063492,11.706349206349206,24.206349206349202,79.25,29.96031746031746,18.055555555555554,30.357142857142854,30.772815118589627,18.720073509444607
2015-11-03,53.17865961199295,99.40476190476191,43.452380952380956,24.007936507936506,77.30000000000001,65.67460317460318,17.658730158730158,30.357142857142854,32.3498180904173,20.97926119849907
2015-11-04,47.89012345679012,99.0079365079365,17.261904761904763,19.841269841269842,72.45,93.05555555555556,19.642857142857142,20.03968253968254,31.144461518753573,25.39056596943425
2015-11-05,59.75485008818342,98.61111111111111,59.72222222222222,25.198412698412696,74.75,94.64285714285714,20.03968253968254,30.357142857142854,33.31601891972182,26.71952384114172
2015-11-06,62.36261022927689,98.21428571428571,63.29365079365079,35.91269841269841,78.35,72.02380952380952,22.817460317460316,49.007936507936506,33.60847067537212,21.634230819262374
2015-11-09,50.73615520282187,98.21428571428571,18.452380952380953,32.53968253968254,67.4,89.0873015873016,29.96031746031746,35.11904761904761,31.17804082590534,24.771764361821592
2015-11-10,66.32239858906526,99.0079365079365,79.96031746031747,31.944444444444443,73.55000000000001,95.03968253968253,31.547619047619047,32.34126984126984,34.93343327349277,27.111230078191866
2015-11-11,57.48624338624339,99.40476190476191,34.72222222222222,37.89682539682539,69.7,95.43650793650794,33.13492063492063,42.65873015873016,31.999660753770993,27.22112947503137
2015-11-12,52.64885361552028,50.0,58.13492063492064,33.53174603174603,58.15,90.67460317460318,29.563492063492063,37.5,33.21157367675844,25.21121647069994
2015-11-13,50.13192239858907,50.0,58.53174603174603,29.563492063492063,49.800000000000004,95.83333333333334,24.404761904761905,34.72222222222222,33.288317104349744,27.396447125245004
2015-11-16,52.15467372134038,50.0,54.563492063492056,30.952380952380956,59.199999999999996,99.0079365079365,22.023809523809522,39.88095238095239,33.071572455149614,30.918633203847595
2015-11-17,54.39735449735449,50.0,52.57936507936508,41.269841269841265,55.8,99.0079365079365,25.595238095238095,56.94444444444444,32.96631730786866,30.952880180326126
2015-11-18,52.485890652557316,99.0079365079365,18.452380952380953,38.888888888888886,65.75,88.29365079365078,25.198412698412696,52.57936507936508,31.23994925070678,24.869946097010747
2015-11-19,58.657495590828916,99.8015873015873,53.769841269841265,35.91269841269841,65.05000000000001,82.73809523809523,30.753968253968257,41.07142857142857,33.05815106750531,23.99416081003718
2015-11-20,56.24585537918871,99.8015873015873,35.51587301587302,34.72222222222222,72.65,85.9126984126984,34.72222222222222,34.72222222222222,32.082648116586434,24.766820268034152
2015-11-23,52.353439153439155,99.0079365079365,6.944444444444445,41.26984126984127,71.9,90.67460317460318,41.86507936507937,40.67460317460318,30.541839048296215,25.720103589868064
2015-11-24,54.61040564373898,92.26190476190477,30.753968253968257,35.317460317460316,70.35,91.07142857142857,41.46825396825397,29.166666666666668,31.776620768688947,25.87574105096257
2015-11-25,48.09135802469136,90.67460317460318,12.5,36.7063492063492,74.05000000000001,58.92857142857143,34.72222222222222,38.69047619047619,30.91705764783515,20.77916687224914
2015-11-27,50.02098765432098,91.86507936507937,10.515873015873016,35.91269841269842,74.4,80.75396825396825,34.72222222222222,37.10317460317461,30.77668560326442,23.565383955955856
2015-11-30,51.43403880070547,89.48412698412699,35.91269841269841,33.730158730158735,69.35000000000001,61.70634920634921,41.46825396825397,25.992063492063494,32.023395053089175,21.010876391342865
2015-12-01,45.64885361552028,91.07142857142857,7.341269841269842,32.53968253968254,76.65,54.166666666666664,45.03968253968254,20.03968253968254,30.555863074947105,20.440981720254513
2015-12-02,46.0347442680776,88.69047619047619,12.5,28.174603174603178,70.45,75.1984126984127,39.08730158730159,17.261904761904763,30.885838450814628,22.471671710947614
2015-12-03,39.44567901234568,94.24603174603175,8.531746031746032,24.6031746031746,59.45,50.99206349206349,43.84920634920635,5.357142857142857,30.694710388626135,20.2045622381878
2015-12-04,47.764021164021166,97.42063492063492,21.23015873015873,21.23015873015873,75.95,74.40476190476191,38.2936507936508,4.166666666666666,31.29061926416653,22.347415410663878
2015-12-07,40.86560846560846,99.0079365079365,0.1984126984126984,21.825396825396826,70.8,61.30952380952381,31.547619047619047,12.103174603174603,28.170023288525226,21.06159669878535
2015-12-08,38.09435626102292,99.0079365079365,0.5952380952380952,22.023809523809526,61.99999999999999,52.57936507936508,24.404761904761905,19.642857142857142,28.846293295716446,20.425333431500942
2015-12-09,39.785185185185185,97.42063492063492,2.1825396825396823,24.404761904761905,51.95,79.16666666666666,26.38888888888889,22.42063492063492,29.333896427918937,23.379212489164438
2015-12-10,34.68395061728395,98.21428571428571,2.579365079365079,23.80952380952381,53.300000000000004,30.753968253968257,29.96031746031746,17.658730158730158,29.589419306987452,18.884930848583274
2015-12-11,43.06375661375661,96.23015873015873,34.32539682539682,31.349206349206348,39.025,50.595238095238095,34.72222222222222,27.976190476190478,31.86322667689977,20.273021914800598
2015-12-14,51.0847442680776,99.40476190476191,55.35714285714286,30.15873015873016,43.175,72.81746031746032,32.73809523809524,27.579365079365083,33.06618931890414,22.249428527825106
2015-12-15,42.21913580246914,99.40476190476191,27.579365079365083,26.388888888888893,47.625,50.99206349206349,43.452380952380956,9.325396825396826,31.529643259968676,20.356121534583536
2015-12-16,49.86455026455026,99.8015873015873,46.230158730158735,25.396825396825395,60.7,58.92857142857143,45.43650793650794,5.357142857142857,32.44259305776803,20.96565810084888
2015-12-17,45.20335097001763,99.40476190476191,39.08730158730159,25.595238095238095,55.3,41.86507936507937,46.62698412698413,4.563492063492063,32.141666329433384,19.784135830950206
2015-12-18,46.50264550264549,94.64285714285714,54.166666666666664,24.00793650793651,48.25,47.023809523809526,43.05555555555556,4.9603174603174605,33.0450195226763,20.19481030162435
2015-12-21,40.11287477954144,92.65873015873017,6.547619047619048,27.380952380952383,56.50000000000001,60.11904761904761,48.214285714285715,6.547619047619048,30.385237947334698,21.048481393007446
2015-12-22,39.31569664902998,89.48412698412699,6.15079365079365,28.571428571428573,67.0,32.34126984126984,49.801587301587304,7.341269841269842,30.353227764871338,19.153196136077625
2015-12-23,45.75114638447972,86.70634920634922,12.5,28.571428571428573,72.15,70.03968253968253,50.595238095238095,6.547619047619048,30.852000072703213,21.772976519526303
2015-12-24,44.592239858906524,86.30952380952381,21.626984126984127,29.365079365079364,71.3,41.07142857142857,53.769841269841265,4.9603174603174605,31.292135810043764,19.691733544735236
2015-12-28,44.769312169312165,82.34126984126983,4.9603174603174605,31.547619047619047,65.44999999999999,85.11904761904762,52.976190476190474,10.119047619047619,30.130228680282983,24.67120759668554
2015-12-29,57.926984126984124,84.32539682539682,58.53174603174603,30.158730158730155,69.60000000000001,90.27777777777779,54.563492063492056,5.753968253968254,33.181687718732164,25.507420168329453
2015-12-30,41.216578483245144,85.9126984126984,2.579365079365079,27.57936507936508,63.550000000000004,70.03968253968253,47.42063492063492,7.738095238095238,29.65967852191353,21.876464927338787
2015-12-31,50.62204585537919,78.76984126984127,46.230158730158735,30.555555555555557,58.949999999999996,74.8015873015873,46.230158730158735,14.880952380952381,32.439027978674915,22.481612096495876
2016-01-04,49.434744268077594,81.94444444444444,41.07142857142857,33.73015873015873,48.25,83.13492063492063,41.07142857142857,26.38888888888889,32.22983526034635,24.228204857400588
2016-01-05,42.04726631393298,83.92857142857143,17.658730158730158,34.12698412698413,53.300000000000004,50.198412698412696,44.24603174603175,24.00793650793651,31.119816704250034,20.45359297079884
2016-01-06,46.21102292768959,86.30952380952381,30.357142857142854,37.89682539682539,48.525,58.13492063492064,42.65873015873016,33.13492063492063,31.674233918187795,21.009563341498385
2016-01-07,42.64223985890653,50.0,35.11904761904761,37.5,37.525000000000006,75.9920634920635,33.53174603174603,41.46825396825397,31.95721188118067,22.84729195714754
2016-01-08,43.90097001763668,50.0,52.976190476190474,34.32539682539682,32.474999999999994,71.23015873015873,21.626984126984127,47.023809523809526,32.90118862058328,22.084823676288387
2016-01-11,32.7742504409171,50.0,2.976190476190476,41.269841269841265,39.25,36.7063492063492,17.658730158730158,64.88095238095238,29.77558669960296,19.570929038687495
2016-01-12,34.38615520282187,50.0,8.531746031746032,42.65873015873016,43.825,26.785714285714285,15.674603174603174,69.64285714285714,30.42866809915959,19.01465927715265
2016-01-13,43.92539682539683,50.0,52.57936507936508,40.27777777777778,36.95,45.43650793650794,11.706349206349206,68.84920634920636,32.786643806015206,20.221588729679006
2016-01-14,38.67857142857142,50.0,29.96031746031746,36.7063492063492,40.125,47.817460317460316,10.119047619047619,63.29365079365079,31.59808094435838,20.39775898643192
2016-01-15,43.21199294532628,50.0,64.48412698412699,34.523809523809526,32.45,41.46825396825397,13.690476190476192,55.35714285714286,33.61273285362666,20.019395345000884
2016-01-19,35.748236331569665,50.0,37.5,27.976190476190474,34.875,43.05555555555556,7.341269841269842,48.61111111111111,32.000623284209745,20.147603757426346
2016-01-20,40.62460317460318,50.0,45.43650793650794,29.56349206349206,31.025000000000006,74.0079365079365,5.357142857142857,53.769841269841265,32.33616649268226,22.5717267415871
2016-01-21,32.46058201058201,50.0,29.563492063492063,31.34920634920635,33.27499999999999,22.42063492063492,3.7698412698412698,58.92857142857143,31.593794453854652,18.75512311931119
2016-01-22,45.41516754850088,50.0,46.62698412698413,34.920634920634924,44.15,72.42063492063492,2.1825396825396823,67.65873015873017,32.35575341633642,22.328518967562005
2016-01-25,39.93430335097002,50.0,38.69047619047619,38.2936507936508,39.625,37.89682539682539,1.7857142857142856,74.8015873015873,32.047091370746806,19.71772391949649
2016-01-26,40.87301587301587,50.0,35.51587301587302,38.888888888888886,43.75,42.65873015873016,4.9603174603174605,72.81746031746032,31.879303628422413,20.090484792438
2016-01-27,50.807495590828914,50.0,60.11904761904761,38.095238095238095,42.225,88.29365079365078,5.753968253968254,70.43650793650794,33.19177860266688,24.959745097428723
2016-01-28,41.115873015873014,50.0,10.912698412698413,39.48412698412698,43.949999999999996,91.86507936507937,9.325396825396826,69.64285714285714,30.73472107172981,26.112334962822487
2016-01-29,42.525573192239854,50.0,30.357142857142854,30.357142857142854,49.5,81.94444444444444,9.325396825396826,51.388888888888886,31.608448806092117,24.00805309868749
2016-02-01,34.0389770723104,50.0,0.1984126984126984,28.96825396825397,50.1,68.84920634920636,13.690476190476192,44.24603174603175,27.859749673786666,21.8858028643444
2016-02-02,41.051675485008815,50.0,31.547619047619047,26.388888888888893,45.05,87.10317460317461,14.484126984126986,38.2936507936508,31.713772612048242,24.826347320596415
2016-02-03,49.50220458553792,50.0,50.99206349206349,36.904761904761905,45.875,91.07142857142857,17.658730158730158,56.15079365079365,32.527341496155735,25.938596457054995
2016-02-04,36.036860670194,50.0,1.7857142857142856,39.682539682539684,45.4,60.912698412698404,17.658730158730158,61.70634920634921,29.199035490301462,21.13503645791454
2016-02-05,44.24215167548501,50.0,24.404761904761905,45.833333333333336,41.550000000000004,78.76984126984127,20.03968253968254,71.62698412698413,31.32091551339788,23.497053145024267
2016-02-08,38.33333333333333,50.0,10.119047619047619,47.42063492063492,35.0,62.5,18.452380952380953,76.38888888888889,30.5942686882497,21.361161107848623
2016-02-09,37.9010582010582,50.0,9.722222222222223,47.023809523809526,33.650000000000006,63.29365079365079,12.103174603174603,81.94444444444444,30.56242220011835,21.505997827859083
2016-02-10,37.709259259259255,50.0,5.357142857142857,46.82539682539683,34.275000000000006,69.64285714285714,6.547619047619048,87.10317460317461,30.079983002527023,22.063992599867845
2016-02-11,43.118871252204585,50.0,35.91269841269841,45.63492063492064,29.650000000000006,70.03968253968253,4.563492063492063,86.70634920634922,31.822080111516065,22.169207133620585
2016-02-12,43.25220458553792,50.0,40.67460317460318,45.833333333333336,36.50000000000001,47.42063492063492,2.976190476190476,88.69047619047619,32.014980183589984,20.402300844985515
2016-02-16,41.32336860670194,50.0,31.944444444444443,48.214285714285715,39.725,33.92857142857143,6.15079365079365,90.27777777777779,31.657329286853695,19.61495355690042
2016-02-17,39.258994708994706,50.0,3.7698412698412698,51.19047619047619,44.225,53.769841269841265,8.134920634920634,94.24603174603175,29.8559218553218,20.92879717073638
2016-02-18,35.35432098765432,50.0,3.373015873015873,50.79365079365079,45.9,17.261904761904763,10.515873015873016,91.07142857142857,29.760037552589413,18.475502044839093
2016-02-19,34.09708994708994,50.0,2.1825396825396823,49.00793650793651,48.675,8.134920634920634,10.912698412698413,87.10317460317461,29.228284111946785,16.903336076432357
2016-02-22,38.05661375661375,50.0,2.1825396825396823,49.99999999999999,53.1,31.944444444444443,14.087301587301587,85.9126984126984,29.222859531700447,19.49357559055973
2016-02-23,35.698941798941796,50.0,8.134920634920634,48.214285714285715,47.55,15.277777777777779,14.880952380952381,81.54761904761905,30.22715185704111,18.164195643796496
2016-02-24,38.48888888888889,50.0,12.896825396825399,47.023809523809526,48.2,33.13492063492063,12.5,81.54761904761905,30.644735027057713,19.510220592235417
2016-02-25,37.981834215167545,50.0,5.753968253968254,51.388888888888886,54.45,17.261904761904763,22.023809523809522,80.75396825396825,29.977605535290753,18.43815042044054
2016-02-26,39.2984126984127,50.0,7.738095238095238,55.952380952380956,50.95,18.452380952380953,25.198412698412696,86.70634920634922,30.102529413736654,18.47627435662328
2016-02-29,34.37257495590829,50.0,4.166666666666666,51.19047619047619,48.625,0.1984126984126984,24.801587301587304,77.57936507936508,29.72366499881748,15.312219946718034
2016-03-01,51.82804232804233,50.0,60.11904761904761,51.98412698412698,61.50000000000001,17.261904761904763,26.38888888888889,77.57936507936508,32.80809840406048,18.37830247367367
2016-03-02,40.31446208112875,50.0,5.753968253968254,53.76984126984127,64.55000000000001,10.912698412698413,32.73809523809524,74.8015873015873,29.89360471362879,17.672879219110673
2016-03-03,39.182539682539684,50.0,0.5952380952380952,53.17460317460318,66.5,8.928571428571429,30.357142857142854,75.9920634920635,27.909750724759995,17.14604696403319
2016-03-04,43.65643738977072,50.0,8.531746031746032,52.97619047619048,65.7,35.51587301587302,31.150793650793652,74.8015873015873,30.078733793065172,19.561142030855436
2016-03-07,45.86772486772486,50.0,1.3888888888888888,59.12698412698413,63.24999999999999,56.15079365079365,30.753968253968257,87.5,28.575866041664998,20.96726759611436
2016-03-08,39.33051146384479,50.0,4.166666666666666,57.142857142857146,56.64999999999999,10.912698412698413,27.976190476190478,86.30952380952381,29.457462552592407,17.671798100428482
2016-03-09,39.21216931216931,50.0,0.1984126984126984,56.34920634920635,58.300000000000004,16.865079365079367,25.198412698412696,87.5,27.75712072840974,18.310374245295638
2016-03-10,42.576719576719576,50.0,4.9603174603174605,55.55555555555555,59.75,37.10317460317461,25.198412698412696,85.9126984126984,29.48089405556339,19.62342387569469
2016-03-11,39.09611992945326,50.0,5.357142857142857,49.20634920634921,67.5,8.531746031746032,21.626984126984127,76.78571428571429,29.48592242291092,16.99864181410351
2016-03-14,41.18677248677248,50.0,12.896825396825399,50.0,65.39999999999999,14.087301587301587,25.595238095238095,74.40476190476191,30.23024359114371,17.847933526175197
2016-03-15,41.47407407407407,9.325396825396826,21.626984126984127,52.38095238095238,65.80000000000001,31.944444444444443,32.73809523809524,72.02380952380952,30.851658708913774,19.437516662459725
2016-03-16,46.9026455026455,2.579365079365079,34.72222222222222,48.21428571428571,75.05,55.35714285714286,30.357142857142854,66.07142857142857,31.44610817335235,20.807422970018667
2016-03-17,32.72098765432099,0.1984126984126984,1.3888888888888888,38.492063492063494,77.80000000000001,20.436507936507937,31.150793650793652,45.83333333333333,27.98284520805864,18.497826758662846
2016-03-18,40.065961199294534,50.0,23.61111111111111,31.547619047619047,79.9,8.928571428571429,31.150793650793652,31.944444444444443,30.908840813642342,17.074531177420493
2016-03-21,41.137213403880075,1.3888888888888888,40.67460317460318,27.976190476190474,81.05000000000001,41.46825396825397,26.785714285714285,29.166666666666668,31.70837239154407,19.971284350191944
2016-03-22,32.44779541446208,4.9603174603174605,25.992063492063494,20.238095238095237,79.15,16.071428571428573,18.452380952380953,22.023809523809522,30.98087718361011,18.024823803909822
2016-03-23,30.247442680776015,6.15079365079365,7.738095238095238,27.57936507936508,75.30000000000001,17.261904761904763,13.690476190476192,41.46825396825397,29.76734108013821,18.20963599002626
2016-03-24,35.27566137566138,7.341269841269842,8.928571428571429,36.70634920634921,76.3,29.563492063492063,9.722222222222223,63.69047619047619,29.8607741395452,19.19627743682748
2016-03-28,39.17336860670194,50.0,0.1984126984126984,45.63492063492063,73.8,17.658730158730158,16.46825396825397,74.8015873015873,27.747350740916076,18.30342829717377
2016-03-29,41.61093474426808,6.15079365079365,2.976190476190476,46.03174603174603,80.9,62.5,14.484126984126986,77.57936507936508,28.67125932697408,21.164200349023115
2016-03-30,53.209347442680766,6.15079365079365,41.86507936507937,53.769841269841265,82.2,63.29365079365079,16.46825396825397,91.07142857142857,31.661179824541684,21.232816346505558
2016-03-31,40.12169312169312,50.0,2.976190476190476,47.22222222222223,80.25,2.976190476190476,20.833333333333336,73.61111111111111,28.578311362558118,16.16291619979439
2016-04-01,38.70723104056437,3.373015873015873,7.738095238095238,43.65079365079365,84.5,29.563492063492063,20.436507936507937,66.86507936507937,29.61199336725914,19.22677387068069
2016-04-04,44.87107583774251,7.341269841269842,15.277777777777779,43.849206349206355,79.4,75.59523809523809,20.833333333333336,66.86507936507937,30.21123141446232,22.693759524959606
2016-04-05,56.962786596119926,6.547619047619048,77.57936507936508,42.65873015873016,72.9,77.18253968253968,20.436507936507937,64.88095238095238,33.65430984178231,22.906380314856918
2016-04-06,51.31975308641975,7.341269841269842,55.75396825396825,45.63492063492063,79.55,47.023809523809526,26.785714285714285,64.48412698412699,32.270544455468716,20.370643502710813
2016-04-07,37.04885361552029,3.373015873015873,8.134920634920634,52.57936507936508,69.2,17.658730158730158,34.32539682539682,70.83333333333334,29.62117501037742,18.384629482741797
2016-04-08,43.40511463844796,2.579365079365079,1.3888888888888888,58.531746031746025,73.2,63.29365079365079,37.89682539682539,79.16666666666666,27.861308738395174,21.404451402992862
2016-04-11,43.63968253968253,1.7857142857142856,4.9603174603174605,58.13492063492063,68.69999999999999,69.24603174603175,35.51587301587302,80.75396825396825,29.05702765813567,21.994315281674044
2016-04-12,40.26807760141093,0.992063492063492,16.46825396825397,54.96031746031746,75.75,12.103174603174603,33.92857142857143,75.9920634920635,30.20258401834805,17.87448523832211
2016-04-13,63.50229276895943,0.1984126984126984,78.37301587301587,54.36507936507937,80.8,89.88095238095238,29.166666666666668,79.56349206349206,33.69704967840947,25.55259650173744
2016-04-14,59.182363315696655,0.5952380952380952,86.30952380952381,52.77777777777778,81.4,38.2936507936508,23.61111111111111,81.94444444444444,34.65420426487669,19.879694435953823
2016-04-15,54.48747795414462,0.1984126984126984,74.0079365079365,44.44444444444445,81.9,45.03968253968254,20.03968253968254,68.84920634920636,33.32958347640289,20.226362049288063
2016-04-18,51.3042328042328,1.3888888888888888,47.023809523809526,40.476190476190474,83.25,78.37301587301587,19.642857142857142,61.30952380952381,31.819967104926516,23.14662814993823
2016-04-19,43.62222222222222,0.5952380952380952,11.30952380952381,41.269841269841265,83.8,77.97619047619048,21.626984126984127,60.912698412698404,29.84819426053521,23.071733158957954
2016-04-20,37.6694885361552,1.3888888888888888,22.42063492063492,35.714285714285715,83.6,18.452380952380953,27.18253968253968,44.24603174603175,30.604246883241093,18.489566727868993
2016-04-21,30.88447971781305,2.976190476190476,2.976190476190476,33.730158730158735,80.25,7.341269841269842,31.150793650793652,36.30952380952381,28.377519897702918,17.023135398486673
2016-04-22,61.65590828924162,0.992063492063492,86.70634920634922,38.69047619047619,83.9,96.62698412698413,37.10317460317461,40.27777777777778,34.679139331005096,29.659519563012882
2016-04-25,37.486067019400345,0.1984126984126984,2.976190476190476,49.20634920634921,79.6,24.404761904761905,46.230158730158735,52.182539682539684,28.36486535109004,18.965306201021118
2016-04-26,43.28518518518518,0.1984126984126984,19.246031746031747,49.40476190476191,80.19999999999999,42.26190476190476,51.78571428571429,47.023809523809526,30.267467530237983,20.125908325328222
2016-04-27,64.63827160493827,0.1984126984126984,75.9920634920635,58.73015873015872,81.15,91.07142857142857,54.563492063492056,62.89682539682539,33.60435384455835,25.710335649716125
2016-04-28,61.902821869488534,0.1984126984126984,71.23015873015873,57.73809523809524,73.9,93.45238095238095,52.57936507936508,62.89682539682539,33.17529691886318,26.839212128153406
2016-04-29,58.26102292768959,1.3888888888888888,61.70634920634921,57.93650793650794,71.5,82.73809523809523,50.595238095238095,65.27777777777779,32.44052641964294,24.099837350861332
2016-05-02,46.05661375661375,3.373015873015873,17.658730158730158,56.94444444444444,76.6,51.78571428571429,43.84920634920635,70.03968253968253,30.169569574820297,20.651323345956886
2016-05-03,39.85361552028218,1.3888888888888888,8.928571428571429,51.58730158730159,72.0,40.67460317460318,31.547619047619047,71.62698412698413,29.54154083179316,20.097644470185287
2016-05-04,40.654320987654316,4.166666666666666,22.42063492063492,46.62698412698413,69.75,37.5,24.00793650793651,69.24603174603175,30.409643228612953,19.89473600472452
2016-05-05,35.54091710758377,6.547619047619048,2.976190476190476,50.3968253968254,70.45,15.277777777777779,26.38888888888889,74.40476190476191,28.24450328192173,18.189986982544582
2016-05-06,39.5747795414462,4.9603174603174605,6.547619047619048,52.182539682539684,76.39999999999999,28.76984126984127,25.992063492063494,78.37301587301587,29.19318133350646,19.31556840474104
2016-05-09,34.450440917107585,0.1984126984126984,0.1984126984126984,47.023809523809526,77.15,14.087301587301587,25.198412698412696,68.84920634920636,26.876438473700144,18.122754886566756
2016-05-10,39.000176366843036,0.5952380952380952,5.753968253968254,44.04761904761905,81.85,43.05555555555556,21.23015873015873,66.86507936507937,28.832019141583253,20.171523587459916
2016-05-11,39.58606701940035,1.7857142857142856,10.515873015873016,41.666666666666664,76.55,55.35714285714286,25.595238095238095,57.738095238095234,29.494972162727866,20.973255633554533
2016-05-12,49.50917107583774,1.7857142857142856,49.801587301587304,38.095238095238095,77.95,74.0079365079365,21.23015873015873,54.96031746031746,31.797663098078043,22.5787801161693
2016-05-13,39.21922398589065,2.1825396825396823,30.753968253968257,35.51587301587301,74.80000000000001,33.13492063492063,18.055555555555554,52.976190476190474,30.78177671341461,19.627670608334448
2016-05-16,43.124514991181655,6.547619047619048,22.023809523809522,35.714285714285715,76.6,77.18253968253968,13.293650793650794,58.13492063492064,30.253770518480934,22.999299861402143
2016-05-17,36.403703703703705,7.341269841269842,2.976190476190476,35.317460317460316,72.15,64.0873015873016,11.30952380952381,59.32539682539682,28.021732095834118,21.630455460961365
2016-05-18,35.430335097001766,10.515873015873016,16.865079365079367,37.8968253968254,70.25,20.436507936507937,6.944444444444445,68.84920634920636,29.96063176299493,18.66111740312633
2016-05-19,31.32645502645503,10.912698412698413,6.944444444444445,36.111111111111114,68.35000000000001,12.103174603174603,4.9603174603174605,67.26190476190477,28.910679854864917,17.8859700712426
2016-05-20,30.906525573192237,9.325396825396826,18.452380952380953,26.19047619047619,74.0,5.357142857142857,1.7857142857142856,50.595238095238095,30.054401973946575,16.790763728314747
2016-05-23,32.70881834215167,12.103174603174603,24.801587301587304,22.817460317460316,70.89999999999999,22.42063492063492,1.7857142857142856,43.84920634920635,30.321759566145257,18.846881613876345
2016-05-24,33.977777777777774,12.5,23.61111111111111,26.984126984126984,77.9,9.325396825396826,1.3888888888888888,52.57936507936508,30.241116088873504,17.46065315110317
2016-05-25,41.56613756613756,13.690476190476192,55.35714285714286,25.0,80.5,13.690476190476192,2.579365079365079,47.42063492063492,31.917395531662372,18.07930969719883
2016-05-26,42.85996472663139,17.261904761904763,45.43650793650794,18.452380952380953,82.85,56.547619047619044,2.976190476190476,33.92857142857143,31.465501959692897,21.046468475077173
2016-05-27,52.15502645502646,18.055555555555554,86.70634920634922,27.182539682539684,84.4,27.579365079365083,8.928571428571429,45.43650793650794,34.05303605272832,19.407430595183133
2016-05-31,31.962610229276898,14.484126984126986,18.055555555555554,25.99206349206349,79.05000000000001,0.992063492063492,18.849206349206348,33.13492063492063,29.98459054936655,15.789145677188982
2016-06-01,35.54497354497354,16.46825396825397,29.96031746031746,28.174603174603174,79.0,0.992063492063492,26.785714285714285,29.563492063492063,30.600767973265206,15.742775889885143
2016-06-02,49.51604938271605,18.452380952380953,68.45238095238095,33.53174603174603,81.85,25.992063492063494,39.08730158730159,27.976190476190478,32.50069482281705,19.22931294279614
2016-06-03,51.81022927689594,19.642857142857142,77.97619047619048,39.08730158730159,82.64999999999999,8.134920634920634,45.43650793650794,32.73809523809524,33.25649370503311,17.622402895696062
2016-06-06,37.74338624338624,23.214285714285715,6.15079365079365,46.82539682539682,81.75,0.1984126984126984,50.595238095238095,43.05555555555556,28.746194322005902,14.666070094525224
2016-06-07,40.495590828924165,17.261904761904763,17.261904761904763,49.801587301587304,79.75,3.7698412698412698,38.2936507936508,61.30952380952381,29.91704347858306,16.525807264341207
2016-06-08,38.500176366843036,16.46825396825397,7.341269841269842,51.98412698412699,79.6,0.1984126984126984,44.24603174603175,59.72222222222222,28.857292336702656,14.38045286059567
2016-06-09,36.731569664903,17.261904761904763,8.531746031746032,47.22222222222222,76.8,0.992063492063492,39.48412698412698,54.96031746031746,28.982844558487898,15.087118497421883
2016-06-10,38.17654320987654,26.785714285714285,27.18253968253968,41.26984126984127,64.85,8.928571428571429,37.10317460317461,45.43650793650794,30.315070737444938,17.22999833146302
2016-06-13,41.10573192239859,27.18253968253968,63.29365079365079,23.61111111111111,47.575,50.198412698412696,18.055555555555554,29.166666666666668,32.216053569936335,20.62419908307185
2016-06-14,39.82363315696649,23.61111111111111,77.18253968253968,25.992063492063494,48.75,4.9603174603174605,23.61111111111111,28.373015873015873,33.12203687194025,16.617279063389887
2016-06-15,37.003350970017635,25.198412698412696,66.86507936507937,23.80952380952381,49.65,3.373015873015873,22.023809523809522,25.595238095238095,32.380082206003195,16.17463980053994
2016-06-16,27.55185185185185,28.373015873015873,24.00793650793651,16.269841269841272,53.15,16.46825396825397,12.5,20.03968253968254,30.178550024529304,18.329431512150165
2016-06-17,26.47125220458554,28.373015873015873,16.46825396825397,15.674603174603176,52.949999999999996,24.00793650793651,15.277777777777779,16.071428571428573,29.805051214122035,19.06779076252673
2016-06-20,36.11446208112874,24.404761904761905,36.30952380952381,34.12698412698413,58.15,9.325396825396826,25.992063492063494,42.26190476190476,30.76447694111445,17.514867137553157
2016-06-21,35.55132275132275,27.976190476190478,18.452380952380953,42.85714285714286,57.599999999999994,11.30952380952381,36.30952380952381,49.404761904761905,29.903411026107307,17.67958855173951
2016-06-22,40.86234567901234,24.404761904761905,58.53174603174603,31.547619047619047,47.074999999999996,37.5,18.849206349206348,44.24603174603175,31.870957604188295,19.90045547004963
2016-06-23,42.98059964726631,20.03968253968254,60.11904761904761,33.53174603174603,63.75,18.452380952380953,19.642857142857142,47.42063492063492,31.983027597852033,18.447076104379605
2016-06-24,33.61657848324515,26.38888888888889,58.92857142857143,21.031746031746028,35.599999999999994,24.00793650793651,4.166666666666666,37.89682539682539,31.875783394228485,18.912558062590985
2016-06-27,35.250881834215164,50.0,65.27777777777779,9.325396825396826,40.375,27.976190476190478,1.3888888888888888,17.261904761904763,32.16384678277059,19.276905106316008
2016-06-28,33.3994708994709,50.0,49.404761904761905,10.119047619047619,56.25,8.928571428571429,0.992063492063492,19.246031746031747,31.466122234094417,17.39603281856952
2016-06-29,34.90617283950617,39.48412698412698,39.08730158730159,19.444444444444446,66.8,4.563492063492063,1.7857142857142856,37.10317460317461,30.874675699042392,16.55286627150375
2016-06-30,28.73121693121693,31.944444444444443,14.087301587301587,17.658730158730158,71.85,1.7857142857142856,1.3888888888888888,33.92857142857143,29.615310377544933,15.506502290698897
2016-07-01,29.819047619047623,30.753968253968257,3.373015873015873,25.595238095238095,76.15,1.7857142857142856,2.976190476190476,48.214285714285715,28.07853192417682,15.38782982662616
2016-07-05,31.476366843033507,33.53174603174603,6.547619047619048,29.166666666666668,72.1,4.9603174603174605,6.15079365079365,52.182539682539684,28.73659858067058,16.606022207032908
2016-07-06,34.3037037037037,33.92857142857143,5.357142857142857,36.507936507936506,75.19999999999999,4.166666666666666,6.944444444444445,66.07142857142857,28.48529050459838,16.357041477096416
2016-07-07,36.17936507936507,31.944444444444443,5.753968253968254,42.65873015873016,76.2,1.7857142857142856,14.087301587301587,71.23015873015873,28.48596237738838,15.321918350982102
2016-07-08,40.359788359788354,30.753968253968257,14.880952380952381,44.047619047619044,84.0,2.579365079365079,14.880952380952381,73.21428571428571,29.581964960532225,15.49869859653642
2016-07-11,41.04021164021164,30.357142857142854,0.5952380952380952,55.95238095238095,82.30000000000001,5.357142857142857,29.563492063492063,82.34126984126983,27.627416707761647,16.452244395182593
2016-07-12,43.564373897707235,27.18253968253968,12.896825396825399,57.73809523809524,82.25,1.3888888888888888,34.72222222222222,80.75396825396825,29.264407150061988,15.290412528947675
2016-07-13,43.69012345679012,30.753968253968257,5.753968253968254,58.92857142857143,84.8,4.563492063492063,44.24603174603175,73.61111111111111,28.459312602870433,16.147974384564403
2016-07-14,59.697354497354496,30.357142857142854,76.38888888888889,57.539682539682545,85.9,9.722222222222223,50.99206349206349,64.0873015873016,32.59230927335501,17.067163337714135
2016-07-15,53.228218694885356,31.944444444444443,47.817460317460316,55.75396825396825,86.65,10.912698412698413,65.67460317460318,45.83333333333333,31.236973154211956,17.192485856040136
2016-07-18,59.9652557319224,31.150793650793652,69.24603174603175,40.27777777777778,87.8,73.61111111111111,63.69047619047619,16.865079365079367,32.197304680078,22.476217118039855
2016-07-19,52.021869488536154,33.53174603174603,13.293650793650794,52.182539682539684,90.14999999999999,71.23015873015873,69.24603174603175,35.11904761904761,29.246051665642398,22.241601172723776
2016-07-20,70.29964726631393,27.976190476190478,96.62698412698413,57.93650793650794,91.15,55.35714285714286,69.24603174603175,46.62698412698413,35.261869409427504,20.79472109318594
2016-07-21,56.76596119929454,25.595238095238095,64.0873015873016,53.76984126984128,86.3,23.214285714285715,67.65873015873017,39.88095238095239,31.95409199696453,18.552335339451993
2016-07-22,52.75996472663139,32.34126984126984,25.198412698412696,64.48412698412699,89.9,18.849206349206348,68.05555555555556,60.912698412698404,30.05343000189774,18.22288908639451
2016-07-25,61.22910052910052,25.992063492063494,63.69047619047619,67.46031746031746,85.65,24.00793650793651,70.03968253968253,64.88095238095238,31.879225884912255,18.60418404173522
2016-07-26,69.93562610229277,28.373015873015873,92.65873015873017,66.66666666666667,84.75,46.230158730158735,75.1984126984127,58.13492063492064,33.99289653309388,20.170808662234556
2016-07-27,72.89171075837741,39.88095238095239,90.67460317460318,64.08730158730158,85.85,70.83333333333334,79.16666666666666,49.007936507936506,33.77233471507019,21.881186056391247
2016-07-28,74.02804232804232,35.91269841269841,87.5,62.5,86.39999999999999,95.03968253968253,81.94444444444444,43.05555555555556,33.32118808303684,26.7556371482297
2016-07-29,58.041269841269845,35.51587301587302,18.452380952380953,61.7063492063492,90.65,83.53174603174604,79.16666666666666,44.24603174603175,29.628075022663893,23.869088814969867
2016-08-01,54.51992945326278,37.89682539682539,16.071428571428573,63.492063492063494,87.8,54.563492063492056,78.76984126984127,48.214285714285715,29.532729289885573,20.675870320924382
2016-08-02,56.24232804232803,40.67460317460318,47.023809523809526,60.91269841269842,83.15,22.42063492063492,72.42063492063492,49.404761904761905,31.131487701121795,18.4764233088157
2016-08-03,50.32751322751323,37.5,11.30952380952381,68.05555555555557,85.7,17.261904761904763,70.83333333333334,65.27777777777779,29.03117133868418,18.149649051864223
2016-08-04,51.213227513227515,37.89682539682539,11.30952380952381,70.03968253968254,87.9,14.484126984126986,62.10317460317461,77.97619047619048,28.9861824426768,17.83748412367063
2016-08-05,79.82680776014108,36.30952380952381,89.0873015873016,75.1984126984127,93.05,92.26190476190477,68.45238095238095,81.94444444444444,33.564482665566416,25.232523386461015
2016-08-08,67.27072310405644,36.7063492063492,47.023809523809526,82.73809523809524,92.5,41.46825396825397,77.18253968253968,88.29365079365078,30.989077872425607,19.888253449528595
2016-08-09,57.6352733686067,34.32539682539682,4.563492063492063,82.53968253968253,91.7,44.24603174603175,80.75396825396825,84.32539682539682,28.225824970429812,20.05270341701541
2016-08-10,61.434744268077594,38.69047619047619,31.150793650793652,82.53968253968253,89.75,24.801587301587304,82.73809523809523,82.34126984126983,30.169875116677723,18.580624416847428
2016-08-11,64.4031746031746,33.13492063492063,57.341269841269835,76.5873015873016,91.6,18.849206349206348,87.89682539682539,65.27777777777779,31.58750749010194,18.208865138178176
2016-08-12,69.26543209876543,36.30952380952381,73.21428571428571,70.23809523809524,92.25,45.43650793650794,89.0873015873016,51.388888888888886,32.272155011450934,20.09045217146151
2016-08-15,59.78342151675484,31.944444444444443,68.45238095238095,58.13492063492063,90.95,12.896825396825399,82.73809523809523,33.53174603174603,32.0037653753555,17.555273635335432
2016-08-16,52.99700176366843,39.08730158730159,35.91269841269841,58.53174603174604,86.8,16.865079365079367,81.54761904761905,35.51587301587302,30.333712592367547,17.999541899987875
2016-08-17,48.11781305114638,41.07142857142857,22.023809523809522,54.16666666666667,89.05,7.341269841269842,81.54761904761905,26.785714285714285,29.76930860245428,16.575415406962417
2016-08-18,46.77971781305114,31.944444444444443,8.134920634920634,61.9047619047619,92.85000000000001,1.3888888888888888,79.16666666666666,44.642857142857146,28.65093377827578,15.218403643443665
2016-08-19,52.08253968253968,36.30952380952381,41.46825396825397,51.98412698412699,93.3,6.944444444444445,76.38888888888889,27.579365079365083,30.62972313984537,16.51983931257219
2016-08-22,52.15149911816579,35.51587301587302,48.214285714285715,51.98412698412699,88.65,4.166666666666666,79.96031746031747,24.00793650793651,30.924932775553927,15.605829013345307
2016-08-23,52.668606701940035,36.7063492063492,49.801587301587304,49.801587301587304,88.1,12.103174603174603,76.38888888888889,23.214285714285715,31.06947083122773,17.112455091375008
2016-08-24,49.60582010582011,37.5,49.801587301587304,46.42857142857143,82.75,4.563492063492063,72.42063492063492,20.436507936507937,31.0218522612623,15.716001081523833
2016-08-25,52.3379188712522,33.13492063492063,74.0079365079365,37.89682539682539,81.85,12.5,60.912698412698404,14.880952380952381,32.20513504742794,17.112077297984108
2016-08-26,50.22134038800705,43.84920634920635,42.65873015873016,43.65079365079365,81.75,28.373015873015873,56.15079365079365,31.150793650793652,30.707540921384606,18.509874621530848
2016-08-29,48.45291005291005,46.230158730158735,58.92857142857143,27.380952380952383,85.30000000000001,19.246031746031747,41.86507936507937,12.896825396825399,31.581836978576582,17.9724772973698
2016-08-30,48.407231040564376,47.023809523809526,60.51587301587301,28.373015873015873,84.4,13.690476190476192,44.24603174603175,12.5,31.615923326466223,17.170687570713724
2016-08-31,51.79964726631393,48.214285714285715,85.11904761904762,26.984126984126984,82.9,0.992063492063492,45.03968253968254,8.928571428571429,33.100254690408555,14.805041724162542
2016-09-01,58.91992945326279,48.214285714285715,77.57936507936508,37.6984126984127,82.6,48.61111111111111,58.13492063492064,17.261904761904763,32.43442347227798,20.03787609285973
2016-09-02,57.91904761904762,45.83333333333333,67.26190476190477,39.48412698412699,90.1,42.26190476190476,61.30952380952381,17.658730158730158,31.952014469432132,19.575609136781548
2016-09-06,52.03245149911817,50.595238095238095,8.928571428571429,61.111111111111114,89.9,36.7063492063492,70.83333333333334,51.388888888888886,28.710409047908954,19.225202978072893
2016-09-07,55.00934744268078,50.198412698412696,37.10317460317461,47.023809523809526,90.3,49.007936507936506,71.23015873015873,22.817460317460316,30.335705234999576,20.014125523040452
2016-09-08,56.536507936507945,50.595238095238095,64.0873015873016,45.039682539682545,87.45,20.03968253968254,74.40476190476191,15.674603174603174,31.80326630745356,17.917179420366157
2016-09-09,47.310405643738974,50.99206349206349,61.70634920634921,35.714285714285715,62.5,19.246031746031747,66.07142857142857,5.357142857142857,31.671737783684318,17.855822971151227
2016-09-12,46.03033509700176,49.007936507936506,58.13492063492064,30.555555555555557,74.2,8.928571428571429,58.13492063492064,2.976190476190476,31.540205124138478,16.53644723299
2016-09-13,52.3668430335097,51.388888888888886,95.43650793650794,22.42063492063492,60.74999999999999,40.27777777777778,44.642857142857146,0.1984126984126984,34.06648178139087,19.363872831760723
2016-09-14,56.36560846560846,55.75396825396825,99.8015873015873,15.674603174603172,59.3,86.30952380952381,30.357142857142854,0.992063492063492,36.40414521123435,23.831633919244748
2016-09-15,54.948853615520285,52.976190476190474,99.8015873015873,7.936507936507936,68.5,81.15079365079364,15.674603174603174,0.1984126984126984,38.15789138137695,22.67724740685002
2016-09-16,53.6673721340388,56.547619047619044,97.81746031746032,12.896825396825397,73.15,45.83333333333333,25.595238095238095,0.1984126984126984,35.78071139130251,19.778647228885625
2016-09-19,51.968430335097,53.37301587301587,86.70634920634922,19.841269841269842,72.35,36.7063492063492,39.08730158730159,0.5952380952380952,33.26450577580492,19.12103603204281
2016-09-20,45.516578483245155,53.37301587301587,41.07142857142857,25.595238095238095,70.4,56.547619047619044,50.595238095238095,0.5952380952380952,30.62524086017201,20.22969766173593
2016-09-21,54.181657848324505,47.023809523809526,55.75396825396825,29.365079365079367,83.5,74.0079365079365,55.35714285714286,3.373015873015873,31.456726413508147,21.84498547585075
2016-09-22,48.13033509700177,48.61111111111111,10.119047619047619,37.89682539682539,89.9,70.83333333333334,60.51587301587301,15.277777777777779,28.80141900969036,21.586632241033087
2016-09-23,69.6557319223986,43.84920634920635,79.96031746031747,53.76984126984128,88.55000000000001,84.72222222222221,67.65873015873017,39.88095238095239,32.70433493541521,23.442525693712373
2016-09-26,53.201058201058196,16.865079365079367,51.78571428571429,45.63492063492063,77.5,66.46825396825396,64.88095238095238,26.38888888888889,31.265665937171903,21.088236897619204
2016-09-27,48.716049382716044,19.246031746031747,21.23015873015873,48.80952380952381,84.5,61.30952380952381,67.26190476190477,30.357142857142854,29.6467819804333,20.713254481259817
2016-09-28,48.16014109347442,23.214285714285715,7.341269841269842,43.84920634920635,88.05,87.89682539682539,70.43650793650794,17.261904761904763,28.56592567492263,24.0467769830065
2016-09-29,59.378130511463844,30.357142857142854,70.43650793650794,39.285714285714285,79.9,85.51587301587301,69.64285714285714,8.928571428571429,32.00167386754198,23.76659897732418
2016-09-30,63.62839506172839,26.785714285714285,89.48412698412699,36.111111111111114,83.55000000000001,91.46825396825396,65.27777777777779,6.944444444444445,33.327570753747814,24.87767615458847
2016-10-03,44.44603174603174,25.595238095238095,38.2936507936508,36.904761904761905,82.15,22.817460317460316,68.84920634920636,4.9603174603174605,30.379914968732212,18.118481821643094
2016-10-04,49.427865961199295,26.38888888888889,64.0873015873016,35.91269841269842,81.85,18.849206349206348,67.65873015873017,4.166666666666666,31.811696979465413,17.72525699609051
2016-10-05,51.37354497354497,32.73809523809524,45.43650793650794,33.53174603174603,85.05,68.05555555555556,60.51587301587301,6.547619047619048,30.776602886709348,21.324627425438273
2016-10-06,59.71922398589064,44.24603174603175,80.75396825396825,37.301587301587304,85.8,48.214285714285715,65.27777777777779,9.325396825396826,32.60962939444083,19.931567680672764
2016-10-07,48.88906525573192,56.15079365079365,27.18253968253968,49.801587301587304,82.6,14.880952380952381,74.0079365079365,25.595238095238095,29.94459936640793,17.176223185895267
2016-10-10,71.5089947089947,60.51587301587301,84.72222222222221,59.52380952380952,83.1,68.84920634920636,68.05555555555556,50.99206349206349,33.118579673769574,21.36146270952688
2016-10-11,70.91834215167547,50.0,96.62698412698413,67.85714285714286,73.2,45.03968253968254,72.42063492063492,63.29365079365079,35.00836045141325,19.644389791664317
2016-10-12,67.59559082892416,50.0,91.46825396825396,72.42063492063492,70.45,17.261904761904763,74.0079365079365,70.83333333333334,33.648431311898406,17.55342575179292
2016-10-13,63.46613756613756,50.0,80.35714285714286,69.24603174603175,66.54999999999998,19.642857142857142,62.89682539682539,75.59523809523809,32.73406144750128,17.715106109388337
2016-10-14,71.13209876543209,50.0,99.40476190476191,64.28571428571428,69.39999999999999,59.72222222222222,59.32539682539682,69.24603174603175,37.35363908969062,20.56116778421441
2016-10-17,54.47566137566137,50.0,37.5,63.2936507936508,68.94999999999999,37.5,56.15079365079365,70.43650793650794,30.361491977892502,19.020143703588012
2016-10-18,56.54514991181657,50.0,34.32539682539682,53.96825396825396,73.60000000000001,81.15079365079364,47.817460317460316,60.11904761904761,30.246887211116523,22.701269335940964
2016-10-19,52.22081128747795,50.0,54.96031746031746,39.682539682539684,77.95,35.11904761904761,40.67460317460318,38.69047619047619,31.400331658284937,18.777715037625985
2016-10-20,60.25132275132275,50.0,89.88095238095238,38.69047619047619,81.25,33.92857142857143,48.61111111111111,28.76984126984127,33.527226250270104,18.650229240569036
2016-10-21,61.58871252204585,50.0,93.05555555555556,25.198412698412696,83.3,75.9920634920635,38.69047619047619,11.706349206349206,33.89675563423336,22.107114333674048
2016-10-24,54.3604938271605,50.0,57.738095238095234,24.00793650793651,84.9,81.94444444444444,38.2936507936508,9.722222222222223,31.579754817075077,22.765230317379856
2016-10-25,48.338095238095235,50.0,41.07142857142857,30.158730158730158,82.69999999999999,47.023809523809526,47.023809523809526,13.293650793650794,30.59586780040926,19.705798859887878
2016-10-26,61.889417989417986,50.0,80.35714285714286,39.285714285714285,78.8,70.83333333333334,52.976190476190474,25.595238095238095,32.60139396515454,21.38650620805376
2016-10-27,65.14232804232805,50.0,95.83333333333334,38.492063492063494,73.2,82.73809523809523,47.42063492063492,29.563492063492063,34.33066869539758,22.78310984929788
2016-10-28,64.85943562610228,50.0,82.34126984126983,45.03968253968254,69.05,95.83333333333334,35.11904761904761,54.96031746031746,32.79246255354305,26.04982310481973
2016-10-31,42.39805996472663,50.0,35.51587301587302,37.698412698412696,64.70000000000002,18.055555555555554,34.32539682539682,41.07142857142857,30.29481451574119,17.582866849102885
2016-11-01,37.68906525573192,50.0,28.76984126984127,27.38095238095238,57.2,35.11904761904761,10.912698412698413,43.84920634920635,29.999999875333494,18.73804317210526
2016-11-02,30.010405643738977,50.0,5.357142857142857,19.047619047619047,53.4,45.43650793650794,4.9603174603174605,33.13492063492063,28.347441799865468,19.584366974943297
2016-11-03,29.796825396825398,50.0,20.436507936507937,9.722222222222223,44.800000000000004,58.53174603174603,2.579365079365079,16.865079365079367,29.596226649230452,20.317026653126153
2016-11-04,25.501499118165782,50.0,17.261904761904763,7.738095238095238,43.724999999999994,34.32539682539682,1.3888888888888888,14.087301587301587,29.33874132987162,18.62009226477298
2016-11-07,34.83280423280423,50.0,41.46825396825397,11.507936507936508,56.449999999999996,33.13492063492063,1.3888888888888888,21.626984126984127,30.482101433369635,18.53222009922975
2016-11-08,35.989947089947094,50.0,39.88095238095239,13.095238095238095,56.300000000000004,42.26190476190476,3.7698412698412698,22.42063492063492,30.36981705514301,19.23502738708818
2016-11-09,55.5389770723104,50.0,98.61111111111111,10.11904761904762,78.1,66.07142857142857,6.547619047619048,13.690476190476192,36.25232720602246,20.89738738350569
2016-11-10,61.0031746031746,50.0,91.07142857142857,24.404761904761905,76.3,91.07142857142857,13.293650793650794,35.51587301587302,33.46733445895559,24.467658050795446
2016-11-11,71.0721340388007,50.0,97.02380952380952,52.182539682539684,79.15,80.75396825396825,35.51587301587302,68.84920634920636,34.92977692419645,22.474366752292525
2016-11-14,76.8784832451499,50.0,98.21428571428571,67.46031746031746,77.6,87.89682539682539,52.182539682539684,82.73809523809523,35.851924622012056,23.50474793469372
2016-11-15,72.1373897707231,34.32539682539682,89.88095238095238,69.84126984126983,83.15,59.32539682539682,56.94444444444444,82.73809523809523,33.35124579600161,20.25755144290554
2016-11-16,81.02980599647266,49.007936507936506,99.0079365079365,81.54761904761905,81.4,74.8015873015873,69.24603174603175,93.84920634920636,37.230408847303245,21.607505835004666
2016-11-17,77.40652557319225,49.801587301587304,99.40476190476191,80.55555555555556,83.25,39.88095238095239,63.29365079365079,97.81746031746032,37.465255040037526,19.075825580916867
2016-11-18,73.75132275132276,48.214285714285715,97.42063492063492,75.19841269841271,85.75,23.61111111111111,72.42063492063492,77.97619047619048,35.94339953503018,17.991390995074568
2016-11-21,69.70970017636684,56.15079365079365,71.62698412698413,70.23809523809524,87.9,41.46825396825397,72.02380952380952,68.45238095238095,32.01300631363228,19.18310989407261
2016-11-22,66.25961199294532,46.62698412698413,62.89682539682539,76.38888888888889,87.95,18.849206349206348,79.16666666666666,73.61111111111111,31.701247409736823,17.654994201377974
2016-11-23,76.5768959435626,42.26190476190476,87.10317460317461,80.95238095238095,87.85,54.166666666666664,84.32539682539682,77.57936507936508,33.314655146289965,19.97004106667586
2016-11-25,69.93086419753085,34.72222222222222,85.51587301587301,73.80952380952381,88.3,25.595238095238095,90.67460317460318,56.94444444444444,33.18781602215666,18.08987665981444
2016-11-28,71.36772486772485,48.214285714285715,72.02380952380952,83.33333333333333,84.25,31.547619047619047,91.46825396825396,75.1984126984127,32.134960225350895,18.444221087493467
2016-11-29,62.62874779541446,53.37301587301587,50.198412698412696,77.18253968253968,85.5,7.341269841269842,92.65873015873017,61.70634920634921,30.92230277506064,16.32272652788289
2016-11-30,54.104232804232794,61.30952380952381,21.23015873015873,68.25396825396825,83.35,11.706349206349206,97.81746031746032,38.69047619047619,29.596664929878834,16.863302487525115
2016-12-01,75.48218694885361,72.02380952380952,95.83333333333334,69.24603174603175,79.65,48.61111111111111,99.0079365079365,39.48412698412698,35.113576719183406,19.555621564379756
2016-12-02,70.66472663139328,72.02380952380952,94.64285714285714,66.46825396825396,79.4,16.46825396825397,98.21428571428571,34.72222222222222,34.76005360228237,17.210208867238972
2016-12-05,72.66631393298059,60.912698412698404,89.0873015873016,73.01587301587301,89.3,17.261904761904763,98.21428571428571,47.817460317460316,33.57425933571324,17.272936597251878
2016-12-06,76.00934744268078,59.72222222222222,91.86507936507937,80.15873015873015,91.05000000000001,18.055555555555554,99.8015873015873,60.51587301587301,33.99166097478415,17.41473095780544
2016-12-07,77.0747795414462,52.976190476190474,93.45238095238095,87.3015873015873,88.89999999999999,14.087301587301587,99.40476190476191,75.1984126984127,34.58415063876784,17.102592919040692
2016-12-08,75.48377425044092,26.38888888888889,93.05555555555556,87.10317460317461,86.8,31.944444444444443,99.0079365079365,75.1984126984127,34.56939956258875,18.30995200054545
2016-12-09,78.67724867724867,47.817460317460316,92.26190476190477,90.67460317460318,91.25,21.23015873015873,99.40476190476191,81.94444444444444,34.14494356976906,17.637341723740548
2016-12-12,69.42116402116402,47.42063492063492,68.84920634920636,85.31746031746033,86.8,10.119047619047619,99.40476190476191,71.23015873015873,32.07544587342791,16.561847206098218
2016-12-13,79.1647266313933,58.13492063492064,88.29365079365078,79.36507936507937,86.39999999999999,66.86507936507937,99.0079365079365,59.72222222222222,33.62326937531937,20.392668450851595
2016-12-14,84.2641975308642,66.46825396825396,98.21428571428571,83.92857142857143,84.05,75.59523809523809,98.61111111111111,69.24603174603175,37.03474189103923,21.241195661353267
2016-12-15,76.63985890652557,68.45238095238095,95.83333333333334,69.64285714285714,86.05000000000001,48.61111111111111,99.8015873015873,39.48412698412698,35.54032972612801,19.290285450602283
2016-12-16,67.5731922398589,78.76984126984127,91.86507936507937,55.15873015873016,89.0,2.1825396825396823,99.8015873015873,10.515873015873016,34.34816254472752,15.237654871767528
2016-12-19,72.7031746031746,77.57936507936508,95.43650793650794,53.17460317460318,91.44999999999999,43.452380952380956,99.40476190476191,6.944444444444445,35.46019217715388,18.935467209746907
2016-12-20,69.50881834215168,80.35714285714286,90.67460317460318,51.19047619047619,92.75,24.801587301587304,99.8015873015873,2.579365079365079,34.29079940684069,17.73886237762915
2016-12-21,64.9689594356261,82.34126984126983,75.59523809523809,50.1984126984127,93.65,13.293650793650794,99.8015873015873,0.5952380952380952,32.64007910751715,16.997247343158556
2016-12-22,73.85202821869488,83.53174603174604,95.03968253968253,51.98412698412699,92.85000000000001,49.404761904761905,99.8015873015873,4.166666666666666,35.35784634677124,19.238210672030757
2016-12-23,74.28183421516754,83.92857142857143,88.69047619047619,58.333333333333336,92.8,46.62698412698413,99.40476190476191,17.261904761904763,34.036613203741105,19.111963343094267
2016-12-27,85.61957671957671,82.73809523809523,95.43650793650794,75.0,90.05,91.86507936507937,99.8015873015873,50.198412698412696,35.477938984446524,23.789898059362425
2016-12-28,90.7037037037037,86.30952380952381,99.8015873015873,87.89682539682539,85.25,96.23015873015873,98.61111111111111,77.18253968253968,39.09194473853355,25.16643355764629
2016-12-29,93.2352733686067,84.32539682539682,99.8015873015873,97.02380952380952,83.15,97.81746031746032,97.81746031746032,96.23015873015873,40.04353427629559,26.042190615264005
2016-12-30,85.94320987654321,85.9126984126984,92.26190476190477,84.92063492063491,79.80000000000001,88.69047619047619,93.45238095238095,76.38888888888889,34.96344809753004,23.021729057642492
2017-01-03,80.60758377425043,83.53174603174604,85.9126984126984,86.11111111111111,85.75,40.27777777777778,93.84920634920636,78.37301587301587,33.90512921652267,18.566217826008593
2017-01-04,69.61552028218694,69.24603174603175,48.214285714285715,81.94444444444444,90.75,33.53174603174603,91.86507936507937,72.02380952380952,31.12961157225613,18.291358558875935
2017-01-05,67.10388007054674,75.1984126984127,42.65873015873016,71.82539682539682,91.65,44.642857142857146,91.46825396825396,52.182539682539684,30.665149429049364,18.910170698175715
2017-01-06,67.77936507936508,79.56349206349206,42.65873015873016,60.51587301587302,93.4,76.78571428571429,92.26190476190477,28.76984126984127,30.664970892153104,21.311540744075135
2017-01-09,79.72610229276896,73.61111111111111,74.40476190476191,87.5,92.2,48.214285714285715,96.23015873015873,78.76984126984127,32.74552179340469,19.1161540426649
2017-01-10,68.45026455026455,62.89682539682539,36.7063492063492,88.09523809523809,92.55,30.357142857142854,95.03968253968253,81.15079365079364,30.345932490641804,18.099142506587675
2017-01-11,77.5021164021164,51.78571428571429,81.94444444444444,93.84920634920636,93.7,12.896825396825399,97.81746031746032,89.88095238095238,33.56875089174219,16.865827260489915
2017-01-12,86.47231040564374,54.96031746031746,85.11904761904762,98.80952380952381,92.30000000000001,72.02380952380952,97.81746031746032,99.8015873015873,33.86008452361893,20.71579487059847
2017-01-13,90.14567901234568,43.84920634920635,96.23015873015873,97.81746031746033,93.85,93.84920634920636,95.83333333333334,99.8015873015873,36.08659681475721,24.100866537759195
2017-01-17,84.56243386243386,40.27777777777778,97.02380952380952,95.23809523809524,90.65,59.72222222222222,90.67460317460318,99.8015873015873,36.76196005030613,19.781517073390745
2017-01-18,81.94462081128748,38.2936507936508,96.62698412698413,95.23809523809524,87.6,45.03968253968254,90.67460317460318,99.8015873015873,36.73770090432137,18.827362040435812
2017-01-19,78.7453262786596,40.67460317460318,71.62698412698413,93.25396825396825,86.10000000000001,72.81746031746032,87.10317460317461,99.40476190476191,32.61464340616691,20.878559723504587
2017-01-20,80.3215167548501,49.801587301587304,79.96031746031747,87.10317460317461,92.30000000000001,67.26190476190477,86.30952380952381,87.89682539682539,33.535062981750585,20.25661714461732
2017-01-23,78.83139329805996,52.57936507936508,78.76984126984127,83.53174603174602,91.15,66.46825396825396,85.9126984126984,81.15079365079364,33.45232547911273,20.19149407767851
2017-01-24,65.94074074074074,23.61111111111111,82.73809523809523,68.45238095238095,94.65,9.722222222222223,85.9126984126984,50.99206349206349,33.663612304651245,16.528419103149872
2017-01-25,64.06913580246913,25.198412698412696,91.86507936507937,55.75396825396825,95.95,8.531746031746032,83.13492063492063,28.373015873015873,35.230620270788314,16.374042728160127
2017-01-26,66.25326278659611,23.214285714285715,70.83333333333334,55.35714285714286,96.85,71.62698412698413,85.11904761904762,25.595238095238095,32.694366671550554,20.678837040126698
2017-01-27,61.87760141093474,21.23015873015873,42.26190476190476,66.66666666666667,97.1,56.94444444444444,85.11904761904762,48.214285714285715,30.65010223739415,19.568077552919583
2017-01-30,68.59012345679011,14.087301587301587,60.11904761904761,78.57142857142857,90.6,66.07142857142857,88.29365079365078,68.84920634920636,31.898355445562377,20.132624607092968
2017-01-31,63.81622574955908,19.642857142857142,49.404761904761905,85.51587301587301,90.05,19.246031746031747,89.88095238095238,81.15079365079364,31.241774483956732,17.194720561747545
2017-02-01,87.29664902998235,34.32539682539682,97.02380952380952,92.26190476190476,90.95,98.61111111111111,95.03968253968253,89.48412698412699,37.03288102772521,26.46479545399485
2017-02-02,75.17037037037038,24.801587301587304,59.72222222222222,87.5,90.35,89.0873015873016,94.64285714285714,80.35714285714286,31.88465672955807,22.801880664910875
2017-02-03,82.91693121693122,16.071428571428573,90.67460317460318,89.68253968253967,95.14999999999999,89.48412698412699,94.64285714285714,84.72222222222221,35.06038871409192,22.969797104073606
2017-02-06,72.02275132275132,20.03968253968254,72.02380952380952,86.5079365079365,93.15,38.2936507936508,95.03968253968253,77.97619047619048,33.05576783473441,18.42622647962348
2017-02-07,77.93174603174603,25.992063492063494,87.89682539682539,86.90476190476191,93.55000000000001,51.78571428571429,95.83333333333334,77.97619047619048,34.61511856683275,19.220159714409288
2017-02-08,72.33068783068784,22.817460317460316,76.38888888888889,83.73015873015873,92.75,38.69047619047619,87.89682539682539,79.56349206349206,33.386502144952836,18.43002316068789
2017-02-09,79.46754850088183,16.865079365079367,95.43650793650794,87.5,95.6,53.769841269841265,83.13492063492063,91.86507936507937,36.25679583888437,19.234480403720106
2017-02-10,77.20811287477953,15.674603174603174,93.05555555555556,84.72222222222223,95.75,47.42063492063492,79.56349206349206,89.88095238095238,35.68889998434235,18.851088028851493
2017-02-13,78.57301587301586,22.42063492063492,89.88095238095238,80.95238095238095,94.65,72.81746031746032,75.9920634920635,85.9126984126984,35.06175892328536,20.541101656035057
2017-02-14,78.8074074074074,48.61111111111111,89.0873015873016,77.77777777777777,96.3,56.547619047619044,75.1984126984127,80.35714285714286,35.04383844275424,19.342687399818363
2017-02-15,79.4469135802469,78.76984126984127,91.07142857142857,72.81746031746032,90.14999999999999,55.35714285714286,76.38888888888889,69.24603174603175,35.353198262276806,19.26773564171061
2017-02-16,67.75343915343916,77.97619047619048,68.84920634920636,66.26984126984127,91.2,12.896825396825399,77.57936507936508,54.96031746031746,32.82679583341059,16.773827352811235
2017-02-17,54.03227513227513,72.42063492063492,18.849206349206348,60.714285714285715,92.55,8.928571428571429,78.37301587301587,43.05555555555556,29.61067327473439,16.379022538785048
2017-02-21,54.91340388007054,74.0079365079365,36.7063492063492,51.58730158730158,92.15,7.738095238095238,82.34126984126983,20.833333333333336,30.54244586763509,16.232698404538198
2017-02-22,59.94938271604937,85.51587301587301,43.84920634920635,50.59523809523809,91.3,31.944444444444443,84.72222222222221,16.46825396825397,30.94849105895375,18.06364241149927
2017-02-23,69.90335097001763,89.48412698412699,60.51587301587301,57.73809523809524,91.44999999999999,62.5,89.0873015873016,26.38888888888889,32.17419804673297,19.777890910043887
2017-02-24,67.50246913580246,85.9126984126984,72.02380952380952,53.57142857142858,92.64999999999999,31.547619047619047,90.27777777777779,16.865079365079367,33.314042842058974,17.999596092738525
2017-02-27,72.06049382716049,91.86507936507937,50.198412698412696,69.44444444444444,89.55,68.84920634920636,94.64285714285714,44.24603174603175,31.607118155298767,20.168421960732356
2017-02-28,67.65502645502646,95.03968253968253,68.84920634920636,63.492063492063494,85.4,14.880952380952381,93.45238095238095,33.53174603174603,33.08770422162337,16.950920479840153
2017-03-01,70.54638447971782,95.03968253968253,96.23015873015873,50.3968253968254,87.30000000000001,21.626984126984127,83.53174603174604,17.261904761904763,36.74667362514683,17.32286214182681
2017-03-02,69.52768959435625,94.24603174603175,93.84920634920636,46.23015873015873,90.95,23.214285714285715,78.37301587301587,14.087301587301587,36.06783764165987,17.506848459625406
2017-03-03,70.05326278659611,92.26190476190477,92.65873015873017,44.84126984126984,95.19999999999999,27.976190476190478,77.57936507936508,12.103174603174603,35.84375382731613,17.818475928478726
2017-03-06,64.69365079365079,89.88095238095238,76.38888888888889,46.230158730158735,93.8,13.293650793650794,74.8015873015873,17.658730158730158,33.61627203178894,16.7589874077335
2017-03-07,61.4400352733686,91.86507936507937,51.78571428571429,57.14285714285714,92.75,0.5952380952380952,75.1984126984127,39.08730158730159,31.814214699468764,14.532644675070067
2017-03-08,74.01358024691358,97.02380952380952,81.94444444444444,70.03968253968253,90.7,13.690476190476192,80.75396825396825,59.32539682539682,34.14072629075227,16.655665099524953
2017-03-09,64.35361552028218,99.8015873015873,60.11904761904761,58.92857142857143,88.5,5.357142857142857,84.32539682539682,33.53174603174603,32.3738723570059,15.673797285817647
2017-03-10,68.30546737213403,99.40476190476191,66.07142857142857,64.28571428571428,91.7,6.944444444444445,85.51587301587301,43.05555555555556,32.95119571920042,16.05814542375093
2017-03-13,66.11463844797179,99.8015873015873,82.34126984126983,47.02380952380952,93.25,2.976190476190476,85.9126984126984,8.134920634920634,34.14501253485054,15.266535162543121
2017-03-14,57.585537918871246,97.81746031746032,42.65873015873016,49.60317460317461,88.5,9.325396825396826,86.30952380952381,12.896825396825399,31.269517625084497,16.25473605015373
2017-03-15,68.60335097001763,90.67460317460318,88.69047619047619,46.82539682539682,91.85,25.198412698412696,83.13492063492063,10.515873015873016,35.13991781868858,17.503504477464606
2017-03-16,68.76137566137565,82.73809523809523,83.13492063492063,54.761904761904766,93.94999999999999,17.658730158730158,89.0873015873016,20.436507936507937,34.46260024160445,16.87579778406599
2017-03-17,64.86966490299824,69.24603174603175,77.18253968253968,47.420634920634924,93.60000000000001,30.753968253968257,89.0873015873016,5.753968253968254,33.83101733500005,17.750121646118615
2017-03-20,68.6389770723104,73.61111111111111,84.32539682539682,54.56349206349206,93.3,25.198412698412696,90.67460317460318,18.452380952380953,34.62377577710823,17.474254042062555
2017-03-21,76.48835978835979,77.97619047619048,99.0079365079365,49.2063492063492,87.64999999999999,89.48412698412699,84.32539682539682,14.087301587301587,38.17476747114245,22.909172669045002
2017-03-22,72.49506172839506,72.02380952380952,96.23015873015873,51.19047619047619,85.95,62.5,77.97619047619048,24.404761904761905,36.79228173288347,19.721729268062198
2017-03-23,68.73350970017637,68.05555555555556,90.67460317460318,47.023809523809526,84.4,59.32539682539682,70.43650793650794,23.61111111111111,35.646076190732124,19.418769445956457
2017-03-24,71.82134038800703,65.27777777777779,92.26190476190477,54.166666666666664,85.19999999999999,63.69047619047619,66.46825396825396,41.86507936507937,35.88947413959846,19.791191500590234
2017-03-27,67.28395061728395,58.13492063492064,83.92857142857143,51.58730158730159,87.5,49.801587301587304,61.30952380952381,41.86507936507937,34.828622733273804,18.958429602264463
2017-03-28,63.02663139329806,64.0873015873016,70.03968253968253,43.65079365079365,92.35000000000001,47.42063492063492,61.30952380952381,25.992063492063494,33.54254814713611,18.798048192861092
2017-03-29,60.32698412698412,62.5,51.388888888888886,42.06349206349206,92.9,65.67460317460318,67.65873015873017,16.46825396825397,32.056325400527356,19.894965343244117
2017-03-30,68.1742504409171,58.13492063492064,60.51587301587301,55.55555555555556,92.30000000000001,83.13492063492063,74.0079365079365,37.10317460317461,32.775152299430744,21.779770330358357
2017-03-31,61.52010582010582,56.15079365079365,58.53174603174603,60.317460317460316,88.15,23.214285714285715,78.37301587301587,42.26190476190476,32.69206651653441,17.31164073888977
2017-04-03,72.73033509700177,65.27777777777779,83.53174603174604,65.27777777777777,88.1,50.198412698412696,87.89682539682539,42.65873015873016,34.811805280002126,18.937148000616617
2017-04-04,85.04814814814814,70.43650793650794,98.21428571428571,75.7936507936508,91.05000000000001,89.0873015873016,87.5,64.0873015873016,37.59586830639382,22.828331577693824
2017-04-05,82.61340388007054,89.48412698412699,83.92857142857143,76.78571428571428,85.55,84.72222222222221,81.54761904761905,72.02380952380952,34.962070852545025,22.00120362021698
2017-04-06,78.34091710758376,81.15079365079364,74.8015873015873,73.01587301587301,88.05,79.16666666666666,72.42063492063492,73.61111111111111,33.975242225798965,21.131111132588963
2017-04-07,66.49805996472662,78.76984126984127,62.10317460317461,69.24603174603175,85.65,16.46825396825397,62.89682539682539,75.59523809523809,33.121560974562094,16.8042235698576
2017-04-10,70.96296296296298,72.42063492063492,81.94444444444444,64.08730158730158,79.75,50.595238095238095,59.72222222222222,68.45238095238095,34.73606819168261,18.94203951393821
2017-04-11,75.40723104056437,74.40476190476191,99.0079365079365,61.11111111111111,74.65,73.61111111111111,57.341269841269835,64.88095238095238,38.60023629548144,20.36533905768634
2017-04-12,66.4283950617284,86.70634920634922,81.94444444444444,63.888888888888886,71.15,13.293650793650794,59.72222222222222,68.05555555555556,34.78416858448756,16.55916790955259
2017-04-13,77.57089947089946,87.5,98.61111111111111,62.5,70.19999999999999,85.51587301587301,64.88095238095238,60.11904761904761,38.2430229377597,22.145349338956702
2017-04-17,71.32134038800706,88.29365079365078,67.65873015873017,66.66666666666667,76.7,64.88095238095238,65.67460317460318,67.65873015873017,33.536160067319734,19.856699650529446
2017-04-18,70.02275132275132,84.72222222222221,63.29365079365079,63.69047619047619,77.9,72.02380952380952,66.07142857142857,61.30952380952381,33.2979466127286,20.21111033180374
2017-04-19,73.77707231040564,81.54761904761905,89.0873015873016,66.46825396825398,75.35,54.166666666666664,65.27777777777779,67.65873015873017,35.68625525516113,19.144229972349418
2017-04-20,66.68518518518518,81.54761904761905,81.94444444444444,58.33333333333333,79.25,21.23015873015873,57.738095238095234,58.92857142857143,34.869633177596356,17.168001298541355
2017-04-21,60.530158730158725,78.76984126984127,75.9920634920635,42.65873015873016,76.85,32.34126984126984,61.30952380952381,24.00793650793651,34.203270354781154,17.8237424101882
2017-04-24,60.42028218694885,79.56349206349206,70.83333333333334,35.11904761904762,95.8,25.595238095238095,63.69047619047619,6.547619047619048,33.807523276256305,17.428307304073375
2017-04-25,56.21022927689594,93.84920634920636,35.51587301587302,32.53968253968254,96.2,50.99206349206349,55.75396825396825,9.325396825396826,31.31684184820941,18.937735883048827
2017-04-26,49.38624338624338,90.67460317460318,33.53174603174603,31.150793650793652,95.75,1.7857142857142856,55.75396825396825,6.547619047619048,31.179680722617707,15.033577075413188
2017-04-27,56.85308641975309,86.30952380952381,47.023809523809526,35.91269841269842,98.2,27.18253968253968,64.0873015873016,7.738095238095238,32.03870762729415,17.486288427772397
2017-04-28,75.83051146384479,91.86507936507937,82.34126984126983,47.023809523809526,95.9,93.05555555555556,65.27777777777779,28.76984126984127,34.96185878569444,23.05901238447377
2017-05-01,78.05238095238094,95.03968253968253,74.40476190476191,54.36507936507937,99.45,96.62698412698413,68.45238095238095,40.27777777777778,34.06983890325073,24.22197306963147
2017-05-02,75.09400352733687,98.21428571428571,70.43650793650794,55.55555555555556,97.05,75.9920634920635,76.78571428571429,34.32539682539682,33.85390864612793,20.483131916414784
2017-05-03,74.44285714285714,98.21428571428571,68.05555555555556,52.18253968253968,96.6,85.9126984126984,84.72222222222221,19.642857142857142,33.629202599338015,21.996508616066915
2017-05-04,58.549735449735444,98.21428571428571,5.753968253968254,50.992063492063494,97.69999999999999,68.84920634920636,85.51587301587301,16.46825396825397,28.74373316049357,19.998243684998343
2017-05-05,69.8031746031746,97.42063492063492,56.94444444444444,50.198412698412696,97.15,72.02380952380952,89.88095238095238,10.515873015873016,33.0427161159217,20.18566664950221
2017-05-08,78.37301587301587,99.40476190476191,78.37301587301587,54.56349206349206,100.0,85.51587301587301,96.62698412698413,12.5,34.59795673778682,21.9873242003972
2017-05-09,81.39329805996472,98.21428571428571,91.07142857142857,53.17460317460318,100.0,92.65873015873017,93.45238095238095,12.896825396825399,35.94007986743861,23.036913798483283
2017-05-10,79.90335097001763,97.42063492063492,89.48412698412699,52.579365079365076,98.94999999999999,87.10317460317461,89.88095238095238,15.277777777777779,35.83168325255978,22.413732887366763
2017-05-11,80.836860670194,99.8015873015873,97.02380952380952,50.198412698412696,97.0,89.0873015873016,85.51587301587301,14.880952380952381,37.489386199593625,22.737600996714374
2017-05-12,79.64814814814815,99.8015873015873,93.05555555555556,49.404761904761905,98.0,86.70634920634922,81.94444444444444,16.865079365079367,36.475697515626905,22.36600481976507
2017-05-15,78.14885361552028,99.40476190476191,95.43650793650794,45.23809523809524,97.9,81.54761904761905,75.9920634920635,14.484126984126986,37.20328228545363,21.399792116973938
2017-05-16,79.10582010582011,95.83333333333334,97.42063492063492,51.38888888888889,96.75,73.61111111111111,80.35714285714286,22.42063492063492,37.80578692597641,20.39126283624133
2017-05-17,73.59488536155203,94.24603174603175,99.0079365079365,43.65079365079365,72.05000000000001,95.03968253968253,73.61111111111111,13.690476190476192,39.082853964981055,23.844581076424504
2017-05-18,71.2331569664903,94.24603174603175,97.02380952380952,38.88888888888889,76.7,82.73809523809523,68.05555555555556,9.722222222222223,38.08972304646427,21.759051639721353
2017-05-19,63.011111111111106,92.65873015873017,83.13492063492063,30.357142857142858,89.80000000000001,37.5,56.94444444444444,3.7698412698412698,35.32474856628427,18.082827270596134
2017-05-22,62.48077601410934,90.67460317460318,81.15079365079364,27.976190476190478,95.35,34.72222222222222,51.78571428571429,4.166666666666666,35.07792716665574,17.944892557032592
2017-05-23,59.186772486772476,89.88095238095238,66.07142857142857,26.78571428571429,96.39999999999999,37.5,47.023809523809526,6.547619047619048,33.85796798861026,18.082389533446538
2017-05-24,69.15767195767195,80.35714285714286,84.72222222222221,42.06349206349206,99.9,46.62698412698413,51.388888888888886,32.73809523809524,35.4855717509031,18.71516835042297
2017-05-25,73.0379188712522,87.5,75.1984126984127,49.007936507936506,100.0,72.42063492063492,56.547619047619044,41.46825396825397,34.73792422861089,20.319055903455624
2017-05-26,82.73809523809524,84.32539682539682,94.24603174603175,61.7063492063492,100.0,86.70634920634922,49.404761904761905,74.0079365079365,37.217873608639614,22.398381046339416
2017-05-30,80.9931216931217,80.35714285714286,88.69047619047619,66.86507936507937,98.1,74.40476190476191,49.404761904761905,84.32539682539682,35.96599047359652,20.554997134594366
2017-05-31,73.42010582010582,69.24603174603175,88.69047619047619,57.341269841269835,97.95,46.230158730158735,48.214285714285715,66.46825396825396,36.0041280306868,18.734817357473933
2017-06-01,66.005291005291,55.75396825396825,83.53174603174604,51.98412698412698,100.0,15.277777777777779,47.42063492063492,56.547619047619044,35.50797865227246,16.68401400446196
2017-06-02,68.40828924162257,49.404761904761905,83.92857142857143,41.07142857142857,100.0,75.1984126984127,47.817460317460316,34.32539682539682,35.59894861235998,20.638338063401125
2017-06-05,73.73174603174604,54.166666666666664,89.0873015873016,51.19047619047619,99.65,78.37301587301587,66.86507936507937,35.51587301587302,36.07165349970074,21.115273492413486
2017-06-06,75.51410934744268,50.198412698412696,93.45238095238095,53.57142857142857,97.75,86.30952380952381,67.65873015873017,39.48412698412698,37.14496700675151,22.391834188723116
2017-06-07,70.95114638447971,42.26190476190476,66.46825396825396,69.84126984126985,98.05,57.738095238095234,69.24603174603175,70.43650793650794,34.132474109689305,19.441082242745853
2017-06-08,75.35132275132274,18.452380952380953,78.37301587301587,76.19047619047619,99.2,75.9920634920635,72.02380952380952,80.35714285714286,35.12601825167171,20.74260968469241
2017-06-09,83.85626102292768,16.46825396825397,99.8015873015873,81.94444444444444,96.5,99.8015873015873,77.57936507936508,86.30952380952381,44.414995335289944,34.349188470556044
2017-06-12,82.12998236331569,28.76984126984127,99.40476190476191,75.5952380952381,92.7,99.40476190476191,67.65873015873017,83.53174603174604,40.44789471483215,30.77245800861362
2017-06-13,82.05097001763669,18.452380952380953,98.61111111111111,75.9920634920635,97.9,99.0079365079365,73.61111111111111,78.37301587301587,39.12515824951299,27.346920802994905
2017-06-14,80.43968253968254,36.30952380952381,91.07142857142857,71.62698412698413,96.8,97.02380952380952,68.05555555555556,75.1984126984127,36.916950601925834,25.431743814946188
2017-06-15,75.58730158730158,34.32539682539682,83.92857142857143,63.492063492063494,95.5,96.62698412698413,58.53174603174603,68.45238095238095,35.84419437121039,25.246001756823215
2017-06-16,62.71710758377424,46.230158730158735,40.27777777777778,50.0,98.1,91.46825396825396,56.94444444444444,43.05555555555556,32.33760744447545,23.637325966496807
2017-06-19,71.52451499118166,43.452380952380956,67.26190476190477,61.30952380952381,98.15,85.51587301587301,70.43650793650794,52.182539682539684,34.514389621811475,22.623393432198043
2017-06-20,71.3768959435626,45.83333333333333,85.9126984126984,52.97619047619048,95.7,74.40476190476191,62.5,43.452380952380956,35.987580813245835,21.038079709048933
2017-06-21,64.15784832451499,59.72222222222222,68.84920634920636,48.80952380952381,96.25,41.07142857142857,62.89682539682539,34.72222222222222,34.69046824123383,18.649387751473885
2017-06-22,74.81940035273368,61.30952380952381,95.43650793650794,52.38095238095239,97.6,68.84920634920636,67.26190476190477,37.5,37.807835314481395,20.399630239283155
2017-06-23,70.48042328042327,53.37301587301587,91.46825396825396,57.53968253968254,99.9,25.595238095238095,68.45238095238095,46.62698412698413,37.12858034180837,17.60803811778269
2017-06-26,76.89594356261023,47.817460317460316,88.29365079365078,60.714285714285715,100.0,85.51587301587301,69.64285714285714,51.78571428571429,36.539512287403305,22.623533718067453
2017-06-27,71.24285714285715,50.198412698412696,64.48412698412699,62.8968253968254,94.7,83.92857142857143,70.43650793650794,55.35714285714286,34.419384943146746,22.46561613616715
2017-06-28,77.81058201058201,56.15079365079365,89.88095238095238,57.73809523809524,99.85000000000001,91.46825396825396,65.67460317460318,49.801587301587304,36.863558589497444,23.70368236131202
2017-06-29,79.06578483245148,52.182539682539684,98.21428571428571,60.11904761904762,92.8,97.02380952380952,67.65873015873017,52.57936507936508,39.10649408746122,25.47741392053222
2017-06-30,69.96313932980598,56.547619047619044,63.69047619047619,60.11904761904761,94.1,77.18253968253968,62.89682539682539,57.341269841269835,34.45868827654344,21.70922722683635
2017-07-03,75.93721340388007,37.89682539682539,87.5,61.90476190476191,93.89999999999999,97.02380952380952,56.15079365079365,67.65873015873017,36.572087365998264,25.65437417268328
2017-07-05,78.04391534391534,41.86507936507937,95.03968253968253,64.68253968253968,94.65,87.10317460317461,50.99206349206349,78.37301587301587,37.97212501402064,22.865273999678703
2017-07-06,72.552557319224,41.07142857142857,74.40476190476191,66.46825396825396,87.30000000000001,89.0873015873016,47.42063492063492,85.51587301587301,35.285853329552275,23.23122215779937
2017-07-07,71.93615520282187,41.46825396825397,83.13492063492063,59.72222222222222,94.05,72.42063492063492,38.69047619047619,80.75396825396825,35.999248024243734,21.23003716072215
2017-07-10,77.69082892416225,46.62698412698413,86.30952380952381,69.44444444444444,94.45,82.73809523809523,42.26190476190476,96.62698412698413,36.53514639271223,22.578335291119462
2017-07-11,73.65837742504408,47.817460317460316,71.62698412698413,70.23809523809524,95.55,70.03968253968253,45.83333333333333,94.64285714285714,35.1246851421515,21.025840711603337
2017-07-12,79.18606701940035,55.35714285714286,78.76984126984127,70.03968253968254,98.5,92.65873015873017,47.023809523809526,93.05555555555556,35.818400353412315,23.979155261204536
2017-07-13,80.79805996472663,38.2936507936508,85.9126984126984,76.78571428571428,100.0,86.70634920634922,56.547619047619044,97.02380952380952,36.505733045521694,22.921137602358062
2017-07-14,82.4294532627866,35.91269841269841,97.02380952380952,75.59523809523809,100.0,85.11904761904762,56.15079365079365,95.03968253968253,38.82941117610189,22.812251895065412
2017-07-17,75.81569664902997,35.51587301587302,60.912698412698404,76.78571428571428,100.0,94.64285714285714,56.547619047619044,97.02380952380952,34.565401148052985,24.973448414447624
2017-07-18,70.56878306878306,52.182539682539684,33.92857142857143,72.02380952380952,100.0,99.0079365079365,46.62698412698413,97.42063492063492,32.60958925314025,28.896244179018577
2017-07-19,70.34832451499118,59.32539682539682,35.11904761904761,72.02380952380952,100.0,87.5,47.42063492063492,96.62698412698413,32.67177250145649,23.124775601601602
2017-07-20,71.18606701940035,62.89682539682539,57.738095238095234,70.43650793650794,100.0,50.99206349206349,48.61111111111111,92.26190476190477,34.145258813449054,19.69939691837942
2017-07-21,72.28835978835978,56.15079365079365,59.72222222222222,68.05555555555554,100.0,70.83333333333334,53.769841269841265,82.34126984126983,34.42034558779863,21.309101470988708
2017-07-24,64.70458553791886,50.99206349206349,31.150793650793652,60.11904761904762,100.0,88.69047619047619,61.30952380952381,58.92857142857143,32.33539126433394,23.517711530760902
2017-07-25,55.04850088183421,45.43650793650794,7.738095238095238,53.769841269841265,100.0,73.21428571428571,62.89682539682539,44.642857142857146,30.038323235166164,21.64129508453209
2017-07-26,59.391534391534385,64.0873015873016,19.246031746031747,50.39682539682539,100.0,80.75396825396825,57.341269841269835,43.452380952380956,31.1802064001808,22.62572490152853
2017-07-27,71.41657848324513,78.37301587301587,66.46825396825396,44.64285714285714,99.45,98.61111111111111,47.023809523809526,42.26190476190476,34.900306911324,28.0049061486636
2017-07-28,65.57283950617284,64.48412698412699,43.84920634920635,49.404761904761905,98.55000000000001,92.65873015873017,29.563492063492063,69.24603174603175,33.335453156787175,24.139733748916555
2017-07-31,57.625573192239855,58.53174603174603,30.753968253968257,41.46825396825396,98.7,76.78571428571429,25.595238095238095,57.341269841269835,32.21771097436701,22.289676501834794
2017-08-01,51.20070546737213,58.92857142857143,32.73809523809524,28.769841269841272,99.55,50.99206349206349,24.00793650793651,33.53174603174603,32.49579255224678,19.750277834866857
2017-08-02,71.88906525573191,62.89682539682539,88.29365079365078,39.08730158730158,98.60000000000001,93.05555555555556,20.436507936507937,57.738095238095234,36.82838841137164,24.4326734678641
2017-08-03,54.31710758377425,67.26190476190477,38.2936507936508,36.507936507936506,97.8,39.88095238095239,15.277777777777779,57.738095238095234,33.03336186128574,18.95902794452183
2017-08-04,69.76384479717814,76.78571428571429,91.86507936507937,32.14285714285714,99.85000000000001,71.23015873015873,22.023809523809522,42.26190476190476,37.2363643334062,21.56234227261833
2017-08-07,63.932980599647266,55.35714285714286,62.10317460317461,44.84126984126984,100.0,61.30952380952381,21.23015873015873,68.45238095238095,34.69010135544725,20.393036542311055
2017-08-08,71.81693121693121,63.69047619047619,81.54761904761905,50.0,95.19999999999999,79.16666666666666,16.071428571428573,83.92857142857143,36.05885970445293,22.48564632750752
2017-08-09,65.54356261022929,78.37301587301587,49.801587301587304,45.43650793650794,94.45,86.70634920634922,14.484126984126986,76.38888888888889,33.85569060638626,23.10070559776181
2017-08-10,67.45114638447973,78.37301587301587,88.69047619047619,38.0952380952381,69.80000000000001,97.42063492063492,12.103174603174603,64.0873015873016,36.96778450352154,26.107345067085504
2017-08-11,69.09823633156967,77.18253968253968,92.26190476190477,40.87301587301587,72.45,92.65873015873017,4.9603174603174605,76.78571428571429,37.42839754201622,24.370901867703214
2017-08-14,67.31851851851852,79.56349206349206,81.94444444444444,35.11904761904761,88.35,80.35714285714286,3.7698412698412698,66.46825396825396,36.182058359008195,22.73019640473512
2017-08-15,66.22980599647266,83.13492063492063,96.62698412698413,28.76984126984127,89.80000000000001,53.769841269841265,3.7698412698412698,53.769841269841265,38.652232064377024,20.04808627690085
2017-08-16,62.57283950617284,81.94444444444444,72.02380952380952,30.555555555555554,91.3,62.89682539682539,4.563492063492063,56.547619047619044,35.50216439845943,20.72774366546761
2017-08-17,54.12874779541446,75.9920634920635,62.5,26.78571428571429,72.25,61.30952380952381,3.7698412698412698,49.801587301587304,34.830643027812435,20.669711618871055
2017-08-18,43.87777777777777,82.73809523809523,37.89682539682539,13.690476190476192,78.7,37.89682539682539,3.373015873015873,24.00793650793651,33.264899011289714,19.02393086277675
2017-08-21,55.53844797178131,87.5,74.40476190476191,8.730158730158731,84.05,69.24603174603175,2.579365079365079,14.880952380952381,35.69810923374096,21.406484727771588
2017-08-22,48.45590828924163,85.11904761904762,47.817460317460316,10.317460317460316,93.25,37.89682539682539,2.579365079365079,18.055555555555554,33.887415448067635,19.086586926209176
2017-08-23,56.25220458553792,87.5,88.69047619047619,6.5476190476190474,88.75,44.24603174603175,2.579365079365079,10.515873015873016,37.06383561593006,19.449801529930756
2017-08-24,54.24620811287477,82.73809523809523,53.769841269841265,18.452380952380953,88.85,64.88095238095238,2.976190476190476,33.92857142857143,34.3889137632498,21.103569694078704
2017-08-25,61.56278659611993,86.30952380952381,67.65873015873017,29.960317460317462,93.60000000000001,55.35714285714286,3.7698412698412698,56.15079365079365,35.189406072942916,20.28036002328898
2017-08-28,60.19559082892416,85.11904761904762,48.61111111111111,39.08730158730159,93.4,55.35714285714286,4.166666666666666,74.0079365079365,34.055522201289875,20.31413704441903
2017-08-29,66.23280423280424,93.05555555555556,64.0873015873016,43.65079365079365,91.5,60.912698412698404,1.7857142857142856,85.51587301587301,35.01607918549959,20.70087341776455
2017-08-30,60.461022927689584,94.64285714285714,31.547619047619047,44.44444444444444,93.89999999999999,65.27777777777779,3.373015873015873,85.51587301587301,33.03889494765212,21.120973720896107
2017-08-31,52.607231040564365,94.64285714285714,14.880952380952381,30.555555555555554,97.05,63.29365079365079,4.166666666666666,56.94444444444444,31.325773711671822,21.02682538587974
2017-09-01,54.99223985890652,83.13492063492063,47.42063492063492,29.166666666666664,99.35,30.753968253968257,6.944444444444445,51.388888888888886,33.99573596986408,18.831459877493863
2017-09-05,62.40317460317459,85.11904761904762,88.69047619047619,28.373015873015873,88.85,36.30952380952381,7.738095238095238,49.007936507936506,37.126406600361264,19.113368015366504
2017-09-06,41.068077601410934,88.29365079365078,17.658730158730158,20.039682539682538,91.85,2.1825396825396823,10.515873015873016,29.563492063492063,31.782537986255978,15.689427369161974
2017-09-07,46.139329805996475,89.88095238095238,16.46825396825397,19.642857142857142,92.25,49.007936507936506,10.515873015873016,28.76984126984127,31.657283635515064,19.944699946337902
2017-09-08,46.718518518518515,85.9126984126984,24.404761904761905,26.58730158730159,89.4,27.18253968253968,8.928571428571429,44.24603174603175,32.545367032526656,18.586077450586075
2017-09-11,51.19506172839505,87.89682539682539,42.65873015873016,24.801587301587304,96.35,20.436507936507937,8.928571428571429,40.67460317460318,33.82652404645399,17.841271650077704
2017-09-12,69.68183421516754,93.84920634920636,92.65873015873017,21.428571428571427,97.1,89.48412698412699,12.5,30.357142857142854,37.55856064506508,23.815472985617937
2017-09-13,59.78395061728395,95.43650793650794,73.61111111111111,11.706349206349206,97.5,65.27777777777779,15.674603174603174,7.738095238095238,35.800310707686755,21.219642178089124
2017-09-14,45.2121693121693,96.62698412698413,14.880952380952381,10.119047619047619,97.8,54.563492063492056,19.642857142857142,0.5952380952380952,31.443211086055438,20.33444266491567
2017-09-15,56.18236331569665,94.64285714285714,69.24603174603175,15.277777777777777,99.15,28.373015873015873,30.357142857142854,0.1984126984126984,35.399916765770136,18.68685839130225
2017-09-18,68.02116402116401,91.07142857142857,93.45238095238095,16.46825396825397,99.25,86.30952380952381,32.34126984126984,0.5952380952380952,37.74076120860271,23.206081556592796
2017-09-19,48.27883597883598,89.88095238095238,36.7063492063492,15.277777777777777,99.1,27.18253968253968,29.96031746031746,0.5952380952380952,33.42768069934351,18.61079556430729
2017-09-20,64.96913580246914,83.13492063492063,94.24603174603175,17.261904761904763,100.0,61.30952380952381,32.34126984126984,2.1825396825396823,37.913309607247385,20.86867645660177
2017-09-21,68.62874779541445,84.32539682539682,95.43650793650794,18.849206349206348,100.0,85.9126984126984,26.785714285714285,10.912698412698413,38.23468708701121,23.15196972170965
2017-09-22,62.41181657848324,85.9126984126984,64.48412698412699,25.198412698412696,100.0,71.23015873015873,16.071428571428573,34.32539682539682,35.11460717671088,21.74351427752616
2017-09-25,68.83633156966489,85.9126984126984,88.29365079365078,21.626984126984127,98.94999999999999,94.24603174603175,13.690476190476192,29.563492063492063,37.187447292337936,25.158513639745507
2017-09-26,73.31199294532628,82.73809523809523,96.62698412698413,31.349206349206348,99.15,91.46825396825396,11.30952380952381,51.388888888888886,38.72040623180387,24.151147202416283
2017-09-27,63.977072310405646,80.35714285714286,67.26190476190477,29.76190476190476,100.0,71.62698412698413,10.515873015873016,49.007936507936506,35.39372522869496,21.95160923875209
2017-09-28,50.13227513227513,81.15079365079364,21.23015873015873,34.523809523809526,100.0,24.00793650793651,13.690476190476192,55.35714285714286,32.44383351482302,18.124751282911987
2017-09-29,56.15079365079365,85.11904761904762,43.452380952380956,27.579365079365083,100.0,50.595238095238095,19.642857142857142,35.51587301587302,33.96748310390737,20.146688228168596
2017-10-02,52.028218694885354,81.94444444444444,46.62698412698413,25.396825396825395,100.0,16.865079365079367,25.198412698412696,25.595238095238095,34.14440184071592,17.62213739453479
2017-10-03,50.26455026455026,74.40476190476191,48.61111111111111,19.841269841269842,100.0,21.23015873015873,31.547619047619047,8.134920634920634,34.297246083995184,17.94772469079195
2017-10-04,44.70899470899471,59.32539682539682,18.849206349206348,21.42857142857143,100.0,41.07142857142857,37.10317460317461,5.753968253968254,32.33392568491289,19.27972613322782
2017-10-05,45.94356261022927,76.78571428571429,8.928571428571429,19.841269841269842,100.0,59.32539682539682,35.51587301587302,4.166666666666666,31.063346502497463,20.5781423727593
2017-10-06,45.08377425044091,69.64285714285714,6.944444444444445,19.642857142857142,100.0,63.29365079365079,33.53174603174603,5.753968253968254,30.599163564642446,20.95425964454776
2017-10-09,54.439329805996465,77.97619047619048,18.849206349206348,28.96825396825397,98.35,90.67460317460318,32.34126984126984,25.595238095238095,32.26344829635266,24.006364854542042
2017-10-10,66.42345679012345,81.54761904761905,47.817460317460316,49.007936507936506,99.6,74.40476190476191,35.51587301587302,62.5,34.25657935466559,22.21538279897277
2017-10-11,56.503527336860664,80.35714285714286,22.023809523809522,51.785714285714285,100.0,28.76984126984127,46.230158730158735,57.341269841269835,32.56155915796605,18.66111927317412
2017-10-12,64.74867724867724,66.46825396825396,32.34126984126984,61.30952380952381,100.0,67.65873015873017,57.341269841269835,65.27777777777779,33.34594933426413,21.34942668786848
2017-10-13,66.64462081128748,70.83333333333334,35.91269841269841,66.46825396825398,100.0,57.738095238095234,63.69047619047619,69.24603174603175,33.56403921490301,20.561924068345917
2017-10-16,70.32627865961199,71.62698412698413,38.69047619047619,67.85714285714286,100.0,80.35714285714286,79.96031746031747,55.75396825396825,33.79840128714027,22.745014969584478
2017-10-17,67.04973544973545,85.51587301587301,17.261904761904763,74.40476190476191,98.45,63.29365079365079,79.96031746031747,68.84920634920636,32.131838461228256,21.090456087629253
2017-10-18,78.80229276895943,74.8015873015873,76.38888888888889,73.41269841269842,99.65,62.10317460317461,70.83333333333334,75.9920634920635,35.983074240591925,20.96175062074862
2017-10-19,74.48148148148147,79.96031746031747,64.88095238095238,65.27777777777777,99.75,65.27777777777779,65.67460317460318,64.88095238095238,35.22100295992168,21.170677543214715
2017-10-20,69.88536155202821,74.40476190476191,60.11904761904761,64.28571428571428,100.0,41.46825396825397,75.1984126984127,53.37301587301587,34.98748219610983,19.531573515771704
2017-10-23,55.44691358024691,66.46825396825396,32.34126984126984,43.45238095238095,94.65,48.214285714285715,60.11904761904761,26.785714285714285,33.40361051651948,20.11390132516466
2017-10-24,45.69082892416226,56.94444444444444,29.563492063492063,30.35714285714286,94.2,15.674603174603174,58.13492063492064,2.579365079365079,33.30642455188206,17.599673558117345
2017-10-25,48.280599647266314,50.99206349206349,36.30952380952381,25.396825396825395,93.85,47.023809523809526,48.61111111111111,2.1825396825396823,33.62013535847434,19.95677520541624
2017-10-26,37.99559082892416,44.24603174603175,9.325396825396826,22.817460317460316,93.5,23.61111111111111,44.24603174603175,1.3888888888888888,31.18468988026446,18.18941902557774
2017-10-27,69.06966490299824,62.10317460317461,99.40476190476191,20.43650793650794,100.0,99.40476190476191,37.10317460317461,3.7698412698412698,40.92357689235343,33.476175034046484
2017-10-30,67.47795414462081,67.26190476190477,79.96031746031747,29.761904761904763,97.5,95.83333333333334,40.67460317460318,18.849206349206348,36.35067751058239,25.551915502357364
2017-10-31,60.95520282186948,42.65873015873016,72.02380952380952,33.33333333333333,99.1,63.69047619047619,45.83333333333333,20.833333333333336,35.82370733956566,21.028016938747353
2017-11-01,67.96560846560847,55.35714285714286,49.801587301587304,55.357142857142854,99.0,92.65873015873017,57.341269841269835,53.37301587301587,34.49906434539647,24.44957066700823
2017-11-02,78.04232804232804,53.37301587301587,70.83333333333334,71.42857142857143,100.0,93.05555555555556,68.84920634920636,74.0079365079365,35.71794889439471,24.524366900152792
2017-11-03,88.6463844797178,59.72222222222222,99.40476190476191,80.35714285714286,100.0,98.21428571428571,83.92857142857143,76.78571428571429,43.094721746315464,28.473477004476074
2017-11-06,80.62169312169311,50.198412698412696,94.64285714285714,71.62698412698413,100.0,71.23015873015873,92.26190476190477,50.99206349206349,38.51181920138133,21.95101732103324
2017-11-07,80.90828924162257,47.42063492063492,78.76984126984127,88.0952380952381,100.0,58.92857142857143,91.86507936507937,84.32539682539682,36.27172161630845,20.81909095414929
2017-11-08,71.64902998236332,39.08730158730159,52.57936507936508,84.92063492063492,100.0,45.83333333333333,89.88095238095238,79.96031746031747,34.7510706716849,19.97802046066379
2017-11-09,83.83597883597884,45.03968253968254,88.69047619047619,84.92063492063491,97.5,82.34126984126983,83.92857142857143,85.9126984126984,37.245588918629736,22.971807586734595
2017-11-10,75.02169312169312,41.07142857142857,69.64285714285714,78.17460317460316,93.55000000000001,73.21428571428571,74.0079365079365,82.34126984126983,35.73943920557515,22.206313227417272
2017-11-13,62.08994708994709,24.801587301587304,34.32539682539682,73.4126984126984,92.5,60.11904761904761,60.912698412698404,85.9126984126984,33.77737310384724,20.94212949297991
2017-11-14,56.23597883597883,20.436507936507937,22.023809523809522,62.10317460317461,92.05,71.23015873015873,48.214285714285715,75.9920634920635,32.90195551176392,21.82204142895895
2017-11-15,59.13245149911817,32.34126984126984,55.75396825396825,50.39682539682539,84.35,68.45238095238095,39.48412698412698,61.30952380952381,34.95585736703435,21.587603329956156
2017-11-16,51.197001763668425,29.96031746031746,45.43650793650794,37.8968253968254,91.2,43.84920634920635,32.73809523809524,43.05555555555556,34.3304430258329,19.80579247107949
2017-11-17,55.355555555555554,13.293650793650794,79.56349206349206,26.38888888888889,92.85000000000001,60.912698412698404,28.76984126984127,24.00793650793651,36.37753641362098,21.020347876767453
2017-11-20,47.161375661375665,9.325396825396826,67.65873015873017,25.3968253968254,96.75,10.119047619047619,36.30952380952381,14.484126984126986,35.53403061451612,17.05213759685422
2017-11-21,53.48324514991181,14.880952380952381,77.97619047619048,28.96825396825397,100.0,23.61111111111111,47.817460317460316,10.119047619047619,36.1997637796468,18.28821413298428
2017-11-22,66.84303350970018,16.865079365079367,91.86507936507937,43.25396825396825,100.0,71.23015873015873,73.61111111111111,12.896825396825399,37.89036693191053,21.828261866875035
2017-11-24,76.47707231040563,19.642857142857142,97.81746031746032,58.53174603174603,100.0,97.42063492063492,97.81746031746032,19.246031746031747,39.63071481129468,27.820221230183705
2017-11-27,78.28483245149913,26.38888888888889,89.48412698412699,70.03968253968254,100.0,89.0873015873016,99.40476190476191,40.67460317460318,37.56847812385247,24.070867731986993
2017-11-28,69.71975308641974,18.055555555555554,78.76984126984127,66.66666666666667,99.85000000000001,52.182539682539684,97.42063492063492,35.91269841269841,36.47653726854985,20.46794639476149
2017-11-29,82.86419753086419,17.261904761904763,97.42063492063492,81.34920634920636,96.5,96.62698412698413,97.81746031746032,64.88095238095238,39.60330329061551,26.880583857968027
2017-11-30,66.96402116402116,22.817460317460316,71.62698412698413,75.39682539682539,93.60000000000001,23.214285714285715,94.24603174603175,56.547619047619044,35.95022504423917,18.349862732809427
2017-12-01,72.17654320987654,38.69047619047619,97.02380952380952,53.96825396825397,92.85000000000001,69.24603174603175,71.23015873015873,36.7063492063492,39.498605677601425,21.788032307029454
2017-12-04,71.28148148148148,25.595238095238095,90.27777777777779,59.92063492063492,91.6,72.42063492063492,63.29365079365079,56.547619047619044,37.862354895835296,22.151625826177163
2017-12-05,74.77883597883599,32.73809523809524,88.69047619047619,70.83333333333334,93.35,63.69047619047619,64.88095238095238,76.78571428571429,37.668590585067335,21.303074554935804
2017-12-06,63.35079365079364,41.86507936507937,69.64285714285714,50.992063492063494,94.9,46.230158730158735,53.769841269841265,48.214285714285715,35.92701632940449,20.218403426005874
2017-12-07,67.41481481481482,41.46825396825397,86.30952380952381,50.39682539682539,99.2,43.05555555555556,52.976190476190474,47.817460317460316,37.30327876833756,20.0876267317115
2017-12-08,60.736331569664905,36.30952380952381,55.35714285714286,54.166666666666664,100.0,37.10317460317461,72.02380952380952,36.30952380952381,35.086069223122706,19.572791834298904
2017-12-11,59.1710758377425,43.84920634920635,63.29365079365079,41.666666666666664,100.0,37.10317460317461,77.18253968253968,6.15079365079365,35.58982885002405,19.651702142794363
2017-12-12,52.42504409171075,51.388888888888886,32.73809523809524,44.84126984126984,100.0,20.436507936507937,87.5,2.1825396825396823,33.84774018020143,18.304037241974626
2017-12-13,58.66243386243386,51.78571428571429,56.547619047619044,49.6031746031746,99.1,16.071428571428573,98.21428571428571,0.992063492063492,35.16946438953732,17.88315140504123
2017-12-14,54.658377425044094,61.70634920634921,29.96031746031746,50.3968253968254,97.55,24.00793650793651,99.8015873015873,0.992063492063492,33.65082825105537,18.657110020655562
2017-12-15,62.235449735449734,63.69047619047619,64.0873015873016,49.404761904761905,100.0,20.03968253968254,98.61111111111111,0.1984126984126984,35.62585842136471,18.254056377486073
2017-12-18,65.34391534391534,58.13492063492064,75.59523809523809,50.3968253968254,100.0,27.579365079365083,99.0079365079365,1.7857142857142856,36.28306916947324,18.85434824855597
2017-12-19,63.943738977072314,54.96031746031746,66.07142857142857,51.58730158730159,99.85000000000001,33.92857142857143,99.40476190476191,3.7698412698412698,35.79500933480982,19.265912363892912
2017-12-20,58.66402116402116,54.563492063492056,41.46825396825397,51.78571428571429,100.0,35.11904761904761,99.40476190476191,4.166666666666666,34.34762330458945,19.362531138393127
2017-12-21,54.27689594356261,72.02380952380952,22.42063492063492,52.77777777777778,100.0,13.293650793650794,99.8015873015873,5.753968253968254,33.13634006257351,17.623452458820985
2017-12-22,63.99911816578483,74.8015873015873,56.547619047619044,52.57936507936508,100.0,30.357142857142854,99.40476190476191,5.753968253968254,35.152173653226384,19.03093217397943
2017-12-26,78.29365079365078,66.46825396825396,94.24603174603175,52.38095238095238,98.75,95.03968253968253,99.8015873015873,4.9603174603174605,38.656888979667634,25.89172535940595
2017-12-27,65.06419753086419,66.07142857142857,61.70634920634921,49.8015873015873,97.64999999999999,51.388888888888886,98.21428571428571,1.3888888888888888,35.54876922689808,20.53141520928377
2017-12-28,55.73033509700176,61.30952380952381,12.103174603174603,50.1984126984127,99.1,67.26190476190477,98.61111111111111,1.7857142857142856,32.184701534175176,21.655689861212775
2017-12-29,64.18835978835978,66.86507936507937,54.563492063492056,48.41269841269841,94.80000000000001,66.86507936507937,96.62698412698413,0.1984126984126984,35.081020533075396,21.600958635217086
2018-01-02,55.24691358024692,79.96031746031747,18.849206349206348,51.58730158730159,100.0,24.801587301587304,99.8015873015873,3.373015873015873,32.77068800645757,18.695994005139504
2018-01-03,75.52910052910053,73.21428571428571,89.48412698412699,51.58730158730159,100.0,72.81746031746032,99.8015873015873,3.373015873015873,37.75542211729174,22.08546807265168
2018-01-04,73.01587301587301,90.27777777777779,75.1984126984127,53.57142857142857,100.0,55.75396825396825,99.8015873015873,7.341269841269842,36.273750953885894,20.798415607528934
2018-01-05,61.13315696649029,88.29365079365078,31.150793650793652,53.37301587301587,100.0,39.48412698412698,98.21428571428571,8.531746031746032,33.797985925995036,19.800519637952995
2018-01-08,68.29805996472662,75.9920634920635,50.99206349206349,57.93650793650794,100.0,62.89682539682539,99.8015873015873,16.071428571428573,34.97400510989948,21.183659669016915
2018-01-09,69.88465608465607,82.34126984126983,45.83333333333333,73.01587301587301,99.6,36.7063492063492,99.8015873015873,46.230158730158735,34.69533127200045,19.679064636568853
2018-01-10,79.07848324514991,87.89682539682539,70.03968253968253,87.89682539682539,100.0,20.03968253968254,99.8015873015873,75.9920634920635,35.96778198531225,18.346401821743537
2018-01-11,66.26984126984128,79.56349206349206,10.912698412698413,94.44444444444446,100.0,11.706349206349206,99.8015873015873,89.0873015873016,32.21751379459998,17.51181834621211
2018-01-12,77.95273368606703,95.03968253968253,14.484126984126986,94.44444444444446,99.2,95.83333333333334,99.8015873015873,89.0873015873016,32.529857154777666,26.25176366876311
2018-01-16,80.23227513227513,98.21428571428571,29.96031746031746,96.23015873015873,91.7,91.86507936507937,98.61111111111111,93.84920634920636,33.76223922945037,24.783544467748513
2018-01-17,87.36190476190475,95.43650793650794,75.9920634920635,90.27777777777777,90.45,87.10317460317461,97.81746031746032,82.73809523809523,36.29839601360312,23.835636447692316
2018-01-18,77.2731922398589,93.05555555555556,57.738095238095234,82.34126984126985,88.89999999999999,62.10317460317461,97.02380952380952,67.65873015873017,35.228849802407304,21.215179612897085
2018-01-19,71.25202821869487,87.10317460317461,59.32539682539682,57.53968253968254,93.65,75.59523809523809,97.02380952380952,18.055555555555554,35.36360813087997,22.453520998957966
2018-01-22,64.11128747795415,96.62698412698413,22.023809523809522,61.11111111111111,94.85000000000001,63.29365079365079,98.21428571428571,24.00793650793651,33.25026829446319,21.33669854123106
2018-01-23,63.63668430335097,96.23015873015873,16.071428571428573,55.15873015873016,94.5,89.88095238095238,99.8015873015873,10.515873015873016,32.657880460517674,24.257667017254274
2018-01-24,72.81552028218694,98.61111111111111,50.99206349206349,59.32539682539682,92.64999999999999,91.46825396825396,99.8015873015873,18.849206349206348,35.01204392018634,24.751422517732742
2018-01-25,75.95608465608466,99.40476190476191,56.547619047619044,72.81746031746032,92.1,68.45238095238095,99.8015873015873,45.83333333333333,35.17208872566695,21.89761978411143
2018-01-26,86.96137566137564,99.40476190476191,77.18253968253968,83.92857142857143,94.6,87.89682539682539,99.8015873015873,68.05555555555556,36.37848055162873,24.07222492454642
2018-01-29,87.24567901234568,99.8015873015873,77.18253968253968,91.46825396825398,80.8,95.03968253968253,99.0079365079365,83.92857142857143,36.43714246115509,26.030388448436025
2018-01-30,79.73068783068784,97.02380952380952,56.94444444444444,91.26984126984127,76.05000000000001,80.75396825396825,96.62698412698413,85.9126984126984,35.25173329179594,23.01907409572944
2018-01-31,67.91410934744269,94.24603174603175,15.674603174603174,84.32539682539684,82.30000000000001,68.05555555555556,93.84920634920636,74.8015873015873,32.676145754115204,21.9870757335765
2018-02-01,71.84991181657848,98.61111111111111,24.00793650793651,78.96825396825398,82.64999999999999,97.81746031746032,92.26190476190477,65.67460317460318,33.383002635291405,28.199234120515065
2018-02-02,80.54620811287478,90.67460317460318,79.96031746031747,82.93650793650794,63.45,98.61111111111111,86.30952380952381,79.56349206349206,36.72702532412148,30.566430868530713
2018-02-05,62.20317460317459,71.62698412698413,85.9126984126984,69.04761904761905,6.700000000000003,95.83333333333334,74.0079365079365,64.0873015873016,37.299207074476584,26.959548824410106
2018-02-06,60.372663139329795,98.21428571428571,81.54761904761905,48.412698412698404,25.049999999999997,86.70634920634922,60.11904761904761,36.7063492063492,36.94926787609233,24.096070113923098
2018-02-07,58.77874779541446,92.65873015873017,75.1984126984127,47.420634920634924,30.674999999999997,82.34126984126983,52.182539682539684,42.65873015873016,36.36716574892912,23.305870867076603
2018-02-08,44.396119929453256,79.96031746031747,60.912698412698404,25.198412698412696,16.349999999999994,89.48412698412699,23.214285714285715,27.18253968253968,35.60931967456591,24.52211564365087
2018-02-09,54.53456790123456,87.5,91.86507936507937,22.61904761904762,27.349999999999994,97.02380952380952,16.46825396825397,28.76984126984127,38.08583635409529,28.09654470258247
2018-02-12,57.37716049382715,91.07142857142857,80.75396825396825,32.93650793650794,35.974999999999994,93.05555555555556,17.658730158730158,48.214285714285715,36.94074607597355,25.825479155579533
2018-02-13,55.55017636684303,91.46825396825396,46.230158730158735,53.37301587301587,37.575,80.75396825396825,18.055555555555554,88.69047619047619,34.87700328845823,23.26116736450973
2018-02-14,65.3283950617284,95.83333333333334,63.29365079365079,57.936507936507944,53.69999999999999,84.32539682539682,20.03968253968254,95.83333333333334,35.782923787391915,24.051556033680736
2018-02-15,76.82645502645502,99.40476190476191,89.88095238095238,71.23015873015873,54.35,89.88095238095238,42.65873015873016,99.8015873015873,37.85705805727357,24.789476060261762
2018-02-16,73.81428571428572,97.81746031746032,77.57936507936508,79.56349206349206,52.699999999999996,67.26190476190477,62.10317460317461,97.02380952380952,36.62775784563293,22.163425999643522
2018-02-20,82.86772486772487,96.62698412698413,95.83333333333334,88.88888888888889,48.5,93.84920634920636,78.37301587301587,99.40476190476191,38.923855876784096,26.09035842909141
2018-02-21,78.36190476190475,99.40476190476191,70.43650793650794,90.27777777777777,49.95,94.24603174603175,80.75396825396825,99.8015873015873,36.19056317579246,26.119024485785463
2018-02-22,70.75643738977072,99.8015873015873,39.48412698412698,89.0873015873016,56.400000000000006,77.97619047619048,78.37301587301587,99.8015873015873,34.595340951709616,23.18231938140329
2018-02-23,81.8320987654321,99.40476190476191,81.15079365079364,85.9126984126984,67.55000000000001,81.94444444444444,73.21428571428571,98.61111111111111,37.123421112745206,23.865257816556543
2018-02-26,84.6931216931217,99.8015873015873,85.11904761904762,90.47619047619048,71.0,78.76984126984127,81.15079365079364,99.8015873015873,37.34624450735405,23.272514308170944
2018-02-27,77.11781305114638,99.40476190476191,73.21428571428571,91.86507936507937,57.05,58.53174603174603,83.92857142857143,99.8015873015873,36.42182890631001,21.735620757491112
2018-02-28,74.3068783068783,99.0079365079365,71.62698412698413,91.86507936507937,50.74999999999999,49.404761904761905,84.72222222222221,99.0079365079365,36.36482042006481,21.0741599239507
2018-03-01,76.9126102292769,95.43650793650794,74.0079365079365,91.07142857142857,43.825,87.89682539682539,83.92857142857143,98.21428571428571,36.46773574741098,24.614461590244254
2018-03-02,80.92292768959435,96.23015873015873,79.96031746031747,91.26984126984127,52.050000000000004,94.24603174603175,83.53174603174604,99.0079365079365,37.02364839116888,26.181256529215023
2018-03-05,71.86966490299824,94.64285714285714,40.27777777777778,90.07936507936509,56.35,88.69047619047619,80.75396825396825,99.40476190476191,34.7077313067361,24.879827787208082
2018-03-06,78.65202821869488,84.32539682539682,77.18253968253968,88.69047619047619,58.2,86.70634920634922,77.57936507936508,99.8015873015873,36.8177742428059,24.573123248548935
2018-03-07,77.70934744268077,88.69047619047619,72.02380952380952,88.88888888888889,61.199999999999996,77.57936507936508,77.97619047619048,99.8015873015873,36.391531564119276,23.420221070032447
2018-03-08,67.75537918871252,85.51587301587301,29.563492063492063,92.26190476190476,67.30000000000001,53.769841269841265,84.72222222222221,99.8015873015873,34.06681747831932,21.560193682229478
2018-03-09,85.69541446208113,89.0873015873016,83.53174603174604,93.05555555555557,76.8,82.34126984126983,86.70634920634922,99.40476190476191,37.242859184249134,24.088241935177436
2018-03-12,90.51340388007053,95.03968253968253,97.02380952380952,95.43650793650794,71.1,97.02380952380952,91.46825396825396,99.40476190476191,39.13374026687017,28.164335244351847
2018-03-13,89.70370370370371,89.48412698412699,99.0079365079365,95.83333333333334,68.25,95.83333333333334,93.05555555555556,98.61111111111111,42.315886387302925,27.86705669736441
2018-03-14,82.22239858906525,76.78571428571429,78.76984126984127,95.63492063492063,63.849999999999994,91.07142857142857,93.05555555555556,98.21428571428571,37.051615356298164,25.8770469017723
2018-03-15,72.1089947089947,64.0873015873016,50.99206349206349,95.43650793650794,67.05,62.5,93.84920634920636,97.02380952380952,35.35741320651753,22.248140949596554
2018-03-16,60.50881834215168,44.24603174603175,29.166666666666668,92.65873015873015,71.0,22.023809523809522,91.86507936507937,93.45238095238095,34.105367070695394,19.307506198877597
2018-03-19,77.89664902998236,27.579365079365083,97.81746031746032,89.68253968253968,54.900000000000006,99.0079365079365,87.5,91.86507936507937,40.005459093816654,32.0872822590612
2018-03-20,77.33068783068784,25.992063492063494,98.61111111111111,85.11904761904762,59.0,99.40476190476191,83.53174603174604,86.70634920634922,42.18243653219888,33.64181086877937
2018-03-21,75.98888888888888,18.452380952380953,95.83333333333334,84.72222222222223,60.7,98.21428571428571,82.34126984126983,87.10317460317461,39.3876057989905,31.08077258102241
2018-03-22,66.19999999999999,50.0,58.53174603174603,82.93650793650792,41.65,96.62698412698413,77.57936507936508,88.29365079365078,35.802767530400516,28.572483295848052
2018-03-23,71.34647266313932,50.0,90.27777777777779,79.76190476190476,37.824999999999996,96.62698412698413,66.46825396825396,93.05555555555556,38.136376674367575,28.778023162174453
2018-03-26,73.61208112874779,50.0,98.21428571428571,74.2063492063492,47.425,98.61111111111111,57.738095238095234,90.67460317460318,41.37643485949659,33.266557079450884
2018-03-27,71.64902998236332,50.0,92.65873015873017,74.60317460317461,43.75,98.21428571428571,55.35714285714286,93.84920634920636,38.7805097434903,32.61860191796488
2018-03-28,69.34911816578483,50.0,97.02380952380952,64.88095238095238,42.824999999999996,99.8015873015873,37.10317460317461,92.65873015873017,40.33830933505095,34.48354185384945
2018-03-29,70.42574955908289,50.0,97.02380952380952,63.492063492063494,50.150000000000006,99.0079365079365,37.5,89.48412698412699,40.39683186254092,34.25623441749218
2018-04-02,66.1326278659612,50.0,94.64285714285714,59.523809523809526,40.949999999999996,95.43650793650794,29.563492063492063,89.48412698412699,39.44171088826587,29.30586611193109
2018-04-03,65.21781305114638,50.0,89.0873015873016,56.15079365079365,47.25,95.83333333333334,22.817460317460316,89.48412698412699,38.271174248749325,30.61733731471846
2018-04-04,65.09012345679011,50.0,86.30952380952381,56.150793650793645,49.85,95.03968253968253,24.404761904761905,87.89682539682539,37.95523371490183,29.380653766600588
2018-04-05,72.93703703703703,50.0,93.84920634920636,71.03174603174602,55.3,95.03968253968253,47.023809523809526,95.03968253968253,39.26457497870477,29.79601510833147
2018-04-06,65.06728395061728,50.0,71.23015873015873,69.84126984126985,46.275000000000006,91.07142857142857,47.023809523809526,92.65873015873017,36.78247841399761,28.075172679052585
2018-04-09,60.59074074074074,50.0,42.65873015873016,78.57142857142857,45.575,83.13492063492063,61.70634920634921,95.43650793650794,35.11862285625493,25.297957595438653
2018-04-10,65.08280423280424,50.0,53.769841269841265,80.75396825396825,48.825,88.29365079365078,65.27777777777779,96.23015873015873,35.77163666136689,26.498165042997652
2018-04-11,60.51481481481482,50.0,32.34126984126984,78.96825396825398,49.400000000000006,94.24603174603175,63.69047619047619,94.24603174603175,34.556107997824135,29.324170381995103
2018-04-12,64.1116402116402,50.0,50.595238095238095,77.97619047619047,57.550000000000004,76.78571428571429,60.912698412698404,95.03968253968253,35.58906033615059,24.381470541757157
2018-04-13,77.17231040564374,50.0,93.84920634920636,81.15079365079364,62.95,87.5,64.88095238095238,97.42063492063492,39.38672967609008,26.420212817626144
2018-04-16,59.223456790123464,50.0,22.023809523809522,78.96825396825398,67.2,67.65873015873017,60.51587301587301,97.42063492063492,33.81358835596549,23.303836924944182
2018-04-17,70.00440917107584,50.0,46.62698412698413,82.73809523809524,73.75,91.07142857142857,67.26190476190477,98.21428571428571,35.3318469570803,28.141979074858003
2018-04-18,66.94797178130511,50.0,39.88095238095239,86.11111111111111,72.0,70.43650793650794,73.21428571428571,99.0079365079365,35.054233146607544,23.849650992316338
2018-04-19,72.34603174603174,50.0,62.89682539682539,84.72222222222223,70.19999999999999,80.75396825396825,71.62698412698413,97.81746031746032,36.260160628773086,25.225449971943082
2018-04-20,73.99135802469137,50.0,77.18253968253968,83.33333333333334,65.6,80.35714285714286,71.23015873015873,95.43650793650794,37.18147648367813,25.211846520965036
2018-04-23,65.48641975308641,50.0,32.34126984126984,85.51587301587301,68.3,81.54761904761905,77.57936507936508,93.45238095238095,34.58926224649077,25.359770462308422
2018-04-24,59.51922398589064,50.0,15.277777777777779,82.34126984126983,59.900000000000006,88.29365079365078,73.21428571428571,91.46825396825396,33.267503874887,27.25907044910728
2018-04-25,57.31622574955908,50.0,17.658730158730158,75.0,60.8,83.92857142857143,60.51587301587301,89.48412698412699,33.539175239912225,26.00077185857496
2018-04-26,69.30123456790123,50.0,60.912698412698404,73.61111111111111,68.80000000000001,93.45238095238095,58.13492063492064,89.0873015873016,36.179588495243195,28.911526310592308
2018-04-27,80.93774250440917,50.0,99.40476190476191,78.76984126984128,72.95,97.42063492063492,61.70634920634921,95.83333333333334,43.17188447281356,32.910142488087665
2018-04-30,62.480776014109345,50.0,40.27777777777778,79.76190476190476,70.35,51.78571428571429,64.0873015873016,95.43650793650794,35.11839472520849,22.243238972823743
2018-05-01,62.66102292768959,50.0,33.92857142857143,80.55555555555554,72.55,59.32539682539682,66.46825396825396,94.64285714285714,34.72188827239879,22.898093304638135
2018-05-02,62.37019400352734,50.0,30.753968253968257,81.54761904761905,70.14999999999999,64.88095238095238,70.43650793650794,92.65873015873017,34.58595250052433,23.416949809078986
2018-05-03,62.822751322751316,50.0,44.24603174603175,76.98412698412699,70.5,54.96031746031746,65.27777777777779,88.69047619047619,35.258072950767286,22.4978252767777
2018-05-04,74.32962962962962,50.0,86.30952380952381,72.81746031746032,76.15,75.59523809523809,57.738095238095234,87.89682539682539,38.06505911891412,24.68494538623081
2018-05-07,71.55202821869489,34.32539682539682,69.64285714285714,80.35714285714286,76.25,76.78571428571429,64.88095238095238,95.83333333333334,36.70262482366557,24.790628019522835
2018-05-08,58.765784832451494,50.0,32.34126984126984,82.14285714285714,76.44999999999999,14.880952380952381,68.45238095238095,95.83333333333334,34.718445221136875,19.214730786392575
2018-05-09,57.729982363315685,16.071428571428573,10.515873015873016,86.30952380952381,82.9,57.738095238095234,72.81746031746032,99.8015873015873,32.75209257863361,22.824804552745796
2018-05-10,76.23915343915343,41.46825396825397,69.24603174603175,87.10317460317461,83.85,77.18253968253968,74.40476190476191,99.8015873015873,36.637090263055974,24.897421380692222
2018-05-11,78.02998236331568,43.84920634920635,72.81746031746032,89.48412698412699,86.75,70.83333333333334,79.16666666666666,99.8015873015873,36.94708342482685,24.175367204496027
2018-05-14,70.73033509700177,32.73809523809524,68.45238095238095,88.4920634920635,85.35,30.753968253968257,77.97619047619048,99.0079365079365,36.615182109732594,20.7972174660119
2018-05-15,78.29911816578482,32.34126984126984,88.29365079365078,88.2936507936508,76.85,77.18253968253968,77.97619047619048,98.61111111111111,38.44256749943279,24.8982838958124
2018-05-16,67.38606701940036,31.150793650793652,58.53174603174603,87.89682539682539,82.9,28.76984126984127,78.76984126984127,97.02380952380952,36.03312421321853,20.650844916779633
2018-05-17,61.62098765432098,12.896825396825399,47.023809523809526,86.5079365079365,82.85,22.42063492063492,77.18253968253968,95.83333333333334,35.45888738326161,20.08131896739171
2018-05-18,68.70881834215167,50.0,71.23015873015873,81.74603174603175,82.9,14.880952380952381,70.83333333333334,92.65873015873017,36.769172415564185,19.21208994314539
2018-05-21,72.65802469135802,13.690476190476192,79.96031746031747,82.34126984126985,84.6,64.0873015873016,72.02380952380952,92.65873015873017,37.272722267756485,23.524996450462282
2018-05-22,71.64268077601412,16.865079365079367,81.54761904761905,82.14285714285714,83.9,50.595238095238095,69.24603174603175,95.03968253968253,37.485272996777546,22.252645160956487
2018-05-23,65.60776014109346,19.246031746031747,58.92857142857143,73.01587301587301,87.1,60.11904761904761,50.99206349206349,95.03968253968253,36.1794839910228,23.19526718444669
2018-05-24,73.9084656084656,50.0,78.37301587301587,70.43650793650794,87.35000000000001,72.42063492063492,52.182539682539684,88.69047619047619,37.23636812884858,24.507150836361966
2018-05-25,66.39576719576719,50.0,58.13492063492064,73.61111111111111,83.9,42.65873015873016,59.32539682539682,87.89682539682539,36.10566770081775,21.676634919480556
2018-05-29,69.80141093474427,50.0,95.83333333333334,63.69047619047619,64.9,65.67460317460318,51.388888888888886,75.9920634920635,40.191894466476,23.862307567773243
2018-05-30,61.57460317460318,0.5952380952380952,90.67460317460318,57.142857142857146,75.30000000000001,50.198412698412696,46.230158730158735,68.05555555555556,38.834101097481216,22.374022500240446
2018-05-31,50.18359788359788,14.484126984126986,43.05555555555556,54.36507936507936,72.85000000000001,42.26190476190476,57.738095238095234,50.99206349206349,35.26177058519083,21.691342533594458
2018-06-01,67.89276895943561,24.801587301587304,84.72222222222221,60.317460317460316,82.69999999999999,70.43650793650794,66.46825396825396,54.166666666666664,37.932479342352444,24.352284348649142
2018-06-04,70.69894179894179,26.38888888888889,72.81746031746032,70.43650793650794,86.3,80.35714285714286,72.81746031746032,68.05555555555556,37.0137717861569,25.441031696412985
2018-06-05,73.21516754850089,39.48412698412698,86.30952380952381,72.61904761904762,88.0,52.976190476190474,74.40476190476191,70.83333333333334,38.10910933619341,22.702426045954955
2018-06-06,77.91763668430335,48.214285714285715,85.11904761904762,74.0079365079365,91.8,77.18253968253968,79.96031746031747,68.05555555555556,37.981260465862434,25.075969294544386
2018-06-07,77.28500881834213,47.42063492063492,95.03968253968253,74.4047619047619,89.35,56.15079365079365,77.57936507936508,71.23015873015873,39.80319950340535,23.05276339031813
2018-06-08,72.77619047619048,24.00793650793651,93.84920634920636,71.62698412698413,89.1,50.198412698412696,77.97619047619048,65.27777777777779,39.55975861509319,22.519718970827093
2018-06-11,56.07495590828925,23.61111111111111,52.57936507936508,59.523809523809526,88.25,20.833333333333336,76.78571428571429,42.26190476190476,35.87998937831174,20.108572504184412
2018-06-12,56.06402116402116,26.785714285714285,59.72222222222222,48.611111111111114,88.3,35.91269841269841,77.18253968253968,20.03968253968254,36.27839899839337,21.241554558647632
2018-06-13,61.96701940035273,44.24603174603175,68.84920634920636,43.45238095238095,85.30000000000001,74.8015873015873,71.62698412698413,15.277777777777779,36.77242905917921,24.687853176144444
2018-06-14,58.57918871252205,33.92857142857143,55.75396825396825,45.63492063492063,89.4,66.07142857142857,78.76984126984127,12.5,36.05629940651241,23.883942858340728
2018-06-15,55.97901234567901,45.43650793650794,52.57936507936508,42.658730158730165,90.1,45.03968253968254,74.40476190476191,10.912698412698413,35.901766846555624,21.984368590122266
2018-06-18,57.35396825396825,50.198412698412696,49.007936507936506,48.01587301587301,88.45,47.023809523809526,74.0079365079365,22.023809523809522,35.74459481950465,22.174447492645967
2018-06-19,62.45943562610229,54.166666666666664,40.67460317460318,57.14285714285714,83.25,88.69047619047619,81.15079365079364,33.13492063492063,35.229358206879816,27.378961058820018
2018-06-20,71.74567901234569,59.32539682539682,64.0873015873016,65.67460317460318,86.05000000000001,89.0873015873016,83.53174603174604,47.817460317460316,36.45084766425305,27.854111171319463
2018-06-21,70.59400352733685,71.23015873015873,56.94444444444444,69.44444444444446,76.8,88.29365079365078,83.53174603174604,55.35714285714286,36.18063979785956,27.504137531418827
2018-06-22,61.0668430335097,80.35714285714286,28.373015873015873,75.39682539682539,81.15,24.00793650793651,85.11904761904762,65.67460317460318,34.57782846349416,20.50246996764717
2018-06-25,73.4031746031746,52.976190476190474,87.10317460317461,71.23015873015873,63.35000000000001,93.05555555555556,79.96031746031747,62.5,38.15946691812349,28.786830902728767
2018-06-26,60.94867724867725,79.16666666666666,26.785714285714285,66.86507936507937,70.4,74.40476190476191,70.83333333333334,62.89682539682539,34.44503371687768,24.758280190150618
2018-06-27,56.86366843033508,82.34126984126983,29.96031746031746,57.14285714285714,60.449999999999996,77.18253968253968,54.563492063492056,59.72222222222222,34.63933519489376,24.9961989377179
2018-06-28,55.285714285714285,84.32539682539682,37.10317460317461,52.182539682539684,65.75,50.99206349206349,39.08730158730159,65.27777777777779,35.10815489439931,22.609171007133202
2018-06-29,50.24391534391534,85.11904761904762,16.865079365079367,46.42857142857143,69.55,54.96031746031746,34.32539682539682,58.53174603174603,33.61971664850356,22.927107281622515
2018-07-02,68.73368606701939,83.53174603174604,88.29365079365078,50.0,72.0,64.48412698412699,37.10317460317461,62.89682539682539,38.32006301621491,23.923251497369353
2018-07-03,69.01552028218694,79.56349206349206,81.94444444444444,50.3968253968254,69.3,87.89682539682539,38.69047619047619,62.10317460317461,37.76142243010258,27.628671600641724
2018-07-05,60.02010582010582,68.45238095238095,45.83333333333333,52.579365079365076,75.15,72.02380952380952,39.08730158730159,66.07142857142857,35.49906364998191,24.568007410430607
2018-07-06,54.368430335096996,78.37301587301587,5.357142857142857,49.60317460317461,83.15,85.11904761904762,40.27777777777778,58.92857142857143,32.25296251411124,26.47966254202398
2018-07-09,57.70335097001763,71.23015873015873,18.849206349206348,62.1031746031746,86.55,50.99206349206349,50.198412698412696,74.0079365079365,33.76240479922472,22.666216261116684
2018-07-10,57.648677248677245,67.26190476190477,17.261904761904763,65.87301587301587,86.8,45.83333333333333,53.769841269841265,77.97619047619048,33.59729182229867,22.215220336609594
2018-07-11,56.284126984126985,72.42063492063492,17.658730158730158,63.888888888888886,81.85,43.452380952380956,45.43650793650794,82.34126984126983,33.617305701329016,22.040016231789803
2018-07-12,82.20828924162258,69.24603174603175,89.0873015873016,74.40476190476191,87.1,95.03968253968253,65.27777777777779,83.53174603174604,38.57168814792824,29.505851933133254
2018-07-13,80.20564373897707,68.84920634920636,72.81746031746032,81.34920634920636,89.1,85.11904761904762,77.97619047619048,84.72222222222221,37.02243562165788,26.791856697778314
2018-07-16,69.32028218694884,83.13492063492063,19.246031746031747,78.37301587301587,85.85,95.43650793650794,79.56349206349206,77.18253968253968,33.67025729944346,30.35240200559352
2018-07-17,86.33544973544973,80.35714285714286,91.46825396825396,78.17460317460316,89.7,99.8015873015873,82.73809523809523,73.61111111111111,38.898251674443586,34.57421338969402
2018-07-18,68.3236331569665,83.53174603174604,16.071428571428573,80.75396825396825,89.5,77.97619047619048,89.88095238095238,71.62698412698413,33.47850102223546,25.32134720034061
2018-07-19,63.521869488536154,62.10317460317461,19.246031746031747,78.96825396825398,85.65,62.89682539682539,91.07142857142857,66.86507936507937,33.697916741319176,23.996767618431505
2018-07-20,67.83192239858906,80.35714285714286,32.34126984126984,70.43650793650794,85.7,82.73809523809523,91.07142857142857,49.801587301587304,34.69649877071004,26.233806242945985
2018-07-23,67.26084656084656,88.29365079365078,24.404761904761905,70.43650793650794,86.9,83.13492063492063,89.88095238095238,50.99206349206349,34.02654306145849,26.282581064991966
2018-07-24,65.17936507936508,99.0079365079365,10.515873015873016,70.63492063492063,87.95,78.76984126984127,88.69047619047619,52.57936507936508,32.90361163947152,25.84003456093491
2018-07-25,72.63192239858905,98.21428571428571,49.404761904761905,66.66666666666667,88.55000000000001,79.56349206349206,85.11904761904762,48.214285714285715,35.63912314210299,25.894444214951445
2018-07-26,85.563139329806,80.75396825396825,97.42063492063492,72.02380952380953,89.3,99.8015873015873,89.0873015873016,54.96031746031746,40.42293845798862,36.444171022804234
2018-07-27,86.22768959435626,85.9126984126984,97.42063492063492,76.5873015873016,84.85000000000001,95.83333333333334,85.11904761904762,68.05555555555556,40.70750177318509,31.1689855778249
2018-07-30,80.03298059964725,87.10317460317461,82.73809523809523,72.42063492063491,78.7,93.05555555555556,76.38888888888889,68.45238095238095,37.91827526475592,29.451882112284807
2018-07-31,61.03104056437389,73.21428571428571,24.404761904761905,64.08730158730158,85.85,63.29365079365079,68.05555555555556,60.11904761904761,34.11806629344548,24.112007689524024
2018-08-01,74.56437389770723,85.11904761904762,79.16666666666666,58.13492063492063,84.25,84.72222222222221,54.96031746031746,61.30952380952381,37.662994367884664,27.068946805508286
2018-08-02,75.21216931216931,79.96031746031747,97.81746031746032,43.25396825396825,89.05,93.45238095238095,33.92857142857143,52.57936507936508,41.107940881283646,29.60255572244652
2018-08-03,65.59400352733685,79.16666666666666,62.89682539682539,42.85714285714286,91.8,73.21428571428571,39.08730158730159,46.62698412698413,36.39908478024272,25.18490222598458
2018-08-06,67.17354497354498,76.38888888888889,42.26190476190476,57.34126984126984,93.65,84.32539682539682,58.92857142857143,55.75396825396825,35.34676126023308,27.206916754440087
2018-08-07,81.06543209876543,72.42063492063492,80.35714285714286,70.23809523809524,95.35,95.03968253968253,75.59523809523809,64.88095238095238,37.7715190670793,30.760640458250776
2018-08-08,84.96825396825396,72.42063492063492,87.89682539682539,77.57936507936509,95.75,92.26190476190477,86.70634920634922,68.45238095238095,38.603431627469114,29.492886729406248
2018-08-09,87.76437389770723,69.64285714285714,97.02380952380952,83.92857142857143,93.65,87.10317460317461,91.86507936507937,75.9920634920635,40.92009282906197,28.129502079893193
2018-08-10,78.67583774250441,54.563492063492056,83.92857142857143,80.95238095238095,84.2,74.40476190476191,85.51587301587301,76.38888888888889,38.12873172005157,25.456403073547758
2018-08-13,79.16860670194004,56.15079365079365,94.24603174603175,76.98412698412699,76.10000000000001,84.72222222222221,80.35714285714286,73.61111111111111,39.852423323289536,27.636178533856437
2018-08-14,78.42098765432097,56.94444444444444,94.64285714285714,75.39682539682539,83.44999999999999,66.46825396825396,75.1984126984127,75.59523809523809,40.05229957269665,24.71328061638104
2018-08-15,75.42204585537918,50.198412698412696,94.64285714285714,64.48412698412699,76.8,92.26190476190477,60.912698412698404,68.05555555555556,40.16642341279368,29.496063274673208
2018-08-16,71.76190476190476,68.05555555555556,73.21428571428571,61.30952380952381,82.75,81.94444444444444,62.89682539682539,59.72222222222222,37.26039922521801,27.106695654221074
2018-08-17,79.69453262786597,72.02380952380952,97.42063492063492,61.111111111111114,86.8,93.45238095238095,69.24603174603175,52.976190476190474,41.06748567594962,29.94355514587695
2018-08-20,79.00141093474426,58.53174603174603,94.64285714285714,66.86507936507937,87.55,87.5,77.97619047619048,55.75396825396825,40.283946580709944,28.29485891609363
2018-08-21,68.97830687830688,43.452380952380956,70.83333333333334,62.5,85.7,76.78571428571429,77.57936507936508,47.42063492063492,37.2137110682459,26.19964048469527
2018-08-22,78.45238095238095,44.24603174603175,95.83333333333334,72.22222222222223,88.75,75.9920634920635,87.10317460317461,57.341269841269835,40.67370491132064,26.132975311301216
2018-08-23,81.84603174603174,60.51587301587301,98.21428571428571,74.2063492063492,87.95,81.15079365079364,82.73809523809523,65.67460317460318,41.7968881699139,27.122640421975603
2018-08-24,81.82768959435626,65.27777777777779,95.03968253968253,75.0,90.05,75.9920634920635,82.34126984126983,67.65873015873017,40.55186626946875,26.185814362246024
2018-08-27,86.6652557319224,85.51587301587301,99.8015873015873,73.4126984126984,89.2,96.23015873015873,80.75396825396825,66.07142857142857,43.18923722685504,32.467340830090734
2018-08-28,83.79629629629628,80.35714285714286,93.05555555555556,77.18253968253967,87.5,81.15079365079364,82.73809523809523,71.62698412698413,40.296509421670834,27.213739357765824
2018-08-29,84.05202821869489,74.0079365079365,98.61111111111111,71.03174603174602,88.75,94.64285714285714,78.37301587301587,63.69047619047619,43.08899256218503,30.879139474549593
2018-08-30,84.5257495590829,76.78571428571429,99.8015873015873,73.80952380952381,82.35000000000001,98.21428571428571,81.54761904761905,66.07142857142857,44.117288667101064,34.23041584550898
2018-08-31,79.29576719576718,66.86507936507937,94.64285714285714,69.24603174603175,85.7,78.37301587301587,78.37301587301587,60.11904761904761,40.740209529788544,27.050067016009997
2018-09-04,78.83015873015873,65.27777777777779,97.02380952380952,64.48412698412699,84.2,88.29365079365078,71.62698412698413,57.341269841269835,42.05877628699458,29.24317893684766
2018-09-05,74.73403880070546,46.230158730158735,97.42063492063492,58.53174603174603,80.45,95.03968253968253,65.67460317460318,51.388888888888886,42.30982284142167,32.01864538304036
2018-09-06,74.06613756613756,39.88095238095239,96.62698412698413,61.507936507936506,76.75,95.43650793650794,61.30952380952381,61.70634920634921,42.17211658626926,32.282591321303244
2018-09-07,69.00458553791887,48.214285714285715,98.61111111111111,46.42857142857143,75.6,85.11904761904762,45.83333333333333,47.023809523809526,43.17147155237425,28.469589955358053
2018-09-10,69.62821869488536,42.26190476190476,99.40476190476191,48.41269841269841,79.2,81.94444444444444,48.61111111111111,48.214285714285715,43.79071192844991,27.965658206916554
2018-09-11,72.12768959435626,66.07142857142857,97.02380952380952,47.222222222222214,83.9,79.56349206349206,48.61111111111111,45.83333333333333,42.76105113545901,27.594734809943184
2018-09-12,72.54726631393298,47.817460317460316,97.02380952380952,50.595238095238095,84.3,90.67460317460318,52.57936507936508,48.61111111111111,42.88545135950936,29.778311267688238
2018-09-13,74.042151675485,56.94444444444444,94.64285714285714,52.38095238095238,88.15,86.70634920634922,58.92857142857143,45.83333333333333,42.080752117818264,29.17638257976248
2018-09-14,78.12328042328042,63.29365079365079,93.84920634920636,65.47619047619048,89.65,76.38888888888889,76.78571428571429,54.166666666666664,41.850647861140814,27.168829986100356
2018-09-17,76.4005291005291,65.67460317460318,95.43650793650794,58.92857142857143,81.6,91.07142857142857,70.83333333333334,47.023809523809526,42.203570948955836,29.831413791150347
2018-09-18,71.06225749559083,69.24603174603175,85.11904761904762,49.2063492063492,86.05000000000001,80.35714285714286,58.92857142857143,39.48412698412698,39.84089603403971,27.91338722185777
2018-09-19,61.92239858906525,81.54761904761905,56.15079365079365,39.48412698412699,91.25,62.5,51.388888888888886,27.579365079365083,36.575078508376244,25.238720019269543
2018-09-20,61.42592592592592,91.07142857142857,80.75396825396825,24.404761904761905,91.0,45.03968253968254,33.53174603174603,15.277777777777779,39.02775002257793,23.642494919323877
2018-09-21,59.553086419753086,86.70634920634922,82.73809523809523,11.904761904761905,91.6,64.88095238095238,16.46825396825397,7.341269841269842,39.47993690398051,25.80074549739466
2018-09-24,55.999118165784836,95.83333333333334,67.65873015873017,12.896825396825399,89.0,56.15079365079365,16.865079365079367,8.928571428571429,37.490651742060116,24.747853870592966
2018-09-25,57.43015873015874,96.23015873015873,68.05555555555556,18.849206349206348,87.9,52.182539682539684,29.96031746031746,7.738095238095238,37.634174954181454,24.403608045420736
2018-09-26,48.354144620811276,96.23015873015873,26.38888888888889,17.261904761904763,85.55,63.29365079365079,28.373015873015873,6.15079365079365,34.804997361912356,25.438865557465817
2018-09-27,61.894532627865956,97.02380952380952,68.05555555555556,23.61111111111111,87.95,77.18253968253968,40.27777777777778,6.944444444444445,37.58712020223546,27.388436269243783
2018-09-28,65.5015873015873,95.43650793650794,78.37301587301587,24.206349206349202,89.4,85.9126984126984,36.7063492063492,11.706349206349206,38.69288976160742,29.158500885557665
2018-10-01,66.56084656084656,98.61111111111111,75.9920634920635,28.174603174603174,90.0,83.92857142857143,42.65873015873016,13.690476190476192,38.38119196180282,28.56528612242472
2018-10-02,65.95414462081129,99.40476190476191,76.38888888888889,26.38888888888889,89.75,82.73809523809523,32.34126984126984,20.436507936507937,38.464914575928525,28.447782158006042
2018-10-03,65.605291005291,99.8015873015873,72.81746031746032,32.34126984126984,91.95,64.0873015873016,38.69047619047619,25.992063492063494,38.0887624195316,25.87467772779312
2018-10-04,69.38518518518518,99.8015873015873,86.30952380952381,38.095238095238095,78.9,79.96031746031747,44.642857142857146,31.547619047619047,40.105261056085915,28.08773981406319
2018-10-05,72.11358024691357,98.21428571428571,93.45238095238095,40.87301587301587,75.9,89.48412698412699,39.88095238095239,41.86507936507937,41.85515621552137,29.51411008219314
2018-10-08,63.14426807760142,98.21428571428571,79.56349206349206,27.579365079365083,71.55000000000001,85.11904761904762,16.071428571428573,39.08730158730159,39.04330201072971,29.13532687576568
2018-10-09,53.37566137566138,99.8015873015873,63.29365079365079,24.007936507936506,70.25,41.46825396825397,12.103174603174603,35.91269841269841,37.33040975655435,23.67264692682662
2018-10-10,54.616578483245156,96.62698412698413,89.0873015873016,18.253968253968257,42.599999999999994,76.78571428571429,3.7698412698412698,32.73809523809524,40.575708344398706,27.8369159172485
2018-10-11,46.726278659611985,50.0,75.59523809523809,18.253968253968253,37.55,89.48412698412699,0.1984126984126984,36.30952380952381,38.595415927048364,29.555827496892817
2018-10-12,48.721075837742504,50.0,78.37301587301587,19.047619047619044,46.725,81.15079365079364,0.1984126984126984,37.89682539682539,39.01921403251345,28.357517538938183
2018-10-15,46.213403880070544,50.0,66.86507936507937,23.41269841269841,46.75,68.45238095238095,0.1984126984126984,46.62698412698413,37.85990688793646,26.695294794666435
2018-10-16,50.32962962962962,94.64285714285714,57.738095238095234,18.849206349206348,61.89999999999999,62.5,0.1984126984126984,37.5,37.17246985935495,25.91175279975275
2018-10-17,47.15696649029982,99.40476190476191,29.166666666666668,22.61904761904762,63.00000000000001,72.81746031746032,0.5952380952380952,44.642857142857146,35.33071680005355,27.267898337261055
2018-10-18,38.128042328042326,50.0,34.72222222222222,22.61904761904762,49.85,56.15079365079365,1.7857142857142856,43.452380952380956,35.64639791938623,25.26185028830557
2018-10-19,35.792416225749555,50.0,31.547619047619047,16.865079365079364,50.55,57.341269841269835,2.1825396825396823,31.547619047619047,35.52953741513196,25.420836211309407
2018-10-22,35.40881834215167,50.0,35.11904761904761,18.84920634920635,51.8,38.2936507936508,2.1825396825396823,35.51587301587302,35.738325618440015,23.716415328673275
2018-10-23,46.07821869488536,50.0,63.69047619047619,29.166666666666668,48.224999999999994,53.37301587301587,2.1825396825396823,56.15079365079365,37.59161306849131,25.001232068607525
2018-10-24,41.40661375661375,50.0,51.388888888888886,28.373015873015873,36.925,60.912698412698404,0.992063492063492,55.75396825396825,36.701065977880695,25.880079144018765
2018-10-25,50.78606701940035,50.0,83.13492063492063,27.18253968253968,39.45,80.35714285714286,0.1984126984126984,54.166666666666664,39.68212086880093,28.210324176971806
2018-10-26,55.07425044091711,50.0,84.72222222222221,33.730158730158735,39.6,95.83333333333334,0.1984126984126984,67.26190476190477,40.041133360898385,32.500489717733444
2018-10-29,52.459435626102284,50.0,80.35714285714286,30.357142857142854,38.25,93.84920634920636,0.1984126984126984,60.51587301587301,39.40248652142526,31.163469772593178
2018-10-30,41.89991181657848,50.0,37.89682539682539,25.0,41.625,93.05555555555556,0.1984126984126984,49.801587301587304,35.943731048558384,30.971407251924383
2018-10-31,36.5521164021164,50.0,16.46825396825397,28.57142857142857,46.925,66.46825396825396,0.5952380952380952,56.547619047619044,34.60813578644385,26.677626940508436
2018-11-01,54.392945326278664,50.0,85.51587301587301,30.753968253968253,53.300000000000004,69.64285714285714,0.992063492063492,60.51587301587301,40.0529631497371,27.12947503197634
2018-11-02,57.51093474426807,50.0,92.26190476190477,31.944444444444446,52.44999999999999,82.34126984126983,1.7857142857142856,62.10317460317461,41.51882768251368,28.60859811118006
2018-11-05,55.269312169312165,50.0,86.30952380952381,34.52380952380952,50.199999999999996,70.83333333333334,2.579365079365079,66.46825396825396,40.16731444247706,27.239546471018873
2018-11-06,44.6326278659612,50.0,52.182539682539684,39.48412698412699,50.45,27.976190476190478,5.357142857142857,73.61111111111111,36.785984412167814,22.581925013748116
2018-11-07,52.65555555555556,50.0,53.769841269841265,40.07936507936508,68.2,59.72222222222222,6.547619047619048,73.61111111111111,37.009063807981555,25.929314693317874
2018-11-08,51.131216931216926,50.0,50.198412698412696,44.64285714285714,66.4,43.05555555555556,8.134920634920634,81.15079365079364,36.742131405347905,24.478468342166977
2018-11-09,44.710229276895944,50.0,32.73809523809524,42.06349206349206,63.2,34.32539682539682,8.531746031746032,75.59523809523809,35.707172378190485,23.59858718867098
2018-11-12,53.05687830687831,50.0,70.83333333333334,42.26190476190476,48.875,61.30952380952381,8.134920634920634,76.38888888888889,38.18958892596937,26.132750141947113
2018-11-13,51.069135802469134,50.0,71.23015873015873,38.492063492063494,49.95,51.78571428571429,6.15079365079365,70.83333333333334,38.298880230152896,25.235673087668502
2018-11-14,43.463403880070544,50.0,40.67460317460318,35.317460317460316,46.875,60.11904761904761,4.9603174603174605,65.67460317460318,36.26793533139441,26.04400864173145
2018-11-15,49.20652557319224,50.0,75.9920634920635,28.174603174603178,50.1,56.15079365079365,3.7698412698412698,52.57936507936508,38.91236955326856,25.848110359996408
2018-11-16,49.332980599647264,50.0,74.40476190476191,22.023809523809522,59.3,60.51587301587301,2.976190476190476,41.07142857142857,38.72861212181305,26.11826361498674
2018-11-19,50.87037037037037,50.0,81.94444444444444,21.626984126984127,49.75,79.56349206349206,2.976190476190476,40.27777777777778,39.67925300879096,28.279985467412335
2018-11-20,52.458201058201055,50.0,90.67460317460318,21.626984126984127,43.8,88.29365079365078,2.579365079365079,40.67460317460318,40.752661869220674,29.54267702450586
2018-11-21,40.07583774250441,50.0,53.37301587301587,23.214285714285715,48.0,38.2936507936508,2.579365079365079,43.84920634920635,37.07970645593638,24.234999259600897
2018-11-23,45.87072310405644,50.0,64.0873015873016,23.01587301587302,46.2,73.21428571428571,2.579365079365079,43.452380952380956,37.88684568958784,27.70013905912699
2018-11-26,49.10582010582011,50.0,68.45238095238095,29.960317460317462,55.50000000000001,54.166666666666664,4.9603174603174605,54.96031746031746,38.140269887135744,25.83942206253148
2018-11-27,45.9962962962963,50.0,64.48412698412699,25.793650793650794,54.900000000000006,47.817460317460316,6.944444444444445,44.642857142857146,37.92620496385507,25.08826905838842
2018-11-28,53.220987654320986,50.0,83.13492063492063,23.214285714285715,57.550000000000004,77.97619047619048,10.119047619047619,36.30952380952381,39.92847219755841,28.164430475889652
2018-11-29,43.56225749559083,50.0,49.801587301587304,25.79365079365079,56.050000000000004,52.976190476190474,13.690476190476192,37.89682539682539,36.919467784784544,25.718558152828034
2018-11-30,27.54126984126984,50.0,5.357142857142857,20.03968253968254,59.65,7.738095238095238,14.484126984126986,25.595238095238095,33.40605513448529,19.95628268615245
2018-12-03,43.37354497354497,50.0,54.166666666666664,21.626984126984127,67.8,31.547619047619047,18.055555555555554,25.198412698412696,37.13459057738995,23.81741236529943
2018-12-04,33.826102292768965,50.0,32.73809523809524,21.03174603174603,48.150000000000006,29.563492063492063,18.055555555555554,24.00793650793651,35.7779962228297,23.588220284992968
2018-12-06,34.14929453262786,50.0,36.30952380952381,22.22222222222222,47.025,24.00793650793651,15.674603174603174,28.76984126984127,35.9682248243696,22.828067898819626
2018-12-07,42.31931216931217,50.0,68.05555555555556,21.428571428571427,41.925,46.62698412698413,14.087301587301587,28.76984126984127,38.133369362191615,25.042529293754296
2018-12-10,45.6673721340388,50.0,64.0873015873016,26.785714285714285,43.4,65.67460317460318,10.515873015873016,43.05555555555556,37.922647710732626,26.823479548082002
2018-12-11,41.92345679012345,50.0,56.547619047619044,27.182539682539684,45.599999999999994,41.46825396825397,6.15079365079365,48.214285714285715,37.255426747630715,24.744657228177758
2018-12-12,38.56278659611993,50.0,36.7063492063492,32.73809523809524,46.35,32.73809523809524,5.753968253968254,59.72222222222222,36.1741610258974,23.957826715376658
2018-12-13,35.11067019400353,50.0,19.642857142857142,38.492063492063494,48.375,14.484126984126986,5.753968253968254,71.23015873015873,35.072651923712264,21.91188152910302
2018-12-14,39.43835978835978,50.0,18.055555555555554,37.10317460317461,45.925000000000004,65.67460317460318,5.357142857142857,68.84920634920636,34.85412893763999,26.922685915270208
2018-12-17,38.80282186948854,50.0,35.91269841269841,35.91269841269842,38.7,42.26190476190476,4.166666666666666,67.65873015873017,36.06571282460261,24.762257779101358
2018-12-18,31.291534391534388,50.0,22.42063492063492,31.547619047619044,36.050000000000004,20.03968253968254,2.1825396825396823,60.912698412698404,35.20559292523671,22.65426909919251
2018-12-19,36.11957671957671,50.0,33.13492063492063,26.190476190476186,36.050000000000004,58.13492063492064,1.3888888888888888,50.99206349206349,35.87966255266827,26.05866281588755
2018-12-20,30.882363315696647,50.0,36.30952380952381,19.246031746031747,29.05000000000001,39.48412698412698,0.1984126984126984,38.2936507936508,36.10357503305451,24.70105969589051
2018-12-21,29.083509700176364,50.0,36.7063492063492,16.865079365079364,24.724999999999994,38.2936507936508,0.1984126984126984,33.53174603174603,36.131748009344605,24.664911860556916
2018-12-24,38.82354497354497,50.0,62.89682539682539,22.817460317460316,9.825000000000003,85.51587301587301,0.1984126984126984,45.43650793650794,37.87185034534776,29.363387828609927
2018-12-26,45.62760141093474,50.0,73.61111111111111,27.579365079365076,23.974999999999994,82.73809523809523,0.5952380952380952,54.563492063492056,38.65883600402477,29.096072725446508
2018-12-27,41.75502645502645,50.0,58.13492063492064,27.38095238095238,25.099999999999994,77.18253968253968,0.992063492063492,53.769841269841265,37.4772437504549,28.17646038144951
2018-12-28,49.665608465608464,50.0,78.37301587301587,33.333333333333336,29.150000000000006,81.94444444444444,1.7857142857142856,64.88095238095238,39.3537241828228,28.844334526574862
2018-12-31,41.38924162257495,50.0,39.48412698412698,33.92857142857143,36.449999999999996,68.84920634920636,3.7698412698412698,64.0873015873016,36.30937474774471,27.334023312566597
2019-01-02,45.34514991181658,50.0,47.023809523809526,39.08730158730159,41.95,62.89682539682539,8.928571428571429,69.24603174603175,36.773910116289905,26.818035708940695
2019-01-03,50.5436507936508,50.0,64.88095238095238,45.03968253968254,36.375,67.26190476190477,7.738095238095238,82.34126984126983,37.98108481310987,27.216661298739
2019-01-04,49.89470899470899,50.0,48.214285714285715,46.62698412698413,46.550000000000004,69.64285714285714,5.753968253968254,87.5,36.88910300333124,27.40768178550684
2019-01-07,52.04409171075837,50.0,56.94444444444444,47.817460317460316,46.50000000000001,68.05555555555556,11.30952380952381,84.32539682539682,37.33865717868648,27.306882021060524
2019-01-08,53.2221340388007,50.0,57.341269841269835,52.182539682539684,48.825,60.11904761904761,13.690476190476192,90.67460317460318,37.40109211992729,26.620708000400604
2019-01-09,50.66155202821869,50.0,53.37301587301587,52.38095238095238,50.1,41.86507936507937,14.087301587301587,90.67460317460318,37.23555207320918,25.042633897609008
2019-01-10,41.51675485008818,50.0,16.071428571428573,51.785714285714285,52.5,31.150793650793652,16.071428571428573,87.5,34.945212449822066,24.38533697917937
2019-01-11,46.65396825396825,50.0,26.38888888888889,51.19047619047619,59.04999999999999,45.43650793650794,17.658730158730158,84.72222222222221,35.6624733988609,25.317583371764833
2019-01-14,40.49541446208113,50.0,12.896825396825399,48.214285714285715,54.65,34.72222222222222,14.880952380952381,81.54761904761905,34.67410777981743,24.690942872253444
2019-01-15,42.56084656084656,50.0,2.1825396825396823,48.214285714285715,56.99999999999999,70.03968253968253,14.484126984126986,81.94444444444444,33.172069848868425,27.547788398718133
2019-01-16,54.086948853615525,50.0,58.53174603174603,47.61904761904762,54.800000000000004,67.26190476190477,16.865079365079367,78.37301587301587,37.50556857159233,27.280482612893554
2019-01-17,43.072663139329805,50.0,37.10317460317461,42.26190476190476,59.70000000000001,17.261904761904763,18.849206349206348,65.67460317460318,36.32867436827354,23.102802984986475
2019-01-18,40.27513227513227,50.0,9.325396825396826,37.1031746031746,61.0,60.51587301587301,19.642857142857142,54.563492063492056,34.39134852418923,26.800244389250576
2019-01-22,33.90299823633157,50.0,9.325396825396826,40.67460317460317,48.0,18.452380952380953,22.023809523809522,59.32539682539682,34.358811437107576,23.280730931370748
2019-01-23,38.95925925925926,50.0,18.849206349206348,45.23809523809524,52.400000000000006,22.42063492063492,22.817460317460316,67.65873015873017,35.14423647489448,23.73065706990728
2019-01-24,47.72804232804232,50.0,55.35714285714286,51.587301587301596,55.55,2.976190476190476,23.214285714285715,79.96031746031747,37.30225885197601,20.552015881980424
2019-01-25,56.43809523809524,50.0,74.0079365079365,52.579365079365076,62.89999999999999,26.38888888888889,25.595238095238095,79.56349206349206,38.73993082481022,24.030088421727775
2019-01-28,51.10123456790122,0.1984126984126984,71.23015873015873,54.56349206349206,55.64999999999999,42.26190476190476,23.214285714285715,85.9126984126984,38.50641324666405,25.224318922678723
2019-01-29,46.204761904761895,50.0,29.166666666666668,53.373015873015866,54.35,38.69047619047619,24.00793650793651,82.73809523809523,35.9335394940743,24.904376903841893
2019-01-30,53.94479717813051,0.5952380952380952,57.738095238095234,51.785714285714285,61.7,90.67460317460318,25.198412698412696,78.37301587301587,37.5353118264767,30.265563830314324
2019-01-31,41.28906525573192,1.7857142857142856,18.452380952380953,42.46031746031746,67.15,71.23015873015873,27.976190476190478,56.94444444444444,35.192578485827966,27.781322844368688
2019-02-01,52.17248677248677,2.1825396825396823,67.65873015873017,44.047619047619044,69.3,61.30952380952381,28.76984126984127,59.32539682539682,38.142580454321575,27.01104049497826
2019-02-04,35.608641975308636,2.1825396825396823,3.7698412698412698,44.44444444444444,71.35,34.72222222222222,32.34126984126984,56.547619047619044,33.61432608090927,24.74581601016856
2019-02-05,39.02716049382716,3.7698412698412698,6.547619047619048,48.21428571428571,72.15,45.43650793650794,35.91269841269841,60.51587301587301,33.82164704806627,25.40671189176942
2019-02-06,44.48518518518519,4.9603174603174605,41.07142857142857,53.37301587301587,73.1,6.944444444444445,41.46825396825397,65.27777777777779,36.680319117087876,21.97708186775679
2019-02-07,49.73439153439153,50.0,35.91269841269841,61.507936507936506,68.14999999999999,4.9603174603174605,38.2936507936508,84.72222222222221,36.29404756027407,21.48302901594461
2019-02-08,47.87724867724868,50.0,23.214285714285715,62.10317460317461,71.4,5.357142857142857,34.72222222222222,89.48412698412699,35.54584595023887,21.499596674626194
2019-02-11,43.60917107583774,50.0,6.944444444444445,62.698412698412696,70.14999999999999,0.1984126984126984,34.72222222222222,90.67460317460318,33.880491582577434,18.07343672513135
2019-02-12,46.17125220458554,50.0,13.293650793650794,62.8968253968254,72.85000000000001,4.563492063492063,32.73809523809524,93.05555555555556,34.69153899785273,20.9790437223054
2019-02-13,43.47971781305114,50.0,3.373015873015873,63.095238095238095,71.75,1.7857142857142856,33.13492063492063,93.05555555555556,33.578513441922674,19.947670385574032
2019-02-14,39.649735449735445,1.7857142857142856,9.722222222222223,60.714285714285715,68.9,15.674603174603174,32.73809523809524,88.69047619047619,34.36352252562117,22.728129458454536
2019-02-15,41.3037037037037,3.7698412698412698,18.055555555555554,58.531746031746025,75.45,5.357142857142857,37.89682539682539,79.16666666666666,35.07823055010276,21.032389572286665
2019-02-19,37.50105820105819,3.7698412698412698,0.1984126984126984,60.51587301587301,75.6,0.5952380952380952,42.26190476190476,78.76984126984127,31.95595464226314,18.9148236116975
2019-02-20,40.595061728395066,0.992063492063492,0.5952380952380952,67.06349206349206,79.9,2.1825396825396823,57.738095238095234,76.38888888888889,32.017129626504676,19.322639403692186
2019-02-21,40.502998236331564,1.3888888888888888,1.3888888888888888,67.46031746031747,77.69999999999999,2.579365079365079,54.96031746031746,79.96031746031747,32.58400128504371,19.891000985993077
2019-02-22,44.3363315696649,2.1825396825396823,1.3888888888888888,73.80952380952381,82.45,7.738095238095238,74.8015873015873,72.81746031746032,32.58052146247674,21.374170030109713
2019-02-25,47.03615520282187,6.944444444444445,3.7698412698412698,84.92063492063491,75.75,2.579365079365079,82.73809523809523,87.10317460317461,33.39725622720115,19.881952450157605
2019-02-26,44.27760141093474,9.325396825396826,1.3888888888888888,79.16666666666667,74.15,0.5952380952380952,68.05555555555556,90.27777777777779,32.576140600433604,18.880825273126504
2019-02-27,51.722222222222214,14.484126984126986,31.944444444444443,75.1984126984127,76.5,8.531746031746032,55.75396825396825,94.64285714285714,35.88657626550612,21.283407799417336
2019-02-28,47.37848324514991,11.30952380952381,25.595238095238095,67.85714285714286,76.10000000000001,8.134920634920634,56.94444444444444,78.76984126984127,35.359287529956674,21.21250476963551
2019-03-01,48.85520282186949,8.134920634920634,25.992063492063494,62.698412698412696,82.15,27.18253968253968,51.388888888888886,74.0079365079365,35.38280400431335,23.894060260431818
2019-03-04,51.64567901234567,7.738095238095238,31.547619047619047,60.71428571428571,76.85,58.13492063492064,43.84920634920635,77.57936507936508,35.79854097980966,26.46151177372297
2019-03-05,45.39470899470899,8.531746031746032,18.055555555555554,57.539682539682545,76.3,38.69047619047619,39.88095238095239,75.1984126984127,34.795116837340245,24.856079620137283
2019-03-06,49.66278659611993,10.515873015873016,41.46825396825397,53.968253968253975,71.3,49.007936507936506,35.51587301587302,72.42063492063492,36.351478728328956,25.587943288441128
2019-03-07,46.116931216931214,50.0,11.706349206349206,62.10317460317461,67.05,21.23015873015873,31.150793650793652,93.05555555555556,34.25927229460248,23.20114479577928
2019-03-08,43.4320987654321,8.531746031746032,13.690476190476192,63.2936507936508,69.75,25.595238095238095,29.166666666666668,97.42063492063492,34.54920287545016,23.779500122630182
2019-03-11,56.91728395061728,9.722222222222223,32.34126984126984,62.301587301587304,78.35,94.24603174603175,27.579365079365083,97.02380952380952,35.79896904939839,31.265198275876138
2019-03-12,59.39135802469135,13.293650793650794,48.214285714285715,61.904761904761905,81.15,76.78571428571429,29.166666666666668,94.64285714285714,36.831302283324085,28.19348145888948
2019-03-13,54.125573192239855,10.119047619047619,22.42063492063492,60.11904761904762,82.95,85.9126984126984,29.563492063492063,90.67460317460318,35.15218286848517,29.48811201121757
2019-03-14,43.90652557319223,7.738095238095238,22.817460317460316,50.7936507936508,82.5,24.404761904761905,31.150793650793652,70.43650793650794,35.177905143167386,23.67461068683411
2019-03-15,39.745326278659604,12.103174603174603,2.579365079365079,50.0,85.6,19.246031746031747,33.13492063492063,66.86507936507937,32.705546225898686,22.903864670732425
2019-03-18,45.58553791887125,7.341269841269842,4.563492063492063,57.142857142857146,84.5,53.37301587301587,49.801587301587304,64.48412698412699,33.322489914592865,26.017864323309798
2019-03-19,63.394532627865956,17.261904761904763,57.341269841269835,64.0873015873016,82.2,81.94444444444444,59.32539682539682,68.84920634920636,37.437128835364476,29.115920833477965
2019-03-20,55.37777777777778,18.849206349206348,21.23015873015873,71.23015873015873,80.45,62.5,57.341269841269835,85.11904761904762,35.100531695942855,27.062334145054447
2019-03-21,74.67037037037036,18.055555555555554,84.32539682539682,77.38095238095238,81.85,89.48412698412699,58.92857142857143,95.83333333333334,40.03861337840924,29.674139435412172
2019-03-22,59.92962962962962,20.436507936507937,52.182539682539684,75.5952380952381,67.6,52.57936507936508,52.57936507936508,98.61111111111111,37.05935337963887,25.991925594556104
2019-03-25,61.57336860670194,21.626984126984127,65.67460317460318,67.46031746031746,68.35000000000001,62.10317460317461,35.11904761904761,99.8015873015873,37.96215783241856,26.956587325977576
2019-03-26,66.33880070546738,28.373015873015873,75.1984126984127,66.07142857142857,76.6,66.86507936507937,32.34126984126984,99.8015873015873,38.7074107044709,27.23525010020963
2019-03-27,52.677248677248684,25.198412698412696,40.67460317460318,65.67460317460318,74.25,22.023809523809522,31.547619047619047,99.8015873015873,36.2226714285283,23.521134324062462
2019-03-28,48.274426807760136,13.293650793650794,31.150793650793652,65.27777777777779,77.85,7.341269841269842,30.753968253968257,99.8015873015873,35.67069865010325,21.065297999504022
2019-03-29,44.11410934744268,14.880952380952381,10.119047619047619,65.07936507936508,81.44999999999999,3.7698412698412698,31.150793650793652,99.0079365079365,33.8147469843474,19.954541227554273
2019-04-01,49.61728395061728,14.087301587301587,27.976190476190478,66.66666666666666,83.0,10.515873015873016,35.11904761904761,98.21428571428571,35.378350580736104,21.55407060836868
2019-04-02,46.02416225749559,17.261904761904763,4.9603174603174605,68.45238095238095,83.2,15.277777777777779,39.08730158730159,97.81746031746032,33.37708417540088,22.46789600878652
2019-04-03,61.45291005291005,7.341269841269842,62.10317460317461,72.22222222222221,81.3,42.26190476190476,47.42063492063492,97.02380952380952,37.54817804028697,25.023872365728838
2019-04-04,68.1342151675485,16.865079365079367,63.69047619047619,84.72222222222223,82.1,50.595238095238095,72.81746031746032,96.62698412698413,37.655443338470086,25.583506040257443
2019-04-05,56.368430335096996,10.912698412698413,20.833333333333336,91.07142857142857,85.9,9.722222222222223,84.72222222222221,97.42063492063492,35.02174334553316,21.450141920338332
2019-04-08,60.55396825396826,14.484126984126986,20.03968253968254,93.45238095238096,84.10000000000001,41.86507936507937,89.0873015873016,97.81746031746032,34.811999141286634,24.918399937645564
2019-04-09,67.62098765432098,24.00793650793651,45.83333333333333,92.26190476190476,78.6,58.92857142857143,89.0873015873016,95.43650793650794,36.36418525349067,26.14968377785598
2019-04-10,58.4805996472663,23.214285714285715,20.436507936507937,92.65873015873015,83.5,17.261904761904763,91.07142857142857,94.24603174603175,34.823842791719656,22.601732215136924
2019-04-11,54.02980599647267,26.38888888888889,3.7698412698412698,91.07142857142858,84.9,9.325396825396826,92.26190476190477,89.88095238095238,33.120349629507714,21.29273137587547
2019-04-12,63.11058201058201,27.976190476190478,3.7698412698412698,89.28571428571428,89.95,84.72222222222221,93.45238095238095,85.11904761904762,33.0088582210452,28.791874301425015
2019-04-15,55.072134038800705,29.166666666666668,0.1984126984126984,87.89682539682539,88.4,25.595238095238095,95.43650793650794,80.35714285714286,31.68566769693873,23.562930249083173
2019-04-16,76.50194003527336,22.023809523809522,79.16666666666666,88.0952380952381,89.1,65.67460317460318,99.40476190476191,76.78571428571429,38.87363335804977,27.00503858460352
2019-04-17,81.87742504409171,32.34126984126984,99.40476190476191,89.48412698412699,87.0,63.29365079365079,99.40476190476191,79.56349206349206,43.79653951522849,26.76881097296707
2019-04-18,65.90970017636685,33.13492063492063,62.10317460317461,84.72222222222223,89.55,2.579365079365079,99.0079365079365,70.43650793650794,37.58687058179635,19.46339111033931
2019-04-22,57.07742504409171,39.88095238095239,4.563492063492063,85.51587301587301,87.9,32.34126984126984,95.43650793650794,75.59523809523809,33.08594044900205,24.09938972025137
2019-04-23,60.45167548500881,39.88095238095239,20.03968253968254,87.5,88.60000000000001,24.404761904761905,94.24603174603175,80.75396825396825,34.73779995477961,23.30423257883544
2019-04-24,57.68835978835979,29.166666666666668,13.293650793650794,86.70634920634922,84.3,34.72222222222222,93.84920634920636,79.56349206349206,34.05341798346102,24.375201846004394
2019-04-25,73.505291005291,48.61111111111111,52.182539682539684,85.71428571428572,83.75,83.92857142857143,93.05555555555556,78.37301587301587,36.95477085304962,28.696056769576987
2019-04-26,87.17830687830687,49.007936507936506,96.23015873015873,92.85714285714286,86.35,91.86507936507937,96.62698412698413,89.0873015873016,42.68261883528323,29.65567367015321
2019-04-29,67.22345679012345,64.88095238095238,14.880952380952381,93.65079365079364,84.45,60.51587301587301,99.8015873015873,87.5,34.41879260541656,26.27145012967646
2019-04-30,69.41693121693122,59.32539682539682,34.32539682539682,87.3015873015873,84.4,66.07142857142857,99.8015873015873,74.8015873015873,35.754476656743364,26.964661543288948
2019-05-01,73.19400352733686,51.78571428571429,55.35714285714286,88.4920634920635,76.0,78.76984126984127,99.40476190476191,77.57936507936508,37.23484023320513,27.985747382525123
2019-05-02,67.81816578483244,44.642857142857146,49.801587301587304,92.26190476190476,77.9,33.53174603174603,98.21428571428571,86.30952380952381,36.81342074561534,24.28701260660705
2019-05-03,84.61975308641975,52.976190476190474,94.24603174603175,90.27777777777777,85.65,77.97619047619048,97.42063492063492,83.13492063492063,42.035495264442034,27.948053136276936
2019-05-06,69.70511463844797,50.99206349206349,63.69047619047619,86.9047619047619,72.80000000000001,42.65873015873016,88.69047619047619,85.11904761904762,37.67821561343352,24.941181511936207
2019-05-07,64.04920634920634,48.61111111111111,64.88095238095238,85.11904761904762,53.4,35.91269841269841,80.35714285714286,89.88095238095238,37.796071508341846,24.617553202197126
2019-05-08,54.679012345679006,54.166666666666664,37.10317460317461,80.15873015873015,53.00000000000001,17.261904761904763,72.02380952380952,88.29365079365078,35.98999968408593,22.585547808694542
2019-05-09,62.39770723104056,66.07142857142857,66.07142857142857,73.21428571428572,54.49999999999999,34.72222222222222,62.10317460317461,84.32539682539682,37.91454835977959,24.423097366480327
2019-05-10,73.07283950617284,69.64285714285714,80.35714285714286,68.45238095238095,69.80000000000001,82.34126984126983,50.99206349206349,85.9126984126984,39.14265553829105,28.44285411721632
2019-05-13,64.6194885361552,76.78571428571429,78.76984126984127,66.46825396825398,48.625,50.595238095238095,40.27777777777778,92.65873015873017,38.9523075282087,25.67076615587084
2019-05-14,54.734920634920634,69.24603174603175,44.24603174603175,64.08730158730158,59.70000000000001,23.214285714285715,34.72222222222222,93.45238095238095,36.53975903284134,23.46084535827385
2019-05-15,54.83738977072309,83.92857142857143,22.817460317460316,64.28571428571428,67.8,35.51587301587302,33.53174603174603,95.03968253968253,35.13537833045612,24.57900333028578
2019-05-16,67.29241622574956,86.30952380952381,71.62698412698413,66.07142857142857,73.55000000000001,30.753968253968257,37.5,94.64285714285714,38.20076676484226,24.078494659502137
2019-05-17,70.80282186948853,90.27777777777779,89.0873015873016,64.68253968253968,70.19999999999999,34.32539682539682,35.51587301587302,93.84920634920636,40.554637256472546,24.474526018379485
2019-05-20,71.16349206349207,91.07142857142857,95.83333333333334,65.47619047619047,68.45,24.404761904761905,35.91269841269841,95.03968253968253,42.20759724413162,23.60636384957897
2019-05-21,65.68606701940035,89.0873015873016,71.62698412698413,67.65873015873015,75.25,5.357142857142857,38.69047619047619,96.62698412698413,38.378461590938585,20.787607397206205
2019-05-22,70.67019400352733,91.86507936507937,81.15079365079364,66.46825396825398,76.25,29.96031746031746,36.7063492063492,96.23015873015873,39.66867077371149,24.072494653121012
2019-05-23,66.40723104056435,92.26190476190477,83.53174603174604,64.48412698412699,65.39999999999999,14.087301587301587,33.13492063492063,95.83333333333334,39.96266507576929,22.418778370919835
2019-05-24,62.21693121693121,91.46825396825396,64.88095238095238,63.69047619047619,70.75,6.15079365079365,29.166666666666668,98.21428571428571,37.93723315889679,21.018740418552202
2019-05-28,52.094356261022924,88.29365079365078,38.69047619047619,59.32539682539683,62.5,0.1984126984126984,24.801587301587304,93.84920634920636,36.137105822943326,17.11875968416849
2019-05-29,51.76014109347443,88.69047619047619,37.5,55.952380952380956,60.50000000000001,13.293650793650794,19.246031746031747,92.65873015873017,36.07016399338615,22.08258948117916
2019-05-30,45.195767195767196,89.0873015873016,15.277777777777779,52.777777777777786,63.49999999999999,1.7857142857142856,12.896825396825399,92.65873015873017,34.53072069918777,19.31918872549062
2019-05-31,37.941269841269836,50.0,13.293650793650794,49.007936507936506,56.449999999999996,4.9603174603174605,6.547619047619048,91.46825396825396,34.283366878311874,20.020690079765377
2019-06-03,54.816049382716045,50.0,44.24603174603175,48.80952380952381,55.7,97.02380952380952,6.944444444444445,90.67460317460318,36.53655995330367,31.547272887316797
2019-06-04,50.54479717813051,40.27777777777778,40.67460317460318,49.60317460317461,65.15,54.166666666666664,6.944444444444445,92.26190476190477,36.2242888935028,25.931401961769534
2019-06-05,43.87266313932981,37.89682539682539,21.626984126984127,53.37301587301587,69.55,14.484126984126986,10.515873015873016,96.23015873015873,34.96127596033149,22.186877718923792
2019-06-06,49.71622574955909,45.83333333333333,44.24603174603175,50.79365079365079,70.35,20.03968253968254,11.706349206349206,89.88095238095238,36.36834899072181,22.915600859057843
2019-06-07,59.57848324514991,59.32539682539682,63.29365079365079,54.36507936507937,68.5,50.198412698412696,18.452380952380953,90.27777777777779,37.79848687382874,25.783572344257262
2019-06-10,67.16543209876542,57.738095238095234,82.34126984126983,59.920634920634924,70.3,61.70634920634921,24.404761904761905,95.43650793650794,39.777761681687366,26.776630557603596
2019-06-11,56.41763668430335,56.15079365079365,52.182539682539684,61.30952380952381,70.05,23.214285714285715,29.166666666666668,93.45238095238095,37.06805037199394,23.58613571568318
2019-06-12,48.26137566137566,49.404761904761905,26.38888888888889,61.706349206349216,70.45,6.15079365079365,31.150793650793652,92.26190476190477,35.2112151764923,20.74521488047964
2019-06-13,46.024514991181654,38.69047619047619,15.674603174603174,64.88095238095238,70.89999999999999,7.738095238095238,33.13492063492063,96.62698412698413,34.44743930602997,21.03227086018119
2019-06-14,57.140388007054675,45.03968253968254,61.70634920634921,61.507936507936506,73.60000000000001,14.087301587301587,33.13492063492063,89.88095238095238,37.66556246460714,22.132713479637793
2019-06-17,46.48059964726631,50.595238095238095,16.865079365079367,57.14285714285714,73.25,16.071428571428573,28.76984126984127,85.51587301587301,34.56403720391369,22.431956087577724
2019-06-18,54.26455026455026,39.48412698412698,44.642857142857146,55.357142857142854,74.25,45.03968253968254,28.373015873015873,82.34126984126983,36.42446366118124,25.247091442383496
2019-06-19,50.30352733686066,30.753968253968257,45.03968253968254,54.36507936507937,78.35,12.103174603174603,33.53174603174603,75.1984126984127,36.52409655053175,21.85527369790777
2019-06-20,47.65432098765432,31.150793650793652,52.182539682539684,45.03968253968254,76.25,5.753968253968254,36.7063492063492,53.37301587301587,37.09149334732435,20.529945233189267
2019-06-21,39.45855379188712,32.73809523809524,25.992063492063494,40.476190476190474,73.0,2.976190476190476,37.89682539682539,43.05555555555556,35.1721222632543,19.620277549915794
2019-06-24,36.08677248677248,43.05555555555556,10.515873015873016,37.301587301587304,73.7,1.3888888888888888,41.46825396825397,33.13492063492063,33.80632974462898,18.899907590475173
2019-06-25,40.619223985890656,36.7063492063492,28.373015873015873,38.2936507936508,68.6,20.03968253968254,39.48412698412698,37.10317460317461,35.340528175400244,22.75835253299745
2019-06-26,46.296649029982355,49.404761904761905,42.26190476190476,45.039682539682545,68.94999999999999,9.722222222222223,37.5,52.57936507936508,36.326132058784374,21.07569934443697
2019-06-27,45.80405643738977,36.30952380952381,29.96031746031746,56.54761904761905,70.89999999999999,4.563492063492063,35.51587301587302,77.57936507936508,35.495164303611226,19.925968069735458
2019-06-28,52.40229276895943,31.944444444444443,52.976190476190474,61.30952380952381,74.6,0.5952380952380952,35.11904761904761,87.5,37.17238193653664,17.40562642577606
2019-07-01,60.34779541446207,35.51587301587302,72.81746031746032,64.68253968253968,79.7,8.531746031746032,33.53174603174603,95.83333333333334,38.483609985669695,20.832547709394824
2019-07-02,45.73033509700176,38.2936507936508,4.166666666666666,64.28571428571429,85.35,1.3888888888888888,38.2936507936508,90.27777777777779,33.01710154876049,18.553001863059798
2019-07-03,58.25555555555555,43.452380952380956,49.404761904761905,63.492063492063494,87.15,17.261904761904763,39.88095238095239,87.10317460317461,36.925983701248924,22.138381566205688
2019-07-05,53.87319223985891,41.86507936507937,30.753968253968257,65.27777777777779,83.6,18.452380952380953,43.84920634920635,86.70634920634922,35.62102950922277,22.22980751148618
2019-07-08,56.027689594356254,54.96031746031746,43.452380952380956,64.88095238095238,80.19999999999999,7.341269841269842,44.642857142857146,85.11904761904762,36.369993543636916,20.424842397604174
2019-07-09,56.280070546737214,55.35714285714286,36.30952380952381,64.88095238095238,79.55,24.801587301587304,45.43650793650794,84.32539682539682,35.97206685958459,23.10597701295297
2019-07-10,71.6774250440917,60.51587301587301,71.23015873015873,73.80952380952381,84.85000000000001,50.99206349206349,50.595238095238095,97.02380952380952,38.37523991430301,25.61161639982479
2019-07-11,67.5116402116402,73.61111111111111,55.35714285714286,76.58730158730158,85.35,22.817460317460316,54.96031746031746,98.21428571428571,37.27138348401197,22.899060646128085
2019-07-12,58.47760141093474,71.62698412698413,11.706349206349206,77.18253968253968,88.05,23.61111111111111,56.15079365079365,98.21428571428571,34.17189203910562,23.027512951111632
2019-07-15,60.00723104056437,79.16666666666666,14.087301587301587,78.76984126984127,86.6,23.214285714285715,59.72222222222222,97.81746031746032,34.41666501823718,22.914490872394637
2019-07-16,60.79929453262786,70.03968253968253,29.563492063492063,79.76190476190476,85.7,7.341269841269842,60.51587301587301,99.0079365079365,35.61083185600054,20.27009925762819
2019-07-17,54.12063492063491,66.07142857142857,4.166666666666666,78.37301587301587,80.14999999999999,17.261904761904763,58.53174603174603,98.21428571428571,33.04937252590997,22.116890085051686
2019-07-18,56.858201058201054,44.24603174603175,12.103174603174603,76.78571428571428,82.35000000000001,48.214285714285715,55.35714285714286,98.21428571428571,34.24226971282197,25.23900603430409
2019-07-19,61.19312169312168,43.84920634920635,45.03968253968254,75.39682539682539,77.75,35.11904761904761,55.35714285714286,95.43650793650794,36.52863868916551,24.08195568006145
2019-07-22,57.365255731922396,39.48412698412698,31.547619047619047,71.03174603174602,82.35000000000001,35.91269841269841,45.43650793650794,96.62698412698413,35.67834049785616,24.16255600325361
2019-07-23,48.75343915343915,36.30952380952381,8.134920634920634,69.64285714285715,86.95,3.373015873015873,43.452380952380956,95.83333333333334,33.71976617415524,19.31926684657902
2019-07-24,51.53597883597883,37.89682539682539,10.119047619047619,71.03174603174602,89.65,13.293650793650794,43.05555555555556,99.0079365079365,33.90750601061354,21.27000187557811
2019-07-25,55.24479717813051,32.34126984126984,6.944444444444445,72.61904761904762,86.3,60.51587301587301,45.83333333333333,99.40476190476191,33.42542338432655,26.130696185003423
2019-07-26,62.613227513227514,37.10317460317461,20.03968253968254,73.21428571428572,89.2,88.29365079365078,46.62698412698413,99.8015873015873,34.89756138407938,29.205505880624777
2019-07-29,57.54779541446208,35.91269841269841,16.46825396825397,75.5952380952381,85.85,50.595238095238095,51.388888888888886,99.8015873015873,34.57456781750766,25.298512070889256
2019-07-30,55.89559082892415,39.08730158730159,20.436507936507937,78.17460317460316,80.3,27.976190476190478,57.341269841269835,99.0079365079365,34.878276893415574,23.364524899577816
2019-07-31,71.66119929453262,32.34126984126984,89.0873015873016,77.18253968253968,69.39999999999999,64.0873015873016,56.547619047619044,97.81746031746032,40.558024783428884,26.612898584548027
2019-08-01,64.35961199294532,51.388888888888886,87.10317460317461,69.84126984126983,60.64999999999999,22.817460317460316,44.642857142857146,95.03968253968253,40.17740505987009,22.67563547763561
2019-08-02,64.0753086419753,55.75396825396825,87.89682539682539,65.87301587301587,61.95,23.61111111111111,37.5,94.24603174603175,40.31717825772469,22.749304814744356
2019-08-05,53.22601410934743,50.0,76.38888888888889,55.35714285714286,38.525,33.13492063492063,25.595238095238095,85.11904761904762,38.736053326151314,23.68930030401407
2019-08-06,39.14717813051146,56.94444444444444,14.880952380952381,48.80952380952381,49.574999999999996,20.03968253968254,18.849206349206348,78.76984126984127,34.5227029166595,22.38959586447182
2019-08-07,40.976719576719574,45.43650793650794,28.76984126984127,47.817460317460316,52.55000000000001,17.261904761904763,14.880952380952381,80.75396825396825,35.49324943186956,21.95750535844362
2019-08-08,47.70141093474427,52.57936507936508,35.11904761904761,50.7936507936508,65.44999999999999,23.214285714285715,20.03968253968254,81.54761904761905,35.861984086881016,22.631997182855393
2019-08-09,54.08536155202822,52.976190476190474,68.45238095238095,53.37301587301587,60.150000000000006,16.46825396825397,22.42063492063492,84.32539682539682,38.012929979633356,21.596420737432332
2019-08-12,51.422663139329806,65.67460317460318,47.42063492063492,61.904761904761905,47.275,22.023809523809522,26.38888888888889,97.42063492063492,36.617946309092616,22.450538517866136
2019-08-13,65.3657848324515,75.9920634920635,79.96031746031747,65.47619047619048,62.4,31.150793650793652,32.34126984126984,98.61111111111111,39.16531870548146,23.39366156914709
2019-08-14,55.7336860670194,67.65873015873017,58.92857142857143,65.67460317460318,44.75,29.563492063492063,31.944444444444443,99.40476190476191,37.33983788828748,23.174457381846615
2019-08-15,47.82328042328042,50.0,30.357142857142854,62.698412698412696,47.05,37.5,26.38888888888889,99.0079365079365,35.60138469091254,23.80220278921026
2019-08-16,58.578306878306876,46.62698412698413,75.1984126984127,62.698412698412696,57.650000000000006,26.785714285714285,28.76984126984127,96.62698412698413,38.5261943243278,22.892294360011984
2019-08-19,55.80352733686067,54.563492063492056,57.738095238095234,61.507936507936506,65.6,16.46825396825397,33.13492063492063,89.88095238095238,37.28025441122808,21.577290087254006
2019-08-20,49.51499118165784,63.69047619047619,28.76984126984127,61.50793650793651,62.5,14.880952380952381,33.92857142857143,89.0873015873016,35.389567078742054,21.43366060104496
2019-08-21,54.77689594356261,58.13492063492064,39.08730158730159,62.5,71.0,27.18253968253968,37.89682539682539,87.10317460317461,36.01948159120104,22.802062567541558
2019-08-22,55.71710758377424,56.547619047619044,45.03968253968254,66.66666666666667,66.6,21.626984126984127,43.452380952380956,89.88095238095238,36.362409153640044,22.276032688676512
2019-08-23,64.694708994709,54.166666666666664,85.11904761904762,63.0952380952381,50.64999999999999,67.26190476190477,32.34126984126984,93.84920634920636,39.779718926320605,26.199273815446432
2019-08-26,48.72733686067019,65.67460317460318,35.91269841269841,59.523809523809526,53.4,15.674603174603174,27.18253968253968,91.86507936507937,35.84734364165632,21.473410037217448
2019-08-27,40.149647266313934,68.45238095238095,2.579365079365079,56.54761904761905,49.225,19.642857142857142,20.833333333333336,92.26190476190477,32.641633228783476,22.057939657258373
2019-08-28,40.18430335097001,67.65873015873017,10.119047619047619,54.761904761904766,53.24999999999999,2.976190476190476,15.674603174603174,93.84920634920636,33.87685513535595,19.0460622568465
2019-08-29,47.24091710758378,77.97619047619048,31.547619047619047,52.777777777777786,60.6,4.563492063492063,12.896825396825399,92.65873015873017,35.58964156662922,19.33131492013234
2019-08-30,58.408465608465605,85.9126984126984,72.42063492063492,55.952380952380956,55.1,16.865079365079367,19.246031746031747,92.65873015873017,38.06599272203201,21.482930739029772
2019-09-03,43.36719576719576,88.29365079365078,13.293650793650794,56.34920634920635,51.7,2.976190476190476,21.23015873015873,91.46825396825396,34.32266795539116,18.938626314111858
2019-09-04,48.4031746031746,87.10317460317461,23.214285714285715,58.13492063492063,63.35000000000001,0.992063492063492,25.198412698412696,91.07142857142857,34.9729041644843,17.741988531265218
2019-09-05,59.67795414462081,81.15079365079364,70.43650793650794,55.75396825396825,68.65,10.515873015873016,26.785714285714285,84.72222222222221,37.894744990727936,20.53584095710998
2019-09-06,49.22839506172839,73.21428571428571,23.214285714285715,55.35714285714286,75.0,7.341269841269842,31.150793650793652,79.56349206349206,34.96408845516481,19.91052327925322
2019-09-09,54.902821869488534,69.24603174603175,44.24603174603175,59.12698412698413,73.65,11.706349206349206,39.08730158730159,79.16666666666666,36.15383963927536,20.631770822728836
2019-09-10,51.71781305114638,51.388888888888886,37.5,62.698412698412696,74.0,2.976190476190476,42.26190476190476,83.13492063492063,35.78084263235982,18.908568298140825
2019-09-11,58.48007054673722,57.738095238095234,60.51587301587301,57.34126984126984,76.95,21.626984126984127,40.67460317460318,74.0079365079365,37.2163431083996,21.61120434957673
2019-09-12,65.17442680776014,73.61111111111111,78.37301587301587,62.89682539682539,78.9,9.722222222222223,43.05555555555556,82.73809523809523,38.36868149067395,19.958538116465245
2019-09-13,64.18659611992945,60.912698412698404,87.5,55.55555555555556,81.3,12.5,42.65873015873016,68.45238095238095,39.298784620516244,20.617661531824506
2019-09-16,37.42574955908289,35.91269841269841,0.5952380952380952,47.420634920634924,76.65,4.166666666666666,30.357142857142854,64.48412698412699,31.851798958892573,18.95942585172569
2019-09-17,41.34091710758378,37.10317460317461,22.023809523809522,45.03968253968254,77.80000000000001,0.1984126984126984,27.18253968253968,62.89682539682539,34.872000245550126,16.15273603317437
2019-09-18,56.9426807760141,60.51587301587301,60.11904761904761,48.41269841269842,80.25,25.992063492063494,35.51587301587302,61.30952380952381,37.09998197421888,22.088304010904043
2019-09-19,60.22663139329806,68.45238095238095,75.59523809523809,49.2063492063492,79.75,15.277777777777779,45.43650793650794,52.976190476190474,37.97511219790868,20.974051830959393
2019-09-20,55.596825396825395,54.96031746031746,67.65873015873017,45.63492063492063,73.4,26.38888888888889,46.230158730158735,45.03968253968254,37.544728662115624,22.0854545761195
2019-09-23,40.46596119929453,38.2936507936508,8.531746031746032,48.214285714285715,75.45,13.293650793650794,52.182539682539684,44.24603174603175,33.59265501562586,20.609867171754573
2019-09-24,48.00881834215167,49.007936507936506,33.13492063492063,48.611111111111114,64.75,41.46825396825397,52.57936507936508,44.642857142857146,35.49847048653641,23.38033477472524
2019-09-25,52.19611992945325,39.08730158730159,57.738095238095234,47.61904761904762,70.19999999999999,31.944444444444443,52.182539682539684,43.05555555555556,36.92162290310003,22.573539662271898
2019-09-26,47.885185185185186,66.07142857142857,16.865079365079367,54.36507936507936,69.65,28.76984126984127,51.388888888888886,57.341269841269835,34.45872810543855,22.145948062756087
2019-09-27,65.01569664902998,80.75396825396825,82.73809523809523,52.97619047619048,63.900000000000006,52.182539682539684,40.27777777777778,65.67460317460318,38.48752807635031,24.184908985849752
2019-09-30,55.698941798941796,75.1984126984127,55.35714285714286,55.35714285714286,68.80000000000001,11.706349206349206,43.84920634920635,66.86507936507937,36.76851644310134,20.377825800733742
2019-10-01,52.812522045855374,50.0,66.07142857142857,52.38095238095238,57.2,21.626984126984127,34.72222222222222,70.03968253968253,37.330608425652336,21.45920163133141
2019-10-02,44.59629629629629,50.0,34.32539682539682,53.96825396825396,48.6,23.61111111111111,28.76984126984127,79.16666666666666,35.569470887718715,21.526951130134098
2019-10-03,49.96366843033509,50.0,40.67460317460318,55.357142857142854,54.39999999999999,43.452380952380956,24.801587301587304,85.9126984126984,35.810017347354,23.372262183862468
2019-10-04,59.96878306878307,50.0,67.26190476190477,63.09523809523809,64.80000000000001,36.30952380952381,35.11904761904761,91.07142857142857,37.336195719416665,22.67802058703439
2019-10-07,55.79488536155202,50.0,54.563492063492056,66.66666666666666,60.7,21.626984126984127,36.30952380952381,97.02380952380952,36.56254663176532,21.45471216377644
2019-10-08,54.65044091710759,50.0,55.35714285714286,73.61111111111111,49.3,11.706349206349206,49.801587301587304,97.42063492063492,36.64947089702779,20.290339211129584
2019-10-09,49.65925925925926,50.0,25.595238095238095,74.8015873015873,56.8,7.738095238095238,52.182539682539684,97.42063492063492,35.02396660102406,19.62940435768667
2019-10-10,56.55802469135802,50.0,36.7063492063492,77.77777777777777,62.15,27.976190476190478,56.94444444444444,98.61111111111111,35.632166115085454,21.975723735636173
2019-10-11,71.26913580246912,50.0,86.70634920634922,75.5952380952381,72.1,47.023809523809526,53.37301587301587,97.81746031746032,38.72792319808248,23.463691649183723
2019-10-14,62.36049382716049,50.0,53.769841269841265,74.20634920634922,77.15,26.785714285714285,52.182539682539684,96.23015873015873,36.52022154968207,21.84193321781781
2019-10-15,78.73862433862432,89.88095238095238,82.73809523809523,74.2063492063492,82.30000000000001,66.07142857142857,48.61111111111111,99.8015873015873,38.25117275083188,25.182499534120772
2019-10-16,70.05132275132274,93.45238095238095,59.32539682539682,74.8015873015873,81.6,30.753968253968257,50.595238095238095,99.0079365079365,36.79105301787863,22.10875521506678
2019-10-17,65.65220458553792,90.27777777777779,19.642857142857142,75.59523809523809,81.05000000000001,72.42063492063492,56.15079365079365,95.03968253968253,34.63558559189178,25.721778995000054
2019-10-18,58.791887125220455,80.75396825396825,1.7857142857142856,74.8015873015873,78.75,62.89682539682539,56.94444444444444,92.65873015873017,32.57030820108584,24.766538868110466
2019-10-21,61.119929453262785,84.72222222222221,18.849206349206348,76.19047619047619,80.0,39.08730158730159,59.72222222222222,92.65873015873017,34.551554484676174,22.70548274196424
2019-10-22,55.58236331569665,50.0,14.087301587301587,74.0079365079365,77.69999999999999,44.642857142857146,66.86507936507937,81.15079365079364,34.282659210947344,23.14006687672841
2019-10-23,65.5400352733686,84.32539682539682,45.43650793650794,78.37301587301587,79.95,19.642857142857142,68.05555555555556,88.69047619047619,36.00714499296438,21.130536692835975
2019-10-24,80.51181657848323,50.0,98.21428571428571,78.57142857142857,81.44999999999999,79.56349206349206,61.70634920634921,95.43650793650794,41.86020149164813,26.500663012672693
2019-10-25,88.01675485008818,74.8015873015873,99.8015873015873,81.74603174603175,86.75,99.0079365079365,63.69047619047619,99.8015873015873,44.34479700555692,31.308475480347976
2019-10-28,78.48888888888888,95.83333333333334,56.94444444444444,83.13492063492063,84.45,78.37301587301587,66.46825396825396,99.8015873015873,36.64205967610903,26.248550267065824
2019-10-29,68.4021164021164,89.0873015873016,28.373015873015873,82.93650793650794,84.0,52.976190476190474,66.07142857142857,99.8015873015873,35.095570022092815,23.762884680401378
2019-10-30,64.45255731922397,89.48412698412699,4.166666666666666,83.13492063492063,88.35,56.15079365079365,67.26190476190477,99.0079365079365,32.74925746919748,24.077377140846608
2019-10-31,62.71410934744268,93.84920634920636,12.896825396825399,81.15079365079364,83.9,33.53174603174603,68.84920634920636,93.45238095238095,33.93584278042723,22.217601632015736
2019-11-01,77.20634920634922,93.84920634920636,70.83333333333334,76.58730158730158,88.5,52.57936507936508,74.0079365079365,79.16666666666666,37.36240664605318,23.680742438352652
2019-11-04,57.21710758377424,89.88095238095238,14.880952380952381,69.04761904761904,85.85,16.46825396825397,72.02380952380952,66.07142857142857,34.27207975882906,20.808266324696316
2019-11-05,56.828924162257486,91.46825396825396,22.817460317460316,68.25396825396825,84.5,0.5952380952380952,70.43650793650794,66.07142857142857,34.71380330715276,16.254333859479434
2019-11-06,55.55449735449735,97.02380952380952,10.515873015873016,68.65079365079364,86.9,2.1825396825396823,71.23015873015873,66.07142857142857,33.74054384399542,18.005061939452236
2019-11-07,63.83174603174603,98.61111111111111,23.214285714285715,76.38888888888889,86.35,27.579365079365083,75.59523809523809,77.18253968253968,34.70153499575898,21.58965649997806
2019-11-08,56.40811287477954,91.07142857142857,1.7857142857142856,73.21428571428572,89.65,14.087301587301587,68.45238095238095,77.97619047619048,32.46455862400921,20.476356033723846
2019-11-11,67.5358024691358,82.73809523809523,36.7063492063492,75.5952380952381,86.55,51.78571428571429,69.64285714285714,81.54761904761905,35.4255893676945,23.543663171786122
2019-11-12,63.68888888888888,85.51587301587301,17.261904761904763,83.33333333333333,86.6,29.96031746031746,78.37301587301587,88.29365079365078,34.340004140206425,21.864319452529436
2019-11-13,69.72663139329805,79.56349206349206,28.373015873015873,82.53968253968253,85.0,73.61111111111111,77.57936507936508,87.5,34.955067504079175,25.564849196133533
2019-11-14,75.7116402116402,83.92857142857143,61.30952380952381,78.96825396825398,84.75,68.45238095238095,81.15079365079364,76.78571428571429,36.72344609201359,24.929190012758674
2019-11-15,81.27601410934743,77.97619047619048,89.88095238095238,78.96825396825398,89.75,57.341269841269835,83.53174603174604,74.40476190476191,38.83940753540217,23.837792681942638
2019-11-18,69.88571428571427,84.72222222222221,52.976190476190474,76.98412698412699,87.69999999999999,31.944444444444443,80.75396825396825,73.21428571428571,36.253079088745096,22.048726236848626
2019-11-19,64.50299823633156,78.76984126984127,47.023809523809526,63.492063492063494,85.7,45.83333333333333,78.76984126984127,48.214285714285715,35.92576582904478,22.913650867102383
2019-11-20,80.00194003527338,75.1984126984127,97.42063492063492,60.51587301587302,86.10000000000001,96.23015873015873,77.97619047619048,43.05555555555556,41.430606841513786,29.23201580560274
2019-11-21,61.95432098765431,80.75396825396825,57.738095238095234,51.98412698412699,84.35,36.7063492063492,62.10317460317461,41.86507936507937,36.477490299535944,22.22556690123941
2019-11-22,54.67513227513228,70.43650793650794,29.96031746031746,51.98412698412699,88.3,29.166666666666668,58.53174603174603,45.43650793650794,35.012082144706234,21.81299341789939
2019-11-25,56.5641975308642,65.27777777777779,37.89682539682539,51.98412698412698,90.65,30.753968253968257,57.341269841269835,46.62698412698413,35.392433033569546,21.88762052511766
2019-11-26,54.21922398589065,64.0873015873016,35.91269841269841,55.357142857142854,92.30000000000001,1.3888888888888888,57.341269841269835,53.37301587301587,35.26347068719039,17.36194134704029
2019-11-27,55.3747795414462,68.05555555555556,31.150793650793652,57.53968253968253,91.25,12.896825396825399,60.51587301587301,54.563492063492056,35.063881992582125,20.26702774333107
2019-11-29,58.883421516754844,77.57936507936508,36.7063492063492,60.91269841269841,86.9,22.42063492063492,72.81746031746032,49.007936507936506,35.33341452807524,21.13694584710757
2019-12-02,60.17495590828924,77.18253968253968,45.43650793650794,62.8968253968254,75.45,33.92857142857143,74.40476190476191,51.388888888888886,35.770007647574715,22.000109326519237
2019-12-03,61.78606701940034,74.40476190476191,60.912698412698404,65.67460317460318,70.19999999999999,22.42063492063492,73.21428571428571,58.13492063492064,36.52546654639297,21.150040309984274
2019-12-04,55.821869488536144,78.76984126984127,40.67460317460318,60.317460317460316,76.0,9.325396825396826,70.43650793650794,50.198412698412696,35.535447087719575,19.65288762013408
2019-12-05,51.98835978835979,83.92857142857143,8.928571428571429,68.25396825396825,77.4,6.547619047619048,67.65873015873017,68.84920634920636,33.52641904601201,19.204479429313526
2019-12-06,67.4283950617284,91.86507936507937,36.7063492063492,74.8015873015873,81.9,53.37301587301587,69.24603174603175,80.35714285714286,35.27403701237945,23.313504018613376
2019-12-09,70.73756613756613,99.40476190476191,48.214285714285715,76.98412698412699,70.7,68.45238095238095,71.62698412698413,82.34126984126983,35.83930153106722,24.680587153769146
2019-12-10,67.6968253968254,98.21428571428571,44.642857142857146,75.5952380952381,71.6,51.78571428571429,78.76984126984127,72.42063492063492,35.64249893925456,23.172234637981333
2019-12-11,72.03492063492064,90.27777777777779,64.0873015873016,77.97619047619048,75.05,45.83333333333333,83.92857142857143,72.02380952380952,36.56366105951711,22.696738462601505
2019-12-12,81.35855379188712,91.86507936507937,82.34126984126983,76.78571428571428,80.3,84.72222222222221,84.72222222222221,68.84920634920636,37.91732043609572,26.73606885268509
2019-12-13,86.2753086419753,99.8015873015873,93.45238095238095,77.77777777777777,86.85,82.73809523809523,88.29365079365078,67.26190476190477,39.50858145414572,26.378054927701232
2019-12-16,80.6689594356261,99.8015873015873,77.18253968253968,66.46825396825398,89.3,93.84920634920636,89.0873015873016,43.84920634920635,37.542040345638206,28.622549665750576
2019-12-17,60.90352733686067,99.0079365079365,14.087301587301587,63.492063492063494,88.55000000000001,53.37301587301587,89.88095238095238,37.10317460317461,33.992767270125555,23.28508289180828
2019-12-18,58.68536155202821,96.62698412698413,7.738095238095238,58.730158730158735,87.1,65.67460317460318,89.0873015873016,28.373015873015873,33.331558361818125,24.29025078530004
2019-12-19,66.005291005291,98.61111111111111,52.976190476190474,46.82539682539683,87.5,74.0079365079365,90.67460317460318,2.976190476190476,36.10976910770598,25.21818273841379
2019-12-20,65.26666666666667,93.45238095238095,75.1984126984127,45.83333333333333,87.45,31.150793650793652,91.46825396825396,0.1984126984126984,37.41765504970061,21.7506208078064
2019-12-23,67.24991181657849,97.81746031746032,59.32539682539682,47.22222222222223,86.95,73.21428571428571,93.84920634920636,0.5952380952380952,36.48466309970616,25.100900431014868
2019-12-24,79.1320987654321,97.81746031746032,97.42063492063492,48.80952380952381,86.65,99.8015873015873,96.62698412698413,0.992063492063492,41.8447110979839,31.891897195338686
2019-12-26,80.41093474426808,99.0079365079365,99.8015873015873,50.595238095238095,86.75,99.8015873015873,98.61111111111111,2.579365079365079,45.501696649322184,35.35331912553697
2019-12-27,83.75502645502645,98.21428571428571,99.8015873015873,63.492063492063494,82.85,99.8015873015873,99.40476190476191,27.579365079365083,46.683387953992664,36.27135898158652
2019-12-30,88.16296296296295,97.81746031746032,98.61111111111111,82.53968253968253,75.9,99.0079365079365,97.02380952380952,68.05555555555556,44.0341336434391,32.09958983408381
2019-12-31,81.95520282186948,83.13492063492063,83.13492063492063,82.14285714285714,81.1,79.56349206349206,90.67460317460318,73.61111111111111,38.05290593142296,25.80034711166751
2020-01-02,87.5774250440917,97.81746031746032,91.07142857142857,84.32539682539682,87.64999999999999,79.96031746031747,89.48412698412699,79.16666666666666,39.25063315140344,25.833354817600622
2020-01-03,86.82522045855379,88.69047619047619,94.64285714285714,83.53174603174602,79.9,93.05555555555556,88.29365079365078,78.76984126984127,40.35965794434267,28.584045279069763
2020-01-06,78.57054673721339,93.45238095238095,64.88095238095238,83.33333333333334,80.75,72.42063492063492,87.10317460317461,79.56349206349206,36.774532210466674,24.988145020313286
2020-01-07,86.75008818342152,83.13492063492063,94.64285714285714,85.31746031746033,81.05000000000001,90.27777777777779,89.0873015873016,81.54761904761905,40.53372260882014,27.42417637809232
2020-01-08,89.94973544973546,82.73809523809523,95.43650793650794,91.66666666666667,82.75,95.43650793650794,92.26190476190477,91.07142857142857,41.034615369863026,29.25749581682824
2020-01-09,92.48201058201059,85.51587301587301,97.42063492063492,93.45238095238096,87.30000000000001,97.02380952380952,90.67460317460318,96.23015873015873,42.57640851624257,30.55999744894049
2020-01-10,88.73403880070546,79.16666666666666,87.10317460317461,94.04761904761905,87.2,88.69047619047619,89.48412698412699,98.61111111111111,38.81390628875093,27.25533240033099
2020-01-13,91.00687830687832,86.70634920634922,90.67460317460318,94.24603174603175,88.4,91.46825396825396,89.88095238095238,98.61111111111111,39.750269632645484,28.237947628782322
2020-01-14,88.59223985890651,73.61111111111111,87.89682539682539,91.86507936507937,88.05,96.23015873015873,85.51587301587301,98.21428571428571,39.061679948962905,29.688223995651924
2020-01-15,84.08359788359788,68.05555555555556,80.75396825396825,90.07936507936508,87.9,81.15079365079364,83.13492063492063,97.02380952380952,38.156789161609126,26.194821619507184
2020-01-16,84.5694885361552,60.912698412698404,89.0873015873016,89.0873015873016,88.4,77.97619047619048,81.94444444444444,96.23015873015873,39.2897919638886,25.775511222431895
2020-01-17,78.75132275132275,69.24603174603175,64.48412698412699,84.12698412698413,89.5,79.16666666666666,85.11904761904762,83.13492063492063,36.84683393921108,25.854669578308776
2020-01-21,75.66931216931216,89.0873015873016,49.007936507936506,78.17460317460318,85.75,87.89682539682539,88.69047619047619,67.65873015873017,35.987288008245564,27.167588296260593
2020-01-22,86.69171075837741,85.11904761904762,91.46825396825396,80.75396825396825,85.45,99.0079365079365,94.24603174603175,67.26190476190477,39.911095729132605,32.67502049311026
2020-01-23,83.30705467372134,82.73809523809523,71.62698412698413,90.67460317460318,85.1,81.54761904761905,97.81746031746032,83.53174603174604,37.51717355404004,26.217055092447744
2020-01-24,89.46596119929451,89.48412698412699,91.86507936507937,93.65079365079364,77.19999999999999,96.62698412698413,99.8015873015873,87.5,39.9654642378448,31.008143985750447
2020-01-27,84.28589065255731,93.45238095238095,89.48412698412699,96.42857142857143,58.849999999999994,79.16666666666666,95.83333333333334,97.02380952380952,39.6796568735258,26.12853159535572
2020-01-28,85.15185185185183,93.45238095238095,83.13492063492063,95.43650793650794,68.6,83.13492063492063,91.07142857142857,99.8015873015873,38.68152478034293,26.573068698153417
2020-01-29,88.09400352733685,86.70634920634922,95.03968253968253,93.65079365079364,68.05,99.0079365079365,87.89682539682539,99.40476190476191,41.208070811294725,35.21696516354589
2020-01-30,90.1522045855379,99.0079365079365,97.42063492063492,91.26984126984127,72.55,98.61111111111111,82.73809523809523,99.8015873015873,42.674585546263636,33.94192865200212
2020-01-31,85.2395061728395,97.02380952380952,97.81746031746032,88.0952380952381,55.8,98.61111111111111,78.76984126984127,97.42063492063492,43.3526154504169,34.044062282852074
2020-02-03,85.01569664902999,79.96031746031747,99.8015873015873,88.4920634920635,60.150000000000006,99.8015873015873,78.76984126984127,98.21428571428571,46.744155788648456,38.91302284435631
2020-02-04,87.54585537918871,90.67460317460318,99.8015873015873,86.11111111111111,69.75,99.8015873015873,74.0079365079365,98.21428571428571,49.65234039652662,43.45869686452657
2020-02-05,88.41358024691358,91.46825396825396,98.61111111111111,86.90476190476191,74.25,97.81746031746032,74.40476190476191,99.40476190476191,45.94283200252535,35.210795840223774
2020-02-06,89.3742504409171,99.0079365079365,97.81746031746032,87.3015873015873,75.19999999999999,97.42063492063492,76.78571428571429,97.81746031746032,44.505454708935154,34.70539520131467
2020-02-07,88.76349206349207,99.0079365079365,95.83333333333334,89.28571428571428,72.65,95.03968253968253,79.56349206349206,99.0079365079365,43.21283974246028,31.710127528511517
2020-02-10,91.13721340388005,99.40476190476191,98.21428571428571,92.06349206349206,74.80000000000001,98.61111111111111,84.32539682539682,99.8015873015873,45.76437084636211,35.49879334285404
2020-02-11,91.13597883597885,91.07142857142857,95.83333333333334,97.81746031746033,74.1,95.83333333333334,95.83333333333334,99.8015873015873,43.66151606664206,33.915165857564354
2020-02-12,91.65573192239859,94.24603174603175,91.86507936507937,99.20634920634922,81.3,86.70634920634922,98.61111111111111,99.8015873015873,41.73846556787699,28.317189717181563
2020-02-13,92.58906525573192,85.51587301587301,97.81746031746032,99.4047619047619,79.25,95.43650793650794,99.0079365079365,99.8015873015873,45.66162843994901,32.771221190366504
2020-02-14,92.42786596119929,89.0873015873016,94.64285714285714,99.60317460317461,81.6,91.46825396825396,99.8015873015873,99.40476190476191,43.335980003540044,29.999861821836426
2020-02-18,91.1721340388007,90.67460317460318,93.84920634920636,99.0079365079365,75.85,93.45238095238095,99.8015873015873,98.21428571428571,43.17757012037959,31.645656956270596
2020-02-19,92.8185185185185,95.43650793650794,98.61111111111111,96.62698412698413,78.1,96.62698412698413,99.40476190476191,93.84920634920636,46.58982841321758,34.44947359697438
2020-02-20,87.51710758377425,68.05555555555556,95.83333333333334,97.22222222222223,72.19999999999999,91.86507936507937,99.40476190476191,95.03968253968253,44.34084318348258,31.30003968784844
2020-02-21,83.51340388007054,68.45238095238095,94.24603174603175,91.07142857142857,64.60000000000001,92.26190476190477,97.42063492063492,84.72222222222221,43.3970979516281,31.491732338018103
2020-02-24,74.14559082892416,59.32539682539682,92.26190476190477,85.3174603174603,37.425,92.65873015873017,85.9126984126984,84.72222222222221,43.093291379020506,31.590515249137237
2020-02-25,67.22178130511463,60.11904761904761,90.27777777777779,72.02380952380952,30.375,87.5,68.05555555555556,75.9920634920635,42.10675308412611,29.487425419839315
2020-02-26,66.80970017636685,94.24603174603175,84.32539682539682,64.88095238095238,31.099999999999994,81.54761904761905,54.96031746031746,74.8015873015873,39.98776069800951,27.53338608121278
2020-02-27,46.16772486772487,50.0,88.29365079365078,32.53968253968254,2.1000000000000085,87.10317460317461,19.642857142857142,45.43650793650794,41.44542247198662,29.298053079797647
2020-02-28,38.866843033509696,50.0,77.18253968253968,21.42857142857143,0.0,81.15079365079364,6.547619047619048,36.30952380952381,38.90913318071899,27.70375253058622
2020-03-02,43.249911816578475,50.0,83.92857142857143,17.658730158730158,16.44999999999999,85.51587301587301,6.944444444444445,28.373015873015873,39.99383383716661,29.148020541564662
2020-03-03,43.27901234567901,50.0,88.29365079365078,19.047619047619047,7.950000000000003,89.88095238095238,12.896825396825399,25.198412698412696,41.65359725850296,30.824114539658186
2020-03-04,44.08844797178131,99.40476190476191,61.70634920634921,18.253968253968253,20.025000000000006,79.16666666666666,16.071428571428573,20.436507936507937,37.420259916193885,27.269649189052707
2020-03-05,30.259611992945324,50.0,39.08730158730159,27.38095238095238,0.9500000000000028,60.11904761904761,32.34126984126984,22.42063492063492,35.91364233675914,24.744681040997072
2020-03-06,37.89682539682539,50.0,66.07142857142857,30.95238095238095,0.0,66.07142857142857,35.11904761904761,26.785714285714285,37.86771901279745,25.618807668349362
2020-03-09,31.0626102292769,50.0,51.78571428571429,20.634920634920636,0.0,64.0873015873016,20.833333333333336,20.436507936507937,36.733533370950596,25.269654011762732
2020-03-10,33.92857142857143,50.0,69.24603174603175,18.253968253968253,0.0,62.10317460317461,16.865079365079367,19.642857142857142,38.056917309281026,25.07914736762563
2020-03-11,28.924162257495592,50.0,51.78571428571429,14.484126984126984,0.0,63.29365079365079,12.103174603174603,16.865079365079367,36.76796723877735,25.197723296312468
2020-03-12,32.429453262786595,50.0,70.83333333333334,5.9523809523809526,0.0,82.34126984126983,2.1825396825396823,9.722222222222223,38.28404145911117,28.00222583086845
2020-03-13,31.900352733686063,50.0,73.21428571428571,3.571428571428571,0.0,79.96031746031747,1.3888888888888888,5.753968253968254,38.63889024829461,27.379386297618
2020-03-16,32.60582010582011,50.0,68.45238095238095,8.730158730158731,0.0,80.35714285714286,0.1984126984126984,17.261904761904763,38.059977555616506,27.525520972978878
2020-03-17,33.99470899470899,50.0,68.84920634920636,12.500000000000002,0.0,80.75396825396825,0.1984126984126984,24.801587301587304,38.12406581709292,27.609640739852665
2020-03-18,30.55555555555555,50.0,52.182539682539684,15.277777777777777,0.0,74.8015873015873,0.1984126984126984,30.357142857142854,36.81632698650087,26.663721804480993
2020-03-19,42.173721340388006,50.0,86.30952380952381,22.61904761904762,0.0,89.0873015873016,0.992063492063492,44.24603174603175,40.64862172069479,29.827774400070517
2020-03-20,42.72486772486772,50.0,86.30952380952381,25.59523809523809,0.0,85.11904761904762,0.1984126984126984,50.99206349206349,40.691003487958774,28.752676707585
2020-03-23,41.75485008818342,50.0,78.76984126984127,27.579365079365076,0.0,85.51587301587301,0.5952380952380952,54.563492063492056,39.3560542720699,28.880241289074878
2020-03-24,46.31834215167549,50.0,87.10317460317461,35.714285714285715,0.0,85.51587301587301,0.992063492063492,70.43650793650794,41.408263387211534,28.933742353592457
2020-03-25,44.48853615520282,50.0,70.83333333333334,40.27777777777778,0.0,87.89682539682539,0.992063492063492,79.56349206349206,38.408243496139036,29.48842244305933
2020-03-26,44.179894179894184,50.0,69.24603174603175,42.65873015873016,0.0,81.15079365079364,2.1825396825396823,83.13492063492063,38.28611522013045,28.12063231681477
2020-03-27,45.01763668430334,50.0,66.86507936507937,46.62698412698413,0.0,81.54761904761905,3.373015873015873,89.88095238095238,38.10784278304739,28.256988101648595
2020-03-30,44.091710758377424,50.0,58.53174603174603,48.21428571428572,0.0,85.11904761904762,4.166666666666666,92.26190476190477,37.53578214858988,29.013839867822128
2020-03-31,47.50881834215167,50.0,74.8015873015873,50.39682539682539,0.0,76.78571428571429,5.753968253968254,95.03968253968253,38.875201688558,27.393530967444114
2020-04-01,46.00970017636685,50.0,68.84920634920636,50.79365079365079,0.0,74.0079365079365,3.7698412698412698,97.81746031746032,38.33138637160161,26.868874209537243
2020-04-02,45.94356261022928,50.0,68.84920634920636,50.1984126984127,0.0,75.1984126984127,1.7857142857142856,98.61111111111111,38.36496101576212,27.25381832769446
2020-04-03,44.64285714285714,50.0,60.11904761904761,50.0,0.0,81.54761904761905,0.1984126984126984,99.8015873015873,37.682085096561416,28.39574785156819
2020-04-06,48.4347442680776,50.0,75.59523809523809,51.19047619047619,0.0,81.15079365079364,2.579365079365079,99.8015873015873,39.028383693314204,28.382958902759515
2020-04-07,50.793650793650784,50.0,83.13492063492063,50.992063492063494,0.0,87.89682539682539,2.1825396825396823,99.8015873015873,40.200245798067286,29.558677923341747
2020-04-08,44.31216931216931,50.0,59.32539682539682,52.976190476190474,0.0,71.23015873015873,6.15079365079365,99.8015873015873,37.7710684793997,26.74841789188372
2020-04-09,37.169312169312164,50.0,31.547619047619047,55.75396825396825,0.0,54.166666666666664,11.706349206349206,99.8015873015873,35.80798093757251,24.45267302211753
2020-04-13,55.37918871252204,50.0,88.29365079365078,58.92857142857143,0.0,95.03968253968253,18.055555555555554,99.8015873015873,41.728848069306586,33.74517198777873
2020-04-14,60.9005291005291,50.0,96.62698412698413,64.88095238095238,5.6000000000000085,99.0079365079365,29.96031746031746,99.8015873015873,44.51761113149648,37.091009697651664
2020-04-15,58.245149911816576,50.0,85.11904761904762,69.24603174603175,0.0,96.23015873015873,38.69047619047619,99.8015873015873,40.84056273763987,34.518849911224066
2020-04-16,62.169312169312164,50.0,96.62698412698413,72.42063492063492,0.0,99.0079365079365,45.03968253968254,99.8015873015873,44.82753272327816,38.72755691329129
2020-04-17,58.80996472663139,50.0,76.38888888888889,74.60317460317461,4.625,93.45238095238095,49.801587301587304,99.40476190476191,39.30096299480779,33.643203292777294
2020-04-20,58.90652557319223,50.0,76.78571428571429,78.37301587301587,0.0,91.46825396825396,57.341269841269835,99.40476190476191,39.36097945482796,31.71561744683314
2020-04-21,62.21340388007054,50.0,94.64285714285714,74.0079365079365,0.0,98.61111111111111,48.214285714285715,99.8015873015873,44.19235661680171,37.111356031322636
2020-04-22,55.59964726631393,50.0,70.03968253968253,72.81746031746032,0.0,91.86507936507937,46.62698412698413,99.0079365079365,38.731964643931946,32.62930377970196
2020-04-23,55.59964726631393,50.0,72.42063492063492,72.42063492063492,0.0,88.29365079365078,45.43650793650794,99.40476190476191,38.98983618855541,31.363795176548525
2020-04-24,57.68439153439154,50.0,76.78571428571429,68.84920634920636,10.174999999999997,88.69047619047619,37.89682539682539,99.8015873015873,39.5585495402364,31.54590603301679
2020-04-27,62.92089947089947,50.0,89.88095238095238,69.84126984126985,16.775000000000006,93.45238095238095,40.27777777777778,99.40476190476191,42.11954699038683,33.80054851577405
2020-04-28,59.2600529100529,50.0,72.02380952380952,74.0079365079365,16.075000000000003,85.11904761904762,48.214285714285715,99.8015873015873,39.013867592424276,30.0069717643147
2020-04-29,58.35546737213404,50.0,52.57936507936508,77.97619047619048,21.924999999999997,92.26190476190477,56.15079365079365,99.8015873015873,37.45841693530834,32.87503750289641
2020-04-30,68.54982363315696,50.0,93.45238095238095,84.32539682539682,14.625,97.81746031746032,70.43650793650794,98.21428571428571,43.582746630313395,36.276152414905646
2020-05-01,68.22777777777777,50.0,99.40476190476191,83.92857142857143,7.025000000000006,99.40476190476191,72.02380952380952,95.83333333333334,48.614183473976794,41.76824453248001
2020-05-04,62.29179894179894,50.0,86.30952380952381,75.9920634920635,10.075000000000003,89.88095238095238,57.738095238095234,94.24603174603175,41.452398708051966,32.38700555481563
2020-05-05,61.971516754850086,50.0,84.72222222222221,73.61111111111111,15.974999999999994,85.51587301587301,53.37301587301587,93.84920634920636,41.291374688879365,31.314548531115094
2020-05-06,58.138800705467375,50.0,64.0873015873016,77.38095238095238,14.700000000000017,83.53174603174604,58.13492063492064,96.62698412698413,38.37548506732239,30.561112719485635
2020-05-07,50.14797178130511,50.0,35.11904761904761,73.4126984126984,21.400000000000006,68.05555555555556,49.007936507936506,97.81746031746032,36.29229608874598,27.077996332895744
2020-05-08,64.76860670194003,50.0,86.30952380952381,74.2063492063492,30.049999999999997,77.57936507936508,49.404761904761905,99.0079365079365,41.502026747976636,28.947972189182835
2020-05-11,68.41349206349206,50.0,80.75396825396825,83.53174603174604,31.075000000000003,91.46825396825396,67.65873015873017,99.40476190476191,40.49921285581356,32.97895500975368
2020-05-12,63.47865961199295,50.0,79.56349206349206,82.34126984126985,17.400000000000006,80.35714285714286,66.86507936507937,97.81746031746032,40.209415758363555,29.511625953003946
2020-05-13,61.947619047619035,50.0,88.29365079365078,73.80952380952381,11.799999999999997,85.9126984126984,50.99206349206349,96.62698412698413,41.928056489232524,31.51590564326159
2020-05-14,59.44065255731922,50.0,73.21428571428571,73.21428571428572,18.474999999999994,81.94444444444444,49.801587301587304,96.62698412698413,39.38470048200286,30.212608751744156
2020-05-15,59.179276895943566,50.0,77.18253968253968,72.42063492063491,20.275000000000006,70.43650793650794,50.198412698412696,94.64285714285714,39.97013021558759,27.654013316605976
2020-05-18,54.22486772486772,50.0,50.198412698412696,70.03968253968254,26.75,74.0079365079365,48.214285714285715,91.86507936507937,37.37854776614437,28.62223863783263
2020-05-19,59.56005291005291,50.0,71.23015873015873,71.42857142857143,23.674999999999997,81.94444444444444,51.78571428571429,91.07142857142857,39.270515928780966,30.48535655491001
2020-05-20,60.55229276895943,50.0,56.94444444444444,80.35714285714286,30.025000000000006,79.96031746031747,68.84920634920636,91.86507936507937,37.97871620559013,29.72028901448347
2020-05-21,66.94982363315697,50.0,75.1984126984127,84.92063492063491,26.174999999999997,95.03968253968253,76.38888888888889,93.45238095238095,39.72157669919555,35.0094393970513
2020-05-22,70.37848324514991,50.0,87.10317460317461,86.30952380952381,29.599999999999994,91.07142857142857,77.18253968253968,95.43650793650794,41.73013559905777,33.38335072428897
2020-05-26,57.36657848324515,50.0,41.07142857142857,87.89682539682539,29.974999999999994,60.51587301587301,79.16666666666666,96.62698412698413,36.62052175877844,26.4920165741512
2020-05-27,66.66613756613755,50.0,74.40476190476191,88.29365079365078,30.94999999999999,74.40476190476191,79.56349206349206,97.02380952380952,39.64471303400758,28.950923616808684
2020-05-28,62.20308641975308,77.57936507936508,50.198412698412696,87.30158730158729,28.525000000000006,62.89682539682539,77.57936507936508,97.02380952380952,37.393859849525626,26.852572904375805
2020-05-29,61.12760141093475,72.02380952380952,59.72222222222222,85.71428571428572,31.224999999999994,39.08730158730159,77.57936507936508,93.84920634920636,38.18847138719128,23.256098056590048
2020-06-01,67.69409171075839,50.0,79.96031746031747,86.70634920634922,29.424999999999997,80.35714285714286,77.18253968253968,96.23015873015873,40.34447836362878,30.13684006854444
2020-06-02,61.67619047619047,34.32539682539682,62.5,87.30158730158729,32.900000000000006,68.05555555555556,76.38888888888889,98.21428571428571,38.40020630994518,27.655599458852265
2020-06-03,50.09629629629629,0.1984126984126984,32.34126984126984,84.72222222222223,35.849999999999994,60.11904761904761,74.40476190476191,95.03968253968253,36.25164220265659,26.60829163703963
2020-06-04,53.27574955908289,0.1984126984126984,40.67460317460318,87.8968253968254,35.47500000000001,63.29365079365079,79.96031746031747,95.83333333333334,36.762061207441796,27.145832478702996
2020-06-05,53.19876543209877,0.1984126984126984,43.452380952380956,85.11904761904762,38.7,58.92857142857143,79.96031746031747,90.27777777777779,36.92420081785174,26.500874766355448
2020-06-08,54.68668430335096,0.1984126984126984,45.43650793650794,83.92857142857142,35.47500000000001,78.37301587301587,82.34126984126983,85.51587301587301,37.16493272592813,29.6030307576252
2020-06-09,61.358818342151665,0.5952380952380952,70.03968253968253,85.3174603174603,31.075000000000003,93.45238095238095,85.9126984126984,84.72222222222221,39.20627891902227,34.294615497978214
2020-06-10,67.9505291005291,0.992063492063492,90.27777777777779,89.88095238095238,31.075000000000003,98.21428571428571,91.86507936507937,87.89682539682539,42.82116605207397,37.497295289426155
2020-06-11,56.10670194003527,1.3888888888888888,77.97619047619048,85.9126984126984,0.0,89.88095238095238,89.0873015873016,82.73809523809523,40.18503588288916,33.05262875588211
2020-06-12,61.233068783068774,0.5952380952380952,91.07142857142857,83.92857142857142,9.774999999999991,97.02380952380952,84.72222222222221,83.13492063492063,43.19669163401776,36.34035071455129
2020-06-15,57.123456790123456,0.1984126984126984,76.78571428571429,81.34920634920636,14.0,88.29365079365078,79.96031746031747,82.73809523809523,40.00672111215095,32.77626295644307
2020-06-16,58.190388007054665,0.1984126984126984,82.34126984126983,80.15873015873015,15.824999999999989,86.70634920634922,79.16666666666666,81.15079365079364,41.040619643971965,32.59126390862967
2020-06-17,56.55987654320987,0.1984126984126984,76.38888888888889,79.16666666666666,16.325000000000003,85.9126984126984,77.57936507936508,80.75396825396825,40.088876054614104,32.28338583626406
2020-06-18,53.98835978835979,0.5952380952380952,64.48412698412699,80.35714285714286,17.650000000000006,79.96031746031747,79.96031746031747,80.75396825396825,38.867536804254144,30.827744599444674
2020-06-19,47.59647266313932,1.7857142857142856,51.388888888888886,82.53968253968254,12.200000000000003,51.78571428571429,85.11904761904762,79.96031746031747,37.89923193720749,26.047937030654385
2020-06-22,59.35617283950617,1.7857142857142856,77.97619047619048,83.53174603174602,20.575000000000003,84.72222222222221,87.5,79.56349206349206,40.28421597682054,31.811589070873485
2020-06-23,63.304144620811286,3.373015873015873,89.0873015873016,83.73015873015873,21.575000000000003,93.84920634920636,87.10317460317461,80.35714285714286,42.638110001788974,34.93538201612145
2020-06-24,59.41869488536154,5.753968253968254,80.75396825396825,81.74603174603175,15.399999999999991,91.46825396825396,82.73809523809523,80.75396825396825,40.716823243727404,33.965474095766105
2020-06-25,54.60881834215167,6.547619047619048,55.35714285714286,83.13492063492063,19.450000000000003,85.9126984126984,81.15079365079364,85.11904761904762,38.2786039715938,32.60728795045703
2020-06-26,49.29021164021164,5.357142857142857,40.67460317460318,83.92857142857143,13.175000000000011,78.76984126984127,77.97619047619048,89.88095238095238,37.111941477461855,31.239794078871576
2020-06-29,57.12398589065255,4.9603174603174605,58.92857142857143,83.73015873015873,20.549999999999997,99.0079365079365,75.1984126984127,92.26190476190477,38.4571569215582,39.29527081372795
2020-06-30,62.6579365079365,4.166666666666666,88.29365079365078,79.96031746031746,23.924999999999997,95.43650793650794,75.59523809523809,84.32539682539682,42.21533674816935,35.96754013843522
2020-07-01,63.663492063492065,4.563492063492063,82.34126984126983,82.73809523809524,28.44999999999999,98.61111111111111,76.78571428571429,88.69047619047619,41.39823642449184,39.132852976411044
2020-07-02,67.91146384479718,3.373015873015873,97.81746031746032,83.73015873015873,30.799999999999997,99.40476190476191,76.78571428571429,90.67460317460318,46.15287509400439,42.00984289356867
2020-07-06,69.31022927689592,3.7698412698412698,99.0079365079365,87.30158730158729,30.14999999999999,99.8015873015873,77.57936507936508,97.02380952380952,47.32718912489562,43.718180895503686
2020-07-07,68.21790123456789,7.341269841269842,97.02380952380952,86.9047619047619,26.424999999999997,99.0079365079365,80.75396825396825,93.05555555555556,46.14651742501944,43.01942406183059
2020-07-08,69.38677248677249,9.325396825396826,94.64285714285714,89.48412698412699,29.80000000000001,97.81746031746032,79.16666666666666,99.8015873015873,44.80686226003042,40.63924954288062
2020-07-09,74.08835978835978,49.007936507936506,98.61111111111111,90.07936507936509,26.849999999999994,96.62698412698413,80.35714285714286,99.8015873015873,47.32253218157195,39.06293287711303
2020-07-10,78.3794532627866,70.83333333333334,99.0079365079365,91.07142857142857,31.775000000000006,99.8015873015873,82.34126984126983,99.8015873015873,48.244936362132364,47.29418648364838
2020-07-13,69.33007054673722,16.46825396825397,99.8015873015873,89.6825396825397,19.525000000000006,99.8015873015873,79.96031746031747,99.40476190476191,54.269302411174856,50.17374786183751
2020-07-14,69.71111111111111,10.119047619047619,99.0079365079365,89.28571428571428,26.200000000000003,99.0079365079365,78.76984126984127,99.8015873015873,49.60700790326397,44.83436563482685
2020-07-15,69.32204585537919,4.563492063492063,93.45238095238095,91.66666666666667,30.599999999999994,96.23015873015873,83.92857142857143,99.40476190476191,45.31099399250288,40.3545571573836
2020-07-16,70.07054673721339,2.976190476190476,94.64285714285714,93.25396825396825,30.0,98.61111111111111,87.5,99.0079365079365,45.86053575852631,43.753074686542895
2020-07-17,62.25449735449735,5.753968253968254,54.166666666666664,93.05555555555556,35.8,95.43650793650794,89.0873015873016,97.02380952380952,38.44908566891295,39.683177419569304
2020-07-20,74.48430335097002,8.531746031746032,99.40476190476191,95.43650793650794,38.849999999999994,99.0079365079365,93.45238095238095,97.42063492063492,50.16971011383185,45.9388252819704
2020-07-21,73.85432098765433,7.738095238095238,97.42063492063492,96.82539682539684,37.9,95.83333333333334,96.23015873015873,97.42063492063492,47.75731950393965,41.18422523764286
2020-07-22,73.87865961199294,5.753968253968254,97.81746031746032,96.42857142857143,39.2,95.83333333333334,96.62698412698413,96.23015873015873,48.25634891914263,41.22708728278916
2020-07-23,73.09929453262787,4.563492063492063,99.8015873015873,95.03968253968253,34.8,99.0079365079365,94.64285714285714,95.43650793650794,54.65835822009837,46.54368260304375
2020-07-24,73.38694885361552,4.9603174603174605,99.8015873015873,95.23809523809524,35.400000000000006,99.40476190476191,93.05555555555556,97.42063492063492,56.620605516626455,49.70006758011859
2020-07-27,74.10828924162257,10.515873015873016,98.21428571428571,96.23015873015873,38.150000000000006,95.03968253968253,94.24603174603175,98.21428571428571,49.67156367137865,41.68654740723608
2020-07-28,72.24232804232804,14.087301587301587,94.64285714285714,94.44444444444444,36.4,90.67460317460318,94.24603174603175,94.64285714285714,47.07602157749658,37.525735328428084
2020-07-29,69.54761904761904,14.484126984126986,81.94444444444444,94.04761904761904,39.75,85.9126984126984,93.45238095238095,94.64285714285714,42.58407019490152,35.04519536544431
2020-07-30,71.89259259259259,11.30952380952381,90.67460317460318,95.83333333333334,38.099999999999994,90.67460317460318,95.83333333333334,95.83333333333334,45.601712952819476,38.097113015370844
2020-07-31,74.81499118165786,12.103174603174603,97.02380952380952,96.82539682539684,38.849999999999994,99.0079365079365,99.40476190476191,94.24603174603175,49.30265112026196,47.43854050302751
2020-08-03,74.8047619047619,12.896825396825399,98.61111111111111,95.43650793650794,39.3,98.21428571428571,98.21428571428571,92.65873015873017,52.12949614886302,46.602480528747165
2020-08-04,75.11569664902999,12.103174603174603,96.23015873015873,98.41269841269842,40.599999999999994,95.03968253968253,99.40476190476191,97.42063492063492,49.17239447256715,42.07766785317389
2020-08-05,67.40855379188713,10.119047619047619,64.0873015873016,98.61111111111111,42.525000000000006,87.5,98.21428571428571,99.0079365079365,39.82106388471077,36.6146900212649
2020-08-06,74.98280423280423,14.484126984126986,91.07142857142857,99.60317460317461,43.375,92.65873015873017,99.8015873015873,99.40476190476191,45.94573700919622,40.83914115250186
2020-08-07,75.11701940035272,16.46825396825397,88.29365079365078,99.8015873015873,44.474999999999994,94.64285714285714,99.8015873015873,99.8015873015873,45.35520284655183,42.04301031527395
2020-08-10,74.9410052910053,10.515873015873016,93.05555555555556,99.8015873015873,44.675000000000004,89.0873015873016,99.8015873015873,99.8015873015873,46.94365734745121,38.73377511774221
2020-08-11,70.0715167548501,5.753968253968254,79.96031746031747,99.60317460317461,39.925,86.30952380952381,99.8015873015873,99.40476190476191,42.69633415979889,36.75851403146863
2020-08-12,76.11428571428571,4.9603174603174605,98.21428571428571,99.20634920634922,44.3,97.42063492063492,99.8015873015873,98.61111111111111,51.63158643649479,46.054603912228195
2020-08-13,76.99126984126984,7.341269841269842,99.8015873015873,99.20634920634922,44.675000000000004,99.0079365079365,99.8015873015873,98.61111111111111,56.75159311971163,47.985041655602465
2020-08-14,75.53659611992944,5.753968253968254,97.81746031746032,97.61904761904762,44.875,95.83333333333334,99.8015873015873,95.43650793650794,51.85476407699697,44.69652449580053
2020-08-17,75.99162257495591,16.071428571428573,98.21428571428571,94.24603174603175,46.625,95.43650793650794,99.8015873015873,88.69047619047619,53.559136117443785,44.586880778867354
2020-08-18,76.3216049382716,19.246031746031747,98.61111111111111,93.65079365079364,46.224999999999994,97.02380952380952,98.61111111111111,88.69047619047619,54.37968966216818,46.31696722086405
2020-08-19,74.29435626102293,20.436507936507937,96.23015873015873,91.26984126984127,43.650000000000006,94.64285714285714,97.42063492063492,85.11904761904762,51.2324024786033,44.192605452127175
2020-08-20,74.54708994708994,29.563492063492063,99.8015873015873,85.31746031746032,43.2,99.40476190476191,91.86507936507937,78.76984126984127,57.32920173414497,49.89409016567568
2020-08-21,74.42663139329807,47.42063492063492,99.8015873015873,78.57142857142857,43.650000000000006,99.8015873015873,84.72222222222221,72.42063492063492,63.019881342022984,54.05360457162928
2020-08-24,79.04047619047618,76.78571428571429,99.40476190476191,82.73809523809524,44.074999999999996,99.40476190476191,81.54761904761905,83.92857142857143,60.00051319947638,53.27792568600398
2020-08-25,79.11913580246913,79.96031746031747,96.23015873015873,84.12698412698413,44.925,97.42063492063492,83.53174603174604,84.72222222222221,52.79483011039328,47.82328762157016
2020-08-26,79.62072310405642,81.54761904761905,96.62698412698413,86.11111111111111,41.825,99.8015873015873,83.92857142857143,88.29365079365078,53.98936251194157,55.1003283469559
2020-08-27,80.32089947089946,79.56349206349206,97.81746031746032,90.47619047619048,38.825,98.61111111111111,87.5,93.45238095238095,55.71488530173225,50.44747830248804
2020-08-28,82.68095238095238,79.96031746031747,99.0079365079365,94.64285714285714,42.599999999999994,97.02380952380952,91.86507936507937,97.42063492063492,58.42295148560335,48.28191707031315
2020-08-31,80.25723104056436,84.32539682539682,99.40476190476191,90.87301587301587,33.974999999999994,98.61111111111111,88.69047619047619,93.05555555555556,60.329742977444134,50.9070049107692
2020-09-01,79.58059964726631,93.84920634920636,96.62698412698413,88.0952380952381,34.7,95.43650793650794,85.9126984126984,90.27777777777779,55.37419666405883,47.65640870472302
2020-09-02,79.77151675485008,94.24603174603175,97.02380952380952,89.68253968253967,33.575,93.45238095238095,85.9126984126984,93.45238095238095,55.91177506775996,46.31855768925385
2020-09-03,72.49294532627866,90.27777777777779,96.62698412698413,81.15079365079364,16.0,93.45238095238095,76.78571428571429,85.51587301587301,55.791535123084344,46.523132720965265
2020-09-04,72.18033509700176,93.45238095238095,99.40476190476191,70.83333333333333,23.125,98.61111111111111,57.738095238095234,83.92857142857143,60.67220338878817,52.416221438635105
2020-09-08,67.17830687830687,81.15079365079364,95.03968253968253,66.66666666666666,21.349999999999994,90.67460317460318,49.007936507936506,84.32539682539682,55.07914944221562,44.81917564398554
2020-09-09,65.67433862433862,77.18253968253968,94.64285714285714,59.72222222222222,27.974999999999994,89.48412698412699,41.86507936507937,77.57936507936508,54.72832551028743,44.50048928077333
2020-09-10,62.72724867724867,73.21428571428571,93.45238095238095,53.96825396825397,25.724999999999994,91.07142857142857,30.753968253968257,77.18253968253968,54.340814546084204,45.01470127136667
2020-09-11,64.39320987654321,74.40476190476191,93.84920634920636,54.76190476190476,32.825,87.5,25.595238095238095,83.92857142857143,54.52449449572773,43.481752767632734
2020-09-14,65.55511463844796,74.0079365079365,92.65873015873017,55.75396825396825,35.375,92.65873015873017,26.785714285714285,84.72222222222221,54.32682743962572,46.40935933484315
2020-09-15,69.60167548500881,74.40476190476191,96.62698412698413,64.28571428571428,36.025000000000006,93.84920634920636,36.7063492063492,91.86507936507937,56.03347455366584,47.183540832849005
2020-09-16,64.76613756613756,62.89682539682539,86.30952380952381,64.68253968253968,34.900000000000006,83.53174603174604,34.72222222222222,94.64285714285714,48.89269981671682,41.259924547896816
2020-09-17,62.217989417989415,42.26190476190476,90.27777777777779,60.51587301587302,33.849999999999994,87.89682539682539,30.753968253968257,90.27777777777779,52.45056284295495,44.30041057606077
2020-09-18,59.4595238095238,25.198412698412696,87.89682539682539,61.507936507936506,35.42500000000001,78.76984126984127,37.10317460317461,85.9126984126984,50.10924065700468,38.89463296748822
2020-09-21,62.807407407407396,55.75396825396825,90.67460317460318,58.92857142857142,30.549999999999997,90.27777777777779,29.563492063492063,88.29365079365078,53.543807515810904,45.9015444335648
2020-09-22,63.538977072310395,53.37301587301587,95.03968253968253,56.15079365079365,32.849999999999994,94.24603174603175,24.801587301587304,87.5,55.418371414600855,47.4288479539102
2020-09-23,58.54902998236332,23.214285714285715,94.24603174603175,56.349206349206355,28.55000000000001,89.0873015873016,20.03968253968254,92.65873015873017,55.20197097026567,44.840370529349514
2020-09-24,58.67610229276895,23.214285714285715,95.03968253968253,54.76190476190476,28.724999999999994,93.05555555555556,12.5,97.02380952380952,55.46923703115383,47.07066289432607
2020-09-25,60.27830687830687,42.65873015873016,89.0873015873016,54.960317460317455,34.05,88.69047619047619,11.706349206349206,98.21428571428571,53.42117830977142,44.99158423924145
2020-09-28,60.317724867724856,55.35714285714286,85.51587301587301,54.76190476190476,34.52499999999999,83.13492063492063,14.484126984126986,95.03968253968253,49.9737170866929,42.38677141031738
2020-09-29,62.05899470899471,65.67460317460318,86.30952380952381,56.15079365079366,34.325,83.13492063492063,16.46825396825397,95.83333333333334,50.473883426366115,42.57996098617291
2020-09-30,57.021075837742494,36.7063492063492,82.73809523809523,56.15079365079365,34.075,74.40476190476191,21.23015873015873,91.07142857142857,48.94494603534546,37.78603967376532
2020-10-01,59.99029982363315,48.214285714285715,81.94444444444444,60.714285714285715,33.25,79.16666666666666,41.07142857142857,80.35714285714286,48.67131780661317,40.86233907492412
2020-10-02,59.34135802469136,20.833333333333336,88.29365079365078,61.9047619047619,30.92500000000001,89.0873015873016,45.03968253968254,78.76984126984127,52.504544213008074,45.23335178916602
2020-10-05,57.17389770723104,17.261904761904763,79.96031746031747,67.06349206349206,30.099999999999994,75.9920634920635,48.61111111111111,85.51587301587301,47.882032450619825,39.1070574361555
2020-10-06,56.59400352733685,13.690476190476192,85.51587301587301,63.095238095238095,26.299999999999997,82.73809523809523,45.83333333333333,80.35714285714286,50.32195038775684,42.66080304073885
2020-10-07,55.486948853615516,11.30952380952381,76.38888888888889,66.26984126984127,29.85000000000001,76.78571428571429,48.214285714285715,84.32539682539682,46.66114904808256,40.229039029894956
2020-10-08,58.59188712522045,11.30952380952381,78.76984126984127,73.01587301587301,34.10000000000001,71.23015873015873,52.182539682539684,93.84920634920636,47.544128578098274,37.28818847314917
2020-10-09,61.7283950617284,14.880952380952381,81.94444444444444,76.5873015873016,37.5,72.02380952380952,60.51587301587301,92.65873015873017,49.17168424243891,37.5303367028222
2020-10-12,65.76798941798941,23.214285714285715,92.65873015873017,70.83333333333333,37.325,96.23015873015873,62.89682539682539,78.76984126984127,54.67794080773144,49.2989557144217
2020-10-13,65.63130511463844,39.48412698412698,87.89682539682539,73.8095238095238,34.825,84.32539682539682,77.57936507936508,70.03968253968253,52.607459116519465,43.75436095018004
2020-10-14,65.55820105820105,31.150793650793652,85.11904761904762,78.76984126984127,34.0,84.32539682539682,80.35714285714286,77.18253968253968,50.831780241267936,43.83673874583475
2020-10-15,60.50167548500882,25.595238095238095,76.78571428571429,75.7936507936508,32.575,72.81746031746032,77.18253968253968,74.40476190476191,47.525220381485276,38.903485030929986
2020-10-16,56.50943562610229,21.23015873015873,71.23015873015873,70.23809523809524,31.474999999999994,71.23015873015873,77.97619047619048,62.5,45.83842361115077,38.40661727070185
2020-10-19,58.9652557319224,24.00793650793651,78.76984126984127,74.60317460317461,27.049999999999997,71.23015873015873,74.40476190476191,74.8015873015873,48.26995209914246,38.48587072452861
2020-10-20,59.44400352733686,24.00793650793651,74.40476190476191,78.17460317460318,26.625,74.40476190476191,66.86507936507937,89.48412698412699,46.782419920365356,39.147039305798856
2020-10-21,54.91666666666666,37.5,56.15079365079365,70.83333333333333,28.375,75.1984126984127,60.912698412698404,80.75396825396825,41.809288102803784,40.03743322065495
2020-10-22,55.96622574955908,25.198412698412696,70.83333333333334,72.02380952380952,29.724999999999994,61.30952380952381,57.738095238095234,86.30952380952381,45.876751375184064,34.92962506706776
2020-10-23,58.19532627865961,24.801587301587304,72.42063492063492,75.39682539682539,31.125,65.67460317460318,52.976190476190474,97.81746031746032,46.42430903270348,36.34235320393361
2020-10-26,56.74620811287478,25.992063492063494,77.57936507936508,74.20634920634922,18.849999999999994,69.24603174603175,51.78571428571429,96.62698412698413,48.18211007789923,37.870947304547116
2020-10-27,58.478395061728385,66.46825396825396,74.8015873015873,70.03968253968253,16.625,66.86507936507937,50.198412698412696,89.88095238095238,47.23645231238422,37.14257553841968
2020-10-28,46.119929453262785,37.5,64.48412698412699,63.492063492063494,0.0,58.13492063492064,45.03968253968254,81.94444444444444,44.47437403976466,34.278260483745505
2020-10-29,44.54876543209876,25.198412698412696,63.69047619047619,55.95238095238095,6.0249999999999915,68.45238095238095,40.27777777777778,71.62698412698413,44.234374674680524,37.7546284082545
2020-10-30,46.86719576719576,50.0,71.23015873015873,46.230158730158735,4.949999999999989,80.75396825396825,25.595238095238095,66.86507936507937,46.160546170791825,42.48552234597035
2020-11-02,38.08033509700176,14.880952380952381,63.29365079365079,40.67460317460317,7.174999999999983,64.88095238095238,18.055555555555554,63.29365079365079,44.23479446609097,37.027324082440764
2020-11-03,36.99603174603174,14.087301587301587,60.912698412698404,37.698412698412696,11.125,61.70634920634921,14.484126984126986,60.912698412698404,43.50175771585415,35.544724140354596
2020-11-04,39.50255731922398,21.23015873015873,53.769841269841265,36.7063492063492,26.075000000000003,64.48412698412699,15.674603174603174,57.738095238095234,41.90648560996565,36.83634333874262
2020-11-05,45.590476190476195,25.595238095238095,70.03968253968253,40.67460317460318,31.05000000000001,60.51587301587301,19.642857142857142,61.70634920634921,46.024301022490036,35.41387778113155
2020-11-06,50.18800705467371,29.96031746031746,70.03968253968253,47.817460317460316,37.85,62.5,31.150793650793652,64.48412698412699,46.068923735891396,36.2992217603024
2020-11-09,35.341710758377424,17.658730158730158,33.53174603174603,44.84126984126984,35.625,27.579365079365083,40.27777777777778,49.404761904761905,39.25252694856301,28.223702179112315
2020-11-10,43.38712522045855,10.119047619047619,54.563492063492056,47.817460317460316,38.0,51.78571428571429,44.642857142857146,50.99206349206349,42.51630369429324,33.32766030379859
2020-11-11,47.28968253968254,12.896825396825399,57.341269841269835,57.936507936507944,41.375,41.46825396825397,51.78571428571429,64.0873015873016,43.121875634123164,31.012215810802505
2020-11-12,48.130070546737215,16.071428571428573,60.11904761904761,61.507936507936506,36.625,39.08730158730159,52.57936507936508,70.43650793650794,43.52768123734614,30.553371528268592
2020-11-13,48.89506172839505,11.706349206349206,60.912698412698404,61.904761904761905,42.24999999999999,36.30952380952381,55.35714285714286,68.45238095238095,43.798049508375826,29.785008744028797
2020-11-16,47.77910052910054,3.373015873015873,41.07142857142857,72.81746031746033,43.875,38.2936507936508,67.65873015873017,77.97619047619048,40.21361604150121,30.25773814274987
2020-11-17,55.87980599647266,2.579365079365079,62.5,77.57936507936509,43.224999999999994,56.15079365079365,80.35714285714286,74.8015873015873,44.317765619922476,34.482322416718986
2020-11-18,56.045679012345666,2.579365079365079,74.0079365079365,67.65873015873015,40.4,70.03968253968253,78.37301587301587,56.94444444444444,46.98450516627594,38.53883572252785
2020-11-19,54.81984126984127,2.1825396825396823,77.18253968253968,61.7063492063492,42.225,67.26190476190477,79.56349206349206,43.84920634920635,47.91364080055064,37.63145062499311
2020-11-20,45.49735449735449,2.976190476190476,54.563492063492056,58.53174603174603,40.75,40.27777777777778,80.35714285714286,36.7063492063492,43.07147520614099,31.153854563812093
2020-11-23,52.95343915343915,1.3888888888888888,75.1984126984127,56.547619047619044,43.35,68.45238095238095,76.38888888888889,36.7063492063492,47.483713474887246,38.01505222588102
2020-11-24,46.57566137566137,0.5952380952380952,57.341269841269835,55.55555555555556,45.9,45.43650793650794,74.40476190476191,36.7063492063492,43.49447395891966,32.26771301972595
2020-11-25,55.69885361552027,0.992063492063492,79.56349206349206,60.317460317460316,46.875,66.46825396825396,80.35714285714286,40.27777777777778,48.852484098448826,37.55790909870191
2020-11-27,60.071252204585534,1.3888888888888888,86.30952380952381,62.698412698412696,47.9,82.73809523809523,84.72222222222221,40.67460317460318,51.9069246782504,43.591880468740094
2020-11-30,52.15246913580246,1.7857142857142856,60.51587301587301,65.87301587301587,48.575,51.78571428571429,88.69047619047619,43.05555555555556,44.32801038744161,33.94482704625952
2020-12-01,53.60661375661376,1.3888888888888888,59.72222222222222,65.67460317460318,48.075,68.45238095238095,89.48412698412699,41.86507936507937,44.30826777714173,38.12491321431055
2020-12-02,57.52901234567901,3.7698412698412698,73.21428571428571,67.26190476190476,47.074999999999996,71.62698412698413,92.26190476190477,42.26190476190476,47.31011849099029,38.91606629719025
2020-12-03,52.26507936507935,4.563492063492063,57.738095238095234,68.05555555555554,46.8,52.57936507936508,95.03968253968253,41.07142857142857,44.09343004259305,34.3180934460278
2020-12-04,49.64929453262786,4.166666666666666,56.94444444444444,65.87301587301587,48.025000000000006,35.11904761904761,92.26190476190477,39.48412698412698,43.90621596073036,30.578980224768255
2020-12-07,59.74955908289241,6.15079365079365,81.15079365079364,69.24603174603175,46.75,68.05555555555556,96.62698412698413,41.86507936507937,49.36348797876757,38.24639014607395
2020-12-08,62.408818342151676,4.9603174603174605,84.32539682539682,72.61904761904762,48.3,73.61111111111111,97.02380952380952,48.214285714285715,50.59495084878278,39.46182550297135
2020-12-09,61.128659611992944,4.563492063492063,84.72222222222221,71.42857142857143,44.325,73.21428571428571,95.83333333333334,47.023809523809526,50.847215497032735,39.42396072875795
2020-12-10,60.813403880070545,6.547619047619048,84.72222222222221,72.22222222222223,43.7,67.26190476190477,88.69047619047619,55.75396825396825,51.077650949667806,38.31171256117898
2020-12-11,57.9494708994709,8.531746031746032,70.43650793650794,73.4126984126984,41.725,68.45238095238095,86.30952380952381,60.51587301587301,47.012135573408145,38.70885636561937
2020-12-14,53.94744268077601,8.531746031746032,69.24603174603175,69.04761904761904,38.2,54.96031746031746,82.34126984126983,55.75396825396825,46.91485946657913,35.413797919229104
2020-12-15,55.934126984126976,9.722222222222223,74.8015873015873,63.888888888888886,42.775,66.86507936507937,82.73809523809523,45.03968253968254,48.16189649323973,38.40346973108998
2020-12-16,55.313051146384474,12.5,76.38888888888889,63.095238095238095,43.75,55.75396825396825,87.5,38.69047619047619,48.48055647092161,35.967350750475504
2020-12-17,56.401322751322745,11.30952380952381,78.37301587301587,63.2936507936508,45.175,59.32539682539682,96.23015873015873,30.357142857142854,49.10120795414162,36.85279284619383
2020-12-18,63.259171075837735,8.928571428571429,96.62698412698413,62.1031746031746,46.075,88.69047619047619,98.21428571428571,25.992063492063494,56.61349639027129,45.57561227328616
2020-12-21,54.16596119929453,8.531746031746032,80.75396825396825,61.70634920634921,37.1,58.13492063492064,97.42063492063492,25.992063492063494,49.747604692751764,36.789640467196286
2020-12-22,57.90132275132274,10.119047619047619,85.51587301587301,62.5,39.425,73.61111111111111,97.02380952380952,27.976190476190478,51.86361326727082,40.03207040033641
2020-12-23,49.7263668430335,7.341269841269842,57.738095238095234,62.5,41.725,53.769841269841265,96.62698412698413,28.373015873015873,44.91480815814985,35.65112271884044
2020-12-24,61.31931216931216,6.944444444444445,89.0873015873016,63.095238095238095,46.175,85.11904761904762,96.23015873015873,29.96031746031746,53.818636342563096,44.505169689217574
2020-12-28,63.89241622574956,11.706349206349206,85.51587301587301,72.42063492063492,45.75,83.53174603174604,94.24603174603175,50.595238095238095,52.127891888009245,43.88663158050715
2020-12-29,62.15573192239859,12.103174603174603,83.53174603174604,72.81746031746032,42.300000000000004,77.18253968253968,91.86507936507937,53.769841269841265,51.36477246923118,41.87237714510913
2020-12-30,60.96111111111111,11.30952380952381,87.5,64.88095238095238,43.075,81.54761904761905,90.67460317460318,39.08730158730159,53.054394269111036,43.67256837915793
2020-12-31,58.59126984126984,7.738095238095238,89.0873015873016,58.13492063492063,43.125,80.75396825396825,87.5,28.76984126984127,53.81985828128679,43.510913557462366
2021-01-04,50.735361552028216,14.880952380952381,80.35714285714286,52.579365079365076,32.575,58.13492063492064,78.37301587301587,26.785714285714285,50.591730686583894,37.184566272554
2021-01-05,43.04303350970018,13.690476190476192,58.13492063492064,49.40476190476191,36.65,35.91269841269841,74.40476190476191,24.404761904761905,45.79495218152999,32.11112029406377
2021-01-06,41.49550264550264,9.722222222222223,50.198412698412696,47.22222222222222,37.325,47.023809523809526,72.02380952380952,22.42063492063492,44.08178489881847,34.65545964105859
2021-01-07,47.51490299823633,12.896825396825399,68.05555555555556,45.039682539682545,44.074999999999996,55.35714285714286,67.65873015873017,22.42063492063492,47.48641106226551,36.79863304054117
2021-01-08,55.68095238095238,14.880952380952381,89.48412698412699,45.03968253968254,46.1,79.96031746031747,62.89682539682539,27.18253968253968,54.06424035921024,43.460834294494
2021-01-11,52.4731922398589,10.119047619047619,81.54761904761905,47.420634920634924,39.800000000000004,77.18253968253968,59.32539682539682,35.51587301587302,51.21671478857065,42.168937041382705
2021-01-12,48.14999999999999,1.7857142857142856,68.05555555555556,53.57142857142857,41.675000000000004,51.388888888888886,61.70634920634921,45.43650793650794,47.69533705351389,36.12970754164972
2021-01-13,50.05088183421516,2.976190476190476,69.64285714285714,57.53968253968254,44.474999999999994,46.62698412698413,63.69047619047619,51.388888888888886,48.181876053023146,34.94454295833595
2021-01-14,46.276455026455025,2.1825396825396823,53.769841269841265,63.2936507936508,41.875,33.13492063492063,68.05555555555556,58.53174603174603,45.02285800521692,31.983303042800266
2021-01-15,43.81904761904762,4.9603174603174605,55.35714285714286,53.76984126984128,39.15,39.08730158730159,67.26190476190477,40.27777777777778,45.707541459716495,33.53373492274567
2021-01-19,41.431922398589066,5.753968253968254,42.26190476190476,56.54761904761905,41.900000000000006,29.166666666666668,77.18253968253968,35.91269841269841,43.193015355991506,31.367128208047507
2021-01-20,48.196296296296296,11.706349206349206,51.78571428571429,51.98412698412698,46.050000000000004,70.43650793650794,75.1984126984127,28.76984126984127,44.54295245102056,39.7084242057294
2021-01-21,48.51710758377425,16.46825396825397,62.10317460317461,50.3968253968254,46.7,51.388888888888886,73.61111111111111,27.18253968253968,46.91026902368217,36.29453642863788
2021-01-22,49.467989417989415,16.071428571428573,72.42063492063492,48.41269841269842,45.225,48.61111111111111,73.61111111111111,23.214285714285715,48.796596499196184,35.52718391143941
2021-01-25,53.518783068783065,20.833333333333336,78.37301587301587,54.36507936507937,42.025,56.94444444444444,73.61111111111111,35.11904761904761,50.30900024854574,37.196213150545475
2021-01-26,45.83104056437389,25.198412698412696,53.37301587301587,52.976190476190474,42.45,36.7063492063492,72.81746031746032,33.13492063492063,45.60629955524989,33.3332245740877
2021-01-27,35.85335097001763,22.817460317460316,52.182539682539684,48.80952380952381,6.974999999999994,35.11904761904761,68.45238095238095,29.166666666666668,45.31287035718701,32.919287040796675
2021-01-28,35.66375661375662,16.46825396825397,52.182539682539684,39.48412698412699,24.474999999999994,32.73809523809524,58.13492063492064,20.833333333333336,45.329228361492305,32.39759058520333
2021-01-29,31.04347442680776,16.865079365079367,44.24603174603175,33.33333333333333,17.27499999999999,39.48412698412698,47.42063492063492,19.246031746031747,44.059493255322444,33.90360578368918
2021-02-01,33.310229276895946,18.452380952380953,52.57936507936508,28.373015873015873,24.400000000000006,42.26190476190476,41.86507936507937,14.880952380952381,45.38978150499479,34.432892596861386
2021-02-02,34.67566137566138,24.00793650793651,49.404761904761905,25.595238095238095,36.10000000000001,40.27777777777778,40.27777777777778,10.912698412698413,44.67840715604783,33.93979018280097
2021-02-03,38.33042328042328,29.563492063492063,45.03968253968254,28.174603174603174,42.725,55.35714285714286,42.26190476190476,14.087301587301587,44.16609567995374,37.009269758329154
2021-02-04,33.25388007054674,31.150793650793652,27.18253968253968,33.53174603174603,45.575,22.023809523809522,49.404761904761905,17.658730158730158,40.55150600351507,30.252787282503373
2021-02-05,36.37733686067019,17.658730158730158,40.67460317460318,39.285714285714285,47.824999999999996,14.880952380952381,58.92857142857143,19.642857142857142,43.289777722416815,28.898965725017987
2021-02-08,40.80141093474427,16.071428571428573,43.84920634920635,48.01587301587302,46.900000000000006,25.595238095238095,68.84920634920636,27.18253968253968,43.86336346201283,30.87782627241208
2021-02-09,39.4163139329806,14.880952380952381,37.5,52.97619047619048,45.925000000000004,14.087301587301587,68.84920634920636,37.10317460317461,42.763624912100816,28.622746042232293
2021-02-10,51.18721340388007,29.96031746031746,67.65873015873017,54.36507936507937,45.025000000000006,42.26190476190476,64.48412698412699,44.24603174603175,47.82988936154033,34.07864303107871
2021-02-11,52.81084656084656,36.30952380952381,54.96031746031746,69.64285714285714,46.875,26.38888888888889,66.46825396825396,72.81746031746032,45.70510553189755,31.0265719026056
2021-02-12,53.119753086419756,31.547619047619047,55.75396825396825,67.06349206349206,50.150000000000006,33.53174603174603,64.48412698412699,69.64285714285714,45.82914006196539,32.37190356768859
2021-02-16,44.096296296296295,26.785714285714285,37.89682539682539,62.5,46.35,14.087301587301587,62.89682539682539,62.10317460317461,42.88979737631211,28.709760255921925
2021-02-17,52.16490299823633,33.92857142857143,60.51587301587301,63.492063492063494,46.25,31.547619047619047,63.29365079365079,63.69047619047619,46.73523279481708,31.967598130631607
2021-02-18,47.139594356261014,39.48412698412698,46.62698412698413,57.73809523809523,43.775000000000006,30.753968253968257,60.912698412698404,54.563492063492056,44.29244233247899,31.619351385263368
2021-02-19,42.467813051146386,36.7063492063492,49.404761904761905,43.25396825396825,44.875,27.18253968253968,62.5,24.00793650793651,44.593006115229294,31.165406685348813
2021-02-22,42.77028218694885,31.150793650793652,57.738095238095234,41.07142857142857,41.375,32.34126984126984,58.53174603174603,23.61111111111111,46.043681243369946,32.06489792043885
2021-02-23,47.12583774250441,31.944444444444443,79.96031746031747,31.746031746031747,42.225,52.57936507936508,46.62698412698413,16.865079365079367,50.689121985535444,36.59169791340954
2021-02-24,37.615343915343914,31.547619047619047,50.595238095238095,28.174603174603178,46.65,27.976190476190478,41.86507936507937,14.484126984126986,45.17988007955002,31.350675845707208
2021-02-25,39.52760141093474,39.48412698412698,73.21428571428571,25.1984126984127,27.775000000000006,38.69047619047619,39.08730158730159,11.30952380952381,49.03223276709334,33.437099130806466
2021-02-26,35.133597883597886,41.46825396825397,62.10317460317461,21.03174603174603,30.125,27.18253968253968,30.753968253968257,11.30952380952381,47.022072257029734,31.335383214827417
2021-03-01,33.14770723104056,41.46825396825397,47.817460317460316,20.238095238095237,41.625,17.261904761904763,31.547619047619047,8.928571428571429,44.73248003657195,29.498872224894416
2021-03-02,30.813051146384478,37.5,38.69047619047619,24.007936507936506,39.75,10.912698412698413,38.69047619047619,9.325396825396826,43.498570424919656,28.128967187573295
2021-03-03,29.27504409171075,26.785714285714285,43.84920634920635,21.03174603174603,33.32499999999999,19.246031746031747,34.32539682539682,7.738095238095238,44.250922399735785,29.7841584356756
2021-03-04,36.50873015873016,27.579365079365083,69.64285714285714,19.841269841269842,28.575000000000003,45.03968253968254,30.357142857142854,9.325396825396826,48.25778738433506,34.83872541507635
2021-03-05,41.23827160493828,22.817460317460316,80.75396825396825,18.650793650793652,38.35,54.166666666666664,25.595238095238095,11.706349206349206,50.869793609485825,36.81892867576486
2021-03-08,31.374691358024688,20.833333333333336,57.341269841269835,14.88095238095238,36.325,29.563492063492063,15.674603174603174,14.087301587301587,46.25485607826405,31.912584768733204
2021-03-09,37.79638447971781,35.11904761904761,74.0079365079365,9.920634920634921,39.925,47.42063492063492,10.515873015873016,9.325396825396826,49.231415953971755,35.465893605831354
2021-03-10,34.865255731922396,29.166666666666668,62.10317460317461,9.920634920634921,43.6,43.452380952380956,11.706349206349206,8.134920634920634,47.31402766482805,34.54776430233384
2021-03-11,30.50855379188712,30.753968253968257,45.03968253968254,11.904761904761905,45.225,27.579365079365083,16.46825396825397,7.341269841269842,44.64796648703556,31.697388272375893
2021-03-12,30.45881834215167,31.150793650793652,30.357142857142854,17.261904761904763,48.275,33.92857142857143,28.373015873015873,6.15079365079365,42.42688728646713,32.78130432787945
2021-03-15,29.965696649029976,25.198412698412696,28.373015873015873,22.619047619047617,49.925,20.03968253968254,41.07142857142857,4.166666666666666,41.86991204657215,30.559522711418214
2021-03-16,38.526984126984125,30.357142857142854,44.24603174603175,31.944444444444446,51.050000000000004,29.96031746031746,54.96031746031746,8.928571428571429,44.56547601880433,32.129351128288256
2021-03-17,41.70652557319224,26.785714285714285,56.547619047619044,32.341269841269835,53.849999999999994,30.753968253968257,57.341269841269835,7.341269841269842,46.27772672932997,32.33478304837099
2021-03-18,33.51375661375661,23.61111111111111,33.92857142857143,34.12698412698413,46.050000000000004,15.674603174603174,62.5,5.753968253968254,43.27606025994303,29.826062550044103
2021-03-19,25.750881834215164,20.436507936507937,10.912698412698413,30.95238095238095,47.625,1.3888888888888888,59.32539682539682,2.579365079365079,38.638494059842714,26.28703076125846
2021-03-22,39.82469135802469,30.357142857142854,47.42063492063492,28.96825396825397,55.60000000000001,35.11904761904761,55.35714285714286,2.579365079365079,45.22405316718641,32.98027300784469
2021-03-23,35.08465608465608,40.67460317460318,36.7063492063492,27.57936507936508,49.25,20.436507936507937,53.37301587301587,1.7857142857142856,43.900322969619374,30.996344190097318
2021-03-24,35.48853615520282,33.92857142857143,43.84920634920635,26.19047619047619,47.0,25.198412698412696,50.198412698412696,2.1825396825396823,44.60779358074258,31.602652889004982
2021-03-25,37.667019400352736,24.00793650793651,53.37301587301587,23.61111111111111,50.95,35.51587301587302,42.65873015873016,4.563492063492063,45.996994669315605,33.11703909721177
2021-03-26,34.90864197530864,26.785714285714285,30.753968253968257,29.76190476190476,55.7,25.198412698412696,50.198412698412696,9.325396825396826,43.10336655296868,31.639166173824172
2021-03-29,30.982186948853617,33.53174603174603,19.642857142857142,30.555555555555557,48.150000000000006,18.055555555555554,50.595238095238095,10.515873015873016,40.31652409635703,30.768111414935
2021-03-30,36.103527336860665,19.246031746031747,36.30952380952381,30.158730158730158,51.95,38.69047619047619,53.37301587301587,6.944444444444445,43.952366029889056,33.817245127499525
2021-03-31,37.5273368606702,19.642857142857142,44.24603174603175,32.93650793650794,53.00000000000001,24.801587301587304,60.51587301587301,5.357142857142857,44.70899322937017,31.674857800320016
2021-04-01,44.45696649029983,22.42063492063492,53.37301587301587,39.285714285714285,63.35000000000001,26.38888888888889,76.38888888888889,2.1825396825396823,46.005136097998076,31.937087874897685
2021-04-05,51.528571428571425,34.32539682539682,64.48412698412699,42.85714285714286,60.449999999999996,50.99206349206349,83.53174603174604,2.1825396825396823,47.631933639908176,36.33935249992628
2021-04-06,43.424867724867724,25.595238095238095,44.642857142857146,46.62698412698412,59.4,17.261904761904763,88.29365079365078,4.9603174603174605,44.84986333841092,30.951973394839065
2021-04-07,48.878659611992944,39.08730158730159,45.03968253968254,48.41269841269842,64.2,37.10317460317461,89.48412698412699,7.341269841269842,44.98630110209925,33.71003306851137
2021-04-08,48.979717813051145,58.13492063492064,32.34126984126984,54.36507936507937,65.25,24.404761904761905,93.45238095238095,15.277777777777779,43.696002109162315,31.747485507106177
2021-04-09,54.95643738977071,56.547619047619044,50.99206349206349,54.36507936507936,66.54999999999998,39.88095238095239,91.46825396825396,17.261904761904763,45.84149226087,34.00835215726217
2021-04-12,62.6485008818342,52.57936507936508,80.75396825396825,54.761904761904766,65.44999999999999,54.563492063492056,89.0873015873016,20.436507936507937,51.07522975963803,36.84803412139921
2021-04-13,64.96560846560847,60.11904761904761,80.35714285714286,56.34920634920635,66.75,61.30952380952381,90.67460317460318,22.023809523809522,50.977660390232494,37.920931723804934
2021-04-14,63.15485008818341,62.5,56.15079365079365,61.7063492063492,65.05000000000001,78.37301587301587,94.64285714285714,28.76984126984127,46.67115900177979,42.52037468781846
2021-04-15,55.31022927689594,60.11904761904761,36.30952380952381,59.92063492063492,67.15,50.99206349206349,91.46825396825396,28.373015873015873,44.27288071541275,36.48095283228177
2021-04-16,47.37654320987654,66.46825396825396,18.055555555555554,57.93650793650794,68.75,12.5,96.23015873015873,19.642857142857142,40.90332609198885,30.38493727002784
2021-04-19,59.99964726631393,67.65873015873017,65.27777777777779,57.738095238095234,63.550000000000004,41.46825396825397,95.03968253968253,20.436507936507937,47.9029497685118,34.445604958746614
2021-04-20,47.93932980599647,64.48412698412699,25.198412698412696,55.952380952380956,56.6,35.51587301587302,92.65873015873017,19.246031746031747,42.82242365589903,33.518680652724036
2021-04-21,45.37037037037037,56.15079365079365,19.642857142857142,52.38095238095238,62.5,30.753968253968257,88.29365079365078,16.46825396825397,41.65516582701836,32.64693123512863
2021-04-22,43.4747795414462,47.817460317460316,31.547619047619047,49.801587301587304,56.449999999999996,18.055555555555554,83.53174603174604,16.071428571428573,43.82692648044595,31.16310467917388
2021-04-23,48.667724867724864,48.61111111111111,41.86507936507937,48.61111111111111,63.35000000000001,33.13492063492063,78.76984126984127,18.452380952380953,44.80976682276885,33.043295298651174
2021-04-26,50.858553791887125,38.69047619047619,56.94444444444444,46.03174603174603,61.8,43.452380952380956,74.0079365079365,18.055555555555554,46.911818620175985,34.87895479051602
2021-04-27,45.96507936507936,29.166666666666668,37.10317460317461,48.80952380952381,62.2,39.48412698412698,77.18253968253968,20.436507936507937,44.39592944363565,34.23394122489072
2021-04-28,52.889947089947086,30.357142857142854,41.07142857142857,53.96825396825396,63.599999999999994,74.40476190476191,82.34126984126983,25.595238095238095,44.80856226355289,41.3216798496385
2021-04-29,59.90864197530863,37.89682539682539,62.5,59.32539682539682,61.95,74.40476190476191,91.86507936507937,26.785714285714285,47.53185232814192,41.554643842433606
2021-04-30,56.10793650793649,45.83333333333333,55.75396825396825,58.92857142857143,56.95,56.94444444444444,94.24603174603175,23.61111111111111,46.822375855283404,37.41766077980632
2021-05-03,48.26225749559082,35.91269841269841,34.32539682539682,59.12698412698413,58.45000000000001,35.51587301587302,98.61111111111111,19.642857142857142,44.280238501011425,33.68556585112349
2021-05-04,47.028395061728396,29.166666666666668,39.88095238095239,56.94444444444445,52.599999999999994,38.2936507936508,95.83333333333334,18.055555555555554,44.740913950267704,34.07606804269965
2021-05-05,35.95326278659611,30.753968253968257,9.325396825396826,53.57142857142857,54.25000000000001,4.9603174603174605,86.30952380952381,20.833333333333336,39.435248942308284,28.13224485493407
2021-05-06,39.66366843033509,40.67460317460318,16.865079365079367,51.58730158730158,58.05,11.706349206349206,81.15079365079364,22.023809523809522,41.6457061765533,30.238353533184203
2021-05-07,43.933509700176366,37.89682539682539,22.817460317460316,54.76190476190476,66.54999999999998,14.484126984126986,80.75396825396825,28.76984126984127,42.84415642520965,30.624003639754484
2021-05-10,41.49329805996473,33.92857142857143,27.976190476190478,53.37301587301587,51.7,20.03968253968254,78.37301587301587,28.373015873015873,43.77708887230052,31.503900627399144
2021-05-11,49.506878306878306,40.67460317460318,61.30952380952381,51.98412698412699,45.4,35.51587301587302,77.18253968253968,26.785714285714285,47.39426852397359,33.79723762486999
2021-05-12,38.90502645502646,52.182539682539684,44.24603174603175,40.476190476190474,31.025000000000006,25.992063492063494,64.88095238095238,16.071428571428573,45.3401091259087,32.14270989808666
2021-05-13,41.18439153439153,51.78571428571429,47.023809523809526,36.70634920634921,42.175000000000004,30.357142857142854,58.92857142857143,14.484126984126986,45.817901838056414,32.97756789992825
2021-05-14,41.86455026455027,49.007936507936506,44.642857142857146,32.34126984126984,55.95,29.563492063492063,50.595238095238095,14.087301587301587,45.48822968610385,32.8799004775789
2021-05-17,36.4663139329806,49.404761904761905,30.357142857142854,30.952380952380956,51.400000000000006,22.42063492063492,46.230158730158735,15.674603174603174,44.21265283537775,31.928382718089487
2021-05-18,29.744973544973547,44.642857142857146,13.690476190476192,31.944444444444443,46.65,6.547619047619048,49.007936507936506,14.880952380952381,41.352846989478195,29.063605836338652
2021-05-19,34.282716049382714,46.62698412698413,24.801587301587304,37.3015873015873,44.55,11.30952380952381,57.341269841269835,17.261904761904763,43.51030962889401,30.396821461884056
2021-05-20,38.450529100529096,62.10317460317461,31.150793650793652,39.48412698412698,48.324999999999996,6.547619047619048,63.29365079365079,15.674603174603174,44.250630295717805,28.961968462775456
2021-05-21,40.96604938271605,65.67460317460318,32.73809523809524,40.07936507936508,49.625,18.055555555555554,66.86507936507937,13.293650793650794,44.29301289466405,31.335653967746914
2021-05-24,49.352733686067026,69.24603174603175,51.388888888888886,40.47619047619048,58.00000000000001,34.72222222222222,68.05555555555556,12.896825396825399,46.13525100426339,33.647510411093805
2021-05-25,40.75097001763669,73.21428571428571,24.00793650793651,41.66666666666667,55.8,8.928571428571429,67.26190476190477,16.071428571428573,43.69483665716538,29.99392567013457
2021-05-26,41.337213403880064,72.42063492063492,17.261904761904763,45.238095238095234,63.2,2.976190476190476,70.03968253968253,20.436507936507937,42.76779417397174,27.61177559038705
2021-05-27,37.683068783068784,67.26190476190477,2.579365079365079,44.64285714285714,66.30000000000001,0.1984126984126984,69.64285714285714,19.642857142857142,38.097439116192774,22.99099812408847
2021-05-28,48.13262786596119,65.67460317460318,45.83333333333333,44.841269841269835,66.19999999999999,8.928571428571429,72.02380952380952,17.658730158730158,45.713507927022455,30.071257180242327
2021-06-01,38.77513227513227,63.69047619047619,10.515873015873016,47.023809523809526,60.50000000000001,2.1825396825396823,74.8015873015873,19.246031746031747,40.93535764085192,26.698990122683902
2021-06-02,40.71887125220458,72.02380952380952,14.087301587301587,46.031746031746025,62.6,2.976190476190476,73.21428571428571,18.849206349206348,42.26358580697145,27.406777589221694
2021-06-03,46.908818342151676,66.46825396825396,40.27777777777778,49.404761904761905,59.800000000000004,7.341269841269842,77.57936507936508,21.23015873015873,45.11704015516587,29.603611627263763
2021-06-04,50.78112874779541,72.81746031746032,44.642857142857146,46.62698412698413,67.89999999999999,19.246031746031747,71.23015873015873,22.023809523809522,45.69454444499994,31.545368368735787
2021-06-07,42.99894179894179,82.34126984126983,8.134920634920634,40.079365079365076,67.89999999999999,32.34126984126984,59.72222222222222,20.436507936507937,40.6371193188012,33.24373971124154
2021-06-08,38.92574955908289,71.62698412698413,9.722222222222223,40.476190476190474,64.65,8.531746031746032,56.547619047619044,24.404761904761905,41.12014948523769,30.088570058093417
2021-06-09,37.06666666666667,79.56349206349206,2.976190476190476,41.86507936507937,60.55,1.3888888888888888,61.30952380952381,22.42063492063492,38.6670949038468,26.679701611184043
2021-06-10,42.4726631393298,80.75396825396825,14.484126984126986,42.46031746031746,69.5,6.15079365079365,58.13492063492064,26.785714285714285,42.56075512489215,29.26247153638521
2021-06-11,42.553791887125215,82.73809523809523,5.753968253968254,47.42063492063492,71.75,2.976190476190476,68.45238095238095,26.38888888888889,40.1781717901149,28.10641489069998
2021-06-14,49.976719576719574,87.10317460317461,16.865079365079367,62.1031746031746,68.05,6.547619047619048,83.13492063492063,41.07142857142857,42.77910306733477,29.233138529513923
2021-06-15,44.51481481481481,83.13492063492063,2.579365079365079,60.11904761904761,64.9,2.1825396825396823,91.46825396825396,28.76984126984127,38.472865933132205,26.80823675742993
2021-06-16,44.84656084656085,83.13492063492063,10.515873015873016,57.73809523809524,59.25000000000001,7.738095238095238,87.89682539682539,27.579365079365083,41.53815317403568,29.489877336661603
2021-06-17,50.75837742504409,91.07142857142857,27.976190476190478,52.182539682539684,61.25,30.753968253968257,91.86507936507937,12.5,44.2286290979171,32.82210216467042
2021-06-18,39.359788359788354,93.45238095238095,5.357142857142857,50.198412698412696,48.25,2.976190476190476,91.86507936507937,8.531746031746032,40.19244631998197,27.46150076732574
2021-06-21,45.92910052910052,85.51587301587301,22.023809523809522,46.62698412698412,60.55,22.817460317460316,88.29365079365078,4.9603174603174605,43.65218907401953,31.682712650342104
2021-06-22,47.38395061728394,83.13492063492063,24.404761904761905,46.62698412698413,66.69999999999999,21.23015873015873,83.92857142857143,9.325396825396826,43.89289473955056,31.590485376200107
2021-06-23,48.2026455026455,85.51587301587301,18.055555555555554,49.007936507936506,68.4,28.373015873015873,87.5,10.515873015873016,43.18184993550853,32.26819065410155
2021-06-24,61.97336860670194,89.88095238095238,58.92857142857143,54.36507936507937,70.14999999999999,46.62698412698413,88.69047619047619,20.03968253968254,47.100727287944345,35.443611148310055
2021-06-25,46.7758377425044,89.0873015873016,4.166666666666666,59.72222222222222,71.9,0.5952380952380952,91.07142857142857,28.373015873015873,40.12101589389455,25.45158904056226
2021-06-28,51.073544973544976,88.69047619047619,8.531746031746032,62.5,71.2,24.00793650793651,95.43650793650794,29.563492063492063,41.49053987177335,31.73726509025367
2021-06-29,50.52010582010581,93.05555555555556,5.357142857142857,66.07142857142857,69.9,12.896825396825399,99.0079365079365,33.13492063492063,40.41516710500647,30.3203777035008
2021-06-30,51.34850088183421,90.27777777777779,17.261904761904763,61.70634920634921,70.85,10.515873015873016,99.40476190476191,24.00793650793651,43.14843315655855,29.859193698388413
2021-07-01,54.449029982363314,90.67460317460318,32.34126984126984,57.93650793650794,72.6,15.674603174603174,99.8015873015873,16.071428571428573,44.45613717781632,30.585989944936458
2021-07-02,70.11622574955908,91.07142857142857,75.1984126984127,58.730158730158735,74.65,64.0873015873016,99.8015873015873,17.658730158730158,49.86789853161575,38.402259022232826
2021-07-06,67.95467372134038,93.45238095238095,73.61111111111111,58.53174603174604,67.8,59.72222222222222,99.40476190476191,17.658730158730158,49.44246129550467,37.536537544373736
2021-07-07,65.09082892416225,92.26190476190477,68.05555555555556,56.54761904761905,69.0,49.801587301587304,98.61111111111111,14.484126984126986,48.33968161038424,35.928747007118524
2021-07-08,61.36243386243386,91.46825396825396,57.341269841269835,61.7063492063492,55.0,50.99206349206349,97.02380952380952,26.38888888888889,47.05375028027304,36.18977416695554
2021-07-09,57.661552028218686,84.72222222222221,43.84920634920635,56.54761904761905,69.1,38.69047619047619,95.43650793650794,17.658730158730158,45.64936622381404,33.72083816812433
2021-07-12,53.373721340387995,87.89682539682539,22.023809523809522,59.52380952380953,69.14999999999999,31.547619047619047,95.83333333333334,23.214285714285715,43.74834615577754,32.540126443982906
2021-07-13,61.577425044091704,90.67460317460318,42.65873015873016,66.26984126984127,64.4,50.595238095238095,96.62698412698413,35.91269841269841,45.389009513194836,35.92613905160649
2021-07-14,63.028395061728396,94.24603174603175,39.48412698412698,70.63492063492063,68.35000000000001,45.43650793650794,97.81746031746032,43.452380952380956,45.026169438299256,34.63310044554909
2021-07-15,63.63968253968253,92.65873015873017,42.26190476190476,74.60317460317461,64.94999999999999,41.86507936507937,97.81746031746032,51.388888888888886,45.34768543079961,34.034043845087254
2021-07-16,58.335978835978835,93.05555555555556,18.849206349206348,75.7936507936508,57.75,51.388888888888886,96.23015873015873,55.35714285714286,43.4089836098965,35.80463873574415
2021-07-19,50.63932980599647,93.84920634920636,10.515873015873016,72.61904761904762,43.75,35.51587301587302,91.86507936507937,53.37301587301587,42.173336861797125,33.16310605025078
2021-07-20,55.32645502645502,91.46825396825396,18.055555555555554,66.66666666666667,51.349999999999994,67.65873015873017,90.67460317460318,42.65873015873016,43.273374269148114,38.273304932027834
2021-07-21,46.92098765432098,91.46825396825396,5.357142857142857,60.11904761904762,60.449999999999996,18.849206349206348,89.88095238095238,30.357142857142854,40.447065100469814,31.029329560508057
2021-07-22,58.937918871252194,94.64285714285714,52.976190476190474,58.92857142857143,61.55,29.96031746031746,91.07142857142857,26.785714285714285,46.10403374921277,32.167556227499304
2021-07-23,53.1111111111111,95.43650793650794,7.738095238095238,61.507936507936506,64.0,54.563492063492056,92.65873015873017,30.357142857142854,41.147913597838745,36.169951376219444
2021-07-26,55.00370370370371,95.43650793650794,11.30952380952381,66.86507936507937,62.10000000000001,52.182539682539684,95.03968253968253,38.69047619047619,42.13538497489553,35.62917791169834
2021-07-27,67.17936507936507,94.24603174603175,54.563492063492056,74.0079365079365,53.2,72.81746031746032,96.23015873015873,51.78571428571429,46.15687687437545,38.8534802676767
2021-07-28,60.71816578483245,92.65873015873017,11.30952380952381,78.76984126984127,58.45000000000001,77.97619047619048,95.03968253968253,62.5,42.08999586395028,41.25961899631497
2021-07-29,73.25661375661375,91.07142857142857,60.11904761904761,82.73809523809524,61.50000000000001,76.78571428571429,96.62698412698413,68.84920634920636,46.96053735897453,40.60528233908507
2021-07-30,74.11164021164022,88.69047619047619,70.43650793650794,81.94444444444446,58.80000000000001,74.0079365079365,96.23015873015873,67.65873015873017,48.37700324754919,39.338349846054676
2021-08-02,62.79135802469135,89.0873015873016,27.18253968253968,83.13492063492063,52.699999999999996,66.86507936507937,95.83333333333334,70.43650793650794,43.951410917673044,37.98895930782143
2021-08-03,61.370899470899474,91.86507936507937,16.865079365079367,84.32539682539684,59.800000000000004,54.166666666666664,95.83333333333334,72.81746031746032,43.024492080911514,36.103786012063736
2021-08-04,63.67530864197531,93.05555555555556,19.642857142857142,82.93650793650794,60.150000000000006,71.62698412698413,96.23015873015873,69.64285714285714,43.25509587552327,38.618780865643416
2021-08-05,55.82204585537918,89.88095238095238,3.7698412698412698,81.15079365079364,63.599999999999994,34.32539682539682,95.83333333333334,66.46825396825396,40.212024536657296,32.89904285044278
2021-08-06,60.472663139329796,90.27777777777779,12.896825396825399,83.92857142857142,69.25,37.89682539682539,98.21428571428571,69.64285714285714,42.37522209741334,33.32913801890053
2021-08-09,60.10388007054673,95.43650793650794,8.531746031746032,78.76984126984127,66.4,59.32539682539682,96.23015873015873,61.30952380952381,41.36753319794172,36.782336179026984
2021-08-10,59.07813051146384,92.26190476190477,12.103174603174603,79.36507936507937,66.05000000000001,45.03968253968254,97.81746031746032,60.912698412698404,42.092810872433226,34.17139369158281
2021-08-11,55.67848324514991,86.30952380952381,4.9603174603174605,77.57936507936508,69.7,32.73809523809524,97.42063492063492,57.738095238095234,40.32628441583872,32.548288824101874
2021-08-12,64.95291005291006,91.07142857142857,33.13492063492063,77.38095238095238,72.05000000000001,50.99206349206349,98.61111111111111,56.15079365079365,44.24727138167979,35.16998635170672
2021-08-13,70.22310405643739,93.45238095238095,48.61111111111111,80.95238095238096,72.75,52.976190476190474,99.40476190476191,62.5,45.59947086514049,35.48461320080019
2021-08-16,70.47072310405642,95.43650793650794,46.230158730158735,81.15079365079364,69.39999999999999,64.0873015873016,99.40476190476191,62.89682539682539,45.31587713816738,37.12751693897772
2021-08-17,61.97830687830687,95.83333333333334,26.38888888888889,79.36507936507937,60.449999999999996,50.198412698412696,97.42063492063492,61.30952380952381,43.757591224889026,34.9104562110489
2021-08-18,57.725661375661375,94.24603174603175,31.944444444444443,75.7936507936508,46.075,41.86507936507937,95.43650793650794,56.15079365079365,44.20236607595027,33.76637617535932
2021-08-19,63.20361552028218,95.43650793650794,58.53174603174603,72.42063492063492,45.824999999999996,47.42063492063492,88.69047619047619,56.15079365079365,46.17447072898687,34.41762814902361
2021-08-20,67.36278659611992,96.23015873015873,66.86507936507937,68.84920634920636,57.2,55.35714285714286,85.9126984126984,51.78571428571429,47.355224954565514,35.55690135683646
2021-08-23,70.25220458553791,95.03968253968253,70.03968253968253,69.64285714285714,64.25,59.72222222222222,84.32539682539682,54.96031746031746,47.689921092902985,36.24903878783457
2021-08-24,63.935449735449744,89.48412698412699,64.0873015873016,72.61904761904762,63.900000000000006,12.103174603174603,86.70634920634922,58.53174603174603,46.985015113233985,30.121502277186256
2021-08-25,65.16278659611993,88.29365079365078,60.11904761904761,78.17460317460318,66.05000000000001,11.30952380952381,89.48412698412699,66.86507936507937,46.556360499410346,30.032986606871155
2021-08-26,63.722751322751314,94.64285714285714,62.5,78.57142857142857,55.8,6.547619047619048,88.29365079365078,68.84920634920636,46.88621511716191,28.916514029081657
2021-08-27,62.91763668430335,92.65873015873017,39.08730158730159,76.5873015873016,68.05,29.563492063492063,86.70634920634922,66.46825396825396,44.5405426891666,32.04233306881782
2021-08-30,74.25097001763669,97.42063492063492,59.72222222222222,79.76190476190476,69.05,74.0079365079365,89.48412698412699,70.03968253968253,46.26964908744197,38.08520165811123
2021-08-31,62.11216931216931,97.42063492063492,37.89682539682539,77.77777777777777,67.6,17.261904761904763,92.65873015873017,62.89682539682539,44.3283068543809,30.59237727580148
2021-09-01,58.092063492063495,97.81746031746032,12.103174603174603,80.35714285714286,69.45,20.833333333333336,97.02380952380952,63.69047619047619,42.05852773559396,31.04576839376011
2021-09-02,55.047089947089944,95.83333333333334,1.7857142857142856,82.53968253968253,67.95,12.5,99.0079365079365,66.07142857142857,39.18892058110468,30.07777612785607
2021-09-03,62.18994708994708,97.02380952380952,17.658730158730158,86.11111111111111,67.95,33.13492063492063,99.8015873015873,72.42063492063492,42.78235885492761,32.17531404853071
2021-09-07,57.357671957671954,99.8015873015873,8.928571428571429,86.11111111111111,59.3,21.626984126984127,99.8015873015873,72.42063492063492,41.30721875092519,31.124285049715667
2021-09-08,61.746384479717825,99.40476190476191,18.849206349206348,91.66666666666667,60.199999999999996,23.214285714285715,99.8015873015873,83.53174603174604,42.84190641844774,31.231829625846437
2021-09-09,55.89682539682539,97.81746031746032,5.753968253968254,91.07142857142857,55.99999999999999,8.531746031746032,99.0079365079365,83.13492063492063,40.38980998271926,29.428207853801393
2021-09-10,61.222663139329796,97.81746031746032,24.801587301587304,85.51587301587301,47.625,51.78571428571429,98.61111111111111,72.42063492063492,43.29462595711362,34.35531841217686
2021-09-13,63.81728395061728,93.05555555555556,42.26190476190476,84.72222222222223,53.15,36.30952380952381,97.42063492063492,72.02380952380952,44.52098630163621,32.38158089313124
2021-09-14,55.56031746031746,96.23015873015873,20.436507936507937,81.15079365079364,52.699999999999996,14.087301587301587,94.24603174603175,68.05555555555556,42.96638658123834,30.20914759726881
2021-09-15,52.15449735449735,93.84920634920636,14.484126984126986,72.22222222222221,59.1,11.706349206349206,91.46825396825396,52.976190476190474,42.13124624854587,29.98392574752442
2021-09-16,48.986419753086416,85.51587301587301,20.833333333333336,65.07936507936509,56.55,5.357142857142857,89.48412698412699,40.67460317460318,42.89641230649663,28.606353122113354
2021-09-17,40.621428571428574,82.34126984126983,0.992063492063492,60.51587301587302,47.975,3.7698412698412698,89.0873015873016,31.944444444444443,38.56366599771047,27.764220680288137
2021-09-20,49.47328042328042,84.32539682539682,37.5,55.95238095238095,35.724999999999994,46.62698412698413,91.46825396825396,20.436507936507937,44.233252351590494,33.57757014565301
2021-09-21,39.68536155202821,81.94444444444444,12.5,53.17460317460318,39.1,12.5,87.10317460317461,19.246031746031747,41.803420985185824,29.86308707273253
2021-09-22,42.572222222222216,79.96031746031747,3.373015873015873,54.960317460317455,47.824999999999996,35.91269841269841,85.9126984126984,24.00793650793651,39.45390641662616,32.15934772961212
2021-09-23,44.555731922398586,78.76984126984127,10.515873015873016,61.111111111111114,56.85000000000001,4.166666666666666,89.48412698412699,32.73809523809524,41.31249744670599,27.78173146294234
2021-09-24,57.23985890652557,84.32539682539682,36.30952380952381,64.88095238095238,61.25,41.07142857142857,87.10317460317461,42.65873015873016,44.07304160351029,32.67710546574255
2021-09-27,64.45097001763668,73.21428571428571,60.11904761904761,73.21428571428571,56.199999999999996,54.563492063492056,91.86507936507937,54.563492063492056,45.716891921807914,34.23125097361342
2021-09-28,62.1494708994709,68.45238095238095,57.341269841269835,75.1984126984127,41.875,66.86507936507937,95.83333333333334,54.563492063492056,45.59898468715665,35.929209281797654
2021-09-29,53.82469135802469,69.24603174603175,27.976190476190478,77.77777777777777,43.6,38.69047619047619,96.62698412698413,58.92857142857143,43.30506508379695,32.37147174364474
2021-09-30,46.293474426807755,72.02380952380952,8.531746031746032,75.1984126984127,42.15,17.658730158730158,94.64285714285714,55.75396825396825,40.67193092835784,30.27378980544786
2021-10-01,49.53747795414461,68.45238095238095,3.7698412698412698,75.39682539682539,47.125,49.404761904761905,95.03968253968253,55.75396825396825,39.520809315250894,33.64313022116659
2021-10-04,50.49400352733686,50.0,18.452380952380953,68.25396825396825,42.599999999999994,77.57936507936508,93.05555555555556,43.452380952380956,42.35097442387736,37.16994498267708
2021-10-05,45.044973544973544,61.30952380952381,4.166666666666666,64.28571428571429,46.75,49.404761904761905,85.11904761904762,43.452380952380956,39.72546588079508,33.63060564749373
2021-10-06,44.19753086419753,60.912698412698404,14.484126984126986,61.507936507936506,47.5,28.373015873015873,82.34126984126983,40.67460317460318,41.7061673290003,31.50236761923233
2021-10-07,47.160141093474415,65.27777777777779,9.722222222222223,66.66666666666666,52.300000000000004,35.11904761904761,78.76984126984127,54.563492063492056,40.70238513396419,31.999223156688316
2021-10-08,48.03774250440917,63.69047619047619,15.277777777777779,68.05555555555556,56.15,21.626984126984127,77.97619047619048,58.13492063492064,41.74581151492953,30.68909686327674
2021-10-11,42.857142857142854,56.94444444444444,7.738095238095238,67.85714285714286,50.0,9.722222222222223,70.43650793650794,65.27777777777779,40.40993409940052,29.274308369690182
2021-10-12,49.21869488536154,50.0,18.055555555555554,73.01587301587301,50.74999999999999,36.30952380952381,72.81746031746032,73.21428571428571,42.074898721103324,32.0191784709392
2021-10-13,46.661022927689594,52.976190476190474,16.071428571428573,69.84126984126985,56.8,11.706349206349206,68.05555555555556,71.62698412698413,41.751429243736105,29.604110416007938
2021-10-14,45.57442680776013,52.976190476190474,11.30952380952381,65.27777777777777,65.7,7.341269841269842,68.05555555555556,62.5,41.08560397211548,28.766111644256025
2021-10-15,48.62169312169312,54.563492063492056,8.928571428571429,61.30952380952381,68.5,44.24603174603175,66.07142857142857,56.547619047619044,40.48666824695141,32.59956549734359
2021-10-18,56.61322751322751,60.912698412698404,35.51587301587302,58.730158730158735,68.45,64.48412698412699,73.61111111111111,43.84920634920635,43.532850997021114,34.872072251821294
2021-10-19,54.535273368606695,64.0873015873016,23.214285714285715,63.69047619047619,71.5,46.230158730158735,82.73809523809523,44.642857142857146,42.44173068503884,32.82982612866158
2021-10-20,49.742151675485005,57.341269841269835,0.1984126984126984,74.8015873015873,72.55,20.436507936507937,93.45238095238095,56.15079365079365,37.91255782188994,30.39933936116657
2021-10-21,66.92010582010582,55.75396825396825,33.92857142857143,83.73015873015873,74.95,77.57936507936508,97.02380952380952,70.43650793650794,43.46443900489228,36.49054185726348
2021-10-22,69.62804232804233,52.182539682539684,33.53174603174603,92.06349206349205,72.85000000000001,85.51587301587301,98.21428571428571,85.9126984126984,43.40693571238729,37.79327208054775
2021-10-25,87.14514991181657,58.92857142857143,92.26190476190477,97.81746031746032,73.8,99.8015873015873,99.0079365079365,96.62698412698413,50.172260405759964,46.087712218614804
2021-10-26,87.71181657848324,62.5,95.83333333333334,98.4126984126984,70.1,99.8015873015873,98.61111111111111,98.21428571428571,51.13945395246662,47.96582672651426
2021-10-27,81.53015873015872,70.43650793650794,75.59523809523809,95.23809523809524,65.1,96.23015873015873,96.23015873015873,94.24603174603175,46.815409178831324,42.78404310300367
2021-10-28,82.80176366843033,72.02380952380952,77.57936507936508,96.23015873015873,67.35,94.64285714285714,96.62698412698413,95.83333333333334,46.919500132359246,41.972080196193374
2021-10-29,83.49858906525571,73.61111111111111,82.73809523809523,94.24603174603175,68.69999999999999,92.26190476190477,98.61111111111111,89.88095238095238,47.50388485493118,40.36009095237214
2021-11-01,88.64497354497352,69.24603174603175,99.0079365079365,98.4126984126984,67.95,99.40476190476191,98.61111111111111,98.21428571428571,53.90428671693145,46.649409735398855
2021-11-02,85.40758377425044,68.84920634920636,85.11904761904762,99.60317460317461,69.85,91.07142857142857,99.8015873015873,99.40476190476191,48.095049591151685,39.65199903986278
2021-11-03,84.17019400352733,68.84920634920636,79.16666666666666,99.8015873015873,74.5,81.94444444444444,99.8015873015873,99.8015873015873,47.267534747829,37.45401934040808
2021-11-04,90.49435626102293,76.78571428571429,97.42063492063492,99.8015873015873,72.80000000000001,97.81746031746032,99.8015873015873,99.8015873015873,52.57154954726791,43.91197646023004
2021-11-05,85.23827160493828,71.23015873015873,85.11904761904762,99.8015873015873,67.6,91.07142857142857,99.8015873015873,99.8015873015873,48.17433828755949,39.872545718157895
2021-11-08,87.48042328042328,71.62698412698413,97.81746031746032,99.60317460317461,63.900000000000006,93.45238095238095,99.8015873015873,99.40476190476191,53.34638226510331,41.77393502939334
2021-11-09,87.87231040564373,71.62698412698413,99.8015873015873,99.20634920634922,61.099999999999994,99.8015873015873,98.61111111111111,99.8015873015873,56.73347137270759,49.460270505742976
2021-11-10,85.64832451499117,66.46825396825396,99.0079365079365,98.61111111111111,56.35,97.81746031746032,97.81746031746032,99.40476190476191,55.27928091013236,44.51573389893402
2021-11-11,81.28165784832451,64.88095238095238,81.54761904761905,97.81746031746032,61.7,86.70634920634922,97.42063492063492,98.21428571428571,47.77089526506732,38.80319674408193
2021-11-12,83.84003527336861,64.48412698412699,87.5,97.61904761904762,68.55000000000001,85.11904761904762,97.42063492063492,97.81746031746032,49.11176053868749,38.51366907486693
2021-11-15,84.41146384479717,62.89682539682539,88.69047619047619,98.01587301587301,67.55000000000001,90.27777777777779,98.21428571428571,97.81746031746032,49.744985469431825,40.14786607396823
2021-11-16,81.10564373897707,65.27777777777779,85.11904761904762,98.01587301587301,68.14999999999999,64.0873015873016,99.40476190476191,96.62698412698413,48.68605301537157,35.15315571497359
2021-11-17,83.3257495590829,63.69047619047619,88.29365079365078,98.01587301587301,64.45,86.70634920634922,99.8015873015873,96.23015873015873,49.44535998782733,38.883788147910046
2021-11-18,86.67248677248676,68.84920634920636,98.61111111111111,98.4126984126984,62.05,94.64285714285714,99.8015873015873,97.02380952380952,54.447143327710215,43.327042257905866
2021-11-19,82.08412698412698,72.42063492063492,86.70634920634922,98.01587301587301,60.449999999999996,77.97619047619048,99.8015873015873,96.23015873015873,49.334982426429605,37.34774434831537
2021-11-22,84.58624338624338,72.42063492063492,97.42063492063492,97.42063492063491,54.14999999999999,93.45238095238095,99.8015873015873,95.03968253968253,53.85615205348754,42.40134155458757
2021-11-23,84.4410934744268,75.1984126984127,98.61111111111111,97.02380952380952,53.1,90.27777777777779,99.0079365079365,95.03968253968253,54.481306261122455,40.62936328453707
2021-11-24,83.63245149911815,75.9920634920635,94.64285714285714,98.01587301587301,57.10000000000001,79.16666666666666,99.8015873015873,96.23015873015873,52.51041921202546,37.67812784038808
2021-11-26,58.306349206349196,79.16666666666666,20.436507936507937,95.63492063492063,28.44999999999999,60.912698412698404,97.81746031746032,93.45238095238095,42.20561059637489,34.678482528277044
2021-11-29,70.5336860670194,76.78571428571429,58.92857142857143,95.23809523809524,42.599999999999994,69.24603174603175,97.42063492063492,93.05555555555556,45.59168818288666,35.97648291751667
2021-11-30,62.25335097001764,85.9126984126984,46.230158730158735,95.03968253968254,32.025000000000006,32.73809523809524,97.42063492063492,92.65873015873017,44.362242634332496,31.867790710359884
2021-12-01,73.91481481481482,88.29365079365078,88.29365079365078,94.24603174603175,22.19999999999999,73.21428571428571,96.23015873015873,92.26190476190477,50.089085255380496,36.584301877294415
2021-12-02,71.88403880070547,82.73809523809523,79.56349206349206,93.84920634920636,30.125,63.29365079365079,95.83333333333334,91.86507936507937,48.09073455698252,35.0291296806387
2021-12-03,73.28298059964726,74.8015873015873,88.69047619047619,94.64285714285714,23.32499999999999,76.78571428571429,95.83333333333334,93.45238095238095,50.24317018544336,37.063048875098815
2021-12-06,73.94320987654321,65.27777777777779,86.30952380952381,95.43650793650794,32.05,77.18253968253968,95.83333333333334,95.03968253968253,49.5803529448014,37.12987261437811
2021-12-07,76.72777777777777,68.84920634920636,87.5,96.42857142857142,45.275,66.86507936507937,95.03968253968253,97.81746031746032,50.0460206803097,35.7177104061869
2021-12-08,75.83862433862433,70.43650793650794,78.37301587301587,97.42063492063491,50.50000000000001,62.10317460317461,95.03968253968253,99.8015873015873,47.837300941801416,34.93348667982948
2021-12-09,78.24479717813051,74.40476190476191,86.70634920634922,96.62698412698413,46.050000000000004,74.40476190476191,93.45238095238095,99.8015873015873,49.69781635556517,36.59365237826597
2021-12-10,83.55432098765432,80.35714285714286,93.84920634920636,94.84126984126985,56.55,86.30952380952381,91.07142857142857,98.61111111111111,52.026283240049054,38.82847723872795
2021-12-13,79.67786596119929,74.8015873015873,91.46825396825396,92.06349206349206,49.225,84.72222222222221,88.69047619047619,95.43650793650794,51.052275237467825,38.40534216699873
2021-12-14,77.01437389770723,75.1984126984127,89.0873015873016,89.0873015873016,45.275,81.94444444444444,87.10317460317461,91.07142857142857,50.302965065541436,37.86230195413842
2021-12-15,78.720987654321,80.75396825396825,88.29365079365078,86.30952380952382,53.550000000000004,85.11904761904762,83.53174603174604,89.0873015873016,50.19655668413362,38.552744837519214
2021-12-16,75.49902998236333,74.40476190476191,88.69047619047619,84.72222222222223,48.575,76.38888888888889,83.53174603174604,85.9126984126984,50.26056745027183,36.943294604937755
2021-12-17,58.47522045855379,72.02380952380952,50.595238095238095,82.14285714285714,46.075,14.484126984126986,81.94444444444444,82.34126984126983,44.74584424300929,30.008483654237207
2021-12-20,63.24241622574955,74.0079365079365,57.738095238095234,83.53174603174602,42.824999999999996,43.452380952380956,81.54761904761905,85.51587301587301,45.42757970813785,32.737558931310865
2021-12-21,75.60731922398588,71.62698412698413,90.67460317460318,87.5,47.474999999999994,70.03968253968253,84.72222222222221,90.27777777777779,50.691067672506065,36.063754462349735
2021-12-22,82.95961199294533,77.97619047619048,95.83333333333334,90.07936507936508,56.85000000000001,93.05555555555556,88.29365079365078,91.86507936507937,53.2847408282757,41.960398421350476
2021-12-23,84.05679012345679,73.61111111111111,96.23015873015873,92.46031746031747,60.199999999999996,92.65873015873017,89.48412698412699,95.43650793650794,53.55308201846033,41.95205794301552
2021-12-27,87.43227513227512,82.73809523809523,99.40476190476191,95.03968253968254,61.6,97.02380952380952,92.65873015873017,97.42063492063492,55.61417560233354,43.811344841367976
2021-12-28,88.77830687830689,87.10317460317461,97.81746031746032,97.81746031746033,62.300000000000004,98.21428571428571,95.83333333333334,99.8015873015873,54.357283082645914,44.93775309585394
2021-12-29,86.87654320987653,83.92857142857143,93.45238095238095,96.62698412698413,65.25,90.67460317460318,95.43650793650794,97.81746031746032,52.08082436797201,40.961213223296035
2021-12-30,84.93315696649032,78.37301587301587,93.05555555555556,95.23809523809524,63.35000000000001,87.5,96.23015873015873,94.24603174603175,51.449449975387395,39.246315180889994
2021-12-31,82.07918871252204,73.61111111111111,84.72222222222221,93.45238095238096,63.900000000000006,87.5,97.42063492063492,89.48412698412699,49.56719727232657,39.21521996229681
2022-01-03,86.84656084656083,89.88095238095238,94.24603174603175,92.85714285714286,67.0,90.67460317460318,97.02380952380952,88.69047619047619,52.097369039435506,40.61298758462245
2022-01-04,82.15908289241622,76.38888888888889,89.48412698412699,92.26190476190476,65.44999999999999,76.38888888888889,97.42063492063492,87.10317460317461,50.54634758110213,36.992170051880265
2022-01-05,73.80088183421516,68.84920634920636,77.97619047619048,92.06349206349206,51.349999999999994,60.51587301587301,97.02380952380952,87.10317460317461,47.992195132350105,34.83539622661828
2022-01-06,75.05855379188714,62.5,80.75396825396825,91.07142857142858,51.95,74.40476190476191,92.65873015873017,89.48412698412699,48.605732592355025,36.70460716046931
2022-01-07,71.50564373897707,60.11904761904761,73.61111111111111,91.46825396825398,56.199999999999996,49.404761904761905,89.0873015873016,93.84920634920636,47.35929097859697,33.46510317699403
2022-01-10,76.72486772486772,68.45238095238095,85.51587301587301,90.47619047619047,53.00000000000001,73.61111111111111,85.9126984126984,95.03968253968253,49.599594498676886,36.57844479745984
2022-01-11,73.94479717813051,73.21428571428571,76.38888888888889,91.26984126984127,57.95,49.801587301587304,83.53174603174604,99.0079365079365,47.821697436001166,33.49293943881094
2022-01-12,78.34991181657847,76.38888888888889,80.75396825396825,91.26984126984127,61.89999999999999,69.64285714285714,82.73809523809523,99.8015873015873,48.49691022846685,35.97763689589837
2022-01-13,75.35687830687829,61.70634920634921,93.45238095238095,82.53968253968253,49.225,83.53174603174604,66.07142857142857,99.0079365079365,51.978399584875575,38.1793314959781
2022-01-14,58.9026455026455,57.341269841269835,56.94444444444444,70.03968253968254,54.04999999999999,40.67460317460318,44.642857142857146,95.43650793650794,45.44130004142393,32.42505860217016
2022-01-18,48.6484126984127,54.96031746031746,41.46825396825397,60.11904761904762,43.025000000000006,33.53174603174603,30.753968253968257,89.48412698412699,44.24756440515098,31.928927099793402
2022-01-19,53.48280423280423,51.78571428571429,71.62698412698413,48.611111111111114,40.375,59.72222222222222,16.865079365079367,80.35714285714286,47.14456548318354,34.45348684366187
2022-01-20,46.49761904761905,50.0,68.05555555555556,34.32539682539682,36.025000000000006,57.341269841269835,8.134920634920634,60.51587301587301,46.82547599073247,34.22116114811653
2022-01-21,46.07539682539682,50.0,66.46825396825396,28.57142857142857,27.875,90.27777777777779,6.15079365079365,50.99206349206349,46.579075404730055,40.2444597754015
2022-01-24,48.291887125220455,50.0,85.9126984126984,24.404761904761905,25.25,89.0873015873016,5.357142857142857,43.452380952380956,49.73371400881197,39.65545039918989
2022-01-25,40.97813051146384,50.0,68.45238095238095,24.404761904761905,22.099999999999994,64.48412698412699,4.166666666666666,44.642857142857146,46.82873981371992,35.159051616274425
2022-01-26,44.74444444444443,50.0,82.34126984126983,23.80952380952381,20.099999999999994,76.38888888888889,3.7698412698412698,43.84920634920635,49.161776010925436,36.98138509580906
2022-01-27,47.765696649029984,50.0,83.13492063492063,28.571428571428573,23.775000000000006,80.35714285714286,3.7698412698412698,53.37301587301587,49.35144705850323,37.67046710182036
2022-01-28,51.91728395061729,50.0,87.5,31.15079365079365,30.849999999999994,87.10317460317461,4.9603174603174605,57.341269841269835,50.142664185509055,38.97303601265433
2022-01-31,45.354585537918865,50.0,65.67460317460318,26.984126984126984,37.925000000000004,70.03968253968253,4.563492063492063,49.404761904761905,46.772671192655075,36.24329384473369
2022-02-01,37.07248677248677,50.0,23.214285714285715,24.603174603174605,45.099999999999994,73.21428571428571,6.15079365079365,43.05555555555556,42.60983337634351,36.62243996637128
2022-02-02,43.21719576719576,50.0,37.89682539682539,25.396825396825395,44.775,97.42063492063492,5.753968253968254,45.03968253968254,43.94093215976751,43.931026680915764
2022-02-03,43.17416225749559,50.0,51.388888888888886,19.642857142857146,39.125,98.61111111111111,3.7698412698412698,35.51587301587302,45.09104959704122,46.607545731951596
2022-02-04,46.31516754850088,50.0,68.45238095238095,16.865079365079364,41.95,95.43650793650794,1.7857142857142856,31.944444444444443,46.94666301376152,43.30524021026122
2022-02-07,35.51428571428571,50.0,12.103174603174603,24.6031746031746,42.85,85.9126984126984,1.3888888888888888,47.817460317460316,41.288758631479126,39.06490060393206
2022-02-08,35.39929453262786,50.0,10.119047619047619,29.563492063492067,46.4,66.86507936507937,0.992063492063492,58.13492063492064,40.70682768112485,36.09959628455716
2022-02-09,41.95361552028218,50.0,31.150793650793652,30.95238095238095,50.199999999999996,72.02380952380952,1.3888888888888888,60.51587301587301,43.382745785974436,36.62699750328958
2022-02-10,43.50679012345679,50.0,52.182539682539684,32.34126984126984,40.225,59.72222222222222,1.7857142857142856,62.89682539682539,45.1705184789442,35.063853874382495
2022-02-11,45.00723104056437,50.0,62.89682539682539,34.126984126984134,31.599999999999994,63.69047619047619,0.5952380952380952,67.65873015873017,46.26503750230542,35.83233666408244
2022-02-14,40.94100529100529,50.0,50.198412698412696,34.92063492063492,29.17500000000001,54.96031746031746,0.1984126984126984,69.64285714285714,44.86837645148335,34.47939606748517
2022-02-15,49.500881834215164,50.0,77.57936507936508,35.714285714285715,35.75,61.70634920634921,0.1984126984126984,71.23015873015873,48.13469912274657,35.51208513644203
2022-02-16,48.057583774250446,50.0,65.27777777777779,37.5,39.275000000000006,60.912698412698404,0.1984126984126984,74.8015873015873,46.775615231829526,35.4717520526755
2022-02-17,48.36040564373897,50.0,75.9920634920635,37.1031746031746,29.724999999999994,62.5,0.1984126984126984,74.0079365079365,47.93536722940938,35.68094838528146
2022-02-18,47.25970017636684,50.0,70.43650793650794,37.301587301587304,30.625,61.30952380952381,0.1984126984126984,74.40476190476191,47.169780587242506,35.5163557253411
2022-02-22,50.17610229276896,50.0,80.75396825396825,38.29365079365079,27.974999999999994,69.24603174603175,0.1984126984126984,76.38888888888889,48.7496336007752,36.46692526414362
2022-02-23,48.13262786596119,50.0,81.15079365079364,37.698412698412696,22.450000000000003,62.89682539682539,0.1984126984126984,75.1984126984127,49.07301535607562,35.79906658590929
2022-02-24,47.7058201058201,50.0,79.16666666666666,35.51587301587302,24.200000000000003,66.07142857142857,0.1984126984126984,70.83333333333334,48.44691958967903,36.092783890987796
2022-02-25,38.177513227513224,50.0,34.72222222222222,36.904761904761905,31.025000000000006,51.388888888888886,0.992063492063492,72.81746031746032,43.727541772991884,34.43885116867576
2022-02-28,31.55246913580247,50.0,23.214285714285715,37.301587301587304,24.625,26.38888888888889,2.1825396825396823,72.42063492063492,42.454455818292296,31.682128093061557
2022-03-01,27.366313932980596,50.0,23.61111111111111,36.507936507936506,16.69999999999999,6.15079365079365,2.976190476190476,70.03968253968253,42.4939076926365,28.85564472782519
2022-03-02,33.62768959435626,50.0,39.08730158730159,36.30952380952381,23.150000000000006,19.246031746031747,4.166666666666666,68.45238095238095,43.97325282887945,30.643818333305067
2022-03-03,32.22892416225749,50.0,28.76984126984127,39.08730158730159,23.799999999999997,17.658730158730158,4.166666666666666,74.0079365079365,43.13580083264421,30.511534765053078
2022-03-04,26.699823633156967,50.0,11.30952380952381,39.285714285714285,20.049999999999997,9.722222222222223,3.7698412698412698,74.8015873015873,41.038559945586314,29.50651103728912
2022-03-07,21.901675485008816,50.0,4.563492063492063,38.2936507936508,8.875,5.357142857142857,2.976190476190476,73.61111111111111,39.88141132809419,28.33132810343086
2022-03-08,31.034479717813046,50.0,24.801587301587304,37.698412698412696,12.174999999999983,42.26190476190476,2.579365079365079,72.81746031746032,42.5545168458889,33.15186840621765
2022-03-09,29.966049382716044,50.0,15.674603174603174,36.904761904761905,18.875,39.88095238095239,0.992063492063492,72.81746031746032,41.52317361714743,32.8669650187157
2022-03-10,44.14029982363315,50.0,65.27777777777779,34.72222222222222,24.424999999999997,63.69047619047619,0.992063492063492,68.45238095238095,46.71254306244219,35.9240133091141
2022-03-11,37.85493827160494,50.0,48.214285714285715,32.73809523809524,23.125,49.801587301587304,0.1984126984126984,65.27777777777779,44.57625798688017,34.088446550344806
2022-03-14,32.041358024691355,50.0,34.32539682539682,34.32539682539683,20.575000000000003,25.595238095238095,0.5952380952380952,68.05555555555556,43.49254319366413,31.567798426782577
2022-03-15,37.94717813051147,50.0,50.595238095238095,31.746031746031743,25.42500000000001,44.24603174603175,0.1984126984126984,63.29365079365079,44.845422724223816,33.55487712765458
2022-03-16,43.58280423280422,50.0,64.48412698412699,31.74603174603174,33.32499999999999,51.388888888888886,2.579365079365079,60.912698412698404,46.61874187013414,34.2520878696881
2022-03-17,37.76710758377424,50.0,45.03968253968254,29.166666666666664,35.82499999999999,40.67460317460318,3.7698412698412698,54.563492063492056,44.32759475654209,33.13070371821859
2022-03-18,29.133068783068776,50.0,18.452380952380953,28.174603174603174,40.324999999999996,10.119047619047619,5.753968253968254,50.595238095238095,41.95019435908929,29.517575762913715
2022-03-21,46.62795414462081,50.0,64.48412698412699,30.357142857142858,41.175,67.26190476190477,8.134920634920634,52.57936507936508,46.62765681940947,36.11146122810633
2022-03-22,53.70176366843033,50.0,81.94444444444444,33.53174603174603,42.65,83.53174603174604,10.119047619047619,56.94444444444444,49.08319000416679,38.79873753588057
2022-03-23,58.15776014109347,50.0,95.43650793650794,36.30952380952381,41.075,91.46825396825396,9.722222222222223,62.89682539682539,52.65306326985583,41.27598209315059
2022-03-24,62.23359788359788,50.0,96.23015873015873,44.047619047619044,45.824999999999996,93.84920634920636,10.515873015873016,77.57936507936508,53.41382375049183,42.13580262702224
2022-03-25,59.82336860670193,50.0,83.92857142857143,46.23015873015873,47.975,85.9126984126984,11.30952380952381,81.15079365079364,49.5752899328227,39.31319463777032
2022-03-28,63.99135802469136,50.0,93.05555555555556,47.42063492063492,51.85000000000001,93.84920634920636,12.5,82.34126984126983,52.03831958026803,42.3524568052641
2022-03-29,58.8721340388007,50.0,76.78571428571429,48.01587301587301,55.50000000000001,71.23015873015873,13.690476190476192,82.34126984126983,48.29578695651641,36.82828068149121
2022-03-30,61.63509700176366,50.0,89.48412698412699,47.420634920634924,53.35000000000001,76.78571428571429,14.484126984126986,80.35714285714286,50.670728445923515,37.73057802926482
2022-03-31,50.658906525573194,50.0,67.26190476190477,44.24603174603175,48.6,41.46825396825397,14.880952380952381,73.61111111111111,46.99698483813201,33.59026088918922
2022-04-01,53.3652557319224,50.0,71.62698412698413,43.05555555555556,51.85000000000001,54.166666666666664,15.277777777777779,70.83333333333334,47.58855074567453,35.059420440518316
2022-04-04,57.67354497354496,50.0,79.16666666666666,40.27777777777778,57.15,75.59523809523809,16.071428571428573,64.48412698412699,48.95419836648022,37.6043845159283
2022-04-05,53.13148148148148,50.0,77.97619047619048,41.468253968253975,47.425,52.976190476190474,15.277777777777779,67.65873015873017,48.63086847753757,35.001158333782215
2022-04-06,57.38712522045855,50.0,83.53174603174604,45.43650793650794,44.75,73.61111111111111,15.277777777777779,75.59523809523809,49.58786051989205,37.287528164834534
2022-04-07,53.0189594356261,50.0,67.65873015873017,49.00793650793651,46.125,52.57936507936508,14.484126984126986,83.53174603174604,47.246540898404156,35.02257478322761
2022-04-08,46.136860670194004,50.0,46.230158730158735,49.404761904761905,47.1,30.357142857142854,14.484126984126986,84.32539682539682,44.73396514978605,32.33712357360457
2022-04-11,48.233597883597874,50.0,56.15079365079365,47.02380952380952,39.074999999999996,52.57936507936508,11.706349206349206,82.34126984126983,45.76028527888565,34.98305446237523
2022-04-12,51.68977072310406,50.0,67.65873015873017,47.42063492063492,39.349999999999994,58.92857142857143,10.515873015873016,84.32539682539682,47.16339823409817,35.665244879314905
2022-04-13,46.8283950617284,50.0,51.388888888888886,45.833333333333336,45.45,40.27777777777778,9.722222222222223,81.94444444444444,45.358519987971036,33.52567735631277
2022-04-14,37.80776014109347,50.0,28.373015873015873,40.47619047619048,43.25,25.595238095238095,7.341269841269842,73.61111111111111,43.12379450350813,31.86201730735167
2022-04-18,44.5616402116402,50.0,50.198412698412696,39.48412698412698,44.574999999999996,43.05555555555556,4.9603174603174605,74.0079365079365,45.300942769070815,33.667465463479566
2022-04-19,37.775044091710754,50.0,18.055555555555554,41.46825396825396,46.574999999999996,36.30952380952381,7.341269841269842,75.59523809523809,41.99675789757299,32.95218682269086
2022-04-20,43.362786596119925,50.0,14.087301587301587,42.06349206349206,49.2,87.5,8.134920634920634,75.9920634920635,41.41879278246676,39.977626820084694
2022-04-21,46.857671957671954,50.0,37.5,42.06349206349206,43.3,83.92857142857143,6.15079365079365,77.97619047619048,43.94353765474581,38.97485104986665
2022-04-22,36.84100529100529,50.0,16.46825396825397,43.05555555555556,29.474999999999994,60.51587301587301,4.563492063492063,81.54761904761905,41.706551993525714,35.839506413451296
2022-04-25,37.259611992945324,50.0,25.595238095238095,43.25396825396825,32.45,39.48412698412698,5.357142857142857,81.15079365079364,42.69868755347524,33.5373343588976
2022-04-26,49.45537918871251,50.0,72.42063492063492,43.45238095238095,16.19999999999999,87.5,1.3888888888888888,85.51587301587301,47.80666909194775,40.13664323481876
2022-04-27,37.559082892416214,50.0,22.42063492063492,40.67460317460317,21.0,79.16666666666666,0.1984126984126984,81.15079365079364,42.26376671826216,38.33475634485435
2022-04-28,47.955291005290995,50.0,59.72222222222222,40.476190476190474,25.025000000000006,90.67460317460318,0.1984126984126984,80.75396825396825,46.352270262036235,40.76642659016194
2022-04-29,44.84832451499118,50.0,60.11904761904761,40.67460317460317,16.5,78.37301587301587,0.1984126984126984,81.15079365079364,46.3832886775304,38.223220027314916
2022-05-02,39.66119929453262,50.0,46.230158730158735,37.89682539682539,19.14999999999999,62.5,0.1984126984126984,75.59523809523809,44.654062639669974,36.02211720462758
2022-05-03,38.07098765432099,50.0,45.03968253968254,37.50000000000001,26.875,36.30952380952381,0.5952380952380952,74.40476190476191,44.47746806458639,33.06944671642217
2022-05-04,52.478306878306874,50.0,79.16666666666666,38.095238095238095,36.449999999999996,76.78571428571429,1.3888888888888888,74.8015873015873,48.9464048102357,37.893967953518484
2022-05-05,49.00264550264549,50.0,81.15079365079364,34.920634920634924,22.0,79.96031746031747,0.992063492063492,68.84920634920636,49.28219223740561,38.42827826400839
2022-05-06,44.89003527336861,50.0,65.67460317460318,36.11111111111111,24.525000000000006,65.27777777777779,0.1984126984126984,72.02380952380952,46.999999108669314,36.32894514761504
2022-05-09,39.51278659611992,50.0,60.51587301587301,37.1031746031746,13.125,47.023809523809526,0.1984126984126984,74.0079365079365,46.64595908479878,34.628396485743515
2022-05-10,40.556701940035275,50.0,58.92857142857143,38.492063492063494,17.525000000000006,46.62698412698413,0.1984126984126984,76.78571428571429,46.39928886346387,34.51493493768755
2022-05-11,46.85820105820106,50.0,72.42063492063492,39.08730158730159,18.599999999999994,72.42063492063492,0.1984126984126984,77.97619047619048,47.908573670993604,37.310044039679724
2022-05-12,52.52195767195767,50.0,80.35714285714286,45.23809523809524,20.575000000000003,85.11904761904762,0.1984126984126984,90.27777777777779,49.13927451213693,39.26237027881157
2022-05-13,52.36940035273368,50.0,78.76984126984127,46.82539682539683,27.82499999999999,67.65873015873017,0.992063492063492,92.65873015873017,48.982865294222954,36.76259102091215
2022-05-16,50.19303350970017,50.0,62.10317460317461,50.0,31.325000000000003,64.88095238095238,1.3888888888888888,98.61111111111111,46.86330273728733,36.52793456894131
2022-05-17,50.71164021164021,50.0,66.86507936507937,50.5952380952381,34.75,51.388888888888886,1.7857142857142856,99.40476190476191,47.193423189884435,35.40952761843439
2022-05-18,43.999294532627864,50.0,53.37301587301587,50.198412698412696,22.599999999999994,43.452380952380956,1.3888888888888888,99.0079365079365,45.96945728788866,34.44639115807034
2022-05-19,48.24470899470899,50.0,68.45238095238095,49.801587301587304,26.625,44.642857142857146,0.1984126984126984,99.40476190476191,47.37806441625405,34.54617680159196
2022-05-20,54.17469135802468,50.0,83.92857142857143,50.0,26.424999999999997,66.86507936507937,0.1984126984126984,99.8015873015873,49.5877777597282,36.65133537297118
2022-05-23,51.7042328042328,50.0,69.64285714285714,50.0,28.799999999999997,68.45238095238095,0.1984126984126984,99.8015873015873,47.7802272855193,36.91382590325373
2022-05-24,46.7120811287478,50.0,45.83333333333333,50.0,26.375,75.9920634920635,0.1984126984126984,99.8015873015873,45.128305113364284,37.94392398149318
2022-05-25,48.17186948853615,50.0,60.51587301587301,50.1984126984127,29.075000000000003,53.769841269841265,0.5952380952380952,99.8015873015873,46.87291963399057,35.68882988134302
2022-05-26,55.026455026455025,50.0,80.35714285714286,50.3968253968254,31.25,70.83333333333334,1.7857142857142856,99.0079365079365,49.19982093559745,37.24783986039364
2022-05-27,54.53827160493827,50.0,79.96031746031747,51.388888888888886,35.7,55.35714285714286,4.9603174603174605,97.81746031746032,49.17281575827274,35.904742711839575
2022-05-31,32.3194885361552,50.0,7.738095238095238,50.992063492063494,34.52499999999999,3.373015873015873,5.357142857142857,96.62698412698413,40.58973821291716,28.200062928111823
2022-06-01,53.364462081128735,50.0,66.86507936507937,50.992063492063494,35.77499999999999,72.02380952380952,6.547619047619048,95.43650793650794,47.442610248027684,37.44823066015382
2022-06-02,61.42098765432098,50.0,91.46825396825396,51.98412698412699,38.2,87.5,8.134920634920634,95.83333333333334,51.204049660973084,39.9989747375376
2022-06-03,62.59462081128748,50.0,95.03968253968253,51.785714285714285,38.025000000000006,91.86507936507937,6.944444444444445,96.62698412698413,53.23528306364914,41.45391262871199
2022-06-06,57.5889770723104,50.0,74.0079365079365,52.579365079365076,37.325,87.89682539682539,6.944444444444445,98.21428571428571,48.58473374115089,40.15837384972588
2022-06-07,40.27107583774251,24.404761904761905,21.626984126984127,53.17460317460318,39.95,55.35714285714286,6.944444444444445,99.40476190476191,42.4634579357389,35.94771242415431
2022-06-08,46.41111111111111,50.0,45.03968253968254,51.98412698412699,40.099999999999994,41.46825396825397,6.547619047619048,97.42063492063492,45.31619844079596,34.782150641893544
2022-06-09,50.36446208112874,50.0,65.67460317460318,50.992063492063494,34.775000000000006,49.404761904761905,5.753968253968254,96.23015873015873,47.48529598281468,35.60887216043706
2022-06-10,43.93077601410935,50.0,49.007936507936506,48.214285714285715,30.625,41.46825396825397,4.563492063492063,91.86507936507937,45.86031272860079,34.8508022388618
2022-06-13,36.523280423280426,50.0,46.230158730158735,42.658730158730165,14.949999999999989,28.373015873015873,1.7857142857142856,83.53174603174604,45.46792304231181,33.228113254878
2022-06-14,28.84065255731922,50.0,18.849206349206348,40.27777777777778,18.275000000000006,14.484126984126986,0.1984126984126984,80.35714285714286,42.283569458863404,31.4236114214987
2022-06-15,38.96772486772486,50.0,40.27777777777778,41.07142857142857,25.950000000000003,45.03968253968254,0.1984126984126984,81.94444444444444,44.80649694411326,35.065319518418356
2022-06-16,31.716490299823633,50.0,30.753968253968257,41.269841269841265,17.625,14.880952380952381,0.1984126984126984,82.34126984126983,43.728070423724766,31.548763011190218
2022-06-17,25.09973544973545,50.0,0.1984126984126984,43.65079365079366,22.174999999999997,0.1984126984126984,0.5952380952380952,86.70634920634922,37.39444948837627,24.258273939859794
2022-06-21,37.83536155202822,50.0,27.976190476190478,46.42857142857143,24.525000000000006,46.230158730158735,2.1825396825396823,90.67460317460318,43.39933752851209,35.29592751888739
2022-06-22,34.511904761904766,50.0,20.833333333333336,46.03174603174604,27.625,25.595238095238095,2.976190476190476,89.0873015873016,42.47876270577781,32.9656788586976
2022-06-23,35.955467372134045,50.0,25.992063492063494,46.42857142857143,27.375,27.579365079365083,2.579365079365079,90.27777777777779,43.22710032753773,33.228984809079634
2022-06-24,28.434832451499116,50.0,0.992063492063492,45.43650793650793,31.924999999999997,3.7698412698412698,4.9603174603174605,85.9126984126984,38.51964987098174,28.909318825350034
2022-06-27,41.92813051146384,50.0,37.10317460317461,47.61904761904762,32.625,45.03968253968254,8.531746031746032,86.70634920634922,44.430623882557754,35.14466669808504
2022-06-28,44.12098765432099,50.0,52.976190476190474,48.21428571428572,29.099999999999994,38.2936507936508,7.341269841269842,89.0873015873016,46.442585980312366,34.59213795359265
2022-06-29,44.805291005291,50.0,49.404761904761905,50.992063492063494,29.599999999999994,42.26190476190476,7.341269841269842,94.64285714285714,45.99110192839824,34.99636124832729
2022-06-30,42.471516754850086,50.0,40.67460317460318,49.40476190476191,28.224999999999994,46.230158730158735,6.547619047619048,92.26190476190477,44.88557724525497,35.17727285185375
2022-07-01,46.27777777777777,50.0,52.976190476190474,52.182539682539684,33.25,37.5,4.9603174603174605,99.40476190476191,46.50952504691265,34.60087754492062
2022-07-05,44.24585537918871,50.0,48.61111111111111,52.38095238095238,31.150000000000006,31.547619047619047,4.9603174603174605,99.8015873015873,45.962818648048874,33.89708893470089
2022-07-06,41.25670194003526,50.0,31.150793650793652,53.57142857142857,33.175,31.944444444444443,7.341269841269842,99.8015873015873,43.850723292756975,33.94476989268502
2022-07-07,44.17513227513228,50.0,39.88095238095239,53.57142857142858,34.8,37.5,10.912698412698413,96.23015873015873,44.82963950642307,34.51574634513265
2022-07-08,58.13650793650793,50.0,74.0079365079365,54.16666666666667,38.4,85.9126984126984,12.5,95.83333333333334,48.47263832511762,39.96848691616444
2022-07-11,56.625132275132266,50.0,76.38888888888889,52.182539682539684,34.57499999999999,81.15079365079364,11.706349206349206,92.65873015873017,48.84078025519717,38.925713387688525
2022-07-12,50.844179894179895,50.0,69.64285714285714,50.198412698412696,31.775000000000006,54.166666666666664,8.531746031746032,91.86507936507937,47.90865312323189,35.90628959891686
2022-07-13,50.532098765432096,50.0,58.92857142857143,48.611111111111114,32.95,75.1984126984127,4.563492063492063,92.65873015873017,46.90512257911536,38.14137196899595
2022-07-14,39.36772486772486,50.0,29.563492063492063,48.41269841269841,34.0,31.944444444444443,2.579365079365079,94.24603174603175,43.71295145773687,34.082846722545476
2022-07-15,34.90749559082892,50.0,10.119047619047619,47.81746031746032,39.425,21.626984126984127,2.976190476190476,92.65873015873017,41.35945426987906,32.80540929970542
2022-07-18,48.025573192239854,50.0,46.62698412698413,49.404761904761905,36.75,67.26190476190477,4.563492063492063,94.24603174603175,45.61793683390631,37.07707220618827
2022-07-19,47.94091710758377,50.0,50.198412698412696,49.007936507936506,38.75,56.547619047619044,6.547619047619048,91.46825396825396,46.19698372846634,36.07587959478825
2022-07-20,51.01904761904762,50.0,46.62698412698413,52.18253968253969,40.300000000000004,78.76984126984127,12.103174603174603,92.26190476190477,45.75642424773278,38.625972702397405
2022-07-21,61.30132275132275,50.0,80.35714285714286,55.952380952380956,42.225,88.69047619047619,15.674603174603174,96.23015873015873,49.25365910784906,40.388235786957935
2022-07-22,58.61208112874779,50.0,66.07142857142857,56.74603174603175,42.425,90.27777777777779,15.277777777777779,98.21428571428571,47.608116805818746,40.8601275874543
2022-07-25,46.98694885361551,50.0,36.30952380952381,56.94444444444444,41.6,46.230158730158735,16.071428571428573,97.81746031746032,44.57214869272334,35.35986147747504
2022-07-26,44.66075837742504,50.0,34.72222222222222,55.357142857142854,38.275,39.88095238095239,11.706349206349206,99.0079365079365,44.45377888602241,34.904897766367405
2022-07-27,53.42486772486772,50.0,56.547619047619044,53.96825396825397,41.900000000000006,72.02380952380952,11.30952380952381,96.62698412698413,46.82967921283719,37.78825516593053
2022-07-28,50.40308641975309,50.0,47.023809523809526,53.96825396825397,44.175000000000004,59.32539682539682,14.484126984126986,93.45238095238095,45.90068473298744,36.44124950412836
2022-07-29,55.191446208112865,50.0,62.10317460317461,53.17460317460317,46.675000000000004,69.64285714285714,18.452380952380953,87.89682539682539,47.21306688185172,37.34761419456001
2022-08-01,62.35520282186948,62.5,85.11904761904762,52.38095238095238,42.9,85.51587301587301,20.03968253968254,84.72222222222221,49.739000160526295,39.902204642050975
2022-08-02,55.00361552028218,50.0,68.45238095238095,56.150793650793645,40.175,59.32539682539682,20.833333333333336,91.46825396825396,47.87502212047231,36.37783077080806
2022-08-03,57.22795414462082,50.0,69.64285714285714,57.539682539682545,45.125,62.89682539682539,22.817460317460316,92.26190476190477,47.97770574716373,36.640346339453394
2022-08-04,53.54303350970018,50.0,59.32539682539682,60.714285714285715,46.4,38.2936507936508,22.817460317460316,98.61111111111111,47.09476915687107,34.733922183837315
2022-08-05,65.85141093474427,61.70634920634921,89.88095238095238,60.317460317460316,47.125,75.9920634920635,20.833333333333336,99.8015873015873,50.87602607606738,38.16263846164133
2022-08-08,66.3468253968254,45.83333333333333,93.45238095238095,60.714285714285715,46.775000000000006,88.69047619047619,21.626984126984127,99.8015873015873,52.32671142156292,40.38164438129678
2022-08-09,63.30238095238095,49.007936507936506,92.26190476190477,60.317460317460316,45.575,64.0873015873016,20.833333333333336,99.8015873015873,52.052005780760204,36.82565768663023
2022-08-10,61.488183421516766,39.08730158730159,79.96031746031747,60.31746031746032,51.300000000000004,70.83333333333334,21.23015873015873,99.40476190476191,49.378165314908145,37.56462908244369
2022-08-11,44.84038800705467,38.2936507936508,28.373015873015873,59.72222222222222,49.5,30.357142857142854,21.23015873015873,98.21428571428571,44.22793119603911,34.215379731026715
2022-08-12,61.52310405643738,49.007936507936506,73.61111111111111,61.30952380952381,52.349999999999994,68.84920634920636,25.992063492063494,96.62698412698413,48.83231608197987,37.32374080217527
2022-08-15,58.65343915343916,57.738095238095234,63.69047619047619,59.523809523809526,50.25000000000001,63.69047619047619,28.373015873015873,90.67460317460318,47.716994408086755,36.83074066437101
2022-08-16,60.088712522045846,55.35714285714286,73.21428571428571,56.34920634920634,51.55,66.86507936507937,30.357142857142854,82.34126984126983,48.82016223081684,37.160264790950805
2022-08-17,62.74338624338624,59.32539682539682,86.30952380952381,58.13492063492064,50.50000000000001,57.341269841269835,29.166666666666668,87.10317460317461,50.24014891851334,36.386592780986085
2022-08-18,53.88395061728395,60.912698412698404,64.0873015873016,54.36507936507936,52.20000000000001,28.373015873015873,29.96031746031746,78.76984126984127,47.815456709551555,33.797975883793136
2022-08-19,47.94708994708994,76.38888888888889,33.13492063492063,53.17460317460318,48.5,32.34126984126984,27.976190476190478,78.37301587301587,44.67891513857546,34.35926012250109
2022-08-22,47.44797178130511,76.78571428571429,49.404761904761905,49.2063492063492,40.5,22.817460317460316,22.023809523809522,76.38888888888889,46.681958213912445,33.11253528202329
2022-08-23,44.18932980599647,61.70634920634921,37.5,49.20634920634921,39.725,33.92857142857143,20.03968253968254,78.37301587301587,45.29987568378144,34.44642872834402
2022-08-24,45.831922398589064,56.547619047619044,47.817460317460316,47.222222222222214,42.95,32.73809523809524,18.849206349206348,75.59523809523809,46.510386968131556,34.379958411832504
2022-08-25,55.53668430335097,61.70634920634921,70.83333333333334,48.80952380952381,45.55,58.92857142857143,20.436507936507937,77.18253968253968,48.595150927660406,36.573183035515754
2022-08-26,55.48694885361552,64.48412698412699,75.9920634920635,49.007936507936506,36.10000000000001,63.69047619047619,17.658730158730158,80.35714285714286,49.11290295671801,36.900492965335424
2022-08-29,42.62583774250441,50.0,35.91269841269841,52.18253968253969,34.474999999999994,36.30952380952381,12.103174603174603,92.26190476190477,45.07249551537551,34.63969419676107
2022-08-30,42.493562610229276,50.0,44.642857142857146,49.801587301587304,34.474999999999994,24.801587301587304,8.531746031746032,91.07142857142857,46.069987448829096,33.54437834427244
2022-08-31,35.341181657848324,50.0,17.658730158730158,51.587301587301596,35.325,7.341269841269842,7.341269841269842,95.83333333333334,42.590843833806844,30.099754244013532
2022-09-01,50.70299823633157,50.0,68.45238095238095,50.595238095238095,36.10000000000001,45.43650793650794,3.373015873015873,97.81746031746032,48.30912601296442,35.368929736838695
2022-09-02,48.68068783068783,50.0,66.07142857142857,50.595238095238095,36.325,31.547619047619047,2.579365079365079,98.61111111111111,48.03587225845224,34.41774992368296
2022-09-06,35.799559082892415,50.0,21.23015873015873,51.785714285714285,32.724999999999994,8.928571428571429,3.7698412698412698,99.8015873015873,43.332777327868236,30.544170787362614
2022-09-07,39.309347442680775,50.0,26.785714285714285,52.97619047619048,38.4,14.484126984126986,6.547619047619048,99.40476190476191,44.216476154805974,32.05370040676408
2022-09-08,40.10202821869488,50.0,26.38888888888889,53.76984126984127,40.975,14.880952380952381,7.738095238095238,99.8015873015873,44.09351231961159,32.25980813696974
2022-09-09,39.146649029982356,39.88095238095239,28.373015873015873,52.38095238095238,43.025000000000006,12.5,8.531746031746032,96.23015873015873,44.33892219229511,31.903327400260366
2022-09-12,41.831481481481475,45.43650793650794,37.89682539682539,52.579365079365076,40.324999999999996,16.865079365079367,10.515873015873016,94.64285714285714,45.416585902803696,32.46902779058896
2022-09-13,46.53430335097001,31.944444444444443,68.45238095238095,47.22222222222222,31.825000000000003,44.642857142857146,9.325396825396826,85.11904761904762,48.39092797630503,35.359821238393465
2022-09-14,32.53456790123456,32.73809523809524,25.198412698412696,42.26190476190476,34.599999999999994,13.690476190476192,3.7698412698412698,80.75396825396825,44.08598177190599,32.03222962082105
2022-09-15,36.816490299823634,24.801587301587304,43.452380952380956,39.285714285714285,34.325,33.13492063492063,1.3888888888888888,77.18253968253968,46.07382386226352,34.48016685115059
2022-09-16,24.167548500881832,23.61111111111111,2.976190476190476,39.08730158730159,34.25,2.1825396825396823,0.1984126984126984,77.97619047619048,39.749948837180796,28.34083676512334
2022-09-19,35.75502645502646,27.976190476190478,38.2936507936508,39.88095238095238,35.599999999999994,26.38888888888889,0.1984126984126984,79.56349206349206,45.528179071521066,33.872237576580204
2022-09-20,40.312345679012346,23.61111111111111,54.96031746031746,43.05555555555556,32.099999999999994,35.91269841269841,0.5952380952380952,85.51587301587301,47.1513579986829,34.651073457810156
2022-09-21,43.86358024691358,18.055555555555554,61.30952380952381,47.023809523809526,30.025000000000006,52.976190476190474,2.1825396825396823,91.86507936507937,47.803574236145764,35.98681943718257
2022-09-22,46.51190476190476,50.0,63.29365079365079,48.41269841269841,31.625,33.53174603174603,2.1825396825396823,94.64285714285714,47.87793280935065,34.5631211714316
2022-09-23,33.75255731922398,50.0,24.00793650793651,49.20634920634921,25.19999999999999,7.738095238095238,2.976190476190476,95.43650793650794,44.14826494431925,31.326933972765957
2022-09-26,31.8352733686067,50.0,21.23015873015873,49.2063492063492,19.35000000000001,7.738095238095238,1.3888888888888888,97.02380952380952,43.753031829586305,30.895313384415186
2022-09-27,33.167548500881836,50.0,23.61111111111111,50.1984126984127,18.5,13.690476190476192,0.992063492063492,99.40476190476191,44.08600711291836,32.12330187130929
2022-09-28,33.54197530864197,50.0,16.071428571428573,49.40476190476191,24.549999999999997,22.42063492063492,2.976190476190476,95.83333333333334,43.128706127600694,33.528897334962885
2022-09-29,44.34814814814814,50.0,54.96031746031746,49.007936507936506,20.400000000000006,51.388888888888886,3.373015873015873,94.64285714285714,47.18274837159807,35.92845632719621
2022-09-30,30.140564373897703,50.0,17.261904761904763,45.43650793650794,20.94999999999999,8.531746031746032,0.992063492063492,89.88095238095238,43.36621296903404,31.43288593431743
2022-10-03,38.260141093474424,50.0,42.65873015873016,46.23015873015873,24.75,20.833333333333336,4.9603174603174605,87.5,46.319652330367354,33.24018488810921
2022-10-04,39.38350970017636,50.0,44.24603174603175,45.238095238095234,27.325000000000003,25.595238095238095,6.15079365079365,84.32539682539682,46.48745291510446,33.85184173971043
2022-10-05,40.31172839506173,50.0,40.27777777777778,49.404761904761905,28.625,26.785714285714285,6.15079365079365,92.65873015873017,46.051994605652006,34.03226372790421
2022-10-06,33.28694885361552,50.0,17.261904761904763,51.19047619047619,23.700000000000003,14.087301587301587,7.341269841269842,95.03968253968253,43.45060740307094,32.298291953878895
2022-10-07,41.08747795414462,50.0,42.65873015873016,53.76984126984127,21.599999999999994,29.96031746031746,8.134920634920634,99.40476190476191,46.37083049141169,34.4303583629008
2022-10-10,43.19356261022928,50.0,64.0873015873016,51.98412698412699,18.875,16.865079365079367,4.166666666666666,99.8015873015873,47.92992087015303,32.92396773031001
2022-10-11,32.8157848324515,50.0,27.976190476190478,50.1984126984127,15.924999999999997,6.944444444444445,0.5952380952380952,99.8015873015873,44.734404916024,31.097084517109774
2022-10-12,29.123368606701934,50.0,12.103174603174603,50.0,16.075000000000003,5.753968253968254,0.1984126984126984,99.8015873015873,42.88732436141307,30.525329972607828
2022-10-13,37.94338624338624,50.0,40.67460317460318,49.801587301587304,20.14999999999999,20.436507936507937,0.1984126984126984,99.40476190476191,46.20703752649328,33.325531702790144
2022-10-14,33.75432098765432,50.0,22.42063492063492,50.1984126984127,19.94999999999999,18.452380952380953,0.5952380952380952,99.8015873015873,44.231263892441895,33.14150766950314
2022-10-17,30.610141093474425,50.0,11.30952380952381,49.6031746031746,21.575000000000003,10.912698412698413,0.992063492063492,98.21428571428571,43.07641271249604,32.01550190029749
2022-10-18,33.78306878306878,50.0,19.246031746031747,50.0,23.75,18.055555555555554,1.7857142857142856,98.21428571428571,43.949547406546635,33.12957746935764
2022-10-19,29.33968253968254,50.0,0.992063492063492,50.595238095238095,23.099999999999994,14.087301587301587,2.976190476190476,98.21428571428571,38.1611054139359,32.461341323775436
2022-10-20,33.123985890652555,50.0,17.658730158730158,50.595238095238095,25.049999999999997,10.912698412698413,2.976190476190476,98.21428571428571,43.82834700073289,32.02625298950562
2022-10-21,29.493209876543208,50.0,1.3888888888888888,52.579365079365076,25.775000000000006,3.373015873015873,8.531746031746032,96.62698412698413,39.07198213578293,29.730353279088284
2022-10-24,33.04188712522046,50.0,7.738095238095238,55.55555555555556,25.375,14.484126984126986,13.293650793650794,97.81746031746032,42.409860882971024,32.45980876241836
2022-10-25,33.152733686067016,50.0,6.547619047619048,56.74603174603175,28.849999999999994,7.341269841269842,17.658730158730158,95.83333333333334,42.029206096505774,31.40365418309974
2022-10-26,41.94320987654321,50.0,10.119047619047619,57.341269841269835,31.799999999999997,71.62698412698413,19.642857142857142,95.03968253968253,42.54792801265787,37.449040659186124
2022-10-27,41.705731922398584,50.0,3.373015873015873,58.53174603174603,31.525000000000006,79.96031746031747,22.42063492063492,94.64285714285714,40.87921597047198,38.682051491272055
2022-10-28,52.978395061728385,50.0,49.404761904761905,59.32539682539682,35.625,78.76984126984127,24.00793650793651,94.64285714285714,46.811112033920445,38.49281621817829
2022-10-31,33.61604938271605,50.0,1.3888888888888888,57.53968253968254,35.30000000000001,6.547619047619048,25.198412698412696,89.88095238095238,38.9235034780704,30.980584187056692
2022-11-01,35.57292768959435,50.0,4.166666666666666,54.960317460317455,35.47500000000001,25.992063492063494,21.626984126984127,88.29365079365078,40.97146123187311,33.617072965394314
2022-11-02,33.75943562610229,50.0,8.134920634920634,53.17460317460317,35.349999999999994,7.341269841269842,18.055555555555554,88.29365079365078,42.13780432880749,31.188109191329744
2022-11-03,33.563492063492056,50.0,12.103174603174603,49.4047619047619,36.75,6.15079365079365,12.896825396825399,85.9126984126984,42.54936448588921,30.86043681139694
2022-11-04,42.71031746031745,50.0,43.05555555555556,50.992063492063494,38.625,18.055555555555554,11.30952380952381,90.67460317460318,46.16305083147526,32.8196162816029
2022-11-07,35.50220458553792,50.0,13.690476190476192,51.38888888888889,39.125,9.722222222222223,8.928571428571429,93.84920634920636,42.655883661256865,31.508523314506032
2022-11-08,39.60299823633157,50.0,28.76984126984127,52.579365079365076,36.150000000000006,18.849206349206348,10.119047619047619,95.03968253968253,44.522371436089564,32.84185100875291
2022-11-09,36.784215167548496,50.0,6.547619047619048,51.388888888888886,34.775000000000006,44.24603174603175,8.134920634920634,94.64285714285714,41.63699430605388,34.999992672087934
2022-11-10,47.57592592592592,50.0,49.801587301587304,54.36507936507937,41.175,33.13492063492063,19.642857142857142,89.0873015873016,46.614756602201865,34.291482173040706
2022-11-11,37.46684303350969,50.0,10.515873015873016,57.53968253968254,43.7,6.15079365079365,29.96031746031746,85.11904761904762,42.43913128739788,30.729452201068142
2022-11-14,38.93306878306878,50.0,12.5,59.722222222222214,40.675,14.880952380952381,33.53174603174603,85.9126984126984,42.52617470166099,32.05403749880159
2022-11-15,40.66560846560846,50.0,18.055555555555554,62.301587301587304,38.650000000000006,15.674603174603174,37.10317460317461,87.5,43.27741788150308,32.125587148511926
2022-11-16,42.16111111111111,50.0,24.801587301587304,64.88095238095238,39.725,5.753968253968254,41.46825396825397,88.29365079365078,44.0603382339596,30.63271161698603
2022-11-17,46.7584656084656,50.0,37.5,67.26190476190476,40.175,13.690476190476192,39.88095238095239,94.64285714285714,45.293703845559676,32.00752069469616
2022-11-18,39.44832451499118,50.0,16.071428571428573,61.7063492063492,42.199999999999996,3.373015873015873,33.53174603174603,89.88095238095238,43.016725535538086,29.677164066287588
2022-11-21,37.02663139329806,50.0,4.9603174603174605,58.73015873015873,44.1,8.928571428571429,28.76984126984127,88.69047619047619,41.28542149353239,31.121302274391205
2022-11-22,36.518783068783065,50.0,8.928571428571429,55.55555555555556,46.775000000000006,0.5952380952380952,30.753968253968257,80.35714285714286,42.064673658891536,27.720622825344932
2022-11-23,54.61155202821869,50.0,65.27777777777779,56.547619047619044,49.125,43.05555555555556,36.7063492063492,76.38888888888889,47.5236947253572,34.61304282197128
2022-11-25,48.00264550264551,50.0,51.388888888888886,52.57936507936509,48.75,24.00793650793651,39.88095238095239,65.27777777777779,46.44732833983619,33.00189950528284
2022-11-28,36.514726631393295,50.0,15.674603174603174,51.785714285714285,44.474999999999994,2.976190476190476,36.7063492063492,66.86507936507937,42.6825843866839,29.271080557556555
2022-11-29,37.48615520282186,50.0,16.46825396825397,52.976190476190474,45.275,4.9603174603174605,37.89682539682539,68.05555555555556,42.79780119184365,29.868910171456303
2022-11-30,29.616049382716053,15.277777777777779,2.976190476190476,49.20634920634921,48.550000000000004,0.5952380952380952,40.27777777777778,58.13492063492064,40.324088887080876,25.394105367279142
2022-12-01,31.81358024691358,8.134920634920634,12.896825396825399,48.21428571428572,50.8,6.15079365079365,44.642857142857146,51.78571428571429,42.48624244966847,30.015915774857415
2022-12-02,31.599999999999998,12.896825396825399,7.341269841269842,47.22222222222222,54.7,5.753968253968254,44.24603174603175,50.198412698412696,41.57908346402395,29.93113108378733
2022-12-05,30.491622574955905,20.436507936507937,4.166666666666666,48.80952380952381,48.125,2.976190476190476,48.214285714285715,49.404761904761905,40.85134363298461,28.85856125232089
2022-12-06,31.863227513227503,50.0,3.7698412698412698,45.83333333333333,44.574999999999996,2.579365079365079,48.61111111111111,43.05555555555556,40.63301433421863,28.67721619462219
2022-12-07,32.68218694885361,50.0,2.1825396825396823,50.595238095238095,43.3,1.3888888888888888,38.69047619047619,62.5,39.508331011565794,28.178251731160163
2022-12-08,41.629012345679016,50.0,33.13492063492063,52.182539682539684,44.275000000000006,13.293650793650794,31.150793650793652,73.21428571428571,44.39465831976429,31.257661631983012
2022-12-09,40.79991181657848,50.0,27.18253968253968,50.59523809523809,42.925000000000004,25.198412698412696,25.595238095238095,75.59523809523809,43.9086674609863,32.835387700629894
2022-12-12,35.00881834215167,41.46825396825397,24.801587301587304,46.03174603174603,37.5,10.912698412698413,20.436507936507937,71.62698412698413,43.70064914614326,30.807536882276555
2022-12-13,41.85934744268077,33.13492063492063,35.11904761904761,52.57936507936508,43.625,28.373015873015873,27.976190476190478,77.18253968253968,44.454010006197585,33.05559595283141
2022-12-14,38.58624338624338,44.24603174603175,17.658730158730158,52.97619047619047,47.15,14.484126984126986,35.91269841269841,70.03968253968253,42.62622082255976,31.378710222962514
2022-12-15,31.14382716049383,27.579365079365083,20.03968253968254,38.492063492063494,42.925000000000004,11.30952380952381,30.357142857142854,46.62698412698413,42.9789162540533,30.85509703117134
2022-12-16,27.402469135802466,50.0,0.992063492063492,35.714285714285715,43.449999999999996,0.5952380952380952,31.547619047619047,39.88095238095239,38.19476269657168,25.324748533744877
2022-12-19,39.44038800705467,50.0,46.62698412698413,35.11904761904762,43.949999999999996,18.452380952380953,27.18253968253968,43.05555555555556,45.44317100957802,31.867716545097846
2022-12-20,35.75185185185185,21.626984126984127,47.817460317460316,28.769841269841272,46.3,25.595238095238095,17.658730158730158,39.88095238095239,45.61967216678898,32.792043132660545
2022-12-21,33.36058201058201,7.341269841269842,46.62698412698413,24.8015873015873,49.825,25.595238095238095,12.896825396825399,36.7063492063492,45.46387586215133,32.67959118682552
2022-12-22,47.40643738977072,3.7698412698412698,94.24603174603175,27.38095238095238,45.075,62.10317460317461,13.293650793650794,41.46825396825397,50.92029957890188,35.7859743980502
2022-12-23,53.70537918871253,0.1984126984126984,91.46825396825396,38.492063492063494,47.824999999999996,89.0873015873016,10.912698412698413,66.07142857142857,49.73073430296421,39.194405976415176
2022-12-27,52.78703703703703,0.1984126984126984,87.89682539682539,42.460317460317455,45.875,79.96031746031747,6.15079365079365,78.76984126984127,49.22776994134668,37.430400204323476
2022-12-28,55.2705467372134,1.7857142857142856,93.84920634920636,42.261904761904766,44.65,91.86507936507937,2.976190476190476,81.54761904761905,50.46668776693468,39.71410420377895
2022-12-29,57.246737213403875,3.373015873015873,97.02380952380952,42.65873015873016,46.4,97.02380952380952,2.1825396825396823,83.13492063492063,52.01502285140851,41.24716496348118
2022-12-30,48.23447971781305,10.515873015873016,66.86507936507937,40.07936507936508,45.824999999999996,77.97619047619048,1.7857142857142856,78.37301587301587,47.15256835473996,37.17920320772249
2023-01-03,37.454144620811284,12.103174603174603,43.452380952380956,36.111111111111114,42.75,44.24603174603175,4.166666666666666,68.05555555555556,45.2104945154733,34.42419061531627
2023-01-04,29.70343915343915,7.341269841269842,22.817460317460316,34.920634920634924,44.974999999999994,19.642857142857142,7.738095238095238,62.10317460317461,43.16422055561283,31.932371038574885
2023-01-05,27.403174603174598,6.15079365079365,20.03968253968254,34.32539682539683,43.849999999999994,9.722222222222223,9.722222222222223,58.92857142857143,42.798595422795614,30.594076200839815
2023-01-06,34.13853615520282,3.7698412698412698,37.5,35.91269841269841,47.175000000000004,26.38888888888889,10.119047619047619,61.70634920634921,44.45790448861641,32.564226719002
2023-01-09,31.621604938271606,4.9603174603174605,24.404761904761905,45.238095238095234,45.075,4.9603174603174605,14.880952380952381,75.59523809523809,43.29671776916919,29.10215355957882
2023-01-10,32.283597883597885,6.15079365079365,12.896825396825399,45.833333333333336,48.550000000000004,24.00793650793651,13.293650793650794,78.37301587301587,42.312647820492,32.219497754869344
2023-01-11,33.631657848324515,8.531746031746032,27.579365079365083,43.05555555555556,47.275,15.277777777777779,17.658730158730158,68.45238095238095,43.50591949936737,31.309112858701145
2023-01-12,41.90846560846561,1.3888888888888888,40.67460317460318,51.58730158730159,55.85000000000001,27.976190476190478,25.198412698412696,77.97619047619048,44.59867839915205,32.603472728089216
2023-01-13,38.8042328042328,0.992063492063492,25.198412698412696,53.37301587301587,58.24999999999999,21.23015873015873,27.976190476190478,78.76984126984127,43.312453980683316,31.997592309323718
2023-01-17,31.531216931216928,0.5952380952380952,8.134920634920634,49.6031746031746,53.2,11.706349206349206,29.563492063492063,69.64285714285714,41.37057675556073,30.795961439104147
2023-01-18,29.110052910052907,0.1984126984126984,10.515873015873016,44.64285714285714,49.15,8.531746031746032,29.166666666666668,60.11904761904761,41.94978488970797,30.09651462745963
2023-01-19,28.98800705467372,4.9603174603174605,4.9603174603174605,44.84126984126984,48.7,14.087301587301587,23.61111111111111,66.07142857142857,40.66695875609628,30.975863857001762
2023-01-20,24.747795414462082,1.3888888888888888,1.3888888888888888,29.960317460317462,50.74999999999999,27.18253968253968,21.626984126984127,38.2936507936508,38.488199490419994,32.41671484390473
2023-01-23,47.01446208112875,0.992063492063492,75.9920634920635,31.547619047619044,50.95,73.61111111111111,25.198412698412696,37.89682539682539,47.73829755266206,36.61403881391204
2023-01-24,41.938271604938265,1.3888888888888888,50.198412698412696,33.333333333333336,54.0,67.65873015873017,27.976190476190478,38.69047619047619,45.39236328038008,35.93528860914671
2023-01-25,49.214462081128744,0.1984126984126984,68.45238095238095,39.28571428571429,54.60000000000001,78.76984126984127,35.51587301587302,43.05555555555556,46.918089653955,37.0441682702835
2023-01-26,55.55573192239859,4.166666666666666,87.10317460317461,50.0,56.35,58.92857142857143,48.214285714285715,51.78571428571429,48.98005311694781,35.14986684981622
2023-01-27,68.80723104056437,21.23015873015873,98.61111111111111,62.698412698412696,57.44999999999999,97.81746031746032,56.94444444444444,68.45238095238095,52.47718725613656,41.93048598803523
2023-01-30,62.147795414462074,31.150793650793652,84.72222222222221,60.71428571428571,50.3,75.9920634920635,54.96031746031746,66.46825396825396,48.6542696912988,36.72412030317763
2023-01-31,40.261022927689595,21.23015873015873,24.801587301587304,56.34920634920635,53.00000000000001,16.46825396825397,59.32539682539682,53.37301587301587,43.13030868989218,31.26412893383015
2023-02-01,63.411640211640204,24.00793650793651,83.13492063492063,60.11904761904762,60.64999999999999,78.76984126984127,63.29365079365079,56.94444444444444,48.45519433025238,36.96135977930417
2023-02-02,58.09100529100529,57.341269841269835,41.46825396825397,58.13492063492063,56.35,95.43650793650794,63.69047619047619,52.57936507936508,44.53585998130226,40.72156877523669
2023-02-03,68.98518518518519,59.32539682539682,86.70634920634922,57.34126984126984,58.35000000000001,99.40476190476191,61.30952380952381,53.37301587301587,48.92669582523676,43.34195336610022
2023-02-06,67.82910052910051,69.24603174603175,74.8015873015873,65.87301587301587,52.85,88.29365079365078,65.27777777777779,66.46825396825396,47.71316412785595,38.56862367317012
2023-02-07,77.98800705467372,78.37301587301587,94.64285714285714,74.2063492063492,56.7,98.21428571428571,66.07142857142857,82.34126984126983,50.37365317483176,41.80793337068894
2023-02-08,72.14832451499119,69.64285714285714,83.53174603174604,69.84126984126985,51.85000000000001,99.40476190476191,66.07142857142857,73.61111111111111,48.61360116670813,42.96552010155117
2023-02-09,67.70520282186949,69.24603174603175,66.07142857142857,70.83333333333334,48.224999999999994,99.0079365079365,64.88095238095238,76.78571428571429,46.88989527772873,42.56785345984797
2023-02-10,69.30432098765431,74.40476190476191,77.18253968253968,68.84920634920636,48.675,91.07142857142857,59.72222222222222,77.97619047619048,47.9011668282366,39.3461262734814
2023-02-13,70.82081128747795,79.56349206349206,87.89682539682539,63.2936507936508,49.15,93.84920634920636,61.70634920634921,64.88095238095238,49.07255252576698,40.30692793303342
2023-02-14,75.54973544973545,80.75396825396825,99.8015873015873,63.0952380952381,55.45,99.40476190476191,58.53174603174603,67.65873015873017,53.6802305901051,43.189108831412135
2023-02-15,74.01252204585538,67.26190476190477,94.64285714285714,66.66666666666666,58.849999999999994,91.86507936507937,60.912698412698404,72.42063492063492,50.62339623251133,39.996271603705836
2023-02-16,72.85529100529101,66.07142857142857,98.21428571428571,66.86507936507937,49.574999999999996,93.45238095238095,61.30952380952381,72.42063492063492,52.619278235997115,40.342268694889434
2023-02-17,64.36278659611993,60.51587301587301,78.37301587301587,63.09523809523809,49.95,72.81746031746032,66.46825396825396,59.72222222222222,48.26262683606385,36.695838503513016
2023-02-21,55.50432098765432,56.15079365079365,66.07142857142857,56.74603174603175,42.824999999999996,55.35714285714286,57.341269841269835,56.15079365079365,47.07739041819935,34.92598161796365
2023-02-22,60.58844797178131,61.70634920634921,90.67460317460318,46.03174603174603,44.275000000000006,75.59523809523809,51.388888888888886,40.67460317460318,49.45807083884671,36.9355372210664
2023-02-23,61.668253968253964,65.27777777777779,95.83333333333334,38.095238095238095,47.15,89.48412698412699,45.03968253968254,31.150793650793652,51.72058299041825,39.65143700157135
2023-02-24,49.380864197530855,50.0,71.23015873015873,32.34126984126984,45.824999999999996,63.29365079365079,41.07142857142857,23.61111111111111,47.52940752924787,35.83776100707075
2023-02-27,50.067460317460316,50.0,75.9920634920635,30.158730158730158,47.625,62.89682539682539,39.08730158730159,21.23015873015873,47.89942330633747,35.69184739017901
2023-02-28,29.835978835978835,50.0,12.103174603174603,28.57142857142857,48.25,12.103174603174603,37.5,19.642857142857142,42.04731939414242,30.778317962222285
2023-03-01,47.84797178130511,61.30952380952381,70.43650793650794,24.007936507936506,48.550000000000004,59.32539682539682,36.30952380952381,11.706349206349206,47.49371708510115,35.24100761549181
2023-03-02,55.878835978835966,70.03968253968253,92.26190476190477,23.80952380952381,52.050000000000004,72.81746031746032,34.32539682539682,13.293650793650794,49.85491198235845,36.78219388417222
2023-03-03,52.6037037037037,50.0,74.0079365079365,28.373015873015873,57.550000000000004,75.1984126984127,45.43650793650794,11.30952380952381,47.806994481943235,36.960288740775596
2023-03-06,48.656437389770716,50.0,62.10317460317461,30.555555555555557,56.95,58.13492063492064,47.817460317460316,13.293650793650794,46.87145661975762,35.190356757558725
2023-03-07,46.77389770723104,50.0,54.563492063492056,32.93650793650794,52.050000000000004,58.92857142857143,49.801587301587304,16.071428571428573,46.34078571720943,35.34640517889139
2023-03-08,60.40246913580247,67.65873015873017,91.07142857142857,37.10317460317461,54.45,73.61111111111111,53.37301587301587,20.833333333333336,49.694868184902816,36.88709354870617
2023-03-09,44.07469135802469,50.0,52.182539682539684,34.523809523809526,43.475,51.78571428571429,49.007936507936506,20.03968253968254,46.09952378742399,34.840056519486446
2023-03-10,33.51058201058201,50.0,26.38888888888889,28.96825396825397,38.0,35.91269841269841,36.30952380952381,21.626984126984127,43.51863937240639,33.412446881025225
2023-03-13,31.18818342151675,50.0,32.34126984126984,26.58730158730159,33.7,18.849206349206348,29.166666666666668,24.00793650793651,44.18053653233452,31.77869990236164
2023-03-14,32.76022927689594,97.81746031746032,6.547619047619048,27.38095238095238,40.675,20.436507936507937,31.150793650793652,23.61111111111111,41.1158918350864,31.90555074315549
2023-03-15,26.65943562610229,50.0,5.753968253968254,27.182539682539684,34.64999999999999,27.579365079365083,34.32539682539682,20.03968253968254,40.8781242387277,32.55131496326332
2023-03-16,39.9173721340388,50.0,30.753968253968257,32.73809523809524,42.525000000000006,64.48412698412699,47.023809523809526,18.452380952380953,43.985820709086894,35.930534798412054
2023-03-17,27.450352733686064,50.0,10.119047619047619,34.32539682539682,36.224999999999994,1.3888888888888888,57.738095238095234,10.912698412698413,41.801623139726715,27.034757953354966
2023-03-20,48.069223985890645,99.40476190476191,42.26190476190476,37.89682539682539,39.625,55.75396825396825,70.03968253968253,5.753968253968254,44.916150732747184,35.08728791550235
2023-03-21,58.029629629629625,99.0079365079365,63.29365079365079,41.46825396825397,46.550000000000004,79.16666666666666,77.18253968253968,5.753968253968254,46.943647983640666,37.38219085052376
2023-03-22,66.9763668430335,99.8015873015873,95.43650793650794,42.261904761904766,44.349999999999994,96.62698412698413,77.97619047619048,6.547619047619048,51.63745646711282,41.47766533169504
2023-03-23,55.758994708994706,99.8015873015873,50.198412698412696,43.45238095238095,43.475,84.32539682539682,75.1984126984127,11.706349206349206,45.9252036316027,38.362346258282734
2023-03-24,49.95925925925926,99.40476190476191,34.72222222222222,46.82539682539682,45.650000000000006,49.007936507936506,75.9920634920635,17.658730158730158,44.31554552880076,34.628228981288785
2023-03-27,51.606701940035265,99.0079365079365,43.05555555555556,47.61904761904762,48.5,39.48412698412698,76.38888888888889,18.849206349206348,45.12247763850981,33.68211955124318
2023-03-28,54.927513227513224,98.61111111111111,61.30952380952381,43.25396825396825,50.150000000000006,43.05555555555556,66.46825396825396,20.03968253968254,46.81269996350642,34.2887250450033
2023-03-29,63.169135802469135,98.61111111111111,90.67460317460318,42.26190476190476,54.39999999999999,52.976190476190474,65.67460317460318,18.849206349206348,49.51808684212208,34.87805336476132
2023-03-30,62.17795414462081,98.21428571428571,73.61111111111111,47.817460317460316,54.900000000000006,60.912698412698404,77.57936507936508,18.055555555555554,47.77892269395902,35.366777848669486
2023-03-31,64.71604938271605,97.81746031746032,84.72222222222221,44.04761904761905,56.50000000000001,70.03968253968253,78.37301587301587,9.722222222222223,48.873696747198814,36.492108651275835
2023-04-03,54.366843033509696,98.61111111111111,47.42063492063492,45.03968253968254,57.24999999999999,46.230158730158735,79.56349206349206,10.515873015873016,45.45138267472519,34.459822823542936
2023-04-04,49.67813051146384,99.8015873015873,34.72222222222222,46.23015873015873,55.0,29.166666666666668,82.34126984126983,10.119047619047619,44.25859316517739,32.79120243101149
2023-04-05,50.16243386243386,99.8015873015873,33.92857142857143,47.02380952380952,54.60000000000001,33.53174603174603,82.73809523809523,11.30952380952381,44.22208204960108,33.058480741893035
2023-04-06,56.36331569664903,99.8015873015873,41.86507936507937,46.42857142857142,58.00000000000001,68.45238095238095,81.15079365079364,11.706349206349206,44.79858415610561,36.195350863381165
2023-04-10,70.50070546737214,99.0079365079365,91.86507936507937,52.77777777777778,55.150000000000006,83.13492063492063,87.10317460317461,18.452380952380953,49.660771935581636,37.82348155979476
2023-04-11,56.51146384479717,98.61111111111111,52.976190476190474,50.0,54.49999999999999,45.03968253968254,85.51587301587301,14.484126984126986,45.949435298267474,34.38625197137574
2023-04-12,63.9079365079365,98.61111111111111,74.0079365079365,50.198412698412696,54.55,68.84920634920636,86.30952380952381,14.087301587301587,47.76100002175154,36.36254118696334
2023-04-13,55.39858906525573,99.40476190476191,49.404761904761905,44.84126984126984,61.0,43.84920634920635,85.11904761904762,4.563492063492063,45.48611277575873,34.312323788732165
2023-04-14,48.118871252204585,99.8015873015873,10.515873015873016,44.64285714285714,64.65,49.007936507936506,85.9126984126984,3.373015873015873,41.93420925152549,34.51611482336715
2023-04-17,46.42239858906525,98.61111111111111,13.293650793650794,43.25396825396825,65.25,32.34126984126984,83.13492063492063,3.373015873015873,42.158558082959665,32.992819882064964
2023-04-18,48.69417989417989,98.21428571428571,14.880952380952381,45.43650793650793,65.85000000000001,42.26190476190476,88.29365079365078,2.579365079365079,42.362186183251566,34.14732355800682
2023-04-19,52.897178130511456,98.61111111111111,29.563492063492063,43.45238095238095,67.69999999999999,52.57936507936508,85.51587301587301,1.3888888888888888,43.79869721482349,34.71540383873817
2023-04-20,66.85696649029981,96.62698412698413,88.29365079365078,43.65079365079365,64.14999999999999,69.24603174603175,83.13492063492063,4.166666666666666,49.18477920938669,36.38528565803718
2023-04-21,46.159435626102294,96.62698412698413,20.436507936507937,41.07142857142858,66.15,22.42063492063492,81.54761904761905,0.5952380952380952,42.877357670279984,32.03226024162687
2023-04-24,55.704232804232795,96.62698412698413,51.388888888888886,38.492063492063494,65.55,55.35714285714286,76.38888888888889,0.5952380952380952,45.87188923164859,34.9233365680821
2023-04-25,49.52592592592592,97.02380952380952,49.404761904761905,34.12698412698413,56.199999999999996,35.11904761904761,68.05555555555556,0.1984126984126984,45.5785543167822,33.17077990963735
2023-04-26,57.19717813051145,99.8015873015873,63.29365079365079,30.952380952380953,55.8,83.92857142857143,61.70634920634921,0.1984126984126984,46.85315758867748,37.83102983559215
2023-04-27,56.0336860670194,99.8015873015873,44.642857142857146,31.746031746031743,64.85,90.27777777777779,63.29365079365079,0.1984126984126984,45.2327908524014,39.29616210595445
2023-04-28,52.17566137566137,98.21428571428571,39.88095238095239,32.142857142857146,71.1,52.976190476190474,64.0873015873016,0.1984126984126984,44.6700639391566,34.733299077802435
2023-05-01,58.58835978835978,99.0079365079365,57.738095238095234,35.317460317460316,69.60000000000001,67.65873015873017,70.43650793650794,0.1984126984126984,46.367226992392865,35.99400454591781
2023-05-02,44.971075837742504,99.8015873015873,26.38888888888889,34.92063492063492,61.099999999999994,25.198412698412696,69.64285714285714,0.1984126984126984,43.62929306451524,32.2638872590865
2023-05-03,43.070194003527334,50.0,27.579365079365083,41.07142857142858,58.300000000000004,42.65873015873016,80.35714285714286,1.7857142857142856,43.719386520309214,34.19777611867857
2023-05-04,35.0910934744268,50.0,22.817460317460316,37.5,49.775,8.134920634920634,72.81746031746032,2.1825396825396823,43.22931592011054,30.167344310211547
2023-05-05,64.63015873015873,98.61111111111111,87.10317460317461,37.301587301587304,64.05,68.84920634920636,72.42063492063492,2.1825396825396823,49.129985810413466,36.026451372863136
2023-05-08,63.4084656084656,98.21428571428571,83.53174603174604,36.507936507936506,65.1,65.67460317460318,71.62698412698413,1.3888888888888888,48.70449244222309,35.90012546515296
2023-05-09,45.46772486772487,50.0,43.452380952380956,38.88888888888889,61.449999999999996,32.73809523809524,74.8015873015873,2.976190476190476,44.918381195304256,32.96923486355026
2023-05-10,67.37707231040564,99.0079365079365,83.13492063492063,40.476190476190474,65.29999999999998,89.0873015873016,80.75396825396825,0.1984126984126984,48.66072461065342,38.6920221372561
2023-05-11,56.56366843033509,99.8015873015873,30.357142857142854,42.26190476190476,65.35,91.07142857142857,84.32539682539682,0.1984126984126984,43.86450710464389,39.3924945927379
2023-05-12,69.5037037037037,99.40476190476191,87.89682539682539,44.64285714285714,64.85,86.70634920634922,88.29365079365078,0.992063492063492,49.16966349207314,38.42520879860701
2023-05-15,57.91781305114638,96.62698412698413,61.70634920634921,46.82539682539683,64.4,31.944444444444443,89.0873015873016,4.563492063492063,46.52130769762065,32.915076333334646
2023-05-16,63.256261022927696,50.0,87.5,46.230158730158735,60.05000000000001,85.51587301587301,86.70634920634922,5.753968253968254,49.13254978464402,37.95474511829596
2023-05-17,66.08800705467371,99.8015873015873,85.11904761904762,44.44444444444444,65.65,60.11904761904761,84.32539682539682,4.563492063492063,48.89417731719017,35.183222743742135
2023-05-18,73.61287477954144,99.8015873015873,93.45238095238095,48.80952380952381,69.75,89.88095238095238,93.05555555555556,4.563492063492063,50.06134255172343,39.196984337886505
2023-05-19,67.83015873015873,99.8015873015873,82.73809523809523,46.42857142857143,65.95000000000002,74.0079365079365,92.65873015873017,0.1984126984126984,48.74166329386875,36.6790767822954
2023-05-22,69.7005291005291,99.0079365079365,84.32539682539682,48.61111111111111,63.949999999999996,85.9126984126984,97.02380952380952,0.1984126984126984,48.87926930345591,38.30384156325513
2023-05-23,67.72680776014109,98.61111111111111,91.07142857142857,48.80952380952381,57.349999999999994,67.65873015873017,97.42063492063492,0.1984126984126984,49.60012907977532,35.95277108817951
2023-05-24,70.37574955908289,99.40476190476191,99.0079365079365,49.404761904761905,49.925,87.89682539682539,98.21428571428571,0.5952380952380952,52.913037597988776,38.67036597402154
2023-05-25,72.95731922398588,99.8015873015873,99.8015873015873,49.6031746031746,54.3,99.8015873015873,98.21428571428571,0.992063492063492,58.37173137396247,43.705538094987986
2023-05-26,74.5,99.8015873015873,99.8015873015873,50.7936507936508,60.25,98.21428571428571,98.61111111111111,2.976190476190476,60.15629138228205,42.704080258097065
2023-05-30,75.97037037037036,99.8015873015873,99.0079365079365,54.36507936507937,62.699999999999996,97.42063492063492,99.8015873015873,8.928571428571429,58.32354837501551,42.50482997109005
2023-05-31,61.94497354497354,99.8015873015873,78.76984126984127,53.57142857142857,60.29999999999999,18.849206349206348,99.8015873015873,7.341269841269842,48.50358939204858,31.65879196431993
2023-06-01,76.52645502645501,99.8015873015873,98.61111111111111,52.77777777777778,71.75,89.88095238095238,99.8015873015873,5.753968253968254,53.85919759663129,39.60261229517412
2023-06-02,74.82716049382717,97.81746031746032,93.84920634920636,51.19047619047619,77.0,80.35714285714286,99.8015873015873,2.579365079365079,51.01459632427441,37.44520921465532
2023-06-05,77.37231040564374,97.42063492063492,98.61111111111111,51.19047619047619,76.35,95.43650793650794,99.8015873015873,2.579365079365079,54.2148905396023,41.329186900421185
2023-06-06,76.57442680776013,97.02380952380952,95.03968253968253,50.5952380952381,80.19999999999999,89.88095238095238,99.40476190476191,1.7857142857142856,51.7697239032335,39.39430293512993
2023-06-07,78.33827160493826,93.84920634920636,98.21428571428571,51.98412698412699,80.3,98.21428571428571,99.8015873015873,4.166666666666666,53.873727959806295,42.75528293474127
2023-06-08,78.66049382716048,94.24603174603175,98.61111111111111,52.38095238095238,81.75,95.83333333333334,99.0079365079365,5.753968253968254,54.636073913416205,41.67053334323973
2023-06-09,78.48253968253968,93.05555555555556,99.40476190476191,50.992063492063494,80.85,99.8015873015873,97.81746031746032,4.166666666666666,58.62351402557854,45.620205648587216
2023-06-12,75.47389770723103,89.88095238095238,98.21428571428571,50.0,74.95,93.05555555555556,98.21428571428571,1.7857142857142856,57.14445584693981,40.46742380259721
2023-06-13,76.33721340388007,85.51587301587301,98.21428571428571,50.992063492063494,76.95,98.21428571428571,99.8015873015873,2.1825396825396823,58.20936214798499,43.051278921748604
2023-06-14,76.39876543209876,80.75396825396825,97.42063492063492,51.38888888888889,80.6,96.62698412698413,99.8015873015873,2.976190476190476,54.97524128256228,42.675915785342546
2023-06-15,75.29100529100529,79.96031746031747,97.42063492063492,50.7936507936508,77.5,95.43650793650794,99.8015873015873,1.7857142857142856,56.04045434115898,42.08045811415236
2023-06-16,69.36913580246915,77.97619047619048,87.5,50.1984126984127,82.30000000000001,56.15079365079365,99.8015873015873,0.5952380952380952,49.81031242843684,35.140016958476046
2023-06-20,74.3705467372134,79.56349206349206,94.64285714285714,50.1984126984127,80.6,88.69047619047619,99.8015873015873,0.5952380952380952,53.43057171737574,39.821916493164906
2023-06-21,76.69135802469134,79.16666666666666,97.42063492063492,49.6031746031746,84.0,99.40476190476191,99.0079365079365,0.1984126984126984,57.143671672435204,44.8578670071732
2023-06-22,76.96948853615518,79.16666666666666,97.81746031746032,49.2063492063492,85.45,99.40476190476191,98.21428571428571,0.1984126984126984,57.18124040658954,44.942584743324716
2023-06-23,64.63015873015873,77.57936507936508,71.62698412698413,49.007936507936506,82.8,48.214285714285715,97.81746031746032,0.1984126984126984,48.22603687096752,34.58175799861931
2023-06-26,74.68694885361552,72.81746031746032,96.23015873015873,50.0,78.75,99.40476190476191,97.02380952380952,2.976190476190476,55.71114767189466,45.29392213674805
2023-06-27,74.45996472663138,73.61111111111111,93.05555555555556,51.19047619047619,81.3,94.24603174603175,98.21428571428571,4.166666666666666,52.92662586250177,42.22653263391077
2023-06-28,75.99488536155202,75.9920634920635,95.03968253968253,52.38095238095238,82.85,95.03968253968253,99.0079365079365,5.753968253968254,54.561717065100936,42.638139458936124
2023-06-29,72.63192239858907,74.0079365079365,88.69047619047619,52.57936507936508,82.30000000000001,79.96031746031747,98.61111111111111,6.547619047619048,51.35850951913261,38.44211323293701
2023-06-30,71.42998236331569,74.8015873015873,86.30952380952381,51.785714285714285,82.05,75.9920634920635,99.0079365079365,4.563492063492063,50.405664001844805,37.64020474031924
2023-07-03,76.47865961199294,74.0079365079365,96.62698412698413,52.57936507936508,82.15,99.0079365079365,99.8015873015873,5.357142857142857,56.10339630915795,44.95566122416558
2023-07-05,68.59188712522045,73.21428571428571,72.02380952380952,52.38095238095238,79.1,84.72222222222221,99.8015873015873,4.9603174603174605,48.61251717725135,39.49695457323932
2023-07-06,65.49435626102293,70.83333333333334,68.45238095238095,51.38888888888889,72.80000000000001,81.94444444444444,99.40476190476191,3.373015873015873,48.21278695813396,39.112083832909164
2023-07-07,65.02574955908288,68.84920634920636,69.64285714285714,50.1984126984127,75.85,74.8015873015873,99.8015873015873,0.5952380952380952,48.387682972740365,37.69028999973423
2023-07-10,70.51305114638447,60.11904761904761,90.27777777777779,50.3968253968254,74.65,93.45238095238095,99.0079365079365,1.7857142857142856,52.29344259254176,42.32430994643968
2023-07-11,63.89029982363316,62.89682539682539,70.83333333333334,50.3968253968254,75.8,67.65873015873017,97.81746031746032,2.976190476190476,48.53100597024359,36.83848405487733
2023-07-12,71.1989417989418,68.45238095238095,86.30952380952381,51.1904761904762,82.30000000000001,81.54761904761905,99.40476190476191,2.976190476190476,50.82796811006669,38.76766298875964
2023-07-13,68.87248677248677,69.24603174603175,73.21428571428571,50.3968253968254,81.95,89.0873015873016,99.0079365079365,1.7857142857142856,48.741205150522894,40.54395336338908
2023-07-14,75.21305114638447,68.45238095238095,91.46825396825396,53.17460317460318,83.3,99.40476190476191,99.8015873015873,6.547619047619048,52.7283419002613,45.404851451602156
2023-07-17,74.88112874779542,68.05555555555556,91.46825396825396,54.761904761904766,82.6,93.45238095238095,99.8015873015873,9.722222222222223,52.787212305970414,42.547594949722686
2023-07-18,74.1331569664903,70.03968253968253,86.70634920634922,53.76984126984127,83.5,95.43650793650794,99.8015873015873,7.738095238095238,51.29687756719514,42.82532985111378
2023-07-19,74.45978835978835,68.84920634920636,88.29365079365078,54.96031746031746,81.2,97.42063492063492,99.8015873015873,10.119047619047619,51.79101561527983,43.81710589011218
2023-07-20,74.51287477954145,66.07142857142857,89.0873015873016,56.54761904761905,80.05,96.62698412698413,99.8015873015873,13.293650793650794,52.12514257511578,43.424829783421224
2023-07-21,75.56349206349206,64.48412698412699,94.24603174603175,55.75396825396825,82.0,95.83333333333334,99.0079365079365,12.5,54.370678607859105,43.33065090242471
2023-07-24,68.16437389770722,65.27777777777779,73.21428571428571,52.976190476190474,80.45,81.94444444444444,97.81746031746032,8.134920634920634,48.88002728252479,39.42599448369683
2023-07-25,62.9068783068783,66.07142857142857,51.78571428571429,53.96825396825397,80.7,73.21428571428571,97.42063492063492,10.515873015873016,46.74351992867082,37.75496503468891
2023-07-26,62.59312169312169,63.29365079365079,40.67460317460318,54.36507936507936,84.05,87.5,97.02380952380952,11.706349206349206,45.43482724081361,41.10316346496033
2023-07-27,60.15731922398588,61.70634920634921,45.03968253968254,54.960317460317455,77.95,68.84920634920636,97.02380952380952,12.896825396825399,45.95804228608849,37.30103841130305
2023-07-28,67.72857142857143,62.5,71.23015873015873,55.952380952380956,83.35,70.03968253968253,97.42063492063492,14.484126984126986,48.79172133198,37.361289390502165
2023-07-31,50.59629629629629,62.5,23.214285714285715,56.74603174603175,81.85,12.5,98.21428571428571,15.277777777777779,43.54470381744754,31.004795596316427
2023-08-01,57.16331569664903,63.29365079365079,41.86507936507937,56.94444444444444,80.35,35.91269841269841,96.23015873015873,17.658730158730158,45.454550555473574,33.43585298295903
2023-08-02,66.75626102292769,52.976190476190474,87.5,52.97619047619048,69.55,74.8015873015873,92.26190476190477,13.690476190476192,51.812840806677876,38.148201798674464
2023-08-03,64.29964726631393,54.96031746031746,80.75396825396825,53.769841269841265,70.4,60.11904761904761,91.07142857142857,16.46825396825397,49.934623471252614,36.33687194543727
2023-08-04,68.52204585537919,54.563492063492056,94.24603174603175,51.98412698412699,64.5,88.69047619047619,89.48412698412699,14.484126984126986,54.417090180819194,41.6690604580107
2023-08-07,68.89753086419753,53.769841269841265,87.89682539682539,53.968253968253975,71.15,86.30952380952381,86.70634920634922,21.23015873015873,52.0637995166484,40.69608058064797
2023-08-08,60.49611992945326,54.563492063492056,58.13492063492064,53.96825396825397,70.05,71.62698412698413,86.30952380952381,21.626984126984127,47.65753426475,37.63010833401856
2023-08-09,67.09911816578483,52.57936507936508,82.34126984126983,53.17460317460317,70.19999999999999,86.70634920634922,84.72222222222221,21.626984126984127,50.45508154008933,40.72921954781594
2023-08-10,66.20723104056437,49.801587301587304,83.13492063492063,50.39682539682539,70.75,87.10317460317461,85.9126984126984,14.880952380952381,50.57458110174855,41.21014971672401
2023-08-11,70.19541446208112,47.42063492063492,89.48412698412699,53.57142857142857,75.8,93.05555555555556,84.32539682539682,22.817460317460316,52.596774305658634,42.684486531671176
2023-08-14,71.38606701940036,51.388888888888886,87.10317460317461,56.15079365079365,75.9,96.62698412698413,83.53174603174604,28.76984126984127,51.86124340308738,43.67393116966956
2023-08-15,66.12469135802468,57.738095238095234,74.0079365079365,52.976190476190474,67.69999999999999,95.03968253968253,82.34126984126983,23.61111111111111,49.127402979623916,43.190049996541255
2023-08-16,63.87319223985891,49.007936507936506,72.42063492063492,50.992063492063494,66.1,95.83333333333334,79.56349206349206,22.42063492063492,48.94881834859962,43.36375458889618
2023-08-17,56.31269841269841,50.99206349206349,56.547619047619044,46.03174603174603,60.55,83.53174603174604,78.76984126984127,13.293650793650794,47.2149544148161,40.57480865817942
2023-08-18,61.31128747795413,49.007936507936506,79.16666666666666,42.26190476190476,63.49999999999999,90.67460317460318,78.37301587301587,6.15079365079365,49.83091084029041,42.63305207746201
2023-08-21,63.32998236331569,53.37301587301587,83.92857142857143,40.07936507936508,64.35000000000001,99.8015873015873,78.37301587301587,1.7857142857142856,51.09434470926163,49.58738475676703
2023-08-22,66.7705467372134,57.738095238095234,93.05555555555556,42.460317460317455,65.15,99.40476190476191,78.76984126984127,6.15079365079365,54.06123847885894,46.07131257737277
2023-08-23,66.56984126984126,59.32539682539682,85.51587301587301,43.05555555555555,70.1,99.40476190476191,79.16666666666666,6.944444444444445,51.77071105132127,47.34806967000998
2023-08-24,67.59523809523809,50.99206349206349,96.62698412698413,45.43650793650794,64.0,99.8015873015873,79.56349206349206,11.30952380952381,56.82511614882442,50.60577371288696
2023-08-25,69.54867724867724,45.03968253968254,97.81746031746032,47.817460317460316,71.6,98.61111111111111,78.76984126984127,16.865079365079367,57.49642014422665,47.063895456783555
2023-08-28,70.17125220458553,40.67460317460318,95.83333333333334,50.595238095238095,74.6,98.21428571428571,81.15079365079364,20.03968253968254,56.7065385116874,46.46440525965721
2023-08-29,69.70282186948853,42.65873015873016,94.64285714285714,47.22222222222222,77.75,98.21428571428571,81.94444444444444,12.5,55.96074020556314,46.89178264527955
2023-08-30,70.84320987654321,39.48412698412698,97.81746031746032,47.817460317460316,80.6,97.81746031746032,82.73809523809523,12.896825396825399,57.80169560567998,46.59887503961385
2023-08-31,66.44779541446209,41.07142857142857,89.0873015873016,48.80952380952381,82.15,68.05555555555556,83.92857142857143,13.690476190476192,53.01543789648531,37.99202408099475
2023-09-01,71.19188712522046,49.007936507936506,93.45238095238095,50.198412698412696,84.55,85.11904761904762,87.5,12.896825396825399,55.087706603155596,42.12421075930783
2023-09-05,65.42980599647265,53.769841269841265,81.15079365079364,47.61904761904762,79.95,70.03968253968253,86.70634920634922,8.531746031746032,51.439911365063416,38.51601038434349
2023-09-06,66.15343915343915,54.166666666666664,84.32539682539682,46.62698412698413,77.75,77.18253968253968,83.13492063492063,10.119047619047619,52.05088286664715,39.921667024318424
2023-09-07,67.04673721340387,64.0873015873016,85.9126984126984,44.24603174603175,78.0,78.76984126984127,81.94444444444444,6.547619047619048,52.50328081944875,40.47784470210403
2023-09-08,66.56666666666666,61.70634920634921,83.13492063492063,43.05555555555556,80.8,80.35714285714286,80.35714285714286,5.753968253968254,52.00949838529849,40.72597843831514
2023-09-11,69.94003527336861,61.70634920634921,93.84920634920636,40.87301587301587,81.0,95.43650793650794,80.35714285714286,1.3888888888888888,55.83320382507162,45.11164266064507
2023-09-12,67.56631393298059,56.94444444444444,92.26190476190477,41.26984126984127,78.85,85.11904761904762,81.54761904761905,0.992063492063492,54.69668829474712,42.30693004673583
2023-09-13,64.9384479717813,63.29365079365079,77.18253968253968,41.86507936507937,82.6,75.9920634920635,81.94444444444444,1.7857142857142856,50.94880149093491,39.9974743163955
2023-09-14,61.35079365079365,58.92857142857143,66.46825396825396,41.07142857142857,85.9,65.27777777777779,81.94444444444444,0.1984126984126984,49.02944441746641,38.18047574832187
2023-09-15,48.98553791887125,56.15079365079365,35.11904761904761,40.67460317460317,81.05000000000001,30.357142857142854,81.15079365079364,0.1984126984126984,45.225963841836325,33.111294744459286
2023-09-18,65.83774250440918,59.72222222222222,87.5,39.285714285714285,80.0,79.96031746031747,78.37301587301587,0.1984126984126984,52.979260133052094,40.95163853992615
2023-09-19,60.40246913580246,57.738095238095234,74.8015873015873,37.5,79.45,64.88095238095238,74.0079365079365,0.992063492063492,50.492884956401916,38.18729089082512
2023-09-20,62.91763668430334,56.547619047619044,82.34126984126983,37.89682539682539,74.3,82.73809523809523,75.59523809523809,0.1984126984126984,52.01683839411946,41.79703183515016
2023-09-21,57.62751322751322,50.0,80.75396825396825,36.30952380952381,62.300000000000004,73.61111111111111,72.02380952380952,0.5952380952380952,51.86115828721979,39.75898549869983
2023-09-22,59.04144620811287,50.0,80.35714285714286,36.50793650793651,64.0,83.13492063492063,70.83333333333334,2.1825396825396823,51.83493412076318,41.91280128866743
2023-09-25,58.95590828924162,60.11904761904761,75.9920634920635,36.11111111111111,65.5,79.16666666666666,69.64285714285714,2.579365079365079,51.046501488144834,41.059505576971006
2023-09-26,53.272134038800715,50.0,70.83333333333334,36.507936507936506,55.3,67.65873015873017,70.43650793650794,2.579365079365079,50.05129926192408,39.04612529706501
2023-09-27,54.072134038800705,50.0,66.46825396825396,35.714285714285715,58.900000000000006,78.76984126984127,68.05555555555556,3.373015873015873,49.26811025325452,41.00087321639026
2023-09-28,57.386772486772486,50.0,78.37301587301587,38.492063492063494,63.3,67.65873015873017,70.43650793650794,6.547619047619048,51.74603613374333,39.13448225135276
2023-09-29,57.58359788359788,50.0,73.61111111111111,42.06349206349206,62.4,70.03968253968253,71.62698412698413,12.5,50.670650595771036,39.40751896964927
2023-10-02,56.072663139329805,50.0,62.10317460317461,46.82539682539683,61.95,66.07142857142857,77.97619047619048,15.674603174603174,48.9952608181043,38.82721239045305
2023-10-03,51.54514991181658,50.0,55.35714285714286,50.3968253968254,51.099999999999994,49.801587301587304,77.97619047619048,22.817460317460316,48.524438307504205,36.595003589032416
2023-10-04,58.58835978835979,50.0,64.88095238095238,55.75396825396825,57.10000000000001,66.07142857142857,80.75396825396825,30.753968253968257,49.206084855956405,38.90986256174767
2023-10-05,56.042857142857144,50.0,55.35714285714286,56.150793650793645,57.550000000000004,60.11904761904761,79.16666666666666,33.13492063492063,48.556114692099214,38.14843114808465
2023-10-06,58.300705467372126,50.0,60.11904761904761,56.547619047619044,62.75000000000001,59.32539682539682,78.76984126984127,34.32539682539682,48.896045725239134,38.00018292060432
2023-10-09,57.758377425044095,50.0,55.75396825396825,55.75396825396825,61.50000000000001,68.05555555555556,81.94444444444444,29.563492063492063,48.61782839451493,39.23361914401092
2023-10-10,61.78765432098765,50.0,65.67460317460318,60.317460317460316,64.85,64.0873015873016,85.51587301587301,35.11904761904761,49.33887711058647,38.688207365320295
2023-10-11,58.863844797178125,50.0,42.26190476190476,61.507936507936506,69.55,71.62698412698413,87.10317460317461,35.91269841269841,46.78517442322172,39.665594573921034
2023-10-12,65.9132275132275,50.0,72.42063492063492,64.28571428571428,66.54999999999998,72.42063492063492,87.89682539682539,40.67460317460318,50.51010640209825,39.79365619991709
2023-10-13,55.98042328042328,50.0,44.642857142857146,67.46031746031746,53.4,55.35714285714286,88.29365079365078,46.62698412698413,46.9657958287515,37.73384846691376
2023-10-16,56.86984126984126,50.0,45.83333333333333,65.47619047619048,63.949999999999996,45.83333333333333,86.30952380952381,44.642857142857146,47.44872327665991,36.48215842094706
2023-10-17,69.28677248677249,50.0,85.51587301587301,65.67460317460318,60.6,84.32539682539682,83.13492063492063,48.214285714285715,52.691096311334974,42.19806966723324
2023-10-18,59.83932980599647,50.0,60.912698412698404,63.888888888888886,53.900000000000006,67.26190476190477,82.73809523809523,45.03968253968254,49.04841299658931,39.33263985365316
2023-10-19,60.333333333333336,50.0,66.86507936507937,62.1031746031746,46.50000000000001,79.96031746031747,81.15079365079364,43.05555555555556,49.69666067398852,41.28256000887127
2023-10-20,50.32865961199295,50.0,48.214285714285715,54.960317460317455,45.724999999999994,50.198412698412696,78.76984126984127,31.150793650793652,47.82652096892141,37.26876661185409
2023-10-23,59.34029982363315,50.0,65.27777777777779,61.111111111111114,49.074999999999996,72.02380952380952,77.97619047619048,44.24603174603175,49.589024860380505,39.90950821558181
2023-10-24,50.28465608465609,50.0,30.753968253968257,60.317460317460316,55.150000000000006,49.801587301587304,77.57936507936508,43.05555555555556,45.4277531577317,37.28406830555677
2023-10-25,51.327425044091704,50.0,27.976190476190478,58.730158730158735,49.525,80.75396825396825,73.61111111111111,43.84920634920635,44.98755187526336,41.567593390863536
2023-10-26,49.68835978835979,50.0,33.92857142857143,53.968253968253975,48.3,70.83333333333334,68.05555555555556,39.88095238095239,45.65299700953061,39.815234522748675
2023-10-27,49.162169312169304,50.0,36.30952380952381,56.94444444444444,46.825,55.35714285714286,63.29365079365079,50.595238095238095,46.22736594130365,38.07213777297002
2023-10-30,49.81481481481481,50.0,42.65873015873016,55.95238095238095,51.25,42.65873015873016,61.70634920634921,50.198412698412696,47.09432184573839,36.46211032927491
2023-10-31,46.929982363315695,50.0,33.13492063492063,52.77777777777778,59.3,29.166666666666668,59.32539682539682,46.230158730158735,45.62021860172783,34.39517929151158
2023-11-01,58.879012345679016,50.0,64.0873015873016,56.74603174603175,65.65,50.198412698412696,62.5,50.99206349206349,49.39769252656222,37.34767059896291
2023-11-02,54.64585537918871,50.0,50.198412698412696,57.34126984126984,71.69999999999999,25.992063492063494,69.24603174603175,45.43650793650794,48.47957950144473,34.048327106495044
2023-11-03,59.954497354497356,50.0,66.07142857142857,57.539682539682545,75.45,33.92857142857143,75.9920634920635,39.08730158730159,49.677329677453706,35.01933667369941
2023-11-06,62.66631393298059,50.0,71.62698412698413,57.14285714285714,75.55,48.214285714285715,81.15079365079364,33.13492063492063,50.49462502637555,37.103945811270805
2023-11-07,62.95361552028219,50.0,67.65873015873017,58.92857142857143,75.95,52.57936507936508,83.13492063492063,34.72222222222222,49.83735138117946,37.689854394318985
2023-11-08,56.71781305114638,50.0,45.83333333333333,57.93650793650794,77.75,39.48412698412698,79.56349206349206,36.30952380952381,47.841159751974125,36.00294503717901
2023-11-09,68.06402116402117,50.0,76.78571428571429,63.2936507936508,73.55000000000001,72.02380952380952,77.18253968253968,49.404761904761905,51.52938115601252,39.95450607704484
2023-11-10,73.78377425044091,50.0,87.89682539682539,68.25396825396825,79.15,75.1984126984127,81.94444444444444,54.563492063492056,53.23906205274631,40.62648508461949
2023-11-13,71.49682539682539,50.0,75.9920634920635,72.22222222222223,76.2,72.42063492063492,86.30952380952381,58.13492063492064,51.51281583343346,40.1416629003661
2023-11-14,72.22962962962963,72.42063492063492,74.40476190476191,73.41269841269842,79.2,50.198412698412696,90.27777777777779,56.547619047619044,51.1118303467212,37.49562275994861
2023-11-15,72.40582010582011,69.64285714285714,73.61111111111111,73.61111111111111,79.1,55.75396825396825,91.86507936507937,55.35714285714286,51.06474773248747,38.15647483645873
2023-11-16,71.61093474426806,76.38888888888889,71.62698412698413,73.80952380952381,78.4,46.62698412698413,93.84920634920636,53.769841269841265,50.85142274312704,37.270659111699054
2023-11-17,71.46119929453262,62.89682539682539,76.78571428571429,65.27777777777777,81.0,68.84920634920636,95.03968253968253,35.51587301587302,51.64435658693719,39.78294870873115
2023-11-20,72.11499118165784,66.86507936507937,83.13492063492063,58.92857142857143,82.95,73.21428571428571,97.02380952380952,20.833333333333336,52.434658741137284,40.42723400024087
2023-11-21,77.42857142857142,62.89682539682539,93.05555555555556,65.27777777777777,83.25,85.51587301587301,97.02380952380952,33.53174603174603,55.57738243348198,42.47762322616897
2023-11-22,82.34920634920634,67.65873015873017,99.40476190476191,68.05555555555556,85.75,99.0079365079365,97.02380952380952,39.08730158730159,58.82072235279917,47.5832097676796
2023-11-24,78.43950617283949,59.32539682539682,94.64285714285714,61.904761904761905,87.69999999999999,96.23015873015873,97.81746031746032,25.992063492063494,56.64829712219925,45.64049876578426
2023-11-27,72.71657848324514,61.30952380952381,78.76984126984127,64.68253968253968,86.55,68.45238095238095,95.43650793650794,33.92857142857143,51.957911750696525,39.87173206077938
2023-11-28,72.91499118165784,60.11904761904761,81.15079365079364,67.26190476190476,86.55,58.92857142857143,92.65873015873017,41.86507936507937,52.28693761258189,39.00070087012776
2023-11-29,69.41816578483245,54.166666666666664,82.73809523809523,68.05555555555556,85.1,30.753968253968257,93.45238095238095,42.65873015873016,52.5052214322201,35.42955409079527
2023-11-30,51.47336860670193,49.404761904761905,29.166666666666668,59.920634920634924,85.4,4.9603174603174605,92.26190476190477,27.579365079365083,46.10142858578769,30.596128388198874
2023-12-01,60.26119929453262,43.84920634920635,57.738095238095234,63.09523809523809,86.85,20.03968253968254,95.03968253968253,31.150793650793652,49.50162067085082,34.05465723413089
2023-12-04,55.72680776014109,28.76984126984127,39.88095238095239,66.86507936507937,84.6,23.214285714285715,98.21428571428571,35.51587301587302,47.852211999737484,34.48846021465083
2023-12-05,65.55026455026454,43.84920634920635,62.89682539682539,65.67460317460316,85.75,51.78571428571429,98.21428571428571,33.13492063492063,50.00192229108984,38.11233809211952
2023-12-06,53.66649029982363,37.89682539682539,36.30952380952381,59.12698412698413,85.15,24.801587301587304,97.42063492063492,20.833333333333336,47.7017564470564,34.778206223113486
2023-12-07,62.18641975308641,38.69047619047619,54.563492063492056,60.51587301587301,84.7,60.912698412698404,98.21428571428571,22.817460317460316,49.18602697367053,39.209336313770535
2023-12-08,62.79894179894179,33.53174603174603,63.69047619047619,60.51587301587301,88.25,46.230158730158735,99.0079365079365,22.023809523809522,50.36798029469121,37.50025035821195
2023-12-11,68.59453262786596,31.547619047619047,81.94444444444444,62.301587301587304,86.85,61.30952380952381,99.8015873015873,24.801587301587304,52.48468935275762,39.276942546163056
2023-12-12,65.95396825396826,29.166666666666668,74.0079365079365,58.730158730158735,89.65,60.912698412698404,99.8015873015873,17.658730158730158,51.73701142253342,39.23906007708607
2023-12-13,59.86825396825396,25.198412698412696,58.92857142857143,61.507936507936506,89.05,33.13492063492063,99.8015873015873,23.214285714285715,49.6997765991945,36.270579136186754
2023-12-14,48.8758377425044,16.865079365079367,32.73809523809524,58.730158730158735,87.6,6.15079365079365,99.8015873015873,17.658730158730158,47.49043315816586,31.581188714344606
2023-12-15,42.814991181657845,20.833333333333336,11.706349206349206,52.976190476190474,88.60000000000001,4.9603174603174605,99.8015873015873,6.15079365079365,44.164353387079416,31.08191102165942
2023-12-18,56.216402116402115,24.404761904761905,57.738095238095234,51.38888888888889,87.2,37.5,99.8015873015873,2.976190476190476,49.67804648591611,36.7358402180055
2023-12-19,52.36966490299823,27.579365079365083,41.86507936507937,52.182539682539684,87.35000000000001,28.76984126984127,99.8015873015873,4.563492063492063,48.598997367579514,35.80789318421637
2023-12-20,50.22116402116402,29.563492063492063,34.32539682539682,50.198412698412696,81.65,39.88095238095239,98.21428571428571,2.1825396825396823,47.752272263782345,36.990002957686315
2023-12-21,56.482363315696645,24.404761904761905,66.86507936507937,50.3968253968254,81.75,35.51587301587302,97.81746031746032,2.976190476190476,50.82662350093958,36.65718372020188
2023-12-22,58.141269841269846,21.23015873015873,65.27777777777779,53.57142857142857,84.85000000000001,41.07142857142857,97.81746031746032,9.325396825396826,50.55836420700265,37.23950139256276
2023-12-26,66.49700176366844,20.03968253968254,86.70634920634922,56.94444444444445,85.05,64.0873015873016,99.40476190476191,14.484126984126986,53.406764860192894,39.4741998829437
2023-12-27,67.38377425044092,22.023809523809522,79.56349206349206,57.34126984126984,87.85,77.57936507936508,99.8015873015873,14.880952380952381,52.14677721183863,41.23780727466214
2023-12-28,69.14708994708995,22.817460317460316,86.70634920634922,53.76984126984127,87.64999999999999,89.48412698412699,99.8015873015873,7.738095238095238,53.41550591324831,43.18093739763526
2023-12-29,68.30952380952381,23.214285714285715,87.10317460317461,51.58730158730159,87.75,87.10317460317461,99.40476190476191,3.7698412698412698,53.63259247302792,42.69283325043606
2024-01-02,52.26455026455026,8.928571428571429,54.563492063492056,49.6031746031746,84.0,35.51587301587302,99.0079365079365,0.1984126984126984,49.50561781071294,36.692143600409004
2024-01-03,44.982010582010574,11.706349206349206,34.72222222222222,47.61904761904761,79.80000000000001,21.23015873015873,95.03968253968253,0.1984126984126984,47.82327391133582,34.805281004755315
2024-01-04,45.54338624338624,8.531746031746032,38.2936507936508,47.22222222222222,79.35,24.404761904761905,94.24603174603175,0.1984126984126984,48.397816825281346,35.155284116737455
2024-01-05,54.589065255731924,7.738095238095238,62.5,49.801587301587304,83.25,42.65873015873016,93.05555555555556,6.547619047619048,50.426415005375944,37.310239765392254
2024-01-08,60.33439153439153,7.738095238095238,68.45238095238095,53.96825396825397,84.6,67.26190476190477,93.45238095238095,14.484126984126986,51.09182110497015,39.866381781779786
2024-01-09,69.02328042328043,9.325396825396826,81.54761904761905,65.87301587301587,86.2,78.76984126984127,93.84920634920636,37.89682539682539,52.5746691852081,41.638602877455924
2024-01-10,66.87442680776013,15.674603174603174,63.29365079365079,74.4047619047619,86.55,63.29365079365079,94.64285714285714,54.166666666666664,50.55383401635354,39.585103254764306
2024-01-11,71.6716049382716,15.277777777777779,68.84920634920636,81.34920634920636,87.8,72.42063492063492,95.03968253968253,67.65873015873017,51.14678648568256,40.6024563516687
2024-01-12,57.86860670194003,8.928571428571429,27.18253968253968,80.35714285714286,86.5,43.452380952380956,95.43650793650794,65.27777777777779,47.27178296818551,37.62485020225815
2024-01-16,66.47848324514992,12.896825396825399,60.51587301587301,81.94444444444446,80.8,56.94444444444444,95.83333333333334,68.05555555555556,50.423091335291446,39.16978527600401
2024-01-17,64.89382716049383,19.246031746031747,64.48412698412699,77.18253968253968,76.05000000000001,52.182539682539684,92.65873015873017,61.70634920634921,50.720117623712824,38.54751453070484
2024-01-18,71.44726631393296,32.73809523809524,81.15079365079364,74.4047619047619,79.35,66.07142857142857,91.86507936507937,56.94444444444444,52.527274862520976,39.84232883310672
2024-01-19,70.64991181657848,31.150793650793652,88.29365079365078,63.69047619047619,83.5,70.03968253968253,92.65873015873017,34.72222222222222,54.059127222612126,40.3591560879018
2024-01-22,68.47936507936507,22.817460317460316,84.72222222222221,67.26190476190476,84.05,54.166666666666664,96.62698412698413,37.89682539682539,53.05409313437344,39.00033816694399
2024-01-23,57.021164021164026,26.785714285714285,29.96031746031746,76.78571428571429,87.25,21.626984126984127,99.40476190476191,54.166666666666664,47.82305947784317,35.35725320219863
2024-01-24,77.573721340388,30.357142857142854,82.73809523809523,84.72222222222223,84.3,79.56349206349206,99.8015873015873,69.64285714285714,52.90603432699723,41.690394583654
2024-01-25,75.5978835978836,25.595238095238095,83.92857142857143,87.5,82.75,58.92857142857143,99.8015873015873,75.1984126984127,52.984646503039734,39.35749097816697
2024-01-26,69.87865961199294,25.992063492063494,61.30952380952381,89.68253968253968,83.7,43.84920634920635,99.8015873015873,79.56349206349206,50.60914516230448,37.937284118813785
2024-01-29,71.52910052910053,44.24603174603175,62.10317460317461,88.0952380952381,82.0,47.023809523809526,99.0079365079365,77.18253968253968,50.683908913562604,38.17452885072197
2024-01-30,71.43245149911816,32.34126984126984,59.72222222222222,85.51587301587301,83.44999999999999,67.65873015873017,98.61111111111111,72.42063492063492,50.52384801010723,39.96333045877406
2024-01-31,50.98677248677249,17.261904761904763,22.817460317460316,69.44444444444444,78.25,31.150793650793652,97.81746031746032,41.07142857142857,47.01551333406909,36.7142390337894
2024-02-01,52.787654320987656,25.992063492063494,24.801587301587304,65.07936507936509,80.6,43.05555555555556,97.42063492063492,32.73809523809524,47.456522173636195,37.878636182087746
2024-02-02,63.954144620811284,34.32539682539682,47.817460317460316,61.706349206349216,80.75,99.0079365079365,95.83333333333334,27.579365079365083,49.398185711967656,48.477137104630614
2024-02-05,73.23703703703703,47.42063492063492,75.1984126984127,67.65873015873015,81.65,95.03968253968253,93.45238095238095,41.86507936507937,52.041746355333004,45.434557353259706
2024-02-06,79.0294532627866,49.007936507936506,89.0873015873016,75.9920634920635,84.7,86.70634920634922,91.46825396825396,60.51587301587301,54.22678019851729,42.69971913535637
2024-02-07,71.28236331569666,45.83333333333333,68.45238095238095,80.55555555555557,85.85,45.43650793650794,93.84920634920636,67.26190476190477,51.62929736583717,38.13572075183579
2024-02-08,60.25978835978835,35.91269841269841,32.34126984126984,84.52380952380952,86.05000000000001,16.071428571428573,96.62698412698413,72.42063492063492,48.33829467779762,34.83287996936826
2024-02-09,74.72063492063492,36.30952380952381,82.34126984126983,87.10317460317461,85.35,39.48412698412698,97.81746031746032,76.38888888888889,52.92069794999519,37.511814289819014
2024-02-12,80.09100529100529,24.00793650793651,94.64285714285714,88.69047619047618,80.35,80.75396825396825,98.21428571428571,79.16666666666666,56.668641925497255,41.86360474049921
2024-02-13,70.85890652557319,20.833333333333336,88.69047619047619,80.75396825396825,70.75,55.75396825396825,99.0079365079365,62.5,54.33149303023283,39.167311821756776
2024-02-14,73.77089947089948,16.071428571428573,80.35714285714286,87.10317460317461,78.1,69.64285714285714,99.40476190476191,74.8015873015873,52.839949581548964,40.18391355417852
2024-02-15,78.19435626102293,25.198412698412696,83.92857142857143,89.48412698412699,79.95,82.34126984126983,99.8015873015873,79.16666666666666,53.0786978990919,42.1931426505084
2024-02-16,79.45996472663138,26.785714285714285,87.5,88.88888888888889,78.8,89.0873015873016,98.21428571428571,79.56349206349206,54.07785641603563,43.1072027068229
2024-02-20,74.4010582010582,14.087301587301587,91.46825396825396,82.14285714285714,72.9,80.35714285714286,96.23015873015873,68.05555555555556,55.23162624805501,41.87263527189723
2024-02-21,78.10546737213403,18.452380952380953,93.84920634920636,87.30158730158729,73.3,88.29365079365078,95.03968253968253,79.56349206349206,56.6070052323187,42.90119427455879
2024-02-22,83.60194003527337,30.357142857142854,99.8015873015873,89.88095238095238,77.30000000000001,98.21428571428571,96.23015873015873,83.53174603174604,60.534377920278445,47.42546750257905
2024-02-23,83.53174603174602,24.801587301587304,99.0079365079365,89.68253968253968,81.25,97.42063492063492,95.43650793650794,83.92857142857143,58.94863404948493,47.14727454838766
2024-02-26,78.07548500881833,25.992063492063494,83.92857142857143,92.46031746031746,81.3,68.84920634920636,99.0079365079365,85.9126984126984,53.72314801438163,40.45543833179537
2024-02-27,74.16507936507936,25.198412698412696,77.18253968253968,93.45238095238096,82.85,41.86507936507937,99.8015873015873,87.10317460317461,52.75177093523475,37.85528245227461
2024-02-28,62.68659611992945,19.246031746031747,38.2936507936508,92.26190476190476,80.8,29.96031746031746,99.8015873015873,84.72222222222221,48.91222058588673,36.72751796742618
2024-02-29,65.40211640211639,8.531746031746032,63.29365079365079,84.92063492063491,83.0,32.73809523809524,99.8015873015873,70.03968253968253,51.395900556502404,37.13688958176476
2024-03-01,77.65114638447972,25.198412698412696,92.65873015873017,84.32539682539684,84.45,66.46825396825396,99.8015873015873,68.84920634920636,56.196187932227005,39.993739709075285
2024-03-04,82.67425044091709,22.42063492063492,92.65873015873017,93.65079365079364,82.55,90.27777777777779,99.8015873015873,87.5,56.58906769489581,43.42582073755777
2024-03-05,79.83280423280422,34.72222222222222,86.70634920634922,94.84126984126985,77.69999999999999,70.43650793650794,99.8015873015873,89.88095238095238,54.40449589915731,40.618234834141404
2024-03-06,83.31569664902996,39.08730158730159,94.64285714285714,97.22222222222223,77.5,74.8015873015873,99.8015873015873,94.64285714285714,57.085497059177314,41.327982642801786
2024-03-07,83.49259259259259,28.76984126984127,93.45238095238095,99.4047619047619,77.80000000000001,81.94444444444444,99.8015873015873,99.0079365079365,56.682161388678075,42.43901767329511
2024-03-08,86.37795414462082,25.992063492063494,99.8015873015873,99.8015873015873,76.3,99.8015873015873,99.8015873015873,99.8015873015873,62.17697436810097,51.438544167580304
2024-03-11,79.42927689594356,16.46825396825397,83.53174603174604,98.80952380952381,73.9,87.10317460317461,98.21428571428571,99.40476190476191,54.111458705369664,43.088190710128075
2024-03-12,85.85679012345679,34.72222222222222,93.84920634920636,99.20634920634922,80.8,91.07142857142857,99.0079365079365,99.40476190476191,57.00649996131574,43.92924542615034
2024-03-13,81.70194003527337,38.69047619047619,85.9126984126984,99.0079365079365,81.25,65.27777777777779,99.40476190476191,98.61111111111111,54.6354989988002,40.39076046727103
2024-03-14,81.04585537918871,46.230158730158735,82.73809523809523,95.23809523809524,78.0,75.9920634920635,96.62698412698413,93.84920634920636,54.19197421205124,41.740443671457925
2024-03-15,52.41922398589065,47.817460317460316,16.071428571428573,77.38095238095238,77.95,3.7698412698412698,95.03968253968253,59.72222222222222,46.580273749534705,32.60669284802783
2024-03-18,72.23915343915344,57.738095238095234,85.11904761904762,58.13492063492063,78.35,91.07142857142857,94.24603174603175,22.023809523809522,54.559346902236314,44.75803709646623
2024-03-19,70.77760141093474,54.166666666666664,89.0873015873016,54.56349206349206,80.9,79.16666666666666,89.88095238095238,19.246031746031747,55.861040533516324,42.27912882598848
2024-03-20,64.06049382716049,50.99206349206349,78.37301587301587,52.182539682539684,84.8,42.65873015873016,87.10317460317461,17.261904761904763,53.54216644866104,38.244000983696814
2024-03-21,71.18236331569665,49.404761904761905,88.29365079365078,65.47619047619048,85.4,47.42063492063492,93.45238095238095,37.5,55.810371974171915,38.98093689138305
2024-03-22,79.18377425044092,51.388888888888886,95.83333333333334,73.4126984126984,84.7,79.96031746031747,95.03968253968253,51.78571428571429,57.581531494620066,42.36000753827353
2024-03-25,82.8753086419753,52.182539682539684,89.88095238095238,89.28571428571428,84.05,77.97619047619048,96.62698412698413,81.94444444444444,56.11120913736043,42.20995168618881
2024-03-26,77.55079365079364,53.37301587301587,83.13492063492063,81.15079365079364,83.8,67.26190476190477,99.8015873015873,62.5,54.528228125002066,40.65432899180962
2024-03-27,69.68447971781305,47.817460317460316,83.92857142857143,61.30952380952381,86.10000000000001,55.35714285714286,99.40476190476191,23.214285714285715,54.58660360672395,39.598591322426444
2024-03-28,52.67407407407407,42.26190476190476,43.452380952380956,51.785714285714285,84.95,19.642857142857142,99.0079365079365,4.563492063492063,49.98590150165932,36.21504785831534
2024-04-01,67.65961199294532,49.801587301587304,79.16666666666666,54.56349206349206,81.75,73.61111111111111,99.8015873015873,9.325396825396826,54.10161271533765,41.672380248804046
2024-04-02,51.20493827160494,50.99206349206349,39.48412698412698,50.595238095238095,76.95,25.198412698412696,97.81746031746032,3.373015873015873,49.664640006897386,36.89858386952683
2024-04-03,51.36172839506172,55.75396825396825,42.26190476190476,50.79365079365079,78.35,12.896825396825399,95.03968253968253,6.547619047619048,49.889065577139704,34.81896297622175
2024-04-04,57.119929453262785,47.817460317460316,63.69047619047619,51.785714285714285,68.25,47.023809523809526,93.45238095238095,10.119047619047619,52.056816937140304,39.05857697630443
2024-04-05,65.83086419753086,54.563492063492056,73.61111111111111,62.698412698412696,69.85,62.89682539682539,89.88095238095238,35.51587301587302,53.0565224109394,40.4089092085097
2024-04-08,51.817107583774245,53.37301587301587,32.73809523809524,61.507936507936506,74.05000000000001,14.880952380952381,85.51587301587301,37.5,49.15060995978542,35.37282026301006
2024-04-09,65.89523809523808,48.214285714285715,68.05555555555556,68.25396825396825,75.1,53.769841269841265,85.11904761904762,51.388888888888886,52.61177472868972,39.54483800020613
2024-04-10,58.81128747795414,50.99206349206349,43.05555555555556,76.58730158730158,71.0,20.436507936507937,82.73809523809523,70.43650793650794,50.334604932435944,36.462313647684546
2024-04-11,72.78518518518518,58.92857142857143,68.05555555555556,85.11904761904762,75.45,53.769841269841265,83.92857142857143,86.30952380952381,52.67200081273232,39.584305800761214
2024-04-12,63.74726631393298,58.92857142857143,55.75396825396825,83.73015873015873,63.45,25.198412698412696,89.0873015873016,78.37301587301587,51.53442319502683,37.202481404765614
2024-04-15,60.79823633156966,51.388888888888886,58.53174603174603,77.1825396825397,53.849999999999994,39.48412698412698,79.96031746031747,74.40476190476191,51.80693742065841,38.28730888437831
2024-04-16,52.32892416225749,51.78571428571429,19.642857142857142,82.34126984126985,58.00000000000001,16.865079365079367,75.9920634920635,88.69047619047619,48.25686259385863,36.19291197805678
2024-04-17,57.235802469135805,43.452380952380956,45.43650793650794,78.17460317460318,58.949999999999996,28.373015873015873,70.83333333333334,85.51587301587301,50.52697627638464,37.45350141138015
2024-04-18,54.55908289241623,33.92857142857143,38.69047619047619,80.15873015873017,60.0,19.246031746031747,67.65873015873017,92.65873015873017,49.885264100949826,36.52942488533933
2024-04-19,64.30811287477954,5.753968253968254,68.45238095238095,79.36507936507937,56.449999999999996,85.11904761904762,64.0873015873016,94.64285714285714,52.701848718485266,42.83117772621004
2024-04-22,58.13985890652556,10.119047619047619,52.182539682539684,76.78571428571428,65.29999999999998,47.817460317460316,59.32539682539682,94.24603174603175,51.19810943036332,39.21144529928684
2024-04-23,49.630158730158726,8.928571428571429,28.373015873015873,75.0,71.55000000000001,12.896825396825399,59.32539682539682,90.67460317460318,49.098015146915856,35.61663008259816
2024-04-24,52.82433862433862,2.1825396825396823,27.579365079365083,78.37301587301587,70.14999999999999,42.65873015873016,60.912698412698404,95.83333333333334,49.032685070856466,38.8413550241185
2024-04-25,56.202645502645495,2.976190476190476,21.23015873015873,77.38095238095238,73.15,81.94444444444444,61.30952380952381,93.45238095238095,48.603264934812806,42.64053908983407
2024-04-26,65.37671957671957,12.896825396825399,49.007936507936506,79.16666666666666,74.85000000000001,90.27777777777779,64.88095238095238,93.45238095238095,50.95212703834346,43.90042588086776
2024-04-29,73.64708994708994,6.547619047619048,80.75396825396825,82.14285714285714,76.65,95.03968253968253,67.26190476190477,97.02380952380952,54.26062263063922,46.39730022107606
2024-04-30,52.54056437389771,8.134920634920634,31.150793650793652,76.1904761904762,71.75,30.357142857142854,65.27777777777779,87.10317460317461,49.3875938409431,37.7463361190478
2024-05-01,63.05873015873015,16.071428571428573,63.69047619047619,75.79365079365078,73.05,50.595238095238095,63.69047619047619,87.89682539682539,52.37919138933229,39.45464223694785
2024-05-02,51.47989417989417,16.071428571428573,35.11904761904761,72.42063492063491,76.6,6.547619047619048,60.912698412698404,83.92857142857143,49.72118811321213,34.56732142794355
2024-05-03,56.96878306878306,6.547619047619048,51.78571428571429,66.66666666666667,82.55,37.5,58.13492063492064,75.1984126984127,51.34859670325205,38.408833832923314
2024-05-06,51.85414462081128,3.7698412698412698,48.214285714285715,59.52380952380953,82.55,22.817460317460316,54.96031746031746,64.0873015873016,51.020447668641644,37.28344330791409
2024-05-07,49.69594356261022,6.15079365079365,16.865079365079367,71.62698412698413,83.85,24.801587301587304,60.51587301587301,82.73809523809523,48.51010590601525,37.372625328530184
2024-05-08,42.63227513227513,4.166666666666666,5.753968253968254,64.88095238095238,85.0,3.373015873015873,63.69047619047619,66.07142857142857,46.50698370013866,33.05075639814068
2024-05-09,46.526102292768954,2.976190476190476,24.00793650793651,63.492063492063494,86.55,4.166666666666666,64.88095238095238,62.10317460317461,48.95302577778007,33.768426847887525
2024-05-10,47.27689594356261,1.3888888888888888,20.833333333333336,65.67460317460318,87.25,10.912698412698413,65.67460317460318,65.67460317460318,48.76376473438075,35.38447508723254
2024-05-13,43.64109347442681,7.341269841269842,10.515873015873016,62.896825396825406,82.0,11.706349206349206,67.26190476190477,58.53174603174603,47.668045182395204,35.43125531568664
2024-05-14,43.863139329805996,4.9603174603174605,28.76984126984127,53.17460317460318,82.9,6.944444444444445,63.69047619047619,42.65873015873016,49.27216147507726,34.67521178604867
2024-05-15,60.32892416225749,11.706349206349206,74.0079365079365,53.96825396825397,87.75,45.83333333333333,66.86507936507937,41.07142857142857,53.3581187562278,39.1714018616896
2024-05-16,45.61358024691358,23.61111111111111,15.674603174603174,56.54761904761905,87.9,10.119047619047619,70.43650793650794,42.65873015873016,48.439209873062865,35.22343351393349
2024-05-17,48.207760141093466,22.023809523809522,37.89682539682539,47.42063492063492,90.05,13.690476190476192,72.81746031746032,22.023809523809522,50.07289889227362,36.115924230422955
2024-05-20,58.63403880070546,31.150793650793652,61.30952380952381,61.111111111111114,89.25,12.103174603174603,74.8015873015873,47.42063492063492,52.06698568914978,35.51402075938746
2024-05-21,69.8689594356261,42.65873015873016,77.18253968253968,70.43650793650794,90.7,39.08730158730159,79.96031746031747,60.912698412698404,53.91029247621909,38.44659309247519
2024-05-22,71.50758377425045,25.595238095238095,86.70634920634922,75.5952380952381,88.55000000000001,40.67460317460318,82.34126984126983,68.84920634920636,55.69420749832693,38.728997901124664
2024-05-23,85.78906525573191,47.817460317460316,99.40476190476191,86.30952380952381,86.15,94.24603174603175,77.97619047619048,94.64285714285714,60.85049048445783,45.752981037746764
2024-05-24,80.30705467372134,46.62698412698413,95.03968253968253,85.31746031746032,90.35,49.404761904761905,72.81746031746032,97.81746031746032,57.527606475196855,39.408556444487424
2024-05-28,84.9389770723104,68.05555555555556,96.62698412698413,84.52380952380952,85.4,78.76984126984127,71.23015873015873,97.81746031746032,58.31506645509316,42.44355962696748
2024-05-29,79.92257495590829,75.1984126984127,89.88095238095238,82.34126984126985,78.6,60.11904761904761,66.07142857142857,98.61111111111111,56.26856859316267,40.33493168650361
2024-05-30,80.042151675485,64.48412698412699,97.42063492063492,79.76190476190476,77.65,66.46825396825396,62.10317460317461,97.42063492063492,58.51916735344345,40.727403940914385
2024-05-31,60.093298059964724,57.341269841269835,37.10317460317461,78.76984126984127,85.4,2.1825396825396823,62.10317460317461,95.43650793650794,50.38834734435166,32.69069468607185
2024-06-03,72.51446208112874,73.61111111111111,74.40476190476191,80.15873015873017,84.45,20.833333333333336,64.0873015873016,96.23015873015873,53.58834283844346,36.995408652120105
2024-06-04,67.63086419753085,82.34126984126983,56.94444444444444,78.76984126984127,84.2,7.738095238095238,60.912698412698404,96.62698412698413,51.88962761350132,34.815936162760345
2024-06-05,85.305291005291,89.48412698412699,97.81746031746032,79.36507936507937,86.85,70.83333333333334,62.10317460317461,96.62698412698413,58.753562473362145,41.625421637488664
2024-06-06,87.96225749559082,89.88095238095238,96.23015873015873,81.74603174603175,87.1,89.88095238095238,63.69047619047619,99.8015873015873,58.299372244831396,44.17998238109284
2024-06-07,78.90458553791886,96.23015873015873,75.1984126984127,81.54761904761905,88.89999999999999,41.07142857142857,63.29365079365079,99.8015873015873,53.74483097042517,38.7824465557846
2024-06-10,75.1522045855379,97.02380952380952,64.88095238095238,81.15079365079364,86.3,33.53174603174603,62.5,99.8015873015873,52.607191547040145,38.02422548325736
2024-06-11,77.65343915343915,96.23015873015873,72.02380952380952,82.14285714285714,85.75,40.67460317460318,65.27777777777779,99.0079365079365,53.12342052057713,38.70778234584813
2024-06-12,88.67248677248678,99.40476190476191,95.83333333333334,82.73809523809524,89.80000000000001,79.16666666666666,66.46825396825396,99.0079365079365,57.83286648925936,42.37018781537049
2024-06-13,89.62134038800706,98.21428571428571,97.02380952380952,84.72222222222223,90.3,79.56349206349206,71.23015873015873,98.21428571428571,58.43883968905492,42.425773119152296
2024-06-14,89.21816578483244,99.8015873015873,93.84920634920636,87.5,86.7,79.56349206349206,77.18253968253968,97.81746031746032,57.24643294640755,42.42481208311648
2024-06-17,90.04409171075837,99.40476190476191,98.61111111111111,88.6904761904762,86.25,75.1984126984127,81.54761904761905,95.83333333333334,59.149274282425694,42.07170959746932
2024-06-18,89.15520282186948,99.0079365079365,95.43650793650794,91.66666666666666,88.5,60.51587301587301,88.69047619047619,94.64285714285714,58.247144899226655,40.278887524053495
2024-06-20,90.24885361552028,98.61111111111111,99.40476190476191,87.89682539682539,83.6,83.92857142857143,83.13492063492063,92.65873015873017,61.211248450000674,42.74267866792412
2024-06-21,78.71957671957671,98.61111111111111,82.34126984126983,81.74603174603175,84.0,31.944444444444443,75.1984126984127,88.29365079365078,54.61670616405792,37.92266232822005
2024-06-24,81.06631393298059,93.45238095238095,84.32539682539682,78.37301587301587,83.35,65.67460317460318,69.24603174603175,87.5,55.26652060658467,40.643123414552804
2024-06-25,79.7148148148148,98.21428571428571,81.54761904761905,76.78571428571428,85.8,54.166666666666664,63.69047619047619,89.88095238095238,54.58563521763398,39.68369477718123
2024-06-26,82.28571428571428,99.8015873015873,84.72222222222221,75.1984126984127,87.25,71.23015873015873,60.51587301587301,89.88095238095238,55.51932820845729,41.34713758237827
2024-06-27,78.72804232804232,99.8015873015873,84.32539682539682,75.39682539682539,88.8,36.30952380952381,60.51587301587301,90.27777777777779,55.40352710249275,38.17970684422358
2024-06-28,58.2236331569665,99.40476190476191,6.547619047619048,78.57142857142858,87.8,0.1984126984126984,64.88095238095238,92.26190476190477,46.941474785969675,30.14002836303742
2024-07-01,85.4742504409171,99.8015873015873,91.46825396825396,77.57936507936509,88.89999999999999,75.9920634920635,62.5,92.65873015873017,56.844522585958956,41.90911653851623
2024-07-02,88.59541446208114,99.40476190476191,95.83333333333334,78.37301587301587,89.85000000000001,91.46825396825396,64.48412698412699,92.26190476190477,58.344407775940525,44.6474722918551
2024-07-03,92.03403880070547,99.8015873015873,99.8015873015873,83.33333333333334,89.55,99.8015873015873,74.0079365079365,92.65873015873017,64.35248389384418,51.750199811762975
2024-07-05,89.57248677248677,99.8015873015873,91.07142857142857,84.92063492063492,87.6,94.24603174603175,77.57936507936508,92.26190476190477,57.01044064687726,46.17780769557513
2024-07-08,93.26613756613756,99.40476190476191,98.21428571428571,91.26984126984127,88.15,93.45238095238095,85.9126984126984,96.62698412698413,60.60035621267933,45.8461234095515
2024-07-09,94.08059964726633,99.8015873015873,98.61111111111111,94.44444444444446,87.45,91.46825396825396,92.26190476190477,96.62698412698413,60.870810029804964,45.33473357067698
2024-07-10,94.05555555555556,99.8015873015873,97.02380952380952,96.82539682539682,85.75,90.67460317460318,95.43650793650794,98.21428571428571,60.08413436496877,44.806668088996354
2024-07-11,93.71322751322751,96.23015873015873,96.23015873015873,96.03174603174602,85.4,95.83333333333334,93.05555555555556,99.0079365079365,58.95700343174174,46.901940419287406
2024-07-12,87.78694885361553,93.05555555555556,79.56349206349206,96.03174603174604,87.69999999999999,74.40476190476191,92.26190476190477,99.8015873015873,54.64016865481057,42.01217174318884
2024-07-15,83.63650793650794,92.65873015873017,72.02380952380952,95.83333333333334,84.4,59.72222222222222,91.86507936507937,99.8015873015873,53.981377409311015,40.38851384343283
2024-07-16,66.6716049382716,87.10317460317461,21.23015873015873,95.03968253968254,84.05,17.261904761904763,90.27777777777779,99.8015873015873,49.00764296619317,36.56804965930232
2024-07-17,76.43756613756614,76.78571428571429,64.88095238095238,94.24603174603175,77.6,43.452380952380956,88.69047619047619,99.8015873015873,52.96171636631984,39.0094501344324
2024-07-18,71.47548500881834,80.75396825396825,57.738095238095234,89.0873015873016,70.35,39.08730158730159,78.76984126984127,99.40476190476191,52.32817667429699,38.53657605184705
2024-07-19,65.37460317460317,80.75396825396825,48.61111111111111,85.71428571428572,67.4,18.452380952380953,72.81746031746032,98.61111111111111,51.58873266687637,36.6662293982449
2024-07-22,76.79753086419753,91.07142857142857,79.96031746031747,82.73809523809524,75.45,41.07142857142857,67.65873015873017,97.81746031746032,54.91398018007008,38.7263529932745
2024-07-23,62.37019400352733,91.46825396825396,30.753968253968257,80.75396825396825,76.39999999999999,13.293650793650794,64.0873015873016,97.42063492063492,49.73944013336366,35.89411291136749
2024-07-24,68.88853615520281,81.54761904761905,71.23015873015873,78.57142857142857,59.800000000000004,40.67460317460318,60.51587301587301,96.62698412698413,53.7965618653638,38.59006792597514
2024-07-25,64.01269841269841,77.97619047619048,67.65873015873017,77.38095238095238,57.699999999999996,15.277777777777779,57.738095238095234,97.02380952380952,53.253052860882754,36.2535082639902
2024-07-26,54.474074074074075,75.9920634920635,13.690476190476192,80.35714285714286,68.05,9.722222222222223,62.89682539682539,97.81746031746032,48.340953164794634,35.17930606067397
2024-07-29,62.68430335097001,69.64285714285714,52.182539682539684,78.17460317460316,67.0,21.626984126984127,57.341269841269835,99.0079365079365,51.88329947673383,36.803184784549565
2024-07-30,67.97671957671957,66.07142857142857,74.0079365079365,74.8015873015873,61.55,50.198412698412696,50.595238095238095,99.0079365079365,54.125631577392255,39.290012372094694
2024-07-31,65.99329805996472,73.21428571428571,62.5,75.0,68.2,34.32539682539682,50.198412698412696,99.8015873015873,52.88104847120042,38.11839578758225
2024-08-01,65.05873015873016,70.83333333333334,56.94444444444444,75.39682539682539,57.05,60.51587301587301,51.388888888888886,99.40476190476191,52.446730564603484,40.17814947796835
2024-08-02,60.15370370370369,71.23015873015873,68.05555555555556,71.03174603174602,41.525,37.89682539682539,42.26190476190476,99.8015873015873,53.41067060175456,38.33547490008591
2024-08-05,46.363227513227514,60.51587301587301,54.563492063492056,65.67460317460318,3.575000000000003,43.452380952380956,35.11904761904761,96.23015873015873,52.25972001541642,38.92450360864231
2024-08-06,43.401851851851845,54.96031746031746,29.563492063492063,62.10317460317461,30.724999999999994,28.76984126984127,30.357142857142854,93.84920634920636,49.84358413306536,37.63117284682321
2024-08-07,43.235890652557316,57.738095238095234,39.08730158730159,59.72222222222222,30.375,13.293650793650794,27.976190476190478,91.46825396825396,50.71237464209857,35.96733163306091
2024-08-08,46.064638447971774,59.32539682539682,37.89682539682539,58.13492063492063,40.525000000000006,24.00793650793651,26.38888888888889,89.88095238095238,50.65249508097642,37.26105920845314
2024-08-09,48.16305114638447,68.05555555555556,31.944444444444443,57.14285714285714,49.074999999999996,31.944444444444443,25.595238095238095,88.69047619047619,50.25810597739141,37.92381104455029
2024-08-12,49.29691358024691,71.62698412698413,31.944444444444443,59.12698412698413,48.224999999999994,34.32539682539682,27.18253968253968,91.07142857142857,50.13716223782949,38.083910124739596
2024-08-13,67.4548500881834,74.8015873015873,86.30952380952381,59.72222222222222,59.4,61.70634920634921,28.373015873015873,91.07142857142857,56.63733836508425,40.049716476253934
2024-08-14,62.45643738977072,76.78571428571429,56.15079365079365,64.48412698412699,69.05,41.46825396825397,36.30952380952381,92.65873015873017,52.38462591288745,38.578329042635154
2024-08-15,66.94021164021163,74.40476190476191,75.9920634920635,66.26984126984127,73.85,29.563492063492063,42.65873015873016,89.88095238095238,54.48354884862749,37.638237588635334
2024-08-16,69.04938271604937,72.81746031746032,68.05555555555556,69.84126984126983,76.0,50.99206349206349,54.166666666666664,85.51587301587301,53.46033165230062,39.222240945841456
2024-08-19,79.57760141093475,78.37301587301587,91.46825396825396,75.0,76.75,76.38888888888889,64.48412698412699,85.51587301587301,57.70632591265328,41.838813584203024
2024-08-20,75.47724867724868,80.35714285714286,79.56349206349206,78.57142857142857,70.6,62.89682539682539,66.46825396825396,90.67460317460318,55.13516537190021,40.019235528439076
2024-08-21,68.54038800705467,66.86507936507937,65.67460317460318,79.56349206349206,68.65,42.65873015873016,70.03968253968253,89.0873015873016,53.38577765138535,38.65614072243113
2024-08-22,75.49559082892415,62.89682539682539,85.51587301587301,77.57936507936508,62.24999999999999,88.29365079365078,63.69047619047619,91.46825396825396,56.626847596980355,43.16631791350604
2024-08-23,71.99417989417988,47.817460317460316,84.32539682539682,76.78571428571428,70.7,59.72222222222222,58.92857142857143,94.64285714285714,56.47268693291183,39.83973204827194
2024-08-26,71.09876543209876,47.42063492063492,84.32539682539682,73.61111111111111,69.25,64.48412698412699,52.182539682539684,95.03968253968253,56.35642805909886,40.089606482696375
2024-08-27,68.96666666666665,35.51587301587302,82.73809523809523,72.22222222222221,72.85000000000001,57.341269841269835,50.99206349206349,93.45238095238095,55.88617815114836,39.60826724634547
2024-08-28,71.70758377425044,20.03968253968254,96.62698412698413,70.03968253968253,64.45,93.05555555555556,46.62698412698413,93.45238095238095,59.277253145097,45.024509080393265
2024-08-29,71.96296296296296,36.30952380952381,91.86507936507937,70.43650793650794,71.75,72.81746031746032,45.03968253968254,95.83333333333334,58.01750096229728,40.78213456864873
2024-08-30,55.15873015873016,40.67460317460318,49.404761904761905,67.85714285714286,75.0,3.373015873015873,44.642857142857146,91.07142857142857,52.005796036590645,33.13869544451113
2024-09-03,48.56384479717813,18.452380952380953,52.976190476190474,64.88095238095238,48.2,21.626984126984127,40.67460317460318,89.0873015873016,52.26311953539228,36.88144231623499
2024-09-04,42.52063492063492,9.325396825396826,41.86507936507937,59.92063492063492,46.7,16.46825396825397,28.76984126984127,91.07142857142857,51.13346324867507,36.36006573683924
2024-09-05,39.17636684303351,7.341269841269842,27.976190476190478,55.15873015873016,50.50000000000001,22.817460317460316,22.42063492063492,87.89682539682539,49.88372576177549,36.93827083918849
2024-09-06,45.370899470899474,2.1825396825396823,53.769841269841265,52.77777777777778,44.050000000000004,52.182539682539684,21.23015873015873,84.32539682539682,52.314038344683134,39.218497734763154
2024-09-09,32.114638447971785,1.3888888888888888,7.738095238095238,54.56349206349207,52.75,2.976190476190476,16.865079365079367,92.26190476190477,47.64360251655956,33.07883925389017
2024-09-10,37.04514991181658,4.563492063492063,24.801587301587304,51.58730158730158,54.60000000000001,15.277777777777779,11.706349206349206,91.46825396825396,49.66358334249326,36.173926509802776
2024-09-11,53.05167548500881,5.357142857142857,74.0079365079365,51.58730158730158,61.55,46.230158730158735,18.452380952380953,84.72222222222221,54.25389625083884,38.752306288085
2024-09-12,47.23703703703704,7.341269841269842,52.57936507936508,50.1984126984127,64.65,32.73809523809524,20.03968253968254,80.35714285714286,52.140335232255,37.7093013389385
2024-09-13,36.93509700176367,0.1984126984126984,20.03968253968254,50.7936507936508,67.2,5.357142857142857,21.23015873015873,80.35714285714286,49.14385772708799,34.2247982434602
2024-09-16,42.7721340388007,0.1984126984126984,43.84920634920635,54.76190476190476,64.3,4.166666666666666,28.373015873015873,81.15079365079364,51.239031135048684,33.74389423971025
2024-09-17,38.45802469135803,0.1984126984126984,24.00793650793651,56.74603174603175,61.95,3.7698412698412698,35.91269841269841,77.57936507936508,49.508041201440946,33.59848729520664
2024-09-18,45.02222222222221,0.1984126984126984,45.03968253968254,59.722222222222214,58.849999999999994,18.055555555555554,36.7063492063492,82.73809523809523,51.49341577795074,36.29519498534003
2024-09-19,44.90670194003527,1.3888888888888888,39.88095238095239,57.53968253968254,68.35000000000001,13.690476190476192,36.30952380952381,78.76984126984127,50.9352381593344,35.57384410694345
2024-09-20,43.100529100529094,1.7857142857142856,34.32539682539682,54.96031746031746,69.25,14.087301587301587,38.2936507936508,71.62698412698413,50.48377334137212,35.61171079016331
2024-09-23,38.91410934744268,2.1825396825396823,23.214285714285715,51.58730158730159,70.55,5.753968253968254,37.5,65.67460317460318,49.4789561911312,34.17520887956715
2024-09-24,47.626631393298055,1.7857142857142856,44.642857142857146,53.17460317460318,73.05,31.944444444444443,41.07142857142857,65.27777777777779,51.23673658382185,37.38567023533375
2024-09-25,39.403350970017634,1.3888888888888888,21.626984126984127,50.7936507936508,72.95,11.706349206349206,42.65873015873016,58.92857142857143,49.299398639028446,35.24197586633082
2024-09-26,48.3984126984127,0.992063492063492,45.03968253968254,60.31746031746032,73.15,17.261904761904763,51.78571428571429,68.84920634920636,51.25453034950993,36.067957916906494
2024-09-27,43.3689594356261,0.992063492063492,31.944444444444443,62.698412698412696,65.19999999999999,6.944444444444445,49.007936507936506,76.38888888888889,50.172473599273424,34.406651072924376
2024-09-30,38.55396825396825,0.1984126984126984,15.674603174603174,59.52380952380952,66.35,4.166666666666666,43.84920634920635,75.1984126984127,48.75621815809062,33.62515703887306
2024-10-01,42.00388007054673,0.1984126984126984,40.67460317460318,55.15873015873015,53.69999999999999,23.61111111111111,34.72222222222222,75.59523809523809,50.893372855997086,36.58142052291838
2024-10-02,35.216931216931215,0.1984126984126984,19.246031746031747,53.57142857142857,55.50000000000001,6.547619047619048,27.976190476190478,79.16666666666666,49.102213466021574,34.1813082250079
2024-10-03,36.43412698412698,0.1984126984126984,31.150793650793652,48.611111111111114,48.775000000000006,22.023809523809522,20.436507936507937,76.78571428571429,50.017557976520266,36.36539859478095
2024-10-04,44.28606701940035,0.5952380952380952,45.03968253968254,51.38888888888889,53.949999999999996,45.83333333333333,21.23015873015873,81.54761904761905,51.248054026304736,38.25057820891945
2024-10-07,46.39488536155202,0.1984126984126984,52.57936507936508,55.75396825396825,43.4,58.13492063492064,27.18253968253968,84.32539682539682,52.087825593678104,39.24961135296716
2024-10-08,42.22257495590829,1.3888888888888888,48.61111111111111,56.94444444444444,46.449999999999996,17.658730158730158,29.96031746031746,83.92857142857143,51.713026511671146,35.920423500454255
2024-10-09,43.9005291005291,4.9603174603174605,45.43650793650794,61.7063492063492,47.85,18.452380952380953,42.65873015873016,80.75396825396825,51.396109010077126,36.00156028153789
2024-10-10,53.38544973544973,6.547619047619048,75.1984126984127,60.91269841269842,47.675,45.43650793650794,47.42063492063492,74.40476190476191,54.346938895567654,38.2087570550664
2024-10-11,40.92610229276896,4.9603174603174605,27.976190476190478,58.33333333333334,48.849999999999994,34.72222222222222,49.404761904761905,67.26190476190477,49.95551274307387,37.348629424453485
2024-10-14,45.43915343915343,7.738095238095238,40.27777777777778,61.507936507936506,51.5,33.13492063492063,54.563492063492056,68.45238095238095,51.07385393132936,37.28168609749358
2024-10-15,47.109171075837736,9.722222222222223,52.976190476190474,64.08730158730158,48.4,19.246031746031747,54.563492063492056,73.61111111111111,52.16024404759811,36.03295887300348
2024-10-16,41.49400352733686,8.134920634920634,28.76984126984127,67.26190476190476,52.10000000000001,1.7857142857142856,58.92857142857143,75.59523809523809,50.03520420289593,32.23335881795172
2024-10-17,40.759611992945324,9.722222222222223,10.119047619047619,74.6031746031746,54.45,4.166666666666666,66.46825396825396,82.73809523809523,48.31687707662111,33.559223248744985
2024-10-18,38.895238095238085,9.722222222222223,0.1984126984126984,72.81746031746032,59.849999999999994,1.7857142857142856,66.86507936507937,78.76984126984127,43.59000414715691,31.84630659054638
2024-10-21,39.950440917107585,13.293650793650794,8.134920634920634,67.85714285714286,58.15,10.119047619047619,62.10317460317461,73.61111111111111,47.80003254734905,34.58534724304908
2024-10-22,41.0432098765432,36.7063492063492,10.119047619047619,64.08730158730158,59.0,2.1825396825396823,60.11904761904761,68.05555555555556,47.88047686439162,31.91839486603536
2024-10-23,44.71569664902999,32.34126984126984,32.73809523809524,58.333333333333336,53.80000000000001,22.023809523809522,52.182539682539684,64.48412698412699,50.47040634566049,36.098968591036346
2024-10-24,51.264726631393295,46.230158730158735,53.37301587301587,50.59523809523809,54.60000000000001,47.42063492063492,41.07142857142857,60.11904761904761,52.199202499442855,38.187140909852126
2024-10-25,55.37222222222222,52.57936507936508,67.65873015873017,49.60317460317461,49.175000000000004,63.29365079365079,34.72222222222222,64.48412698412699,53.51961687829506,39.52154594676099
2024-10-28,39.00088183421517,58.92857142857143,13.293650793650794,48.21428571428572,50.99999999999999,18.849206349206348,29.166666666666668,67.26190476190477,48.73473303400671,35.75170872805584
2024-10-29,34.79417989417989,52.976190476190474,1.7857142857142856,47.023809523809526,53.300000000000004,8.928571428571429,28.76984126984127,65.27777777777779,46.490243152615506,34.38188477011592
2024-10-30,38.297619047619044,52.182539682539684,0.992063492063492,47.22222222222223,49.125,50.595238095238095,27.579365079365083,66.86507936507937,44.98385802695801,38.474294707325896
2024-10-31,33.231216931216935,33.13492063492063,5.753968253968254,49.404761904761905,42.1,22.023809523809522,33.13492063492063,65.67460317460318,47.68669762837781,36.05386286183519
2024-11-01,35.41940035273369,51.78571428571429,13.293650793650794,44.84126984126985,45.300000000000004,15.277777777777779,25.595238095238095,64.0873015873016,48.61069001800031,35.26115328106762
2024-11-04,30.1389770723104,50.99206349206349,1.3888888888888888,41.46825396825397,45.05,2.976190476190476,21.23015873015873,61.70634920634921,46.09120545883484,32.395354780917586
2024-11-05,30.525837742504407,47.023809523809526,4.9603174603174605,39.08730158730159,48.775000000000006,2.976190476190476,14.880952380952381,63.29365079365079,47.489296031308356,32.29707474203977
2024-11-06,34.54567901234568,44.24603174603175,0.5952380952380952,42.26190476190476,68.65,1.3888888888888888,23.214285714285715,61.30952380952381,43.75024483128637,31.49179553205955
2024-11-07,38.38007054673721,48.61111111111111,3.7698412698412698,45.03968253968254,74.0,6.15079365079365,30.357142857142854,59.72222222222222,46.82910635328427,33.334448984056905
2024-11-08,51.65396825396825,31.944444444444443,44.24603174603175,50.0,75.30000000000001,43.84920634920635,41.86507936507937,58.13492063492064,51.454404907676334,38.002395388433676
2024-11-11,62.312874779541445,18.452380952380953,64.48412698412699,59.72222222222222,75.15,83.92857142857143,56.15079365079365,63.29365079365079,53.24945393944853,42.27061931369535
2024-11-12,53.34250440917107,24.00793650793651,32.73809523809524,61.7063492063492,76.44999999999999,52.57936507936508,60.51587301587301,62.89682539682539,50.498629715863316,38.61783592962373
2024-11-13,52.67619047619047,21.626984126984127,43.452380952380956,53.57142857142858,79.9,45.03968253968254,43.05555555555556,64.0873015873016,51.26662450962887,38.10499784785671
2024-11-14,44.0426807760141,25.198412698412696,26.38888888888889,44.24603174603175,78.44999999999999,28.76984126984127,24.801587301587304,63.69047619047619,49.915066553362664,36.57899836516924
2024-11-15,36.05696649029982,13.293650793650794,10.515873015873016,39.48412698412698,69.3,33.13492063492063,22.023809523809522,56.94444444444444,48.165547634100626,36.929032433516426
2024-11-18,43.33703703703703,10.912698412698413,31.547619047619047,35.11904761904762,72.1,66.46825396825396,18.849206349206348,51.388888888888886,50.38173186870404,39.656434453936264
2024-11-19,34.10405643738977,20.03968253968254,18.452380952380953,33.53174603174603,68.25,12.896825396825399,17.658730158730158,49.404761904761905,49.143316672792835,34.78015456464117
2024-11-20,34.725220458553785,22.023809523809522,14.880952380952381,34.12698412698413,64.2,29.96031746031746,18.849206349206348,49.404761904761905,48.6500797440669,36.63820354381879
2024-11-21,40.38253968253968,15.674603174603174,29.96031746031746,34.920634920634924,65.65,51.78571428571429,18.055555555555554,51.78571428571429,50.04003974227806,38.52092836710976
2024-11-22,37.54197530864197,12.103174603174603,25.992063492063494,39.08730158730159,73.8,8.928571428571429,20.03968253968254,58.13492063492064,49.778467920118196,34.07761675285723
2024-11-25,33.667548500881836,7.738095238095238,1.7857142857142856,45.83333333333333,77.0,0.1984126984126984,30.357142857142854,61.30952380952381,45.97663870737932,30.026229325841232
2024-11-26,38.19135802469136,13.293650793650794,6.944444444444445,51.38888888888889,79.5,3.373015873015873,44.642857142857146,58.13492063492064,47.5680780660562,32.202103602553244
2024-11-27,50.75749559082892,14.880952380952381,50.595238095238095,58.13492063492063,79.5,7.341269841269842,55.75396825396825,60.51587301587301,51.82397375137804,33.48791816631916
2024-11-29,46.54091710758377,19.642857142857142,24.404761904761905,58.333333333333336,82.45,10.515873015873016,67.65873015873017,49.007936507936506,49.6542758867256,34.13285924105066
2024-12-02,54.666313932980586,36.30952380952381,44.24603174603175,62.698412698412696,83.3,12.5,70.83333333333334,54.563492063492056,51.21482145115947,34.47971829390972
2024-12-03,49.97089947089947,48.61111111111111,10.912698412698413,69.24603174603175,83.5,4.563492063492063,73.21428571428571,65.27777777777779,47.98180111281876,32.47490766358188
2024-12-04,58.24779541446208,52.57936507936508,40.27777777777778,70.63492063492063,82.75,13.690476190476192,72.81746031746032,68.45238095238095,50.8567423660063,34.661561668479735
2024-12-05,52.283597883597885,64.48412698412699,17.261904761904763,67.06349206349206,82.30000000000001,5.753968253968254,66.07142857142857,68.05555555555556,48.91781421676234,32.94663050636929
2024-12-06,58.84902998236331,66.07142857142857,31.547619047619047,68.45238095238095,86.15,22.817460317460316,62.89682539682539,74.0079365079365,50.170939328777585,35.831825159748014
2024-12-09,50.98818342151676,62.5,17.261904761904763,63.88888888888889,79.05000000000001,12.103174603174603,60.51587301587301,67.26190476190477,48.92184760024065,34.24520502091149
2024-12-10,47.95696649029982,58.53174603174603,20.436507936507937,51.19047619047619,79.1,20.436507936507937,50.198412698412696,52.182539682539684,49.148783603773055,35.420603879805945
2024-12-11,49.28500881834214,64.0873015873016,8.531746031746032,54.36507936507937,82.1,35.11904761904761,44.24603174603175,64.48412698412699,47.75812778401339,36.73462436895728
2024-12-12,55.32257495590829,68.45238095238095,35.51587301587302,52.97619047619048,80.4,38.69047619047619,44.24603174603175,61.70634920634921,50.46788643701095,37.107957938352655
2024-12-13,76.03562610229275,79.56349206349206,90.27777777777779,58.92857142857143,80.94999999999999,85.51587301587301,47.42063492063492,70.43650793650794,57.400213365363165,42.35426306020327
2024-12-16,73.75714285714284,85.9126984126984,79.56349206349206,61.507936507936506,76.55,81.15079365079364,56.547619047619044,66.46825396825396,54.682339272005066,41.76637420572795
2024-12-17,66.40546737213404,88.69047619047619,64.0873015873016,53.96825396825396,70.65,77.57936507936508,53.769841269841265,54.166666666666664,53.123161165038766,41.20330144382808
2024-12-18,53.90158730158729,85.9126984126984,68.45238095238095,43.45238095238095,30.94999999999999,70.03968253968253,45.43650793650794,41.46825396825397,53.56931080235462,40.011000905712265
2024-12-19,40.121957671957674,87.10317460317461,39.08730158730159,29.960317460317462,39.775,26.38888888888889,33.92857142857143,25.992063492063494,50.8327305177796,36.14110262340578
2024-12-20,30.74638447971781,87.5,4.166666666666666,15.079365079365079,58.2,19.246031746031747,23.214285714285715,6.944444444444445,46.9859097853567,35.377602849926696
2024-12-23,47.84585537918871,88.69047619047619,56.547619047619044,12.3015873015873,66.1,59.72222222222222,19.642857142857142,4.9603174603174605,52.41833026590669,39.08304031030337
2024-12-24,65.14091710758376,88.29365079365078,96.62698412698413,16.269841269841272,78.65,98.61111111111111,27.579365079365083,4.9603174603174605,59.62621381943334,48.10806979158048
2024-12-26,63.52751322751322,89.48412698412699,83.13492063492063,23.80952380952381,76.35,91.86507936507937,40.67460317460318,6.944444444444445,55.92545669685792,43.80884224672814
2024-12-27,65.52292768959435,90.27777777777779,84.72222222222221,31.746031746031747,70.25,94.24603174603175,55.75396825396825,7.738095238095238,56.43483164539783,44.88619698344428
2024-12-30,54.76278659611993,87.89682539682539,58.92857142857143,35.91269841269841,63.00000000000001,53.37301587301587,57.738095238095234,14.087301587301587,52.71296056775889,38.57534267732378
2024-12-31,56.86860670194003,87.10317460317461,64.88095238095238,30.555555555555557,63.24999999999999,76.78571428571429,47.023809523809526,14.087301587301587,53.27909016010833,40.731366699273245
2025-01-02,61.60335097001763,85.9126984126984,75.59523809523809,36.111111111111114,60.35,88.29365079365078,36.7063492063492,35.51587301587302,54.53879210445116,42.72662396574536
2025-01-03,65.76384479717812,84.72222222222221,78.76984126984127,43.65079365079365,69.35000000000001,79.96031746031747,39.88095238095239,47.42063492063492,54.98395541082005,41.76563553064266
2025-01-06,60.19805996472663,88.29365079365078,55.35714285714286,49.007936507936506,69.80000000000001,56.15079365079365,39.48412698412698,58.53174603174603,52.44996302283127,38.82190761798219
2025-01-07,58.815520282186945,82.73809523809523,60.11904761904761,48.01587301587302,60.9,60.51587301587301,31.944444444444443,64.0873015873016,52.94668743494587,39.2181231866717
2025-01-08,45.05996472663139,76.38888888888889,22.023809523809522,46.82539682539682,61.50000000000001,21.626984126984127,20.436507936507937,73.21428571428571,49.63592825625861,35.645449962652656
2025-01-10,35.89470899470899,76.78571428571429,1.3888888888888888,44.24603174603175,52.300000000000004,6.15079365079365,22.42063492063492,66.07142857142857,45.42581868351003,33.09705249995022
2025-01-13,31.58783068783068,71.23015873015873,2.579365079365079,31.746031746031747,54.04999999999999,4.563492063492063,12.896825396825399,50.595238095238095,46.404211079231985,32.683396933792444
2025-01-14,34.45802469135803,69.24603174603175,2.579365079365079,33.730158730158735,56.449999999999996,21.626984126984127,14.880952380952381,52.57936507936508,46.40417778290919,35.58337346909225
2025-01-15,35.836684303350964,73.61111111111111,1.7857142857142856,34.12698412698413,69.39999999999999,4.166666666666666,17.261904761904763,50.99206349206349,45.71440475095425,32.58546536143618
2025-01-16,38.742504409171076,68.05555555555556,12.896825396825399,36.507936507936506,67.0,11.30952380952381,25.198412698412696,47.817460317460316,48.41000522873225,34.16158545358592
2025-01-17,38.009523809523806,73.61111111111111,12.103174603174603,26.785714285714285,70.14999999999999,23.61111111111111,16.071428571428573,37.5,48.32458303898937,35.62461629367045
2025-01-21,40.07883597883598,68.84920634920636,10.912698412698413,34.32539682539682,74.7,17.658730158730158,28.373015873015873,40.27777777777778,48.139433431531806,34.931494593590024
2025-01-22,45.810405643738974,75.1984126984127,23.61111111111111,35.51587301587301,74.5,34.32539682539682,34.32539682539682,36.7063492063492,49.413736141365206,36.635613719640745
2025-01-23,35.868430335096996,70.03968253968253,0.992063492063492,33.33333333333333,74.9,0.992063492063492,34.72222222222222,31.944444444444443,44.457643536952865,30.878280365350623
2025-01-24,41.56878306878307,61.30952380952381,6.944444444444445,40.87301587301587,75.75,24.801587301587304,45.43650793650794,36.30952380952381,47.16758036327896,35.74171942960329
2025-01-27,62.18783068783068,52.182539682539684,81.94444444444444,44.64285714285714,60.50000000000001,88.69047619047619,42.65873015873016,46.62698412698413,55.87574898756884,42.796667146667545
2025-01-28,58.97125220458554,68.84920634920636,74.8015873015873,35.714285714285715,67.95,69.24603174603175,27.976190476190478,43.452380952380956,54.5529313992126,39.97578777047858
2025-01-29,57.37160493827161,58.13492063492064,56.547619047619044,46.62698412698413,67.2,70.83333333333334,23.61111111111111,69.64285714285714,52.52444417919215,40.07838703200664
2025-01-30,63.96966490299823,50.99206349206349,58.92857142857143,60.71428571428571,70.8,83.13492063492063,35.51587301587302,85.9126984126984,52.81892318387631,42.26117174398281
2025-01-31,52.48959435626102,49.007936507936506,39.88095238095239,47.81746031746032,67.85,64.48412698412699,15.674603174603174,79.96031746031747,51.00069843949453,39.425334444194284
2025-02-03,48.29259259259259,50.595238095238095,35.51587301587302,47.420634920634924,56.89999999999999,56.94444444444444,14.880952380952381,79.96031746031747,50.47104235986089,38.72942697978605
2025-02-04,42.36366843033509,72.02380952380952,4.166666666666666,46.62698412698413,63.949999999999996,33.13492063492063,12.896825396825399,80.35714285714286,46.46382432940392,36.47065581229988
2025-02-05,41.09770723104056,63.29365079365079,2.579365079365079,43.05555555555556,71.15,29.96031746031746,13.293650793650794,72.81746031746032,45.87504896775685,36.15510119796497
2025-02-06,44.660493827160494,72.02380952380952,26.38888888888889,37.5,72.5,19.642857142857142,11.706349206349206,63.29365079365079,49.692492354453,35.26059767090281
2025-02-07,52.34532627865961,68.84920634920636,42.26190476190476,43.25396825396825,67.30000000000001,53.37301587301587,16.071428571428573,70.43650793650794,51.20038732463436,38.469876632208944
2025-02-10,49.210229276895944,71.62698412698413,24.404761904761905,54.96031746031746,70.94999999999999,15.674603174603174,29.96031746031746,79.96031746031747,49.499840124700555,34.60527800677549
2025-02-11,50.49805996472663,68.84920634920636,26.785714285714285,50.79365079365079,69.9,39.88095238095239,26.38888888888889,75.1984126984127,49.71822267740763,36.94705556491621
2025-02-12,39.53139329805996,73.61111111111111,7.341269841269842,40.079365079365076,70.55,6.15079365079365,13.690476190476192,66.46825396825396,47.068101127254955,32.94190476009679
2025-02-13,41.15873015873016,81.15079365079364,9.325396825396826,37.301587301587304,74.5,9.722222222222223,10.515873015873016,64.0873015873016,47.65720796337448,33.56451363482165
2025-02-14,44.1047619047619,76.78571428571429,12.103174603174603,45.83333333333333,76.15,6.15079365079365,18.849206349206348,72.81746031746032,47.98416596317635,32.86083251290996
2025-02-18,43.01940035273368,69.64285714285714,12.5,46.62698412698413,73.25,6.15079365079365,25.198412698412696,68.05555555555556,47.99384699306379,32.70675667476009
2025-02-19,58.84902998236332,68.84920634920636,50.198412698412696,62.10317460317461,73.65,26.785714285714285,47.42063492063492,76.78571428571429,51.769977038349644,35.74115020229182
2025-02-20,51.31693121693121,75.1984126984127,20.436507936507937,64.88095238095238,71.69999999999999,7.738095238095238,54.166666666666664,75.59523809523809,48.99311109089135,32.955044325042046
2025-02-21,40.04003527336861,74.40476190476191,3.7698412698412698,52.38095238095238,58.949999999999996,3.373015873015873,48.61111111111111,56.15079365079365,46.20011202493176,32.282734998665006
2025-02-24,33.93756613756614,62.5,16.46825396825397,29.761904761904766,55.1,10.515873015873016,21.23015873015873,38.2936507936508,48.460992951255776,33.34864699874777
2025-02-25,29.910229276895944,58.53174603174603,13.293650793650794,19.04761904761905,52.85,21.23015873015873,7.341269841269842,30.753968253968257,48.1037198548072,35.16901125530648
2025-02-26,40.594356261022924,72.42063492063492,41.07142857142857,17.857142857142858,54.49999999999999,48.214285714285715,4.563492063492063,31.150793650793652,50.546187588808266,37.5173833117135
2025-02-27,40.90661375661376,50.0,60.912698412698404,18.452380952380953,47.175000000000004,46.62698412698413,3.7698412698412698,33.13492063492063,52.530096676063046,37.306607709167764
2025-02-28,27.527513227513232,50.0,8.531746031746032,21.626984126984127,51.85000000000001,12.103174603174603,3.7698412698412698,39.48412698412698,47.37138896139859,33.583701344342714
2025-03-03,32.5384479717813,50.0,26.785714285714285,27.18253968253968,43.05,21.626984126984127,2.976190476190476,51.388888888888886,49.471711327003995,34.944191505504406
2025-03-04,25.93800705467372,50.0,8.134920634920634,24.603174603174605,41.224999999999994,10.912698412698413,2.1825396825396823,47.023809523809526,47.091009673844574,33.41813306377599
2025-03-05,25.735537918871252,50.0,6.547619047619048,23.214285714285715,45.175,8.531746031746032,3.7698412698412698,42.65873015873016,46.716839212183444,33.0280150794
2025-03-06,25.843827160493827,50.0,13.293650793650794,22.619047619047617,37.824999999999996,12.5,4.166666666666666,41.07142857142857,47.90425700807231,33.56397695069171
2025-03-07,26.30238095238095,50.0,2.1825396825396823,31.54761904761905,41.574999999999996,4.563492063492063,4.9603174603174605,58.13492063492064,45.44260348226048,32.467074649661384
2025-03-10,22.308818342151675,50.0,3.373015873015873,24.8015873015873,30.349999999999994,8.928571428571429,8.134920634920634,41.46825396825397,45.902096336826375,33.01429997521866
2025-03-11,27.659082892416226,50.0,14.484126984126986,28.571428571428573,32.69999999999999,18.849206349206348,7.738095238095238,49.404761904761905,47.91075720159489,34.306583799822434
2025-03-12,34.86340388007054,50.0,28.373015873015873,32.738095238095234,39.425,29.96031746031746,8.134920634920634,57.341269841269835,49.3804735029255,35.58521857950988
2025-03-13,32.50811287477954,50.0,25.992063492063494,31.547619047619047,38.35,19.246031746031747,6.944444444444445,56.15079365079365,49.13475787388264,34.36390109955171
2025-03-14,31.07134038800705,50.0,17.658730158730158,27.57936507936508,45.575,20.436507936507937,4.563492063492063,50.595238095238095,48.28168640917636,34.41724066854653
2025-03-17,35.01208112874779,50.0,10.912698412698413,40.476190476190474,48.724999999999994,24.404761904761905,6.15079365079365,74.8015873015873,47.53543199563467,34.868388828112444
2025-03-18,34.63756613756613,50.0,8.531746031746032,37.10317460317461,45.75,41.86507936507937,7.341269841269842,66.86507936507937,46.96414754694506,36.402670102346995
2025-03-19,30.424162257495592,50.0,7.341269841269842,26.19047619047619,50.50000000000001,29.563492063492063,5.753968253968254,46.62698412698413,46.77777786088316,35.455373681260795
2025-03-20,29.212522045855376,50.0,10.515873015873016,21.825396825396822,50.99999999999999,24.404761904761905,5.753968253968254,37.89682539682539,47.17442065868283,34.86917361794033
2025-03-21,23.22063492063492,50.0,0.1984126984126984,17.063492063492063,53.599999999999994,0.1984126984126984,7.738095238095238,26.38888888888889,41.48193042171264,25.587756714364325
2025-03-24,40.63068783068783,50.0,56.547619047619044,7.738095238095239,62.6,54.166666666666664,2.579365079365079,12.896825396825399,51.547479990424726,37.59021667640133
2025-03-25,28.98236331569665,50.0,12.896825396825399,10.714285714285715,64.25,24.404761904761905,6.547619047619048,14.880952380952381,47.57534216866601,34.83639937054939
2025-03-26,39.289417989417984,50.0,47.42063492063492,12.5,58.35000000000001,54.563492063492056,4.563492063492063,20.436507936507937,50.56535472589211,37.536044887943106
2025-03-27,39.48465608465608,50.0,48.61111111111111,15.476190476190476,56.55,48.61111111111111,2.1825396825396823,28.76984126984127,50.71887988997129,36.908328758985036
2025-03-28,32.63712522045855,50.0,21.23015873015873,22.42063492063492,45.875,42.26190476190476,0.992063492063492,43.84920634920635,48.3655932883417,36.35005216788812
2025-03-31,26.048148148148147,50.0,6.547619047619048,20.23809523809524,44.3,22.023809523809522,0.5952380952380952,39.88095238095239,46.46996297512857,34.59764489953474
2025-04-01,34.02548500881834,50.0,18.452380952380953,31.150793650793652,45.575,34.72222222222222,0.1984126984126984,62.10317460317461,48.048125358118924,35.6684584287386
2025-04-02,49.99885361552028,50.0,65.27777777777779,31.150793650793652,46.224999999999994,83.53174603174604,0.1984126984126984,62.10317460317461,52.27054355689459,40.611376389870166
2025-04-03,19.367195767195764,50.0,10.119047619047619,17.063492063492063,24.950000000000003,2.976190476190476,0.1984126984126984,33.92857142857143,46.99671888585329,32.06072732159117
2025-04-04,12.896825396825397,50.0,4.563492063492063,15.079365079365079,0.0,11.706349206349206,0.1984126984126984,29.96031746031746,46.04017397443994,33.210600258452715
2025-04-07,20.21604938271605,50.0,20.833333333333336,17.857142857142858,0.0,36.7063492063492,0.1984126984126984,35.51587301587302,48.176970120779444,35.77205366629934
2025-04-08,17.94532627865961,50.0,19.246031746031747,14.484126984126984,0.0,29.563492063492063,0.1984126984126984,28.76984126984127,48.01861202548674,35.317875822584284
2025-04-09,30.175837742504413,50.0,45.83333333333333,14.087301587301589,15.950000000000017,55.75396825396825,0.5952380952380952,27.579365079365083,50.429802430054906,37.49615928936887
2025-04-10,25.396825396825395,50.0,33.53174603174603,20.039682539682538,0.0,51.388888888888886,1.3888888888888888,38.69047619047619,49.37705996467152,36.969020074970146
2025-04-11,24.327336860670194,50.0,16.865079365079367,33.13492063492064,6.099999999999994,23.61111111111111,2.1825396825396823,64.0873015873016,47.877741134448534,34.609088584469525
2025-04-14,38.17398589065256,50.0,37.5,44.642857142857146,22.775000000000006,39.08730158730159,2.976190476190476,86.30952380952381,49.64362479416777,35.985892848884674
2025-04-15,31.238447971781305,50.0,4.563492063492063,47.81746031746032,24.700000000000003,29.166666666666668,5.357142857142857,90.27777777777779,46.039740883297384,35.25780388375439
2025-04-16,44.300529100529104,50.0,50.198412698412696,48.21428571428572,18.400000000000006,66.86507936507937,4.166666666666666,92.26190476190477,50.55065970973662,38.55693222273672
2025-04-17,30.022486772486772,50.0,0.5952380952380952,44.84126984126984,25.875,32.73809523809524,3.373015873015873,86.30952380952381,42.53532654822808,35.49995637690391
2025-04-21,25.19259259259259,50.0,1.7857142857142856,40.07936507936508,15.449999999999989,22.023809523809522,3.373015873015873,76.78571428571429,44.282419617402105,34.49227777537352
2025-04-22,22.611022927689593,50.0,1.7857142857142856,27.579365079365083,23.575000000000003,20.03968253968254,2.579365079365079,52.57936507936508,44.018161821978005,34.33092400723738
2025-04-23,23.149470899470902,50.0,7.341269841269842,23.01587301587302,28.875,16.865079365079367,2.579365079365079,43.452380952380956,46.36272639741822,33.90548335820368
2025-04-24,24.84470899470899,50.0,6.944444444444445,29.96031746031746,33.825,2.1825396825396823,2.976190476190476,56.94444444444444,46.19844998787695,31.59936924011937
2025-04-25,43.23262786596119,50.0,30.357142857142854,41.666666666666664,37.9,77.57936507936508,5.753968253968254,77.57936507936508,48.84036763586246,39.49021713569434
2025-04-28,43.17063492063492,50.0,32.73809523809524,48.214285714285715,37.125,54.166666666666664,6.547619047619048,89.88095238095238,49.021868217711535,37.234244636547366
2025-04-29,34.74241622574955,50.0,10.515873015873016,50.0,39.574999999999996,12.5,6.944444444444445,93.05555555555556,46.570732341329084,33.30038420624798
2025-04-30,33.91887125220458,50.0,4.9603174603174605,49.20634920634921,38.25,21.23015873015873,7.738095238095238,90.67460317460318,45.878028636070766,34.321350837938056
2025-05-01,41.470017636684304,50.0,16.071428571428573,46.82539682539682,38.5,73.61111111111111,8.134920634920634,85.51587301587301,47.48335193750326,38.87822396621503
2025-05-02,42.007583774250435,50.0,20.436507936507937,45.63492063492063,43.3,63.69047619047619,8.134920634920634,83.13492063492063,47.82516910041752,38.16417338015082
2025-05-05,36.095061728395066,50.0,6.15079365079365,43.65079365079365,40.9,49.801587301587304,9.325396825396826,77.97619047619048,46.00408805437437,36.596160636416855
2025-05-06,30.490476190476187,50.0,4.166666666666666,42.460317460317455,38.099999999999994,12.5,9.325396825396826,75.59523809523809,45.6372558116485,33.24397879053137
2025-05-07,38.592151675485006,50.0,8.134920634920634,49.007936507936506,41.125,51.78571428571429,10.119047619047619,87.89682539682539,46.185758154388445,36.791637411049734
2025-05-08,33.82945326278659,50.0,2.976190476190476,48.01587301587301,43.8,16.865079365079367,10.515873015873016,85.51587301587301,44.491353372147756,33.62234940091524
2025-05-09,41.029982363315696,50.0,24.00793650793651,50.7936507936508,45.25,28.373015873015873,11.30952380952381,90.27777777777779,47.92271270187008,34.83222065150199
2025-05-12,36.40088183421516,50.0,3.7698412698412698,48.61111111111111,58.05,8.134920634920634,12.5,84.72222222222221,45.41557910808389,32.73492430394028
2025-05-13,51.250264550264546,50.0,33.13492063492063,47.61904761904762,58.900000000000006,84.32539682539682,20.03968253968254,75.1984126984127,48.80213754618774,40.36152397968251
2025-05-14,46.68324514991181,50.0,37.89682539682539,38.2936507936508,56.89999999999999,65.67460317460318,25.992063492063494,50.595238095238095,49.27444445651795,38.25541694449187
2025-05-15,35.47989417989418,50.0,1.7857142857142856,25.595238095238095,60.85000000000001,67.26190476190477,26.785714285714285,24.404761904761905,43.80738337015116,38.50943366134965
2025-05-16,34.570194003527334,50.0,0.992063492063492,17.063492063492063,63.800000000000004,80.35714285714286,28.373015873015873,5.753968253968254,43.24365222380835,39.88408307710106
2025-05-19,32.908818342151676,50.0,11.30952380952381,15.07936507936508,59.3,59.72222222222222,27.579365079365083,2.579365079365079,46.39888448076917,37.69403462997718
2025-05-20,36.22716049382716,50.0,22.42063492063492,13.888888888888888,59.550000000000004,70.43650793650794,26.785714285714285,0.992063492063492,47.775781811473706,38.66087382914363
2025-05-21,31.52724867724867,50.0,17.658730158730158,10.912698412698413,47.824999999999996,70.03968253968253,21.626984126984127,0.1984126984126984,47.14199727273825,38.657249757091414
2025-05-22,29.47407407407407,50.0,16.865079365079367,8.531746031746032,49.3,57.341269841269835,15.674603174603174,1.3888888888888888,47.06673855342866,37.551431910909635
2025-05-23,36.11754850088183,50.0,62.89682539682539,6.944444444444445,44.275000000000006,39.88095238095239,10.119047619047619,3.7698412698412698,51.56773035749127,35.965970325783964
2025-05-27,37.156437389770716,50.0,57.341269841269835,7.5396825396825395,55.199999999999996,36.7063492063492,10.912698412698413,4.166666666666666,50.980570111676336,35.645678736811135
2025-05-28,45.01269841269841,50.0,75.59523809523809,9.126984126984127,53.45000000000001,69.64285714285714,13.690476190476192,4.563492063492063,53.1762212444078,38.603540215731385
2025-05-29,48.838800705467364,56.15079365079365,80.75396825396825,12.698412698412698,54.1,75.59523809523809,19.642857142857142,5.753968253968254,53.99366162673471,39.09252389671201
2025-05-30,28.991887125220458,50.0,20.833333333333336,15.476190476190474,57.15,8.531746031746032,25.198412698412696,5.753968253968254,47.562525665504836,32.83071678555095
2025-06-02,34.40599647266313,63.29365079365079,23.214285714285715,16.26984126984127,58.2,34.72222222222222,29.166666666666668,3.373015873015873,47.70763846033098,35.551041053383365
2025-06-03,36.84797178130511,55.75396825396825,34.32539682539682,17.658730158730158,61.55,31.150793650793652,31.547619047619047,3.7698412698412698,48.659802464733595,35.208118646811954
2025-06-04,45.953615520282185,57.341269841269835,59.32539682539682,19.444444444444446,61.95,55.35714285714286,32.73809523809524,6.15079365079365,51.11367315895039,37.10921446812327
2025-06-05,57.1342151675485,58.13492063492064,94.64285714285714,17.658730158730158,57.599999999999994,98.61111111111111,30.753968253968257,4.563492063492063,58.25876787462943,46.43618868347128
2025-06-06,55.088007054673724,62.10317460317461,79.16666666666666,18.650793650793652,66.15,87.10317460317461,32.34126984126984,4.9603174603174605,53.46427348108922,40.99023987344942
2025-06-09,52.62645502645502,76.38888888888889,64.88095238095238,23.015873015873012,64.2,70.03968253968253,37.89682539682539,8.134920634920634,51.5785827089436,38.602732967170994
2025-06-10,45.65079365079365,73.21428571428571,37.10317460317461,26.38888888888889,65.25,53.769841269841265,45.03968253968254,7.738095238095238,48.969040905162856,36.949906375577164
2025-06-11,47.62116402116401,63.69047619047619,52.57936507936508,29.365079365079364,63.69999999999999,44.24603174603175,50.99206349206349,7.738095238095238,50.4555127000099,36.14132359715156
2025-06-12,47.768783068783065,67.26190476190477,51.388888888888886,33.13492063492063,59.900000000000006,40.67460317460318,60.51587301587301,5.753968253968254,50.25414858961794,35.92498087833364
2025-06-13,47.67054673721341,70.43650793650794,56.94444444444444,36.30952380952381,47.95,39.88095238095239,62.89682539682539,9.722222222222223,50.69901949722029,35.88768642404794
2025-06-16,43.55943562610229,78.37301587301587,44.24603174603175,30.75396825396825,54.45,24.00793650793651,57.341269841269835,4.166666666666666,49.59799374913146,34.47676640042331
2025-06-17,36.47883597883598,84.72222222222221,37.89682539682539,24.00793650793651,46.0,3.7698412698412698,44.642857142857146,3.373015873015873,49.00685462788348,32.11411769366481
2025-06-18,30.301410934744265,81.15079365079364,14.087301587301587,17.857142857142858,49.65,10.515873015873016,33.92857142857143,1.7857142857142856,46.61232132959113,32.98934999343734
2025-06-20,25.22874779541446,73.21428571428571,2.579365079365079,17.063492063492063,48.449999999999996,0.5952380952380952,33.92857142857143,0.1984126984126984,43.808223713830884,29.68376772366167
2025-06-23,48.2047619047619,68.45238095238095,68.84920634920636,17.063492063492063,50.85000000000001,74.8015873015873,33.92857142857143,0.1984126984126984,51.670193491908435,38.660715382612416
2025-06-24,42.92345679012345,69.24603174603175,45.43650793650794,22.222222222222225,62.6,34.32539682539682,43.452380952380956,0.992063492063492,49.576729873875806,35.37682623923234
2025-06-25,58.913051146384475,73.61111111111111,71.23015873015873,32.73809523809524,66.19999999999999,83.53174603174604,64.0873015873016,1.3888888888888888,51.996310493528995,39.711591636905716
2025-06-26,49.11516754850088,86.70634920634922,37.10317460317461,38.888888888888886,67.05,30.357142857142854,77.57936507936508,0.1984126984126984,48.874741294944485,34.89355383600037
2025-06-27,44.12416225749559,85.51587301587301,12.896825396825399,41.26984126984127,68.4,25.198412698412696,81.54761904761905,0.992063492063492,46.42070327322519,34.43919154094771
2025-06-30,50.017813051146376,90.67460317460318,24.00793650793651,46.03174603174603,66.35,40.67460317460318,91.86507936507937,0.1984126984126984,47.67849614820042,35.695751198892
2025-07-01,50.65626102292769,74.0079365079365,37.89682539682539,44.44444444444444,65.85000000000001,41.07142857142857,88.69047619047619,0.1984126984126984,48.85452871098575,35.74017681578132
2025-07-02,45.53227513227513,74.8015873015873,35.91269841269841,36.904761904761905,66.8,18.849206349206348,73.21428571428571,0.5952380952380952,48.68486714002315,33.84741846664973
2025-07-03,59.11481481481481,85.51587301587301,71.23015873015873,39.08730158730159,68.10000000000001,50.595238095238095,76.78571428571429,1.3888888888888888,51.690386018993514,36.32559954766082
2025-07-07,48.79594356261022,82.34126984126983,47.42063492063492,40.079365079365076,61.050000000000004,19.642857142857142,75.59523809523809,4.563492063492063,49.59759060079555,33.90966674942894
2025-07-08,40.20670194003527,76.78571428571429,22.42063492063492,35.51587301587301,65.95000000000002,1.7857142857142856,60.51587301587301,10.515873015873016,47.57057961715997,31.24572349288373
2025-07-09,41.504056437389764,75.9920634920635,17.658730158730158,34.12698412698413,70.3,19.246031746031747,58.92857142857143,9.325396825396826,47.02836884560481,33.745402216953515
2025-07-10,45.03280423280423,64.0873015873016,31.547619047619047,41.26984126984127,71.1,12.103174603174603,70.83333333333334,11.706349206349206,48.10834712049993,33.04129198080192
2025-07-11,41.05908289241622,47.42063492063492,27.18253968253968,29.96031746031746,68.0,41.86507936507937,50.99206349206349,8.928571428571429,47.869250306484254,35.65673991345024
2025-07-14,33.38007054673721,60.11904761904761,15.674603174603174,25.99206349206349,64.0,2.976190476190476,43.84920634920635,8.134920634920634,46.77719198130715,31.640556213660737
2025-07-15,43.43139329805997,69.64285714285714,38.2936507936508,28.174603174603174,63.10000000000001,33.92857142857143,48.61111111111111,7.738095238095238,48.7153411393348,34.96574003278389
2025-07-16,38.01005291005291,73.61111111111111,14.087301587301587,33.53174603174603,64.2,11.30952380952381,58.53174603174603,8.531746031746032,46.48032956450573,32.984664946308875
2025-07-17,33.51834215167548,72.02380952380952,4.563492063492063,27.976190476190478,67.4,1.7857142857142856,49.801587301587304,6.15079365079365,44.70833848164438,31.17093149249395
2025-07-18,35.426278659611995,87.5,0.992063492063492,25.3968253968254,67.95,17.261904761904763,47.023809523809526,3.7698412698412698,42.9440038240452,33.48568785579165
2025-07-21,34.69664902998237,98.61111111111111,5.357142857142857,21.626984126984127,66.75,4.563492063492063,41.07142857142857,2.1825396825396823,44.93345180140963,31.98252102410612
2025-07-22,33.18783068783069,91.07142857142857,3.7698412698412698,20.436507936507937,67.5,3.7698412698412698,37.5,3.373015873015873,44.231556906192694,31.821116526423467
2025-07-23,33.69382716049383,92.65873015873017,3.373015873015873,18.84920634920635,73.15,0.992063492063492,33.92857142857143,3.7698412698412698,43.96732658698054,29.73705846814475
2025-07-24,37.59576719576719,91.07142857142857,10.119047619047619,18.055555555555557,73.05,26.785714285714285,33.92857142857143,2.1825396825396823,45.921078521517714,34.27813794847347
2025-07-25,48.15978835978836,87.10317460317461,36.7063492063492,24.404761904761905,75.35,49.007936507936506,45.03968253968254,3.7698412698412698,48.25182104795941,35.878906553679215
2025-07-28,48.930511463844795,81.15079365079364,36.7063492063492,37.1031746031746,74.85000000000001,24.801587301587304,68.45238095238095,5.753968253968254,48.22796092497541,34.15161107253616
2025-07-29,41.59188712522046,82.73809523809523,6.944444444444445,42.46031746031746,70.1,10.119047619047619,79.96031746031747,4.9603174603174605,45.14912383122876,32.69014544966139
2025-07-30,44.92522045855379,90.27777777777779,11.706349206349206,45.23809523809524,72.6,9.722222222222223,85.11904761904762,5.357142857142857,46.02223994451296,32.66385844734857
2025-07-31,57.458377425044084,97.81746031746032,37.89682539682539,49.8015873015873,66.4,61.30952380952381,91.46825396825396,8.134920634920634,48.250716628925346,36.76145137875624
2025-08-01,50.626631393298055,73.61111111111111,41.07142857142857,45.63492063492063,49.050000000000004,64.88095238095238,82.34126984126983,8.928571428571429,48.46647505468356,37.05448852138705
2025-08-04,49.02980599647266,86.30952380952381,36.7063492063492,34.32539682539683,62.4,53.769841269841265,64.48412698412699,4.166666666666666,48.162326218346934,36.06231336023908
2025-08-05,39.800705467372126,87.89682539682539,21.626984126984127,29.563492063492063,60.74999999999999,16.865079365079367,53.37301587301587,5.753968253968254,47.007734735993026,33.17635988864057
2025-08-06,55.815520282186945,99.0079365079365,68.05555555555556,24.404761904761905,66.15,61.70634920634921,41.46825396825397,7.341269841269842,50.694724932308645,36.646764366025224
2025-08-07,52.907231040564376,99.8015873015873,51.388888888888886,27.57936507936508,67.15,56.547619047619044,41.07142857142857,14.087301587301587,49.29524358027796,36.16267170631622
2025-08-08,63.43562610229277,99.8015873015873,78.37301587301587,30.357142857142858,74.25,74.8015873015873,45.43650793650794,15.277777777777779,51.5886419369693,38.128344025345854
2025-08-11,64.96913580246914,99.8015873015873,81.54761904761905,42.46031746031747,68.75,56.94444444444444,64.0873015873016,20.833333333333336,52.12842470567756,36.234945790144124
2025-08-12,61.543386243386244,99.0079365079365,58.92857142857143,52.38095238095238,76.35,27.18253968253968,79.16666666666666,25.595238095238095,49.79590915177087,34.179755845942935
2025-08-13,62.44938271604937,88.69047619047619,62.10317460317461,56.15079365079365,77.55,25.595238095238095,87.10317460317461,25.198412698412696,50.14185874392183,34.129383741537126
2025-08-14,62.865255731922396,88.69047619047619,66.46825396825396,52.182539682539684,75.85,35.91269841269841,83.92857142857143,20.436507936507937,50.52492105940285,34.69427672554529
2025-08-15,60.90088183421517,93.84920634920636,46.230158730158735,51.388888888888886,74.55,58.53174603174603,85.11904761904762,17.658730158730158,48.861893567928675,36.27054412636671
2025-08-18,53.3400352733686,96.62698412698413,31.547619047619047,43.45238095238095,75.05,39.88095238095239,71.62698412698413,15.277777777777779,47.849442297971855,34.980496616260645
2025-08-19,60.65414462081129,82.34126984126983,85.11904761904762,28.96825396825397,72.15,62.10317460317461,53.37301587301587,4.563492063492063,52.41173979952194,36.47068238795777
2025-08-20,61.733333333333334,79.16666666666666,91.46825396825396,22.023809523809522,71.55000000000001,84.32539682539682,41.07142857142857,2.976190476190476,53.85986202149071,38.83628557222943
2025-08-21,40.41798941798941,66.07142857142857,41.07142857142857,19.047619047619047,67.0,24.404761904761905,35.91269841269841,2.1825396825396823,48.35732546602875,33.89667240845477
2025-08-22,49.411640211640204,58.13492063492064,57.341269841269835,23.01587301587302,78.9,45.03968253968254,37.10317460317461,8.928571428571429,49.60385084139354,35.46549305318931
2025-08-25,59.62486772486773,66.07142857142857,74.40476190476191,31.349206349206344,76.05000000000001,75.59523809523809,57.341269841269835,5.357142857142857,51.169909220332684,37.71263819616914
2025-08-26,47.75467372134039,65.67460317460318,37.10317460317461,41.46825396825397,76.9,11.706349206349206,77.18253968253968,5.753968253968254,48.110352218427956,32.792235397096285
2025-08-27,63.83509700176366,59.72222222222222,72.81746031746032,48.80952380952381,75.75,71.23015873015873,91.07142857142857,6.547619047619048,50.95851986605724,37.16057867562185
2025-08-28,70.0336860670194,63.29365079365079,93.84920634920636,50.0,77.85,73.61111111111111,98.61111111111111,1.3888888888888888,54.020168166877106,37.454595089930365
2025-08-29,67.7437389770723,57.738095238095234,91.86507936507937,50.595238095238095,73.2,70.03968253968253,99.8015873015873,1.3888888888888888,53.34997473629204,37.00427053212278
2025-09-02,47.58888888888889,52.976190476190474,34.32539682539682,50.7936507936508,64.14999999999999,25.992063492063494,99.8015873015873,1.7857142857142856,47.93590628637051,33.94630149891934
2025-09-03,55.466490299823626,64.0873015873016,27.976190476190478,50.0,68.25,92.65873015873017,98.21428571428571,1.7857142857142856,47.597928944630276,39.98941737443163
2025-09-04,55.266313932980594,60.11904761904761,55.75396825396825,48.80952380952381,73.5,32.34126984126984,97.02380952380952,0.5952380952380952,49.46593583813386,34.40537637886653
2025-09-05,72.0663139329806,58.92857142857143,97.42063492063492,50.3968253968254,74.1,95.43650793650794,97.81746031746032,2.976190476190476,55.40702439230692,41.40532933785963
2025-09-08,44.10176366843033,58.92857142857143,9.325396825396826,50.39682539682539,74.45,19.246031746031747,98.21428571428571,2.579365079365079,45.85211280806031,33.35090097582293
2025-09-09,50.330335097001765,67.26190476190477,18.055555555555554,49.801587301587304,74.80000000000001,50.595238095238095,99.0079365079365,0.5952380952380952,46.490007575765,35.6623942080174
2025-09-10,74.10405643738977,73.61111111111111,99.0079365079365,50.595238095238095,73.25,97.02380952380952,99.8015873015873,1.3888888888888888,57.80432208897185,42.306375827741114
2025-09-11,64.78430335097,57.738095238095234,89.48412698412699,50.3968253968254,76.44999999999999,42.26190476190476,99.40476190476191,1.3888888888888888,52.890887646247286,35.2219879223228
2025-09-12,74.12028218694886,71.62698412698413,98.61111111111111,50.0,76.2,95.83333333333334,99.8015873015873,0.1984126984126984,57.75770773540465,42.14650505912773
2025-09-15,72.82239858906526,83.13492063492063,93.45238095238095,49.6031746031746,71.55000000000001,93.45238095238095,99.0079365079365,0.1984126984126984,53.906497776693655,40.82576506958785
2025-09-16,63.347795414462084,87.5,64.48412698412699,49.2063492063492,68.2,69.64285714285714,98.21428571428571,0.1984126984126984,50.11098819576462,37.00081096587067
2025-09-17,68.57830687830688,79.96031746031747,87.89682539682539,48.214285714285715,71.4,74.0079365079365,96.23015873015873,0.1984126984126984,52.61458436636447,37.47796345977514
2025-09-18,66.55026455026454,78.37301587301587,94.24603174603175,48.41269841269842,71.5,43.84920634920635,96.23015873015873,0.5952380952380952,54.27803221669987,35.322289559205174
2025-09-19,48.52998236331569,95.43650793650794,7.341269841269842,46.82539682539682,72.75,40.67460317460318,93.45238095238095,0.1984126984126984,45.18581462703219,35.19352942754475
2025-09-22,73.82186948853615,96.23015873015873,97.42063492063492,47.22222222222222,69.5,92.65873015873017,94.24603174603175,0.1984126984126984,56.170557758607565,40.72581469304318
2025-09-23,66.16719576719576,87.5,84.72222222222221,47.61904761904761,66.8,62.10317460317461,95.03968253968253,0.1984126984126984,52.35119898351871,36.41542897450981
2025-09-24,62.379365079365066,70.43650793650794,85.9126984126984,48.61111111111111,69.1,35.11904761904761,97.02380952380952,0.1984126984126984,52.49276683526427,34.608106906286096
2025-09-25,67.77566137566137,79.96031746031747,92.65873015873017,46.42857142857143,66.30000000000001,72.81746031746032,92.65873015873017,0.1984126984126984,53.95858890780302,37.412459110398856
2025-09-26,67.04991181657849,66.86507936507937,87.10317460317461,47.61904761904762,73.55000000000001,72.42063492063492,93.05555555555556,2.1825396825396823,52.75217964257365,37.35513759399837
2025-09-29,52.81199294532627,66.46825396825396,55.75396825396825,45.63492063492063,69.39999999999999,21.626984126984127,87.89682539682539,3.373015873015873,49.42306536394847,33.57728737337786
2025-09-30,47.45343915343915,91.07142857142857,25.198412698412696,42.65873015873016,68.6,20.436507936507937,81.94444444444444,3.373015873015873,47.14889760241429,33.502594167791216
2025-10-01,53.61516754850088,91.46825396825396,54.563492063492056,42.65873015873016,68.55000000000001,16.865079365079367,81.54761904761905,3.7698412698412698,49.29153497174848,33.19736572854553
2025-10-02,65.75943562610229,85.11904761904762,85.9126984126984,46.62698412698413,66.85,61.30952380952381,87.5,5.753968253968254,52.57327674361206,36.40834741743825
2025-10-03,67.69929453262785,75.59523809523809,87.89682539682539,45.63492063492063,66.75,87.5,85.11904761904762,6.15079365079365,52.90495112413102,39.400077740526434
2025-10-06,74.13915343915343,89.88095238095238,95.83333333333334,51.58730158730159,68.14999999999999,94.64285714285714,91.86507936507937,11.30952380952381,55.154092642736266,41.71928467634468
2025-10-07,71.43086419753087,85.11904761904762,95.43650793650794,54.56349206349206,63.800000000000004,75.59523809523809,93.45238095238095,15.674603174603174,55.02036704961155,37.955060422160614
2025-10-08,74.2389770723104,94.24603174603175,95.83333333333334,58.53174603174603,68.5,69.64285714285714,96.62698412698413,20.436507936507937,55.38856889921456,37.229721001497715
2025-10-09,73.52134038800705,95.43650793650794,88.29365079365078,56.54761904761905,67.85,84.32539682539682,97.42063492063492,15.674603174603174,53.258967598157,38.781545673585576
2025-10-10,70.02134038800706,88.69047619047619,97.02380952380952,54.36507936507937,45.85,92.65873015873017,93.05555555555556,15.674603174603174,56.073866295143084,40.80829326774721
2025-10-13,65.36349206349206,77.18253968253968,93.45238095238095,47.61904761904762,54.849999999999994,71.62698412698413,83.92857142857143,11.30952380952381,54.56486421327771,37.42991928981481
2025-10-14,53.09938271604938,53.769841269841265,74.40476190476191,45.43650793650794,47.975,43.05555555555556,78.37301587301587,12.5,51.238689565864334,35.291493640815055
2025-10-15,58.749382716049375,64.0873015873016,80.75396825396825,45.03968253968254,48.4,71.23015873015873,74.0079365079365,16.071428571428573,52.40060637047683,37.38241536600767
2025-10-16,49.14435626102292,74.8015873015873,70.03968253968253,42.65873015873016,36.725,25.992063492063494,66.07142857142857,19.246031746031747,50.753940009287135,34.04149591403062
2025-10-17,53.51287477954145,62.5,71.23015873015873,39.88095238095238,48.05,60.912698412698404,63.29365079365079,16.46825396825397,50.955066925581384,36.455410395609036
2025-10-20,63.6068783068783,91.46825396825396,84.32539682539682,45.63492063492063,58.849999999999994,57.738095238095234,75.59523809523809,15.674603174603174,52.720052216383586,36.20618203596527
2025-10-21,43.28377425044091,79.96031746031747,19.246031746031747,47.22222222222222,60.64999999999999,8.134920634920634,82.34126984126983,12.103174603174603,46.55600262099491,32.46411238998184
2025-10-22,52.10670194003527,72.81746031746032,52.976190476190474,47.817460317460316,56.99999999999999,32.73809523809524,82.73809523809523,12.896825396825399,49.21413136498774,34.48628811185967
2025-10-23,60.53968253968253,76.78571428571429,79.56349206349206,50.0,63.49999999999999,31.944444444444443,86.30952380952381,13.690476190476192,52.27891245007691,34.45940747468732
2025-10-24,67.15061728395062,75.9920634920635,88.69047619047619,51.38888888888889,68.14999999999999,60.51587301587301,90.27777777777779,12.5,53.44151640225083,36.4298520540773
2025-10-27,73.61516754850088,95.03968253968253,92.26190476190477,54.960317460317455,71.05,75.9920634920635,97.02380952380952,12.896825396825399,54.49033246159311,37.9784381262934
2025-10-28,75.0095238095238,98.61111111111111,93.84920634920636,55.55555555555556,67.89999999999999,86.30952380952381,99.40476190476191,11.706349206349206,54.70836727953109,39.39203485931242
2025-10-29,70.11093474426808,99.40476190476191,76.38888888888889,55.35714285714286,65.39999999999999,81.94444444444444,99.8015873015873,10.912698412698413,51.73594954458232,38.6512442816871
2025-10-30,70.01181657848323,99.0079365079365,66.86507936507937,55.952380952380956,65.44999999999999,98.61111111111111,99.8015873015873,12.103174603174603,50.63655178851422,43.857503859667574
2025-10-31,66.84356261022927,98.21428571428571,55.75396825396825,56.94444444444444,62.8,95.43650793650794,99.8015873015873,14.087301587301587,49.54755892873235,42.20593285149992
2025-11-03,67.25379188712522,99.8015873015873,60.912698412698404,59.12698412698413,64.14999999999999,77.97619047619048,99.40476190476191,18.849206349206348,50.103546975041816,38.479533115674016
2025-11-04,67.5352733686067,95.03968253968253,70.83333333333334,63.69047619047619,55.0,70.03968253968253,98.21428571428571,29.166666666666668,51.03407402478795,37.386557318838584
2025-11-05,66.32045855379188,92.65873015873017,72.42063492063492,65.47619047619048,59.94999999999999,43.05555555555556,97.42063492063492,33.53174603174603,51.22968928977247,35.32977002119952
2025-11-06,68.7874779541446,73.21428571428571,85.9126984126984,64.48412698412699,52.5,75.59523809523809,95.03968253968253,33.92857142857143,53.13823278152633,38.07855891467219
2025-11-07,67.51252204585538,45.43650793650794,83.92857142857143,67.46031746031746,54.60000000000001,82.73809523809523,94.64285714285714,40.27777777777778,52.85291313695877,38.73708443790046
2025-11-10,71.64814814814814,79.96031746031747,83.13492063492063,67.26190476190476,61.99999999999999,72.81746031746032,95.03968253968253,39.48412698412698,52.80252360440845,37.63248366413058
2025-11-11,70.32821869488535,92.65873015873017,76.38888888888889,71.23015873015873,63.599999999999994,46.62698412698413,97.81746031746032,44.642857142857146,52.09170079297576,35.64579403375263
2025-11-12,68.97037037037038,73.61111111111111,68.05555555555556,72.81746031746032,62.449999999999996,67.65873015873017,97.81746031746032,47.817460317460316,50.9771974778503,37.242023074195586
2025-11-13,69.02557319223986,62.5,85.51587301587301,74.0079365079365,50.0,65.67460317460318,98.21428571428571,49.801587301587304,52.99440312784868,37.05599849747346
2025-11-14,70.60335097001763,70.03968253968253,83.92857142857143,74.2063492063492,50.85000000000001,73.21428571428571,97.81746031746032,50.595238095238095,52.883438257219,37.56299569018059
2025-11-17,66.2042328042328,95.83333333333334,60.11904761904761,74.8015873015873,44.050000000000004,67.26190476190477,96.23015873015873,53.37301587301587,50.21327185776043,37.17055291376286
2025-11-18,64.39179894179894,87.89682539682539,62.5,74.8015873015873,38.275,65.67460317460318,94.64285714285714,54.96031746031746,50.517894793330356,37.080458313460696
2025-11-19,64.96402116402115,96.62698412698413,52.57936507936508,71.23015873015872,40.85,87.5,87.89682539682539,54.563492063492056,49.51952025527461,39.51204198508201
2025-11-20,69.3389770723104,96.62698412698413,91.46825396825396,62.10317460317461,33.94999999999999,90.27777777777779,72.42063492063492,51.78571428571429,54.35419806217786,40.08388160707027
2025-11-21,58.19144620811287,74.8015873015873,74.8015873015873,44.04761904761905,41.425,84.32539682539682,37.10317460317461,50.99206349206349,51.94716703020647,38.97393961979442
2025-11-24,40.03298059964727,91.86507936507937,18.452380952380953,32.73809523809524,48.7,35.91269841269841,23.61111111111111,41.86507936507937,46.622512188614444,34.90586646985947
2025-11-25,57.92716049382716,84.32539682539682,75.1984126984127,24.801587301587304,57.2,97.81746031746032,14.087301587301587,35.51587301587302,52.02755797106755,43.369046660266115
2025-11-26,54.709523809523816,75.9920634920635,75.59523809523809,21.825396825396826,64.05,71.62698412698413,8.928571428571429,34.72222222222222,52.12092909855577,37.52712214956917
2025-11-28,57.825396825396815,85.9126984126984,74.0079365079365,21.626984126984127,68.25,85.11904761904762,12.5,30.753968253968257,51.961826380386825,39.26735105942536
2025-12-01,45.26243386243386,90.67460317460318,47.42063492063492,17.857142857142858,63.800000000000004,40.67460317460318,15.277777777777779,20.436507936507937,49.27114850837558,35.37026577975348
2025-12-02,49.864726631393296,81.15079365079364,70.03968253968253,23.80952380952381,67.05,22.023809523809522,25.198412698412696,22.42063492063492,51.48086651110678,33.948175975783165
2025-12-03,49.30705467372134,68.45238095238095,56.15079365079365,29.166666666666664,69.60000000000001,36.30952380952381,29.96031746031746,28.373015873015873,49.96168261901903,35.0870926884459
2025-12-04,44.17301587301586,75.59523809523809,24.404761904761905,35.51587301587301,71.1,24.404761904761905,45.43650793650794,25.595238095238095,47.20537133723236,34.20892088104177
2025-12-05,41.69611992945326,70.43650793650794,26.785714285714285,29.76190476190476,72.95,16.071428571428573,30.357142857142854,29.166666666666668,47.574696061405895,33.372530472789435
2025-12-08,44.3416225749559,61.70634920634921,44.24603174603175,33.13492063492063,66.69999999999999,16.071428571428573,35.11904761904761,31.150793650793652,48.87987727393632,33.36655510157595
2025-12-09,31.277072310405643,55.35714285714286,8.531746031746032,25.3968253968254,65.35,2.1825396825396823,29.96031746031746,20.833333333333336,45.725675804285295,31.20263011834867
2025-12-10,30.758201058201056,55.75396825396825,6.547619047619048,21.42857142857143,71.15,1.3888888888888888,27.579365079365083,15.277777777777779,45.266759488183176,30.54234480786529
2025-12-11,38.74691358024691,26.38888888888889,43.05555555555556,21.42857142857143,75.75,20.436507936507937,27.579365079365083,15.277777777777779,48.71619330324961,33.718056338192376
2025-12-12,54.7994708994709,21.23015873015873,88.69047619047619,27.57936507936508,71.3,69.24603174603175,29.563492063492063,25.595238095238095,53.688143816250545,37.447413516112164
2025-12-15,45.86419753086419,20.03968253968254,71.62698412698413,21.03174603174603,67.5,51.388888888888886,25.198412698412696,16.865079365079367,51.675180334283,35.988933959767394
2025-12-16,41.65361552028219,22.817460317460316,55.35714285714286,19.444444444444446,67.6,47.817460317460316,24.404761904761905,14.484126984126986,49.69098843873354,35.73855764027404
2025-12-17,45.01657848324515,20.833333333333336,71.23015873015873,15.873015873015873,61.89999999999999,70.43650793650794,20.03968253968254,11.706349206349206,51.642072000832826,37.49301140538196
2025-12-18,44.240564373897705,20.436507936507937,77.18253968253968,8.928571428571429,65.65,65.27777777777779,10.912698412698413,6.944444444444445,52.3069122599671,37.160903014508044
2025-12-19,37.57795414462081,21.23015873015873,64.0873015873016,7.5396825396825395,75.45,15.277777777777779,9.722222222222223,5.357142857142857,50.75321790645286,33.24534397865975
2025-12-22,42.42433862433862,23.61111111111111,63.69047619047619,9.126984126984127,79.6,44.24603174603175,15.277777777777779,2.976190476190476,50.70154428853662,35.56305819650388
2025-12-23,48.02469135802468,27.976190476190478,74.0079365079365,9.92063492063492,80.0,66.46825396825396,18.055555555555554,1.7857142857142856,51.840250008533495,37.18674189219095
2025-12-24,56.32962962962962,25.595238095238095,91.46825396825396,14.682539682539684,82.64999999999999,89.0873015873016,29.166666666666668,0.1984126984126984,54.07144126328769,39.765657295405404
2025-12-26,62.86507936507936,28.76984126984127,98.21428571428571,26.38888888888889,82.0,97.42063492063492,52.57936507936508,0.1984126984126984,57.13008628091306,43.12062041846089
2025-12-29,51.35185185185185,27.976190476190478,66.86507936507937,30.357142857142858,79.0,51.388888888888886,59.72222222222222,0.992063492063492,51.01284436026652,35.93341390898669
2025-12-30,53.21358024691357,27.976190476190478,69.64285714285714,29.365079365079367,78.35,66.86507936507937,58.13492063492064,0.5952380952380952,51.47277806543708,37.22342050131269
2025-12-31,54.97178130511464,27.579365079365083,80.35714285714286,30.753968253968253,75.25,63.69047619047619,60.51587301587301,0.992063492063492,52.477362861039346,37.04910363390596
2026-01-02,60.04620811287478,24.404761904761905,92.26190476190477,33.13492063492063,77.45,77.18253968253968,61.70634920634921,4.563492063492063,54.08095405753208,37.976435248240136
2026-01-05,40.03615520282187,25.595238095238095,38.69047619047619,34.32539682539682,75.5,3.373015873015873,59.32539682539682,9.325396825396826,48.30952324466615,31.43725223690562
2026-01-06,50.56437389770723,16.865079365079367,77.97619047619048,34.72222222222222,76.25,25.595238095238095,57.341269841269835,12.103174603174603,52.18530705527768,34.15920560799039
2026-01-07,38.224162257495585,24.00793650793651,33.92857142857143,34.32539682539682,73.1,2.976190476190476,53.769841269841265,14.880952380952381,48.00663318941966,31.205245388365928
2026-01-08,40.505291005291,16.46825396825397,36.7063492063492,42.460317460317455,72.75,1.7857142857142856,50.595238095238095,34.32539682539682,48.1464408940327,30.82756814443659
2026-01-09,46.46613756613756,14.087301587301587,69.64285714285714,35.714285714285715,77.55,2.579365079365079,42.26190476190476,29.166666666666668,51.1820328040202,30.99682025157452
2026-01-12,31.524514991181658,17.261904761904763,12.896825396825399,30.158730158730158,74.4,1.3888888888888888,39.08730158730159,21.23015873015873,46.15345172363489,30.368827184042434
2026-01-13,33.743562610229276,10.912698412698413,32.73809523809524,26.984126984126984,70.1,6.15079365079365,37.5,16.46825396825397,47.93115882733413,31.708775899245108
2026-01-14,30.066137566137566,14.087301587301587,18.849206349206348,28.571428571428577,66.25,0.5952380952380952,39.88095238095239,17.261904761904763,46.67823664572669,29.44704277448425
2026-01-15,40.71128747795414,9.325396825396826,57.341269841269835,31.944444444444443,70.8,4.9603174603174605,48.214285714285715,15.674603174603174,49.85459781484741,31.237623671776294
2026-01-16,37.4042328042328,8.928571428571429,17.261904761904763,30.555555555555557,70.7,60.11904761904761,50.595238095238095,10.515873015873016,46.61217034917351,36.46337256629602
2026-01-20,32.57786596119929,5.357142857142857,45.83333333333333,30.158730158730158,49.775,6.15079365079365,49.801587301587304,10.515873015873016,48.967978181594674,31.469476981955214
2026-01-21,43.08289241622575,3.373015873015873,68.45238095238095,33.73015873015873,65.5,15.277777777777779,56.547619047619044,10.912698412698413,51.06318740076776,33.02424610160861
2026-01-22,37.89118165784832,7.738095238095238,33.13492063492063,38.2936507936508,71.8,8.531746031746032,62.10317460317461,14.484126984126986,47.96162355605393,32.022802590872246
2026-01-23,42.461728395061726,11.706349206349206,50.99206349206349,31.944444444444443,69.55,33.53174603174603,48.214285714285715,15.674603174603174,49.438975931729665,34.47945355761132
2026-01-26,32.91534391534392,14.880952380952381,27.579365079365083,28.373015873015873,69.25,2.579365079365079,34.72222222222222,22.023809523809522,47.63197123513484,30.79155323529308
2026-01-27,35.86772486772487,16.46825396825397,36.30952380952381,31.547619047619047,68.25,2.579365079365079,34.72222222222222,28.373015873015873,48.141321183256395,30.558003600046828
2026-01-28,46.714285714285715,11.706349206349206,75.9920634920635,38.2936507936508,68.25,5.357142857142857,32.73809523809524,43.84920634920635,51.775421313699674,31.230360766271293
2026-01-29,55.56102292768959,2.1825396825396823,86.70634920634922,35.51587301587301,65.6,86.70634920634922,26.785714285714285,44.24603174603175,52.86214705284878,38.77757328019698
2026-01-30,45.194532627865954,0.1984126984126984,71.23015873015873,31.944444444444443,62.8,42.65873015873016,20.03968253968254,43.84920634920635,51.307343263803816,35.20936256049262
2026-02-02,42.75714285714286,1.7857142857142856,63.29365079365079,35.11904761904762,68.3,14.484126984126986,22.817460317460316,47.42063492063492,50.673663086041145,32.881576414569174
2026-02-03,43.99911816578483,0.5952380952380952,83.53174603174604,34.72222222222222,60.0,4.166666666666666,24.00793650793651,45.43650793650794,52.49544382701197,31.130456946868623
2026-02-04,35.06490299823633,0.1984126984126984,48.214285714285715,34.12698412698413,56.8,2.976190476190476,18.055555555555554,50.198412698412696,49.258076994973706,30.768502630537764
2026-02-05,34.92936507936508,0.5952380952380952,45.03968253968254,34.32539682539682,45.575,29.563492063492063,16.46825396825397,52.182539682539684,48.88532280186787,34.10270970704905
2026-02-06,51.629100529100526,0.992063492063492,88.29365079365078,39.08730158730159,61.199999999999996,47.42063492063492,24.801587301587304,53.37301587301587,53.039765973447864,35.33296291849582
2026-02-09,43.93862433862434,1.3888888888888888,68.45238095238095,39.682539682539684,63.2,11.706349206349206,27.976190476190478,51.388888888888886,51.14075684026776,32.44357914059239
2026-02-10,32.50405643738977,1.7857142857142856,31.944444444444443,34.72222222222222,61.050000000000004,0.5952380952380952,19.246031746031747,50.198412698412696,47.949629003658345,29.370225351581965
2026-02-11,31.226631393298057,0.992063492063492,28.373015873015873,32.53968253968254,61.75000000000001,2.1825396825396823,20.03968253968254,45.03968253968254,47.78491468692598,29.861483840191873
2026-02-12,23.530335097001764,1.7857142857142856,15.674603174603174,27.38095238095238,47.95,0.5952380952380952,25.992063492063494,28.76984126984127,46.56540809661137,28.91980557554642
2026-02-13,27.113756613756614,0.1984126984126984,39.88095238095239,21.626984126984127,48.5,2.1825396825396823,15.277777777777779,27.976190476190478,48.3352359739071,29.68444283748168
2026-02-17,32.06992945326278,1.7857142857142856,45.83333333333333,30.158730158730158,49.275000000000006,6.15079365079365,10.515873015873016,49.801587301587304,48.91580406214625,31.116280443528805
2026-02-18,33.821693121693116,0.992063492063492,51.388888888888886,31.150793650793652,51.9,3.373015873015873,8.928571428571429,53.37301587301587,49.38760334395392,30.31823696517746
2026-02-19,28.66410934744268,0.1984126984126984,35.11904761904761,29.365079365079364,49.425,0.5952380952380952,7.341269841269842,51.388888888888886,48.12048862093521,27.9356597981881
2026-02-20,36.571075837742505,3.373015873015873,53.37301587301587,31.547619047619047,54.55,15.277777777777779,6.547619047619048,56.547619047619044,49.51840316725795,32.46479786027765
2026-02-23,36.1231922398589,2.1825396825396823,69.64285714285714,28.174603174603174,47.474999999999994,4.166666666666666,8.134920634920634,48.214285714285715,51.1755646564918,30.35769105384547
2026-02-24,42.078483245149904,2.976190476190476,90.67460317460318,21.03174603174603,52.25,26.785714285714285,10.515873015873016,31.547619047619047,53.52335850112162,33.582165679564405
2026-02-25,41.69594356261023,6.944444444444445,87.10317460317461,19.642857142857142,60.35,14.484126984126986,14.087301587301587,25.198412698412696,52.991292295407135,32.159324767884314
2026-02-26,44.97460317460318,0.5952380952380952,95.83333333333334,18.055555555555557,56.85000000000001,44.642857142857146,15.674603174603174,20.436507936507937,54.78815348522576,35.12498374720045
2026-02-27,25.508289241622574,0.5952380952380952,36.30952380952381,16.666666666666668,50.7,4.9603174603174605,14.484126984126986,18.849206349206348,48.226232134405116,30.512265129177436
2026-03-02,25.85343915343915,1.7857142857142856,41.86507936507937,16.865079365079367,46.4,3.7698412698412698,9.722222222222223,24.00793650793651,48.792497328339685,30.247045365046677
2026-03-03,33.64276895943563,50.0,44.642857142857146,26.388888888888886,41.075,2.1825396825396823,6.944444444444445,45.83333333333333,48.907757222198775,29.50458803639507
2026-03-04,39.197971781305114,3.373015873015873,74.0079365079365,30.357142857142858,47.125,16.071428571428573,3.7698412698412698,56.94444444444444,51.68407633633528,32.24449238859923
2026-03-05,32.74911816578483,4.9603174603174605,54.563492063492056,31.746031746031747,40.625,4.166666666666666,2.1825396825396823,61.30952380952381,49.63744254797142,30.127232450589307
2026-03-06,38.29038800705467,50.0,64.0873015873016,35.91269841269841,26.275000000000006,6.15079365079365,2.1825396825396823,69.64285714285714,50.83995610562961,30.494821310490817
2026-03-09,36.11992945326279,50.0,41.07142857142857,39.682539682539684,36.25,1.3888888888888888,1.3888888888888888,77.97619047619048,48.81033097641749,29.054420279529463
2026-03-10,43.99832451499118,50.0,70.83333333333334,40.277777777777786,37.675,8.134920634920634,0.5952380952380952,79.96031746031747,51.49078854546894,30.74113902079883
2026-03-11,41.41102292768959,50.0,52.182539682539684,41.26984126984127,39.425,15.674603174603174,0.5952380952380952,81.94444444444444,49.58352363325268,31.836974301476566
2026-03-12,31.047001763668433,50.0,19.642857142857142,41.86507936507937,31.775000000000006,0.992063492063492,2.1825396825396823,81.54761904761905,47.101865455347266,28.16206562783286
2026-03-13,42.25776014109347,50.0,55.75396825396825,42.26190476190476,32.025000000000006,27.976190476190478,3.373015873015873,81.15079365079364,50.01016934669901,33.50072429503666
2026-03-16,52.61349206349206,50.0,86.30952380952381,40.87301587301587,41.224999999999994,45.83333333333333,4.563492063492063,77.18253968253968,52.97515129703609,35.18123677651643
2026-03-17,46.08192239858906,50.0,76.38888888888889,33.13492063492063,44.074999999999996,24.404761904761905,4.9603174603174605,61.30952380952381,52.011188127939675,33.18044918926338
2026-03-18,44.24012345679012,50.0,78.37301587301587,30.952380952380953,37.275,24.00793650793651,4.9603174603174605,56.94444444444444,52.2690819552717,33.122693378597596
2026-03-19,43.48959435626102,50.0,68.45238095238095,31.34920634920635,39.85,30.753968253968257,4.563492063492063,58.13492063492064,51.3088959338017,33.67115901803044
2026-03-20,22.004938271604935,50.0,16.46825396825397,16.26984126984127,33.05,0.1984126984126984,5.357142857142857,27.18253968253968,46.65152212314702,24.73791898425813
2026-03-23,36.706790123456784,50.0,68.45238095238095,17.261904761904763,34.625,22.42063492063492,6.547619047619048,27.976190476190478,51.344985801123535,32.857000267998025
2026-03-24,37.47486772486772,50.0,60.11904761904761,28.174603174603178,32.625,17.261904761904763,6.547619047619048,49.801587301587304,50.70649472655534,32.03451608052454
2026-03-25,42.85017636684302,50.0,82.73809523809523,21.23015873015873,36.675000000000004,33.13492063492063,5.357142857142857,37.10317460317461,52.6537027537783,33.882934362661985
2026-03-26,43.83844797178131,50.0,81.54761904761905,18.849206349206348,31.400000000000006,62.10317460317461,5.753968253968254,31.944444444444443,52.52534896287413,36.31513197690043
2026-03-27,35.54982363315696,50.0,45.43650793650794,29.76190476190476,22.375,45.03968253968254,2.976190476190476,56.547619047619044,49.36541628145531,34.91738558521076
2026-03-30,38.836596119929446,50.0,60.912698412698404,30.952380952380953,23.474999999999994,37.89682539682539,0.5952380952380952,61.30952380952381,50.831335358510565,34.19165321765581
2026-03-31,36.32495590828924,50.0,41.86507936507937,25.595238095238095,36.875,42.65873015873016,0.5952380952380952,50.595238095238095,48.978998720644164,34.59489818141305
2026-04-01,41.106525573192236,50.0,57.341269841269835,30.158730158730158,38.650000000000006,37.5,1.7857142857142856,58.53174603174603,50.58496942995625,34.164762326078666
2026-04-02,52.28121693121693,50.0,87.5,40.07936507936508,40.324999999999996,44.642857142857146,0.5952380952380952,79.56349206349206,53.04886550959018,34.742385908297344
2026-04-06,53.61366843033509,50.0,89.88095238095238,44.84126984126984,39.574999999999996,39.08730158730159,1.7857142857142856,87.89682539682539,53.4884353972484,34.241023103121975
2026-04-07,49.3021164021164,50.0,73.21428571428571,47.023809523809526,35.55,35.11904761904761,5.357142857142857,88.69047619047619,51.86310886845726,34.020540459098285
2026-04-08,47.23968253968254,50.0,56.94444444444444,50.00000000000001,47.400000000000006,16.46825396825397,9.722222222222223,90.27777777777779,50.65113768759457,31.88759866465321
2026-04-09,58.304761904761904,50.0,94.24603174603175,51.587301587301596,52.55000000000001,26.38888888888889,10.912698412698413,92.26190476190477,54.48683011636829,33.22803518082338
2026-04-10,61.43756613756614,50.0,99.40476190476191,53.37301587301587,53.849999999999994,36.30952380952381,14.087301587301587,92.65873015873017,57.83506158955781,34.102341684818235
2026-04-13,59.1347442680776,50.0,95.43650793650794,53.37301587301588,54.39999999999999,22.42063492063492,14.484126984126986,92.26190476190477,54.955315117701176,32.8466790704556
2026-04-14,64.1679012345679,33.13492063492063,96.23015873015873,55.55555555555556,58.2,68.84920634920636,21.23015873015873,89.88095238095238,55.36641899308324,36.840569248058316
2026-04-15,67.70793650793651,39.48412698412698,97.02380952380952,57.738095238095234,59.14999999999999,84.32539682539682,24.00793650793651,91.46825396825396,56.0327012108508,38.49844356180614
2026-04-16,63.333862433862436,42.26190476190476,93.84920634920636,59.72222222222223,60.29999999999999,40.27777777777778,27.579365079365083,91.86507936507937,54.73503284310945,34.22068692814277
2026-04-17,58.862610229276896,43.84920634920635,70.83333333333334,58.92857142857143,62.6,42.26190476190476,28.373015873015873,89.48412698412699,51.88741629195929,34.342513548238266
2026-04-20,56.899294532627856,39.08730158730159,80.75396825396825,59.92063492063492,55.64999999999999,20.436507936507937,29.96031746031746,89.88095238095238,52.81946208601573,32.55258800623274
2026-04-21,47.138447971781304,42.65873015873016,47.42063492063492,60.11904761904762,52.5,1.3888888888888888,26.785714285714285,93.45238095238095,49.67943013264951,28.77375480736954
2026-04-22,61.7379188712522,54.96031746031746,91.86507936507937,61.507936507936506,55.39999999999999,21.626984126984127,26.785714285714285,96.23015873015873,54.38606547284769,32.669686119709446
2026-04-23,61.547089947089944,47.817460317460316,96.62698412698413,63.69047619047619,53.45000000000001,14.880952380952381,27.579365079365083,99.8015873015873,55.89673144743929,31.528155184208174
2026-04-24,71.78165784832451,52.182539682539684,99.8015873015873,64.48412698412699,56.449999999999996,87.89682539682539,29.166666666666668,99.8015873015873,59.153244147531204,38.770556856173
2026-04-27,72.21763668430336,54.166666666666664,97.81746031746032,67.46031746031746,59.900000000000006,77.97619047619048,35.11904761904761,99.8015873015873,57.485169095295376,37.480474530344644
2026-04-28,68.01957671957672,47.42063492063492,95.43650793650794,69.04761904761905,60.85000000000001,45.03968253968254,38.2936507936508,99.8015873015873,55.48775224857015,34.482991023709424
2026-04-29,63.182892416225755,46.62698412698413,84.32539682539682,69.04761904761905,55.95,34.32539682539682,38.2936507936508,99.8015873015873,53.377338918704,33.76302796376599
2026-04-30,72.65749559082892,44.642857142857146,91.07142857142857,68.84920634920636,65.55,89.48412698412699,38.69047619047619,99.0079365079365,54.53910816663958,38.83683007749706
2026-05-01,74.06754850088183,49.007936507936506,97.02380952380952,67.46031746031746,65.05000000000001,91.07142857142857,36.7063492063492,98.21428571428571,57.06646718721795,39.269357385830936
2026-05-04,67.94938271604939,53.769841269841265,96.62698412698413,65.07936507936509,58.550000000000004,52.182539682539684,32.73809523809524,97.42063492063492,56.317313773680844,35.2756962265331
2026-05-05,74.42786596119929,65.27777777777779,99.8015873015873,65.07936507936508,63.10000000000001,83.53174603174604,33.53174603174603,96.62698412698413,60.24993761764734,38.2680431121117
2026-05-06,76.46701940035274,96.62698412698413,99.0079365079365,66.46825396825398,63.05,68.05555555555556,36.30952380952381,96.62698412698413,58.81308437244302,36.837774856946936
2026-05-07,73.37231040564373,97.81746031746032,98.21428571428571,67.65873015873015,64.60000000000001,33.92857142857143,37.89682539682539,97.42063492063492,57.86603117159031,33.78661996877074
2026-05-08,80.94409171075839,99.8015873015873,99.8015873015873,68.25396825396825,64.05,96.23015873015873,38.69047619047619,97.81746031746032,63.694394841759646,41.321881516729356
2026-05-11,80.83439153439153,99.8015873015873,99.40476190476191,72.81746031746032,58.10000000000001,94.24603174603175,47.42063492063492,98.21428571428571,62.498514256385896,40.51485238520793
2026-05-12,81.5984126984127,99.8015873015873,99.0079365079365,74.2063492063492,60.05000000000001,93.84920634920636,49.404761904761905,99.0079365079365,61.389661066739585,40.44182328211884
2026-05-13,80.10035273368605,99.8015873015873,98.21428571428571,74.60317460317461,60.64999999999999,79.56349206349206,50.198412698412696,99.0079365079365,59.6191414289166,37.817896017338775
2026-05-14,79.3010582010582,99.8015873015873,98.21428571428571,74.8015873015873,63.69999999999999,65.67460317460318,51.78571428571429,97.81746031746032,59.98756391878414,36.476036347775626
2026-05-15,77.7805996472663,99.8015873015873,96.62698412698413,73.61111111111111,57.85,70.43650793650794,49.404761904761905,97.81746031746032,58.7611972481888,37.09559637866638
2026-05-18,74.77671957671957,99.0079365079365,94.24603174603175,68.65079365079364,60.9,57.738095238095234,38.69047619047619,98.61111111111111,57.73458501140974,35.784946178506225
2026-05-19,73.29753086419754,99.0079365079365,92.65873015873017,64.08730158730158,59.70000000000001,63.69047619047619,30.357142857142854,97.81746031746032,56.4969812691122,36.407868602730524
2026-05-20,73.17072310405642,98.21428571428571,93.45238095238095,62.698412698412696,62.8,59.72222222222222,27.579365079365083,97.81746031746032,57.421777021066646,35.9561351947901
2026-05-21,77.12292768959436,97.42063492063492,97.81746031746032,64.08730158730158,66.19999999999999,76.38888888888889,29.166666666666668,99.0079365079365,59.872076256368665,37.38876344735344
2026-05-22,76.04320987654322,97.02380952380952,98.61111111111111,66.07142857142858,66.5,58.92857142857143,32.73809523809524,99.40476190476191,60.3244443343109,35.8881420947069
2026-05-26,82.26843033509701,97.02380952380952,99.40476190476191,73.21428571428571,64.94999999999999,95.03968253968253,47.42063492063492,99.0079365079365,63.43226691639624,40.825554229338465
2026-05-27,86.08871252204585,96.23015873015873,98.21428571428571,84.52380952380952,68.55000000000001,91.46825396825396,69.24603174603175,99.8015873015873,60.61199322347601,39.53214636416138
2026-05-28,82.42292768959436,99.0079365079365,95.83333333333334,87.69841269841271,71.3,45.43650793650794,75.9920634920635,99.40476190476191,59.200882640651976,34.622737345671574
2026-05-29,80.33227513227513,99.40476190476191,93.84920634920636,88.88888888888889,73.4,22.42063492063492,80.35714285714286,97.42063492063492,58.1219503314655,32.714121308144385
2026-06-01,85.12081128747795,99.40476190476191,99.0079365079365,89.28571428571428,69.75,61.30952380952381,81.94444444444444,96.62698412698413,63.070063384154054,35.9895442426797
2026-06-02,86.97513227513227,98.61111111111111,99.40476190476191,90.07936507936508,71.15,72.81746031746032,82.34126984126983,97.81746031746032,63.65885788033731,37.10967892003565
2026-06-03,86.41040564373897,97.02380952380952,97.81746031746032,86.70634920634922,69.7,85.51587301587301,80.75396825396825,92.65873015873017,62.31685688180514,38.63032008159638
2026-06-04,87.80511463844796,94.64285714285714,97.42063492063492,87.5,73.0,92.26190476190477,81.54761904761905,93.45238095238095,62.28886251784183,39.839971334800104
2026-06-05,80.90714285714286,90.67460317460318,98.61111111111111,84.12698412698413,46.224999999999994,95.43650793650794,74.0079365079365,94.24603174603175,63.216246804374684,40.828902976169815
2026-06-08,81.38077601410933,89.88095238095238,96.62698412698413,81.94444444444444,55.39999999999999,92.65873015873017,66.07142857142857,97.81746031746032,62.04077688425159,40.03019414178866
2026-06-09,75.54126984126984,68.05555555555556,99.40476190476191,71.82539682539682,50.64999999999999,96.23015873015873,47.42063492063492,96.23015873015873,63.6815353359999,41.11363856106009
2026-06-10,64.79400352733686,52.182539682539684,93.05555555555556,64.08730158730158,44.45,63.69047619047619,29.166666666666668,99.0079365079365,59.49792329815522,36.39902842866685
2026-06-11,67.99435626102293,56.15079365079365,95.83333333333334,58.73015873015873,52.79999999999999,82.34126984126983,22.42063492063492,95.03968253968253,62.030924227542485,38.02024367857901
2026-06-12,71.8679012345679,62.89682539682539,95.03968253968253,62.5,61.6,83.13492063492063,27.976190476190478,97.02380952380952,60.95456249525949,38.196902770633606
2026-06-15,73.18165784832452,85.11904761904762,91.07142857142857,66.26984126984128,69.0,54.563492063492056,43.452380952380956,89.0873015873016,59.04594609757636,35.57027680639484
2026-06-16,74.2710758377425,81.94444444444444,92.26190476190477,71.82539682539682,67.95,50.595238095238095,56.547619047619044,87.10317460317461,59.58256246524739,35.22044121484108
2026-06-17,72.63280423280423,86.70634920634922,89.48412698412699,78.57142857142857,57.8,36.7063492063492,72.42063492063492,84.72222222222221,58.326556082416026,34.046362337129125
2026-06-18,77.14814814814815,91.86507936507937,92.65873015873017,82.14285714285714,68.0,34.72222222222222,80.35714285714286,83.92857142857143,59.80054038771553,33.928299366865886
2026-06-22,78.00017636684302,88.29365079365078,91.07142857142857,85.11904761904762,63.599999999999994,49.007936507936506,87.10317460317461,83.13492063492063,59.38328269224726,35.125267880968174
2026-06-23,75.76507936507937,78.37301587301587,95.43650793650794,82.34126984126985,52.55000000000001,60.51587301587301,80.35714285714286,84.32539682539682,61.49280457069401,36.151578327062545
2026-06-24,74.33968253968254,74.0079365079365,88.29365079365078,79.16666666666666,56.85000000000001,67.26190476190477,74.0079365079365,84.32539682539682,58.47376525912289,36.685290578712404
2026-06-25,80.11340388007054,62.10317460317461,99.8015873015873,83.33333333333333,55.55,98.21428571428571,80.75396825396825,85.9126984126984,64.50254052593806,42.28314813405293
2026-06-26,75.5100529100529,51.388888888888886,90.27777777777779,78.37301587301587,57.95,96.62698412698413,70.43650793650794,86.30952380952381,59.4477649396562,41.53584023268624
2026-06-29,78.16225749559082,86.30952380952381,95.03968253968253,74.4047619047619,61.75000000000001,80.35714285714286,62.5,86.30952380952381,61.81714378168981,37.93415740027413
2026-06-30,74.55731922398589,91.86507936507937,87.10317460317461,74.80158730158729,67.75,45.03968253968254,64.88095238095238,84.72222222222221,58.69255268373876,34.726651240413155
2026-07-01,76.80476190476192,83.13492063492063,86.70634920634922,80.55555555555556,67.05,58.92857142857143,75.9920634920635,85.11904761904762,58.51984914757973,36.05416141125794
2026-07-02,78.94708994708995,55.35714285714286,94.64285714285714,79.96031746031747,69.25,87.5,74.8015873015873,85.11904761904762,61.75366304549931,38.951274210604616
2026-07-06,72.99982363315696,78.76984126984127,77.57936507936508,82.53968253968253,72.15,31.150793650793652,79.16666666666666,85.9126984126984,55.377992833668884,33.738983071303146
2026-07-07,76.78677248677248,72.02380952380952,87.5,83.73015873015873,69.35000000000001,54.166666666666664,79.56349206349206,87.89682539682539,58.97417925120389,35.631331055617196
2026-07-08,74.38800705467372,79.16666666666666,84.32539682539682,80.15873015873015,65.5,50.198412698412696,68.84920634920636,91.46825396825396,57.94023428034044,35.22594789630193
2026-07-09,78.16719576719576,81.15079365079364,88.69047619047619,76.5873015873016,70.8,73.61111111111111,62.89682539682539,90.27777777777779,59.23353595233027,37.35812538839105
2026-07-10,78.69241622574955,72.42063492063492,86.70634920634922,72.42063492063491,74.85000000000001,95.43650793650794,57.341269841269835,87.5,58.94954789282022,41.26673343943347
2026-07-13,67.81604938271605,42.26190476190476,83.13492063492063,71.23015873015872,64.2,59.72222222222222,54.166666666666664,88.29365079365078,57.86990227415457,36.21753556198959
2026-07-14,67.09435626102292,60.912698412698404,87.10317460317461,71.23015873015872,67.5,20.03968253968254,54.563492063492056,87.89682539682539,59.00274556001711,32.659019647818134
2026-07-15,76.90105820105819,54.166666666666664,92.65873015873017,76.5873015873016,71.65,79.56349206349206,67.26190476190477,85.9126984126984,60.434591073059664,37.938662847294694
2026-07-16,65.47195767195767,30.753968253968257,78.37301587301587,77.57936507936508,66.35,36.30952380952381,69.64285714285714,85.51587301587301,56.56604069056076,34.158031803670504
2026-07-17,65.542151675485,30.753968253968257,79.16666666666666,77.97619047619047,56.15,54.563492063492056,70.03968253968253,85.9126984126984,57.36411289581167,35.86316711938821
2026-07-20,61.00176366843034,33.92857142857143,73.21428571428571,74.8015873015873,56.75000000000001,30.753968253968257,65.27777777777779,84.32539682539682,55.26375229109621,33.82536343085056
2026-07-21,66.9021164021164,41.86507936507937,82.73809523809523,72.22222222222223,64.75,48.61111111111111,62.5,81.94444444444444,58.08003128885618,35.2682082083616
2026-07-22,61.09664902998236,41.07142857142857,74.8015873015873,64.68253968253968,66.8,31.547619047619047,49.801587301587304,79.56349206349206,55.83852894106124,33.94503050236491
2026-07-23,60.65961199294533,27.976190476190478,65.67460317460318,62.301587301587304,56.50000000000001,86.70634920634922,46.62698412698413,77.97619047619048,53.98894057090939,38.837846413823115
2026-07-24,62.66684303350969,26.785714285714285,77.57936507936508,62.89682539682539,57.10000000000001,79.16666666666666,48.214285714285715,77.57936507936508,56.90319376642792,37.945856931009516
2026-07-27,62.98571428571428,20.436507936507937,80.35714285714286,69.04761904761904,56.64999999999999,65.27777777777779,56.94444444444444,81.15079365079364,57.793688430208,36.96328602951083
2026-07-28,58.38218694885361,16.071428571428573,77.97619047619048,71.03174603174602,58.949999999999996,22.42063492063492,59.32539682539682,82.73809523809523,57.284880254027414,33.12600213649361
2026-07-29,56.88641975308642,12.103174603174603,79.16666666666666,68.84920634920636,48.35,38.2936507936508,56.15079365079365,81.54761904761905,57.68531478681933,34.351601981765995
2026-07-30,69.65749559082893,20.03968253968254,93.05555555555556,64.88095238095238,64.55000000000001,97.02380952380952,51.388888888888886,78.37301587301587,60.734119499091456,41.95684172763974
2026-07-31,68.67513227513227,26.785714285714285,83.13492063492063,62.5,70.05,97.42063492063492,47.023809523809526,77.97619047619048,58.3946458977858,42.15142088989332
2026-08-03,62.13968253968254,24.801587301587304,75.59523809523809,53.17460317460318,70.7,82.34126984126983,30.357142857142854,75.9920634920635,56.975424752341155,38.627362563099325
2026-08-04,59.31216931216931,25.992063492063494,82.73809523809523,52.77777777777777,67.5,49.007936507936506,32.34126984126984,73.21428571428571,58.37165504511458,35.33250706235558
2026-08-05,59.54973544973545,25.198412698412696,72.42063492063492,55.952380952380956,70.94999999999999,56.15079365079365,38.2936507936508,73.61111111111111,56.034654814429096,36.05562228382593
2026-08-06,56.27072310405644,24.404761904761905,70.83333333333334,56.34920634920635,74.25,22.817460317460316,37.89682539682539,74.8015873015873,55.81272045644295,33.213999002219474
2026-08-07,60.186067019400355,22.42063492063492,81.15079365079364,59.72222222222223,75.5,26.785714285714285,45.03968253968254,74.40476190476191,58.02682204292309,33.59364021994136
2026-08-10,59.2331569664903,18.849206349206348,70.03968253968253,71.03174603174602,72.7,15.674603174603174,68.84920634920636,73.21428571428571,55.637581788086855,32.15175968261158
2026-08-11,59.34497354497355,14.484126984126986,68.05555555555556,71.03174603174602,73.60000000000001,23.214285714285715,69.24603174603175,72.81746031746032,55.37401298427104,33.20983347402816
2026-08-12,67.8941798941799,16.071428571428573,91.07142857142857,72.42063492063492,77.25,41.07142857142857,72.42063492063492,72.42063492063492,60.24223284467145,34.524803020135266
2026-08-13,70.25238095238096,9.325396825396826,95.83333333333334,74.60317460317461,76.85,53.769841269841265,77.18253968253968,72.02380952380952,62.07034906113702,35.703139467235694
2026-08-14,72.46031746031746,6.944444444444445,93.45238095238095,74.8015873015873,78.75,76.38888888888889,77.97619047619048,71.62698412698413,61.44001307909777,37.6658010790638
2026-08-17,66.45555555555555,9.325396825396826,83.92857142857143,73.80952380952381,74.05000000000001,51.388888888888886,74.8015873015873,72.81746031746032,58.84904795268405,35.56615250197018
2026-08-18,68.20246913580246,13.293650793650794,83.92857142857143,77.38095238095238,70.8,58.92857142857143,78.37301587301587,76.38888888888889,58.880040640170016,36.25619367082262
2026-08-19,63.592239858906524,10.119047619047619,74.8015873015873,73.61111111111111,75.55,40.67460317460318,72.81746031746032,74.40476190476191,57.477934364583085,34.556365327014746
2026-08-20,46.73932980599647,9.325396825396826,29.166666666666668,69.24603174603175,69.94999999999999,5.357142857142857,68.84920634920636,69.64285714285714,50.82161453811679,30.276563165735915
2026-08-21,46.79118165784833,9.325396825396826,25.595238095238095,66.86507936507937,74.35,11.30952380952381,66.46825396825396,67.26190476190477,50.42288219229187,31.177806036711793
2026-08-24,55.73544973544974,10.119047619047619,62.10317460317461,66.07142857142858,70.75,27.579365079365083,65.27777777777779,66.86507936507937,54.704227634964575,33.5035487339523
2026-08-25,50.35978835978836,12.103174603174603,44.24603174603175,65.67460317460318,72.75,10.119047619047619,63.29365079365079,68.05555555555556,52.351072783631956,30.839132004901693
2026-08-26,56.27019400352734,9.325396825396826,58.92857142857143,64.0873015873016,73.94999999999999,39.08730158730159,62.5,65.67460317460318,54.21903253275093,34.350986831551786
2026-08-27,71.59823633156967,16.071428571428573,95.83333333333334,68.05555555555556,77.45,77.57936507936508,68.05555555555556,68.05555555555556,62.21949921327269,37.891318054507394
2026-08-28,67.96137566137565,16.071428571428573,86.70634920634922,67.46031746031746,77.85,64.0873015873016,63.29365079365079,71.62698412698413,59.39576736784187,36.78181823882786
2026-08-31,54.079188712522054,17.261904761904763,53.37301587301587,63.2936507936508,75.4,22.023809523809522,61.30952380952381,65.27777777777779,53.30647577787312,33.00899401187996
2026-09-01,53.07460317460317,20.436507936507937,59.32539682539682,61.30952380952381,68.3,18.055555555555554,58.92857142857143,63.69047619047619,54.43673513303967,32.27297852477481
2026-09-02,57.75837742504409,22.817460317460316,63.29365079365079,59.920634920634924,74.0,42.65873015873016,54.563492063492056,65.27777777777779,55.152843879599054,34.56275788840051
2026-09-03,62.70440917107584,27.579365079365083,77.97619047619048,53.17460317460318,78.4,64.48412698412699,44.642857142857146,61.70634920634921,58.01711924798346,36.63288452663869
2026-09-04,70.53985890652557,37.5,94.24603174603175,54.36507936507937,77.35,91.07142857142857,47.42063492063492,61.30952380952381,61.82945081746212,40.2209593153261
2026-09-08,59.91428571428571,37.10317460317461,75.1984126984127,57.93650793650794,71.4,35.11904761904761,49.801587301587304,66.07142857142857,57.802235446968396,34.05771153850653
2026-09-09,56.77724867724867,47.42063492063492,57.341269841269835,53.37301587301587,67.69999999999999,53.37301587301587,41.86507936507937,64.88095238095238,54.360236331004884,35.6286764420303
2026-09-10,53.52433862433862,50.595238095238095,56.547619047619044,53.769841269841265,60.8,35.11904761904761,43.84920634920635,63.69047619047619,54.319040301438235,34.077440383160976
2026-09-11,55.4379188712522,49.801587301587304,62.5,53.37301587301587,70.8,22.42063492063492,39.88095238095239,66.86507936507937,55.12951915516968,32.91850094592971
2026-09-14,54.76543209876542,47.42063492063492,69.24603174603175,53.968253968253975,64.5,16.071428571428573,39.08730158730159,68.84920634920636,56.39929352589783,31.984401798529056
2026-09-15,43.49911816578483,39.48412698412698,34.32539682539682,51.58730158730159,64.0,0.5952380952380952,37.89682539682539,65.27777777777779,51.67489580887611,27.807849569687026
2026-09-16,47.97442680776013,43.84920634920635,50.595238095238095,52.182539682539684,64.0,2.1825396825396823,41.86507936507937,62.5,53.123148062209616,28.890649452568855
