date,turnover,top2,advancing,ma20,lev_ratio,erp,lev_inten,narrow_gap,brd_worse,near_peak,vix_abs,topshare,turnover_f,advancing_f,lev_ratio_f,lev_inten_f,soxx,qqq,vix
2016-09-16,,,,,,,,,,100.0,73.15,,,,,,,109.562,15.37
2016-09-19,,,,,,,,,,92.75904662808875,72.35,,,,,,32.963,109.086,15.53
2016-09-20,,,,,,,,,,95.87752444582365,70.4,,,,,,32.8149,109.291,15.92
2016-09-21,,,,,,,,,,100.0,83.5,,,,,,33.2682,110.365,13.3
2016-09-22,,,,,,,,,,100.0,89.9,,,,,,33.377,111.243,12.02
2016-09-23,,,,,,,,,,89.37760877838015,88.55000000000001,,,,,,33.0355,110.534,12.29
2016-09-26,,,,,,,,,,75.51905887711291,77.5,,,,,,32.7099,109.609,14.5
2016-09-27,,,,,,,,,,91.74479892367758,84.5,,,,,,33.2743,110.692,13.1
2016-09-28,,,,,,,,,,94.54647333615016,88.05,,,,,,33.341,110.879,12.39
2016-09-29,,,,,,,,,,82.51575380023904,79.9,,,,,,33.7507,110.076,14.02
2016-09-30,,,,,,,,,,94.83113544223016,83.55000000000001,,,,,,34.2847,110.898,13.29
2016-10-03,,,,,,,,,,92.44896308082312,82.15,,,,,,34.0541,110.739,13.57
2016-10-04,,,,,,,,,,89.93195077443072,81.85,,,,,,33.9661,110.571,13.63
2016-10-05,,,,,,,,,,95.80497948934608,85.05,,,,,,34.2149,110.963,12.99
2016-10-06,,,,,,,,,,94.96597538721537,85.8,,,,,,34.4152,110.907,12.84
2016-10-07,,,,,,,,,,91.32529687261238,82.6,,,,,,34.3636,110.664,13.48
2016-10-10,,,,,,,,,,100.0,83.1,,,,,,34.1907,111.365,13.38
2016-10-11,,,,,,,,,,76.23430461395714,73.2,,,,,,33.4746,109.777,15.36
2016-10-12,,,,,,,,,,74.82751911881368,70.45,,,,,,33.3623,109.683,15.91
2016-10-13,,,,,,,,,,68.9609242880019,66.54999999999998,,,,,,32.9678,109.291,16.69
2016-10-14,,,,,,,,,,70.92144449931901,69.39999999999999,,,,,,33.2166,109.422,16.12
2016-10-17,,,,,,,,,,66.44666936051138,68.94999999999999,,,,,,33.0437,109.123,16.21
2016-10-18,,,,,,,,,,80.97846420928173,73.60000000000001,,,,,,33.426,110.094,15.28
2016-10-19,,,,,,,,,,80.84377198102337,77.95,,,,,,33.2864,110.085,14.41
2016-10-20,,,,,,,,,,78.88325176970626,81.25,,,,,,33.5201,109.954,13.75
2016-10-21,,,,,,,,,,85.03419686017449,83.3,,,,,,33.4351,110.365,13.34
2016-10-24,,,,,,,,,,100.0,84.9,,,,,,34.048,111.692,13.02
2016-10-25,,,,,,,,,,94.70269431412595,82.69999999999999,,,,,,34.0177,111.337,13.46
2016-10-26,,,,,,,,,,83.4067495135433,78.8,,,,,,33.9692,110.58,14.24
2016-10-27,,,,,,,,,,75.88606763838648,73.2,,,,,,33.8114,110.076,15.36
2016-10-28,,,,,,,,,,65.57497403574133,69.05,,,,,,33.6081,109.385,16.19
2016-10-31,,,,,,,,,,64.03800928744532,64.70000000000002,,,,,,33.7901,109.282,17.06
2016-11-01,,,,,,,,,,51.77213527677296,57.2,,,,,,33.4897,108.46,18.56
2016-11-02,,,,,,,,,,38.8049278372668,53.4,,,,,,33.2682,107.591,19.32
2016-11-03,,,,,,,,,,23.062230658119542,44.800000000000004,,,,,,33.2106,106.536,22.08
2016-11-04,,,,,,,,,,17.48140720314216,43.724999999999994,,,,,,33.0012,106.162,22.51
2016-11-07,,,,,,,,,,55.11466055462054,56.449999999999996,,,,,,33.9297,108.684,18.71
2016-11-08,,,,,,,,,,65.70927192636921,56.300000000000004,,,,,,33.9995,109.394,18.74
2016-11-09,,,,,,,,,,73.22995380152565,78.1,,,,,,33.8387,109.898,14.38
2016-11-10,,,,,,,,,,46.75834736000186,76.3,,,,,,33.1074,108.124,14.74
2016-11-11,,,,,,,,,,47.44475880098862,79.15,,,,,,34.3757,108.17,14.17
2016-11-14,,,,,,,,,,31.135026083634898,77.6,,,,,,34.1967,107.077,14.48
2016-11-15,,,,,,,,,,53.30910002506916,83.15,,,,,,34.837,108.563,13.37
2016-11-16,,,,,,,,,,62.918860198880324,81.4,,,,,,35.2375,109.207,13.72
2016-11-17,,,,,,,,,,74.76691854982165,83.25,,,,,,35.6168,110.001,13.35
2016-11-18,,,,,,,,,,68.6339815444856,85.75,,,,,,35.8747,109.59,12.85
2016-11-21,,,,,,,,,,85.6450476906733,87.9,,,,,,36.1144,110.73,12.42
2016-11-22,,,,,,,,,,90.65883560744439,87.95,,,,,,36.4998,111.066,12.41
2016-11-23,,,,,,,,,,83.97378505174942,87.85,,,,,,36.5453,110.618,12.43
2016-11-25,,,,,,,,,,89.27109073762382,88.3,,,,,,36.609,110.973,12.34
2016-11-28,,,,,,,,,,85.49582781219783,84.25,,,,,,36.4998,110.72,13.15
2016-11-29,,,,,,,,,,91.21094915780309,85.5,,,,,,36.433,111.103,12.9
2016-11-30,,,,,,,,,,71.14087550287094,83.35,,,,,,36.2236,109.758,13.33
2016-12-01,,,,,,,,,,42.84878654394817,79.65,,,,,,34.4546,107.862,14.07
2016-12-02,,,,,,,,,,46.05701393116789,79.4,,,,,,34.8794,108.077,14.12
2016-12-05,,,,,,,,,,58.606405710943385,89.3,,,,,,35.3043,108.918,12.14
2016-12-06,,,,,,,,,,62.5010445391495,91.05000000000001,,,,,,35.7928,109.179,11.79
2016-12-07,,,,,,,,,,83.13815373228776,88.89999999999999,,,,,,36.5301,110.562,12.22
2016-12-08,,,,,,,,,,86.06286335040413,86.8,,,,,,36.8487,110.758,12.64
2016-12-09,,,,,,,,,,99.01514880206307,91.25,,,,,,36.7243,111.626,11.75
2016-12-12,,,,,,,,,,91.49446692690623,86.8,,,,,,36.436,111.122,12.64
2016-12-13,,,,,,,,,,100.0,86.39999999999999,,,,,,36.8609,112.523,12.72
2016-12-14,,,,,,,,,,96.54885371583313,84.05,,,,,,36.8275,112.29,13.19
2016-12-15,,,,,,,,,,99.17053994886969,86.05000000000001,,,,,,37.4556,112.467,12.79
2016-12-16,,,,,,,,,,92.99402492527449,89.0,,,,,,37.0763,112.05,12.2
2016-12-19,,,,,,,,,,99.79263498721757,91.44999999999999,,,,,,37.4434,112.509,11.71
2016-12-20,,,,,,,,,,100.0,92.75,,,,,,37.8015,112.94,11.45
2016-12-21,,,,,,,,,,98.76040375420567,93.65,,,,,,37.8015,112.856,11.27
2016-12-22,,,,,,,,,,94.05288943982062,92.85000000000001,,,,,,37.9839,112.537,11.43
2016-12-23,,,,,,,,,,95.15967180213684,92.8,,,,,,38.1786,112.612,11.44
2016-12-27,,,,,,,,,,100.0,90.05,,,,,,38.65,113.193,11.99
2016-12-28,,,,,,,,,,87.04277944160279,85.25,,,,,,37.917,112.313,12.95
2016-12-29,,,,,,,,,,84.68692115825785,83.15,,,,,,37.9109,112.153,13.37
2016-12-30,,,,,,,,,,67.72474151817413,79.80000000000001,,,,,,37.324,111.001,14.04
2017-01-03,,,,,,,,,,82.3457869891837,85.75,,,,,,37.324,111.994,12.85
2017-01-04,,,,,,,,,,91.31277258016537,90.75,,,,,,37.4274,112.603,11.85
2017-01-05,,,,,,,,,,100.0,91.65,,,,,,37.108,113.24,11.67
2017-01-06,,,,,,,,,,100.0,93.4,,,,,,37.403,114.233,11.32
2017-01-09,,,,,,,,,,100.0,92.2,,,,,,37.7984,114.608,11.56
2017-01-10,,,,,,,,,,100.0,92.55,,,,,,37.9809,114.861,11.49
2017-01-11,,,,,,,,,,100.0,93.7,,,,,,38.1117,115.17,11.26
2017-01-12,,,,,,,,,,97.42409771063065,92.30000000000001,,,,,,37.7923,114.992,11.54
2017-01-13,,,,,,,,,,100.0,93.85,,,,,,38.0387,115.385,11.23
2017-01-17,,,,,,,,,,95.002238881426,90.65,,,,,,37.4274,115.039,11.87
2017-01-18,,,,,,,,,,98.38222761479675,87.6,,,,,,37.9383,115.273,12.48
2017-01-19,,,,,,,,,,97.57334142219513,86.10000000000001,,,,,,37.768,115.217,12.78
2017-01-20,,,,,,,,,,100.0,92.30000000000001,,,,,,38.2546,115.47,11.54
2017-01-23,,,,,,,,,,100.0,91.15,,,,,,38.0204,115.563,11.77
2017-01-24,,,,,,,,,,100.0,94.65,,,,,,38.7564,116.341,11.07
2017-01-25,,,,,,,,,,100.0,95.95,,,,,,39.3313,117.512,10.81
2017-01-26,,,,,,,,,,100.0,96.85,,,,,,39.1092,117.634,10.63
2017-01-27,,,,,,,,,,100.0,97.1,,,,,,39.5959,117.859,10.58
2017-01-30,,,,,,,,,,87.01838637694202,90.6,,,,,,39.3982,116.941,11.88
2017-01-31,,,,,,,,,,83.69520641896972,90.05,,,,,,38.8872,116.706,11.99
2017-02-01,,,,,,,,,,95.09300661524934,90.95,,,,,,39.5046,117.512,11.81
2017-02-02,,,,,,,,,,93.63646391026576,90.35,,,,,,39.4864,117.409,11.93
2017-02-03,,,,,,,,,,98.40204538191114,95.14999999999999,,,,,,39.6902,117.746,10.97
2017-02-06,,,,,,,,,,100.0,93.15,,,,,,39.8301,117.887,11.37
2017-02-07,,,,,,,,,,100.0,93.55000000000001,,,,,,39.976,118.318,11.29
2017-02-08,,,,,,,,,,100.0,92.75,,,,,,40.0521,118.515,11.45
2017-02-09,,,,,,,,,,100.0,95.6,,,,,,39.7023,118.946,10.88
2017-02-10,,,,,,,,,,100.0,95.75,,,,,,39.678,119.339,10.85
2017-02-13,,,,,,,,,,100.0,94.65,,,,,,39.7601,120.014,11.07
2017-02-14,,,,,,,,,,100.0,96.3,,,,,,39.6506,120.416,10.74
2017-02-15,,,,,,,,,,100.0,90.14999999999999,,,,,,39.9578,121.128,11.97
2017-02-16,,,,,,,,,,99.49089668229743,91.2,,,,,,40.0217,121.091,11.76
2017-02-17,,,,,,,,,,100.0,92.55,,,,,,40.2285,121.616,11.49
2017-02-21,,,,,,,,,,100.0,92.15,,,,,,40.7972,122.215,11.57
2017-02-22,,,,,,,,,,100.0,91.3,,,,,,40.8063,122.262,11.74
2017-02-23,,,,,,,,,,93.74294547774453,91.44999999999999,,,,,,40.1433,121.803,11.71
2017-02-24,,,,,,,,,,96.9328164106591,92.64999999999999,,,,,,40.1159,122.037,11.47
2017-02-27,,,,,,,,,,98.97760547021971,89.55,,,,,,40.4992,122.187,12.09
2017-02-28,,,,,,,,,,93.86563282131804,85.4,,,,,,39.9821,121.812,12.92
2017-03-01,,,,,,,,,,100.0,87.30000000000001,,,,,,40.6056,123.143,12.54
2017-03-02,,,,,,,,,,91.62220616140037,90.95,,,,,,40.1889,122.524,11.81
2017-03-03,,,,,,,,,,94.66744624812887,95.19999999999999,,,,,,40.1677,122.749,10.96
2017-03-06,,,,,,,,,,90.99962374366916,93.8,,,,,,40.1889,122.478,11.24
2017-03-07,,,,,,,,,,88.19800286387913,92.75,,,,,,40.2771,122.271,11.45
2017-03-08,,,,,,,,,,91.12143334713839,90.7,,,,,,40.3714,122.487,11.86
2017-03-09,,,,,,,,,,92.39366698337165,88.5,,,,,,40.4505,122.581,12.3
2017-03-10,,,,,,,,,,99.36388318188337,91.7,,,,,,40.9128,123.096,11.66
2017-03-13,,,,,,,,,,100.0,93.25,,,,,,41.22,123.302,11.35
2017-03-14,,,,,,,,,,95.94491573534879,88.5,,,,,,41.0983,123.002,12.3
2017-03-15,,,,,,,,,,100.0,91.85,,,,,,41.4237,123.761,11.63
2017-03-16,,,,,,,,,,98.86878742091626,93.94999999999999,,,,,,41.3812,123.677,11.21
2017-03-17,,,,,,,,,,98.28971431495664,93.60000000000001,,,,,,41.4663,123.634,11.28
2017-03-20,,,,,,,,,,99.79799775373509,93.3,,,,,,41.7735,123.746,11.34
2017-03-21,,,,,,,,,,74.52078333777749,87.64999999999999,,,,,,40.7942,121.869,12.47
2017-03-22,,,,,,,,,,85.64437369876879,85.95,,,,,,41.2261,122.695,12.81
2017-03-23,,,,,,,,,,81.46966060929287,84.4,,,,,,41.1348,122.385,13.12
2017-03-24,,,,,,,,,,84.89023197937956,85.19999999999999,,,,,,41.4346,122.639,12.96
2017-03-27,,,,,,,,,,87.54319481365967,87.5,,,,,,41.4956,122.836,12.5
2017-03-28,,,,,,,,,,97.65677394332641,92.35000000000001,,,,,,41.6267,123.587,11.53
2017-03-29,,,,,,,,,,100.0,92.9,,,,,,41.5261,124.159,11.42
2017-03-30,,,,,,,,,,100.0,92.30000000000001,,,,,,41.7396,124.366,11.54
2017-03-31,,,,,,,,,,98.87429040091332,88.15,,,,,,41.7426,124.282,12.37
2017-04-03,,,,,,,,,,97.85579123983507,88.1,,,,,,41.4773,124.206,12.38
2017-04-04,,,,,,,,,,100.0,91.05000000000001,,,,,,41.27,124.404,11.79
2017-04-05,,,,,,,,,,93.20761390309009,85.55,,,,,,40.9833,123.897,12.89
2017-04-06,,,,,,,,,,94.07843263346307,88.05,,,,,,41.0474,123.962,12.39
2017-04-07,,,,,,,,,,93.20761390309009,85.65,,,,,,41.2242,123.897,12.87
2017-04-10,,,,,,,,,,93.83728283120591,79.75,,,,,,40.9071,123.944,14.05
2017-04-11,,,,,,,,,,86.65637760843717,74.65,,,,,,40.5777,123.408,15.07
2017-04-12,,,,,,,,,,79.99796362389206,71.15,,,,,,39.8794,122.911,15.77
2017-04-13,,,,,,,,,,73.4601245404758,70.19999999999999,,,,,,39.6142,122.423,15.96
2017-04-17,,,,,,,,,,87.04489673429582,76.7,,,,,,40.1081,123.437,14.66
2017-04-18,,,,,,,,,,84.526221021832,77.9,,,,,,40.2942,123.249,14.42
2017-04-19,,,,,,,,,,87.1654716354243,75.35,,,,,,40.5046,123.446,14.93
2017-04-20,,,,,,,,,,100.0,79.25,,,,,,41.1449,124.479,14.15
2017-04-21,,,,,,,,,,99.62510410055776,76.85,,,,,,40.9711,124.451,14.63
2017-04-24,,,,,,,,,,100.0,95.8,,,,,,41.5596,125.953,10.84
2017-04-25,,,,,,,,,,100.0,96.2,,,,,,41.9835,126.863,10.76
2017-04-26,,,,,,,,,,97.66151938180045,95.75,,,,,,41.6389,126.685,10.85
2017-04-27,,,,,,,,,,100.0,98.2,,,,,,42.2244,127.445,10.36
2017-04-28,,,,,,,,,,100.0,95.9,,,,,,41.5048,127.671,10.82
2017-05-01,,,,,,,,,,100.0,99.45,,,,,,41.9164,128.807,10.11
2017-05-02,,,,,,,,,,100.0,97.05,,,,,,41.4743,129.023,10.59
2017-05-03,,,,,,,,,,94.665033882848,96.6,,,,,,41.6176,128.61,10.68
2017-05-04,,,,,,,,,,95.25924318403185,97.69999999999999,,,,,,41.5871,128.656,10.46
2017-05-05,,,,,,,,,,100.0,97.15,,,,,,41.7518,129.126,10.57
2017-05-08,,,,,,,,,,100.0,100.0,,,,,,41.5871,129.408,9.77
2017-05-09,,,,,,,,,,100.0,100.0,,,,,,41.9987,129.858,9.96
2017-05-10,,,,,,,,,,100.0,98.94999999999999,,,,,,42.8892,129.933,10.21
2017-05-11,,,,,,,,,,98.67880625655809,97.0,,,,,,43.0447,129.83,10.6
2017-05-12,,,,,,,,,,100.0,98.0,,,,,,43.1667,130.121,10.4
2017-05-15,,,,,,,,,,100.0,97.9,,,,,,43.8345,130.534,10.42
2017-05-16,,,,,,,,,,100.0,96.75,,,,,,44.4626,131.079,10.65
2017-05-17,,,,,,,,,,57.6209766629283,72.05000000000001,,,,,,42.5446,127.746,15.59
2017-05-18,,,,,,,,,,71.82360764627944,76.7,,,,,,43.3374,128.863,14.66
2017-05-19,,,,,,,,,,78.75327092821858,89.80000000000001,,,,,,43.8162,129.408,12.04
2017-05-22,,,,,,,,,,92.59988251359884,95.35,,,,,,44.2949,130.497,10.93
2017-05-23,,,,,,,,,,94.26554469696362,96.39999999999999,,,,,,44.118,130.628,10.72
2017-05-24,,,,,,,,,,100.0,99.9,,,,,,44.4047,131.229,10.02
2017-05-25,,,,,,,,,,100.0,100.0,,,,,,44.6303,132.346,9.99
2017-05-26,,,,,,,,,,100.0,100.0,,,,,,44.8346,132.581,9.81
2017-05-30,,,,,,,,,,100.0,98.1,,,,,,45.1335,132.693,10.38
2017-05-31,,,,,,,,,,99.40966491575767,97.95,,,,,,45.1274,132.646,10.41
2017-06-01,,,,,,,,,,100.0,100.0,,,,,,45.1731,133.163,9.89
2017-06-02,,,,,,,,,,100.0,100.0,,,,,,45.6336,134.684,9.75
2017-06-05,,,,,,,,,,99.6535099442648,99.65,,,,,,45.7434,134.656,10.07
2017-06-06,,,,,,,,,,93.02070030590129,97.75,,,,,,45.8928,134.12,10.45
2017-06-07,,,,,,,,,,99.52976349578749,98.05,,,,,,46.2343,134.646,10.39
2017-06-08,,,,,,,,,,100.0,99.2,,,,,,47.079,134.787,10.16
2017-06-09,,,,,,,,,,58.32931464706028,96.5,,,,,,45.0999,131.417,10.7
2017-06-12,,,,,,,,,,49.6118567319793,92.7,,,,,,44.8407,130.712,11.46
2017-06-13,,,,,,,,,,62.73132176446289,97.9,,,,,,45.1457,131.773,10.42
2017-06-14,,,,,,,,,,55.65843392414182,96.8,,,,,,44.673,131.201,10.64
2017-06-15,,,,,,,,,,48.46189419850073,95.5,,,,,,44.3193,130.619,10.9
2017-06-16,,,,,,,,,,41.45083230083992,98.1,,,,,,44.1424,130.052,10.38
2017-06-19,,,,,,,,,,68.34511735800436,98.15,,,,,,44.981,132.227,10.37
2017-06-20,,,,,,,,,,55.53478203882162,95.7,,,,,,44.4748,131.191,10.86
2017-06-21,,,,,,,,,,71.5971619419282,96.25,,,,,,44.9902,132.49,10.75
2017-06-22,,,,,,,,,,71.13964996624303,97.6,,,,,,44.8865,132.453,10.48
2017-06-23,,,,,,,,,,77.42116574051411,99.9,,,,,,45.0207,132.961,10.02
2017-06-26,,,,,,,,,,69.74238366212369,100.0,,,,,,44.6334,132.34,9.9
2017-06-27,,,,,,,,,,40.05356599672059,94.7,,,,,,43.4411,129.939,11.06
2017-06-28,,,,,,,,,,63.22592930574383,99.85000000000001,,,,,,44.1931,131.813,10.03
2017-06-29,,,,,,,,,,34.93437794446044,92.8,,,,,,43.0927,129.525,11.44
2017-06-30,,,,,,,,,,35.51554180546581,94.1,,,,,,42.8573,129.572,11.18
2017-07-03,,,,,,,,,,18.637059459245453,93.89999999999999,,,,,,42.2704,128.207,11.22
2017-07-05,,,,,,,,,,34.241927386666674,94.65,,,,,,43.1354,129.469,11.07
2017-07-06,,,,,,,,,,19.7993871812562,87.30000000000001,,,,,,42.9459,128.301,12.54
2017-07-07,,,,,,,,,,36.91280810958514,94.05,,,,,,43.6704,129.685,11.19
2017-07-10,,,,,,,,,,47.38612279621441,94.45,,,,,,44.1748,130.532,11.11
2017-07-11,,,,,,,,,,51.93651217600117,95.55,,,,,,44.5416,130.9,10.89
2017-07-12,,,,,,,,,,71.13964996624303,98.5,,,,,,45.2539,132.453,10.3
2017-07-13,,,,,,,,,,74.75028501759566,100.0,,,,,,45.1132,132.745,9.9
2017-07-14,,,,,,,,,,87.6719070335664,100.0,,,,,,45.7185,133.79,9.51
2017-07-17,,,,,,,,,,88.4756442881482,100.0,,,,,,45.532,133.855,9.82
2017-07-18,,,,,,,,,,99.5424880243148,100.0,,,,,,45.6726,134.75,9.89
2017-07-19,,,,,,,,,,100.0,100.0,,,,,,46.0945,135.541,9.79
2017-07-20,,,,,,,,,,100.0,100.0,,,,,,46.229,135.719,9.58
2017-07-21,,,,,,,,,,99.31230459012147,100.0,,,,,,45.8347,135.663,9.36
2017-07-24,,,,,,,,,,100.0,100.0,,,,,,45.6971,136.284,9.43
2017-07-25,,,,,,,,,,95.74418126852771,100.0,,,,,,45.6574,135.936,9.43
2017-07-26,,,,,,,,,,100.0,100.0,,,,,,46.1587,136.378,9.6
2017-07-27,,,,,,,,,,89.53887968245135,99.45,,,,,,45.4556,135.522,10.11
2017-07-28,,,,,,,,,,88.15791403305528,98.55000000000001,,,,,,45.2814,135.409,10.29
2017-07-31,,,,,,,,,,81.1430973715215,98.7,,,,,,44.9298,134.835,10.26
2017-08-01,,,,,,,,,,84.93158720614801,99.55,,,,,,45.208,135.145,10.09
2017-08-02,,,,,,,,,,89.41667033294735,98.60000000000001,,,,,,44.8809,135.512,10.28
2017-08-03,,,,,,,,,,82.97623761408275,97.8,,,,,,44.7128,134.985,10.44
2017-08-04,,,,,,,,,,85.97036667693226,99.85000000000001,,,,,,44.7311,135.23,10.03
2017-08-07,,,,,,,,,,96.44370792943141,100.0,,,,,,45.5015,136.087,9.93
2017-08-08,,,,,,,,,,93.5595672811354,95.19999999999999,,,,,,45.37,135.851,10.96
2017-08-09,,,,,,,,,,91.37201992501241,94.45,,,,,,45.2172,135.672,11.11
2017-08-10,,,,,,,,,,55.82132015427723,69.80000000000001,,,,,,43.9547,132.763,16.04
2017-08-11,,,,,,,,,,68.14002258428773,72.45,,,,,,44.2023,133.771,15.51
2017-08-14,,,,,,,,,,89.1844725688896,88.35,,,,,,45.3272,135.493,12.33
2017-08-15,,,,,,,,,,90.34546138917827,89.80000000000001,,,,,,45.4403,135.588,12.04
2017-08-16,,,,,,,,,,93.21738110252414,91.3,,,,,,45.5137,135.823,11.74
2017-08-17,,,,,,,,,,59.279844745242414,72.25,,,,,,44.3643,133.046,15.55
2017-08-18,,,,,,,,,,58.131076859904255,78.7,,,,,,44.4316,132.952,14.26
2017-08-21,,,,,,,,,,56.053517918335146,84.05,,,,,,44.1014,132.782,13.19
2017-08-22,,,,,,,,,,80.78869025795974,93.25,,,,,,44.829,134.806,11.35
2017-08-23,,,,,,,,,,74.92264148176396,88.75,,,,,,45.0185,134.326,12.25
2017-08-24,,,,,,,,,,70.09537217635337,88.85,,,,,,45.0246,133.931,12.23
2017-08-25,,,,,,,,,,66.63684758538781,93.60000000000001,,,,,,44.8076,133.648,11.28
2017-08-28,,,,,,,,,,71.70853558980681,93.4,,,,,,44.9421,134.063,11.32
2017-08-29,,,,,,,,,,78.14896830867178,91.5,,,,,,45.0124,134.59,11.7
2017-08-30,,,,,,,,,,97.47026646526574,93.89999999999999,,,,,,45.7827,136.171,11.22
2017-08-31,,,,,,,,,,100.0,97.05,,,,,,46.2351,137.63,10.59
2017-09-01,,,,,,,,,,97.72336457652177,99.35,,,,,,46.4369,137.442,10.13
2017-09-05,,,,,,,,,,82.79202693211279,88.85,,,,,,45.8102,136.209,12.23
2017-09-06,,,,,,,,,,87.80546876892143,91.85,,,,,,45.8744,136.623,11.63
2017-09-07,,,,,,,,,,91.68059289399132,92.25,,,,,,45.9539,136.943,11.55
2017-09-08,,,,,,,,,,77.31841410545198,89.4,,,,,,45.4128,135.757,12.12
2017-09-11,,,,,,,,,,96.24597350383874,96.35,,,,,,46.2779,137.32,10.73
2017-09-12,,,,,,,,,,100.0,97.1,,,,,,46.4858,137.649,10.58
2017-09-13,,,,,,,,,,100.0,97.5,,,,,,46.5775,137.838,10.5
2017-09-14,,,,,,,,,,90.20589387541902,97.8,,,,,,46.7609,137.028,10.44
2017-09-15,63.175386678970824,69.24603174603175,,,30.357142857142854,41.07142857142857,0.5952380952380952,,,95.90098521452715,99.15,28.76984126984127,88.55020546809982,,39.48412698412698,0.5952380952380952,47.5771,137.499,10.17
2017-09-18,64.8796968072721,93.45238095238095,,,32.34126984126984,50.992063492063494,0.5952380952380952,,,93.72451718684238,99.25,86.30952380952381,50.0,66.46825396825396,36.7063492063492,91.07142857142857,48.2007,137.319,10.15
2017-09-19,65.25526594933388,36.30952380952381,,,29.96031746031746,56.94444444444444,0.5952380952380952,,,96.57810860091813,99.1,27.18253968253968,50.0,47.817460317460316,28.76984126984127,7.341269841269842,48.3535,137.555,10.18
2017-09-20,66.78877815582814,94.24603174603175,85.51587301587301,,32.34126984126984,67.26190476190476,2.1825396825396823,,,91.43922575777368,100.0,61.30952380952381,59.90107429702685,55.35714285714286,36.30952380952381,62.89682539682539,47.6871,137.13,9.78
2017-09-21,64.25060822020363,95.83333333333334,74.40476190476191,,26.785714285714285,58.13492063492063,10.912698412698413,,,81.28237496191173,100.0,85.9126984126984,50.0,20.833333333333336,10.119047619047619,37.5,47.4823,136.29,9.67
2017-09-22,50.0,64.88095238095238,76.38888888888889,,16.071428571428573,56.547619047619044,34.32539682539682,,,79.68629840827624,100.0,71.23015873015873,50.0,60.912698412698404,4.563492063492063,12.103174603174603,47.7238,136.158,9.59
2017-09-25,50.0,88.29365079365078,56.547619047619044,,13.690476190476192,41.86507936507936,29.563492063492063,,,62.34710312105513,98.94999999999999,94.24603174603175,63.043444088498475,45.83333333333333,12.896825396825399,84.32539682539682,46.8037,134.724,10.21
2017-09-26,50.0,96.62698412698413,48.61111111111111,,11.30952380952381,47.023809523809526,51.388888888888886,,,66.56703279695503,99.15,91.07142857142857,50.0,40.27777777777778,15.674603174603174,41.46825396825397,46.7296,135.073,10.17
2017-09-27,50.0,67.26190476190477,62.89682539682539,,10.515873015873016,71.23015873015873,49.007936507936506,,,81.28237496191173,100.0,72.02380952380952,50.76114598679835,74.40476190476191,14.087301587301587,55.75396825396825,47.8613,136.29,9.87
2017-09-28,50.0,21.23015873015873,66.86507936507937,,13.690476190476192,72.81746031746032,55.35714285714286,,,80.71407497690521,100.0,24.00793650793651,50.0,61.30952380952381,37.5,53.769841269841265,48.214,136.243,9.55
2017-09-29,50.0,43.84920634920635,66.66666666666666,,19.642857142857142,79.16666666666666,35.51587301587302,,,92.57582572778672,100.0,50.595238095238095,50.0,73.01587301587301,39.88095238095239,2.976190476190476,48.6311,137.224,9.51
2017-10-02,50.0,46.62698412698413,71.62698412698413,,25.198412698412696,80.35714285714286,25.595238095238095,,,94.06307888003812,100.0,16.46825396825397,50.0,85.11904761904762,43.452380952380956,57.341269841269835,48.9562,137.347,9.45
2017-10-03,50.0,48.61111111111111,77.38095238095238,,31.547619047619047,80.35714285714286,8.134920634920634,,,97.6058851695467,100.0,21.23015873015873,50.0,62.5,48.61111111111111,4.9603174603174605,49.0911,137.64,9.51
2017-10-04,50.0,19.642857142857142,82.34126984126983,,37.10317460317461,81.15079365079364,5.753968253968254,,,99.20196172318218,100.0,41.07142857142857,50.0,74.0079365079365,37.5,41.07142857142857,49.2046,137.772,9.63
2017-10-05,50.0,8.928571428571429,94.64285714285714,,35.51587301587302,84.32539682539682,4.166666666666666,,,100.0,100.0,59.32539682539682,50.0,78.37301587301587,29.563492063492063,29.166666666666668,49.2475,139.121,9.19
2017-10-06,50.0,6.944444444444445,90.27777777777779,,33.53174603174603,84.32539682539682,5.753968253968254,,,100.0,100.0,63.29365079365079,50.0,37.10317460317461,30.753968253968257,6.944444444444445,49.4407,139.309,9.65
2017-10-09,50.0,18.849206349206348,88.29365079365078,,32.34126984126984,83.92857142857143,25.595238095238095,,,98.0857901020992,98.35,90.67460317460318,50.0,32.34126984126984,37.89682539682539,97.81746031746032,49.818,139.149,10.33
2017-10-10,50.0,47.817460317460316,93.84920634920636,,35.51587301587302,83.13492063492063,62.5,,,99.33002653573452,99.6,74.40476190476191,50.0,66.46825396825396,66.46825396825396,78.37301587301587,50.097,139.253,10.08
2017-10-11,50.0,22.023809523809522,91.46825396825396,,46.230158730158735,83.92857142857143,57.341269841269835,,,100.0,100.0,28.373015873015873,50.0,63.69047619047619,79.16666666666666,28.373015873015873,50.4405,139.668,9.85
2017-10-12,50.0,31.944444444444443,92.26190476190477,90.67460317460318,57.341269841269835,81.54761904761905,65.27777777777779,,,96.95706962224705,100.0,67.65873015873017,50.0,62.5,76.38888888888889,60.912698412698404,50.2811,139.413,9.91
2017-10-13,50.0,36.30952380952381,87.10317460317461,86.70634920634922,63.69047619047619,78.37301587301587,69.24603174603175,,,100.0,100.0,57.738095238095234,50.0,53.37301587301587,52.182539682539684,10.119047619047619,50.6031,139.951,9.61
2017-10-16,50.0,38.69047619047619,76.38888888888889,84.72222222222221,79.96031746031747,80.35714285714286,55.75396825396825,,,100.0,100.0,80.35714285714286,50.0,44.24603174603175,91.07142857142857,77.97619047619048,50.8423,140.432,9.91
2017-10-17,50.0,17.261904761904763,65.27777777777779,77.57936507936508,79.96031746031747,80.75396825396825,68.84920634920636,,,100.0,98.45,63.69047619047619,50.0,31.944444444444443,66.46825396825396,96.62698412698413,50.7993,140.611,10.31
2017-10-18,50.0,76.78571428571429,59.72222222222222,71.03174603174604,70.83333333333334,84.72222222222223,75.9920634920635,,,97.99683761109281,99.65,62.10317460317461,50.0,48.41269841269841,54.166666666666664,52.182539682539684,50.9711,140.442,10.07
2017-10-19,50.0,64.88095238095238,54.96031746031746,77.97619047619048,65.67460317460318,83.13492063492063,64.88095238095238,,,91.84511406172592,99.75,65.27777777777779,50.0,59.72222222222222,54.166666666666664,27.18253968253968,50.8423,139.923,10.05
2017-10-20,50.0,60.51587301587301,69.24603174603175,90.67460317460318,75.1984126984127,93.84920634920636,53.37301587301587,,,96.31370708313501,100.0,41.46825396825397,53.153085507333806,87.89682539682539,82.34126984126983,2.1825396825396823,51.103,140.3,9.97
2017-10-23,50.0,32.73809523809524,65.67460317460318,81.15079365079364,60.11904761904761,89.88095238095238,26.785714285714285,,,85.46818290650563,94.65,48.214285714285715,50.0,20.436507936507937,45.43650793650794,19.246031746031747,51.3544,139.385,11.07
2017-10-24,50.0,29.96031746031746,64.0873015873016,77.18253968253968,58.13492063492064,95.83333333333333,2.579365079365079,,,88.2654984318442,94.2,16.071428571428573,56.082712218269705,64.88095238095238,57.738095238095234,9.325396825396826,51.7133,139.621,11.16
2017-10-25,50.0,37.5,45.03968253968254,51.19047619047619,48.61111111111111,93.84920634920636,2.1825396825396823,,,81.99524456360713,93.85,47.42063492063492,68.47513057028632,8.134920634920634,22.817460317460316,16.46825396825397,51.0355,139.092,11.23
2017-10-26,53.66520313580404,8.928571428571429,48.214285714285715,57.738095238095234,44.24603174603175,96.62698412698413,1.3888888888888888,,,76.74435143765433,93.5,23.61111111111111,66.69703650755173,73.21428571428571,34.32539682539682,8.531746031746032,51.336,138.649,11.3
2017-10-27,69.17830458581912,99.40476190476191,50.595238095238095,58.92857142857143,37.10317460317461,97.02380952380952,3.7698412698412698,,,100.0,100.0,99.40476190476191,83.60038963435511,62.301587301587304,55.75396825396825,37.5,52.4094,142.687,9.8
2017-10-30,67.48945277955329,80.35714285714286,35.91269841269841,32.93650793650794,40.67460317460318,88.69047619047619,18.849206349206348,,,100.0,97.5,95.83333333333334,63.38847764503734,9.722222222222223,59.72222222222222,95.03968253968253,52.5505,143.008,10.5
2017-10-31,67.61392410429411,72.81746031746032,44.24603174603175,38.2936507936508,45.83333333333333,84.32539682539682,20.833333333333336,,,100.0,99.1,62.89682539682539,58.39321215707975,59.523809523809526,72.42063492063492,13.690476190476192,52.9707,143.546,10.18
2017-11-01,67.10849865792925,49.404761904761905,41.86507936507937,36.30952380952381,57.341269841269835,83.92857142857143,53.37301587301587,,,99.44268736154255,99.0,92.65873015873017,57.29803089603975,39.88095238095239,61.70634920634921,87.10317460317461,52.7775,143.498,10.2
2017-11-02,62.74453670090816,70.43650793650794,39.48412698412698,41.86507936507937,68.84920634920636,80.75396825396825,74.0079365079365,,,96.27297173031651,100.0,93.05555555555556,62.56874998779218,48.61111111111111,80.75396825396825,63.29365079365079,53.0382,143.225,9.93
2017-11-03,58.29796652255397,99.40476190476191,29.563492063492063,39.08730158730159,83.92857142857143,81.94444444444444,76.78571428571429,,,100.0,100.0,98.21428571428571,53.62305580562216,62.5,96.62698412698413,41.07142857142857,53.9766,144.602,9.14
2017-11-06,54.716929264456226,94.64285714285714,39.08730158730159,42.65873015873016,92.26190476190477,80.35714285714286,50.99206349206349,,,100.0,100.0,72.02380952380952,50.0,45.83333333333333,95.43650793650794,33.53174603174603,54.7403,145.093,9.4
2017-11-07,51.30178469849078,78.76984126984127,31.547619047619047,28.373015873015873,91.86507936507937,78.76984126984127,84.32539682539682,,,100.0,100.0,58.92857142857143,50.0,42.26190476190476,70.83333333333334,96.23015873015873,54.6912,145.178,9.89
2017-11-08,50.0,52.182539682539684,54.96031746031746,33.53174603174603,89.88095238095238,81.54761904761905,79.96031746031747,,,100.0,100.0,45.43650793650794,50.0,61.70634920634921,53.769841269841265,66.07142857142857,54.866,145.763,9.78
2017-11-09,50.0,87.89682539682539,32.34126984126984,23.214285714285715,83.92857142857143,77.18253968253968,85.9126984126984,,,91.25292426747507,97.5,81.94444444444444,50.3197734231317,14.087301587301587,45.03968253968254,87.89682539682539,53.7681,144.998,10.5
2017-11-10,50.0,67.26190476190477,24.404761904761905,25.595238095238095,74.0079365079365,89.08730158730158,82.34126984126983,,,91.15001749415144,93.55000000000001,72.81746031746032,50.0,35.11904761904761,72.81746031746032,30.357142857142854,54.1238,144.989,11.29
2017-11-13,50.0,34.32539682539682,43.452380952380956,29.166666666666668,60.912698412698404,90.27777777777777,85.9126984126984,,,93.19671887470304,92.5,60.11904761904761,50.0,54.96031746031746,55.75396825396825,53.37301587301587,54.2802,145.168,11.5
2017-11-14,50.0,22.023809523809522,39.48412698412698,30.555555555555557,48.214285714285715,84.32539682539682,75.9920634920635,,,87.15952150637206,92.05,71.23015873015873,50.0,45.83333333333333,27.976190476190478,67.65873015873017,54.2312,144.64,11.59
2017-11-15,50.0,55.35714285714286,22.42063492063492,12.698412698412698,39.48412698412698,71.62698412698413,61.30952380952381,,,79.3957771633864,84.35,68.45238095238095,50.0,6.15079365079365,19.246031746031747,26.785714285714285,53.7435,143.961,13.13
2017-11-16,50.0,45.83333333333333,39.08730158730159,31.150793650793652,32.73809523809524,85.51587301587301,43.05555555555556,,,100.0,91.2,43.452380952380956,50.0,90.67460317460318,20.436507936507937,41.86507936507937,54.544,145.8,11.76
2017-11-17,50.0,79.96031746031747,31.150793650793652,30.158730158730158,28.76984126984127,79.16666666666666,24.00793650793651,,,93.64426154549605,92.85000000000001,60.912698412698404,50.0,35.317460317460316,54.166666666666664,4.563492063492063,54.3048,145.244,11.43
2017-11-20,50.0,67.65873015873017,37.10317460317461,39.08730158730159,36.30952380952381,85.11904761904762,14.484126984126986,,,92.35253772290795,96.75,10.119047619047619,50.0,69.24603174603175,88.69047619047619,24.801587301587304,54.9519,145.131,10.65
2017-11-21,50.0,77.97619047619048,55.35714285714286,56.94444444444444,47.817460317460316,90.27777777777777,10.119047619047619,,,100.0,100.0,23.61111111111111,50.0,87.10317460317461,70.43650793650794,42.65873015873016,55.5806,146.706,9.73
2017-11-22,50.0,91.86507936507937,38.2936507936508,48.214285714285715,73.61111111111111,82.34126984126985,12.896825396825399,,,100.0,100.0,70.83333333333334,50.0,17.658730158730158,98.61111111111111,38.69047619047619,55.2432,146.885,9.88
2017-11-24,50.0,97.81746031746032,58.13492063492064,58.333333333333336,97.81746031746032,87.5,19.246031746031747,,,100.0,100.0,97.42063492063492,50.0,66.07142857142857,99.8015873015873,66.86507936507937,55.74,147.423,9.67
2017-11-27,50.0,89.48412698412699,58.53174603174603,50.99206349206349,99.40476190476191,83.13492063492063,40.67460317460318,,,99.253847771379,100.0,89.0873015873016,50.0,36.7063492063492,98.21428571428571,41.07142857142857,55.0408,147.357,9.87
2017-11-28,50.0,78.76984126984127,72.42063492063492,85.51587301587301,97.42063492063492,96.23015873015873,35.91269841269841,,,100.0,99.85000000000001,52.182539682539684,62.19377906153858,91.86507936507937,52.182539682539684,14.880952380952381,55.0653,147.734,10.03
2017-11-29,50.0,97.42063492063492,74.8015873015873,76.5873015873016,97.81746031746032,99.4047619047619,64.88095238095238,,,70.95004083916567,96.5,96.62698412698413,83.85594127546722,50.595238095238095,78.76984126984127,97.02380952380952,52.6395,145.159,10.7
2017-11-30,63.113312511619995,72.42063492063492,95.83333333333334,84.32539682539682,94.24603174603175,99.8015873015873,56.547619047619044,,,84.67967202314067,93.60000000000001,23.214285714285715,91.38357065355399,90.27777777777779,56.15079365079365,14.087301587301587,52.9216,146.376,11.28
2017-12-01,88.31160650438846,97.02380952380952,81.94444444444444,84.12698412698413,71.23015873015873,96.23015873015873,36.7063492063492,,,77.65127413684931,92.85000000000001,69.24603174603175,82.39221665821685,17.658730158730158,41.07142857142857,26.38888888888889,52.3481,145.753,11.43
2017-12-04,87.08456652985727,90.27777777777779,83.13492063492063,61.111111111111114,63.29365079365079,95.03968253968254,56.547619047619044,,,58.70957261023185,91.6,72.81746031746032,84.3820475114871,47.023809523809526,79.56349206349206,85.51587301587301,51.0907,144.074,11.68
2017-12-05,81.85548239426821,88.69047619047619,61.70634920634921,40.07936507936508,64.88095238095238,91.07142857142857,76.78571428571429,,,59.77003713882147,93.35,64.0873015873016,70.59731994167542,8.134920634920634,62.10317460317461,72.81746031746032,51.1306,144.168,11.33
2017-12-06,81.80719896601502,70.43650793650794,45.03968253968254,39.88095238095239,53.769841269841265,86.30952380952381,48.214285714285715,,,67.11431807618175,94.9,46.230158730158735,50.0,37.89682539682539,36.30952380952381,38.69047619047619,51.2962,144.819,11.02
2017-12-07,73.27685780912795,86.30952380952381,66.07142857142857,56.15079365079365,52.976190476190474,94.64285714285714,47.817460317460316,,,72.65355300743228,99.2,43.05555555555556,50.0,82.34126984126983,52.182539682539684,13.293650793650794,51.7961,145.31,10.16
2017-12-08,67.40364163070315,55.75396825396825,80.35714285714286,68.05555555555556,72.02380952380952,99.0079365079365,36.30952380952381,,,79.88501856941065,100.0,37.10317460317461,50.0,92.46031746031747,95.03968253968253,10.119047619047619,51.5293,145.951,9.58
2017-12-11,50.0,63.69047619047619,82.34126984126983,71.82539682539682,77.18253968253968,99.8015873015873,6.15079365079365,,,92.65571906263955,100.0,37.10317460317461,50.0,48.214285714285715,91.86507936507937,5.357142857142857,51.839,147.083,9.34
2017-12-12,50.0,34.72222222222222,60.51587301587301,62.5,87.5,99.8015873015873,2.1825396825396823,,,90.4219746300782,100.0,20.436507936507937,50.5433410816286,30.357142857142854,99.40476190476191,5.753968253968254,51.333,146.885,9.92
2017-12-13,50.0,56.94444444444444,57.738095238095234,57.936507936507944,98.21428571428571,98.21428571428571,0.992063492063492,,,93.61464975338563,99.1,16.071428571428573,55.72780661314978,40.476190476190474,99.40476190476191,13.293650793650794,51.3238,147.168,10.18
2017-12-14,50.0,29.96031746031746,19.642857142857142,28.968253968253972,99.8015873015873,97.02380952380952,0.992063492063492,66.86507936507937,,92.45265138695217,97.55,24.404761904761905,50.0,6.547619047619048,88.69047619047619,4.166666666666666,51.2716,147.065,10.49
2017-12-15,81.39109541231852,64.48412698412699,56.94444444444444,66.46825396825396,98.61111111111111,98.61111111111111,0.1984126984126984,67.26190476190477,,100.0,100.0,20.03968253968254,96.25078554832729,97.42063492063492,81.54761904761905,1.7857142857142856,52.0752,148.735,9.42
2017-12-18,86.88986617334629,75.1984126984127,67.26190476190477,83.13492063492063,99.0079365079365,99.8015873015873,1.7857142857142856,62.10317460317461,,100.0,100.0,27.579365079365083,66.80323747162895,80.75396825396825,91.46825396825396,27.18253968253968,53.1915,149.982,9.53
2017-12-19,85.7868168398712,67.65873015873017,74.40476190476191,67.26190476190477,99.40476190476191,99.8015873015873,3.7698412698412698,60.51587301587301,,90.12103674663162,99.85000000000001,34.32539682539682,50.0,19.246031746031747,99.40476190476191,39.48412698412698,53.1352,149.093,10.03
2017-12-20,83.07542286879396,41.86507936507937,68.45238095238095,54.96031746031746,99.40476190476191,99.8015873015873,4.166666666666666,60.912698412698404,,88.33193316531309,100.0,35.51587301587302,50.0,23.61111111111111,99.40476190476191,13.690476190476192,53.5223,148.932,9.72
2017-12-21,82.73370770693013,22.42063492063492,54.563492063492056,48.41269841269841,99.8015873015873,99.8015873015873,5.753968253968254,79.56349206349206,,88.54306961279784,100.0,13.293650793650794,50.0,35.91269841269841,98.21428571428571,24.801587301587304,52.957,148.951,9.62
2017-12-22,50.0,56.94444444444444,31.547619047619047,38.69047619047619,99.40476190476191,99.4047619047619,5.753968253968254,81.15079365079364,,86.65395403003919,100.0,30.357142857142854,50.0,40.27777777777778,81.15079365079364,0.992063492063492,52.9262,148.781,9.9
2017-12-26,50.0,94.24603174603175,28.373015873015873,34.32539682539682,99.8015873015873,98.61111111111111,4.9603174603174605,71.62698412698413,,77.730661012655,98.75,95.03968253968253,50.0,41.07142857142857,93.05555555555556,9.325396825396826,52.3978,147.978,10.25
2017-12-27,50.0,61.70634920634921,43.452380952380956,47.023809523809526,98.21428571428571,97.81746031746032,1.3888888888888888,70.83333333333334,,77.94179746013977,97.64999999999999,51.388888888888886,50.0,72.02380952380952,92.26190476190477,3.7698412698412698,52.5668,147.997,10.47
2017-12-28,50.0,12.103174603174603,58.92857142857143,63.888888888888886,98.61111111111111,97.81746031746032,1.7857142857142856,65.67460317460318,,79.93092504433855,99.1,67.26190476190477,50.0,83.13492063492063,99.8015873015873,17.261904761904763,52.7142,148.176,10.18
2017-12-29,50.0,54.96031746031746,52.57936507936508,25.0,96.62698412698413,96.62698412698413,0.1984126984126984,74.0079365079365,,69.74081334204527,94.80000000000001,66.86507936507937,50.0,2.976190476190476,87.10317460317461,4.563492063492063,52.1735,147.259,11.04
2018-01-02,50.0,19.246031746031747,34.72222222222222,43.65079365079365,99.8015873015873,97.42063492063492,3.373015873015873,85.9126984126984,,98.42203286616623,100.0,25.198412698412696,50.0,73.61111111111111,99.0079365079365,21.626984126984127,53.5899,149.84,9.77
2018-01-03,50.0,89.48412698412699,34.72222222222222,75.79365079365078,99.8015873015873,97.81746031746032,3.373015873015873,79.16666666666666,,100.0,100.0,72.81746031746032,71.51061562658555,81.94444444444444,95.83333333333334,9.722222222222223,54.527,151.296,9.15
2018-01-04,50.0,75.1984126984127,55.75396825396825,79.56349206349206,99.8015873015873,99.8015873015873,7.341269841269842,93.84920634920636,,100.0,100.0,55.75396825396825,64.02600390370539,74.40476190476191,95.83333333333334,29.96031746031746,54.8342,151.561,9.22
2018-01-05,50.0,31.944444444444443,78.37301587301587,92.85714285714286,98.21428571428571,99.8015873015873,8.531746031746032,91.46825396825396,,100.0,100.0,39.88095238095239,50.0,84.32539682539682,97.02380952380952,31.944444444444443,55.1476,153.083,9.22
2018-01-08,51.71951938177271,50.99206349206349,86.30952380952381,93.84920634920636,99.8015873015873,99.8015873015873,16.071428571428573,82.73809523809523,,100.0,100.0,62.89682539682539,52.86586563628784,80.35714285714286,99.8015873015873,68.45238095238095,55.5809,153.679,9.52
2018-01-09,52.07102969778366,45.43650793650794,86.70634920634922,88.4920634920635,99.8015873015873,99.8015873015873,46.230158730158735,88.69047619047619,,100.0,99.6,36.7063492063492,50.0,44.642857142857146,99.0079365079365,93.84920634920636,55.034,153.688,10.08
2018-01-10,50.0,69.64285714285714,81.15079365079364,79.56349206349206,99.8015873015873,99.4047619047619,75.9920634920635,91.46825396825396,,96.10683115576158,100.0,20.03968253968254,50.0,16.071428571428573,99.40476190476191,72.81746031746032,54.3734,153.329,9.82
2018-01-11,50.0,10.912698412698413,86.30952380952381,89.0873015873016,99.8015873015873,99.8015873015873,89.0873015873016,86.30952380952381,,100.0,100.0,11.706349206349206,50.0,88.69047619047619,96.62698412698413,93.05555555555556,54.6991,154.378,9.88
2018-01-12,52.12466818146606,15.277777777777779,84.72222222222221,92.26190476190477,99.8015873015873,99.8015873015873,89.0873015873016,98.61111111111111,53.769841269841265,100.0,99.2,95.83333333333334,83.4152359448754,79.96031746031747,98.21428571428571,26.785714285714285,54.994,155.513,10.16
2018-01-16,69.52085769977148,30.357142857142854,91.86507936507937,78.17460317460318,98.61111111111111,99.4047619047619,93.84920634920636,99.40476190476191,64.88095238095238,95.23083815072266,91.7,91.86507936507937,92.71395595692574,12.103174603174603,95.03968253968253,96.62698412698413,55.1753,155.068,11.66
2018-01-17,78.08159064381054,76.38888888888889,97.42063492063492,94.64285714285714,97.81746031746032,99.8015873015873,82.73809523809523,98.21428571428571,47.42063492063492,100.0,90.45,87.5,87.7648977623659,96.62698412698413,92.65873015873017,20.833333333333336,56.776,156.742,11.91
2018-01-18,82.57925172097954,58.13492063492064,87.5,92.85714285714286,97.02380952380952,99.8015873015873,67.65873015873017,95.43650793650794,39.48412698412698,100.0,88.89999999999999,62.5,80.31941923166303,19.444444444444446,94.24603174603175,25.198412698412696,57.0311,156.77,12.22
2018-01-19,92.39292461421465,59.32539682539682,92.26190476190477,95.83333333333334,97.02380952380952,99.8015873015873,18.055555555555554,91.46825396825396,31.150793650793652,100.0,93.65,75.59523809523809,88.90857464592304,87.89682539682539,99.0079365079365,3.7698412698412698,57.0894,157.262,11.27
2018-01-22,91.76581839042231,22.023809523809522,90.67460317460318,96.23015873015873,98.21428571428571,99.8015873015873,24.00793650793651,99.0079365079365,34.92063492063492,100.0,94.85000000000001,63.29365079365079,76.4712933460423,79.96031746031747,99.8015873015873,45.03968253968254,57.5134,158.945,11.03
2018-01-23,84.68165430673184,16.46825396825397,84.72222222222221,97.81746031746032,99.8015873015873,99.4047619047619,10.515873015873016,98.21428571428571,44.24603174603175,100.0,94.5,89.88095238095238,84.68165430673184,55.75396825396825,99.8015873015873,46.62698412698413,57.9743,160.259,11.1
2018-01-24,87.38550070330476,52.182539682539684,81.94444444444444,95.03968253968253,99.8015873015873,99.8015873015873,18.849206349206348,99.40476190476191,40.67460317460318,89.18417478373564,92.64999999999999,91.46825396825396,90.90874160728112,31.150793650793652,97.81746031746032,69.64285714285714,56.647,159.219,11.47
2018-01-25,89.77124263995795,56.94444444444444,91.07142857142857,91.66666666666666,99.8015873015873,99.0079365079365,45.83333333333333,99.8015873015873,40.67460317460318,88.59138436322883,92.1,68.84920634920636,86.24472851424738,48.214285714285715,97.02380952380952,93.84920634920636,55.6638,159.162,11.58
2018-01-26,88.48188325331961,77.57936507936508,93.84920634920636,96.23015873015873,99.8015873015873,99.8015873015873,68.05555555555556,99.8015873015873,18.055555555555554,100.0,94.6,87.89682539682539,89.27125521749028,92.65873015873017,98.61111111111111,23.61111111111111,57.4428,161.601,11.08
2018-01-29,91.34418793729222,82.34126984126983,64.0873015873016,74.40476190476191,99.0079365079365,99.8015873015873,83.92857142857143,99.8015873015873,35.51587301587302,91.9039279872444,80.8,94.64285714285714,87.03341952676885,3.7698412698412698,95.03968253968253,89.0873015873016,57.3598,160.816,13.84
2018-01-30,95.1811711346073,58.53174603174603,56.15079365079365,42.857142857142854,96.62698412698413,99.0079365079365,85.9126984126984,98.61111111111111,69.64285714285714,78.2592104421795,76.05000000000001,81.15079365079364,91.30295902004875,3.7698412698412698,85.9126984126984,61.30952380952381,56.2199,159.493,14.79
2018-01-31,96.64930282856193,16.46825396825397,33.92857142857143,40.27777777777778,93.84920634920636,97.02380952380952,74.8015873015873,97.42063492063492,47.023809523809526,85.08672594847805,82.30000000000001,69.24603174603175,95.12606028722112,47.42063492063492,69.64285714285714,29.166666666666668,56.6777,160.155,13.54
2018-02-01,95.36234927748765,25.595238095238095,36.7063492063492,21.626984126984127,92.26190476190477,98.61111111111111,65.67460317460318,99.40476190476191,72.02380952380952,71.03978316965863,82.64999999999999,97.81746031746032,91.32197808678026,25.198412698412696,87.89682539682539,76.38888888888889,56.3981,158.793,13.47
2018-02-02,75.31446348088735,80.75396825396825,1.3888888888888888,0.992063492063492,86.30952380952381,96.23015873015873,79.56349206349206,95.03968253968253,96.62698412698413,38.377031495267225,63.45,98.61111111111111,74.50762799145669,0.5952380952380952,71.23015873015873,68.84920634920636,54.8803,155.626,17.31
2018-02-05,6.4683082905024065,86.30952380952381,0.1984126984126984,0.1984126984126984,74.0079365079365,92.26190476190476,64.0873015873016,81.94444444444444,99.8015873015873,0.0,6.700000000000003,95.83333333333334,6.4683082905024065,0.1984126984126984,12.896825396825399,41.86507936507937,52.2964,149.49,37.32
2018-02-06,20.705768310233278,81.54761904761905,0.5952380952380952,0.5952380952380952,60.11904761904761,93.84920634920636,36.7063492063492,98.61111111111111,99.40476190476191,15.955553080323392,25.049999999999997,86.70634920634922,20.705768310233278,89.48412698412699,41.86507936507937,10.119047619047619,54.189,153.452,29.98
2018-02-07,13.055964806303699,76.38888888888889,0.5952380952380952,0.992063492063492,52.182539682539684,94.24603174603175,42.65873015873016,96.62698412698413,99.40476190476191,0.0,30.674999999999997,82.34126984126983,15.410963065662827,22.817460317460316,41.46825396825397,46.230158730158735,53.0276,151.466,27.73
2018-02-08,1.3840167370982144,61.70634920634921,0.1984126984126984,0.1984126984126984,23.214285714285715,89.08730158730158,27.18253968253968,87.10317460317461,99.40476190476191,0.0,16.349999999999994,89.88095238095238,2.546151795175547,0.5952380952380952,12.896825396825399,33.13492063492063,50.8001,145.075,33.46
2018-02-09,2.4251462422562255,92.26190476190477,0.5952380952380952,0.992063492063492,16.46825396825397,91.07142857142857,28.76984126984127,92.65873015873017,99.0079365079365,0.0,27.349999999999994,97.02380952380952,2.8042287423179246,95.03968253968253,15.277777777777779,73.21428571428571,52.2626,147.581,29.06
2018-02-12,4.613929919752323,80.75396825396825,2.579365079365079,1.7857142857142856,17.658730158730158,92.65873015873015,48.214285714285715,95.43650793650794,97.42063492063492,0.0,35.974999999999994,93.45238095238095,10.44667788187251,95.03968253968253,18.452380952380953,91.46825396825396,53.2673,150.199,25.61
2018-02-13,8.09425356884087,46.230158730158735,6.547619047619048,2.579365079365079,18.055555555555554,92.26190476190476,88.69047619047619,94.64285714285714,97.02380952380952,0.0,37.575,80.75396825396825,28.264654340685095,77.18253968253968,44.24603174603175,94.24603174603175,53.2058,150.975,24.97
2018-02-14,10.59299175985322,64.0873015873016,17.658730158730158,2.976190476190476,20.03968253968254,95.43650793650794,95.83333333333334,96.23015873015873,94.64285714285714,19.5549532490516,53.69999999999999,84.32539682539682,16.91141502198645,91.86507936507937,62.89682539682539,93.05555555555556,54.4533,153.801,19.26
2018-02-15,20.724375277005667,90.67460317460318,42.65873015873016,9.722222222222223,42.65873015873016,96.23015873015873,99.8015873015873,99.40476190476191,82.34126984126983,49.01021652093746,54.35,89.88095238095238,26.205768842162055,93.45238095238095,86.70634920634922,97.02380952380952,55.1015,156.657,19.13
2018-02-16,19.481332643855076,77.18253968253968,76.38888888888889,12.103174603174603,62.10317460317461,95.03968253968254,97.02380952380952,97.81746031746032,63.69047619047619,41.79078924841623,52.699999999999996,67.65873015873017,25.33422775325273,56.547619047619044,70.83333333333334,27.579365079365083,54.9049,155.957,19.46
2018-02-20,15.08671124954521,95.83333333333334,90.67460317460318,8.531746031746032,78.37301587301587,94.64285714285714,99.40476190476191,97.02380952380952,84.72222222222221,45.00859111845437,48.5,94.24603174603175,18.870417419545248,11.30952380952381,76.78571428571429,99.40476190476191,55.8758,156.269,20.6
2018-02-21,11.215020226873818,70.83333333333334,66.07142857142857,6.944444444444445,80.75396825396825,94.64285714285714,99.8015873015873,99.40476190476191,88.29365079365078,40.429411534169404,49.95,94.24603174603175,16.266087360118163,14.484126984126986,66.46825396825396,99.40476190476191,55.2337,155.825,20.02
2018-02-22,17.127293152038675,40.27777777777778,74.8015873015873,8.928571428571429,78.37301587301587,94.24603174603175,99.8015873015873,99.8015873015873,87.10317460317461,40.23345565105835,56.400000000000006,78.37301587301587,33.11942080780364,46.62698412698413,41.07142857142857,93.45238095238095,55.1108,155.806,18.72
2018-02-23,31.478289951482743,80.75396825396825,99.0079365079365,47.023809523809526,73.21428571428571,96.62698412698413,98.61111111111111,99.0079365079365,62.10317460317461,73.092163208561,67.55000000000001,81.15079365079364,50.0,99.40476190476191,75.59523809523809,82.73809523809523,56.2906,158.992,16.49
2018-02-26,34.5199174736438,85.11904761904762,98.61111111111111,76.78571428571429,81.15079365079364,98.21428571428571,99.8015873015873,99.8015873015873,22.42063492063492,94.83295276638133,71.0,78.37301587301587,29.802178037040015,85.11904761904762,93.84920634920636,92.26190476190477,57.5042,161.1,15.8
2018-02-27,32.479348778203004,73.61111111111111,79.16666666666666,35.11904761904761,83.92857142857143,97.02380952380952,99.8015873015873,99.40476190476191,71.62698412698413,74.2575850396964,57.05,59.32539682539682,20.906074576649036,2.579365079365079,90.27777777777779,99.8015873015873,57.3137,159.105,18.59
2018-02-28,28.42081908926198,72.42063492063492,46.230158730158735,17.261904761904763,84.72222222222221,91.07142857142857,99.0079365079365,99.0079365079365,81.15079365079364,63.72753468934816,50.74999999999999,49.801587301587304,17.551305741630976,4.563492063492063,80.75396825396825,75.9920634920635,56.8037,158.084,19.85
2018-03-01,11.033038213888702,74.40476190476191,12.103174603174603,8.134920634920634,83.92857142857143,87.10317460317461,98.21428571428571,95.43650793650794,96.23015873015873,37.10847498880982,43.825,87.89682539682539,8.495654655723321,6.944444444444445,35.91269841269841,90.27777777777779,55.9065,155.503,22.47
2018-03-02,10.962970133299287,79.96031746031747,8.928571428571429,15.674603174603174,83.53174603174604,89.08730158730158,99.0079365079365,95.43650793650794,89.48412698412699,51.83610662475293,52.050000000000004,94.24603174603175,15.473915806784696,82.73809523809523,69.24603174603175,90.67460317460318,56.8559,156.931,19.59
2018-03-05,34.406762554707704,40.27777777777778,21.626984126984127,50.595238095238095,80.75396825396825,91.07142857142857,99.40476190476191,94.24603174603175,76.38888888888889,69.77122666320122,56.35,88.69047619047619,37.291854945466625,96.62698412698413,81.15079365079364,98.61111111111111,57.366,158.67,18.73
2018-03-06,84.64301315112073,77.18253968253968,47.817460317460316,61.30952380952381,77.57936507936508,91.46825396825398,99.8015873015873,85.9126984126984,70.03968253968253,76.7018768448216,58.2,86.70634920634922,73.5572489427621,78.37301587301587,79.56349206349206,99.8015873015873,58.2293,159.342,18.36
2018-03-07,67.05976507463001,72.42063492063492,59.72222222222222,54.96031746031746,77.97619047619048,91.46825396825398,99.8015873015873,87.89682539682539,56.547619047619044,80.49723289666125,61.199999999999996,77.57936507936508,62.54165377632617,49.404761904761905,82.73809523809523,99.0079365079365,58.4167,159.71,17.76
2018-03-08,73.000095983684,31.150793650793652,68.05555555555556,72.42063492063492,84.72222222222221,91.46825396825398,99.8015873015873,86.70634920634922,20.03968253968254,89.57308432497322,67.30000000000001,54.563492063492056,63.551407903900305,75.1984126984127,87.10317460317461,99.40476190476191,58.469,160.59,16.54
2018-03-09,80.71653126532817,83.92857142857143,66.86507936507937,98.61111111111111,86.70634920634922,97.81746031746032,99.40476190476191,87.89682539682539,9.722222222222223,100.0,76.8,82.34126984126983,83.84687840064825,99.0079365079365,92.26190476190477,84.72222222222221,59.6826,163.709,14.64
2018-03-12,79.50652242495605,97.02380952380952,47.42063492063492,94.64285714285714,91.46825396825396,95.43650793650794,99.40476190476191,93.45238095238095,18.452380952380953,100.0,71.1,97.02380952380952,84.83673292752876,25.396825396825395,96.23015873015873,98.21428571428571,60.3155,164.579,15.78
2018-03-13,79.68414560537808,99.0079365079365,61.70634920634921,78.37301587301587,93.05555555555556,91.86507936507937,98.61111111111111,87.5,40.67460317460318,77.31585844285507,68.25,95.83333333333334,82.05887725380833,16.46825396825397,94.24603174603175,99.0079365079365,59.3846,162.339,16.35
2018-03-14,76.04091959750885,79.56349206349206,72.81746031746032,55.35714285714286,93.05555555555556,89.08730158730158,98.21428571428571,79.16666666666666,66.46825396825396,77.02217982448144,63.849999999999994,91.86507936507937,69.26103520525803,11.30952380952381,81.54761904761905,84.32539682539682,59.3784,162.31,17.23
2018-03-15,65.13912322917342,50.99206349206349,85.11904761904762,43.452380952380956,93.84920634920636,89.08730158730158,97.02380952380952,64.48412698412699,66.86507936507937,75.58416727934105,67.05,62.5,53.91711580055536,30.357142857142854,91.46825396825396,83.92857142857143,59.3323,162.168,16.59
2018-03-16,60.39325686018274,29.166666666666668,83.92857142857143,65.27777777777779,91.86507936507937,90.67460317460318,93.45238095238095,46.230158730158735,41.86507936507937,70.70302610499115,71.0,22.023809523809522,61.54274148988037,79.56349206349206,83.13492063492063,13.690476190476192,59.3077,161.686,15.8
2018-03-19,42.81615441685786,97.81746031746032,31.150793650793652,26.38888888888889,87.5,86.7063492063492,91.86507936507937,31.944444444444443,62.89682539682539,35.76539736742426,54.900000000000006,99.0079365079365,43.603425165695356,1.7857142857142856,79.16666666666666,92.65873015873017,58.1771,158.236,19.02
2018-03-20,52.94402789558596,98.61111111111111,25.198412698412696,29.96031746031746,83.53174603174604,88.69047619047619,86.70634920634922,31.150793650793652,78.76984126984127,41.04148564924239,59.0,99.40476190476191,52.040279797406086,64.48412698412699,68.05555555555556,83.53174603174604,58.6042,158.757,18.2
2018-03-21,56.847686812982985,95.83333333333334,18.452380952380953,27.18253968253968,82.34126984126983,86.7063492063492,87.10317460317461,24.00793650793651,85.9126984126984,34.0438330528195,60.7,98.21428571428571,54.9543171872734,23.015873015873016,79.16666666666666,94.24603174603175,58.7148,158.066,17.86
2018-03-22,24.7379683811363,58.53174603174603,2.976190476190476,2.976190476190476,77.57936507936508,80.75396825396825,88.29365079365078,11.30952380952381,97.42063492063492,0.0,41.65,96.62698412698413,26.487719488936385,1.7857142857142856,43.05555555555556,87.5,57.1679,154.164,23.34
2018-03-23,9.260571042162837,90.27777777777779,0.992063492063492,2.380952380952381,66.46825396825396,74.4047619047619,93.05555555555556,4.9603174603174605,99.40476190476191,0.0,37.824999999999996,96.62698412698413,9.997936272168943,1.7857142857142856,27.976190476190478,54.563492063492056,55.2654,150.102,24.87
2018-03-26,12.601014082097315,98.21428571428571,2.579365079365079,4.563492063492063,57.738095238095234,81.54761904761905,90.67460317460318,19.246031746031747,95.03968253968253,9.871044705987158,47.425,98.61111111111111,15.260497525148175,99.8015873015873,51.78571428571429,85.51587301587301,57.5712,155.679,21.03
2018-03-27,9.867986082358044,92.65873015873017,1.7857142857142856,3.373015873015873,55.35714285714286,74.8015873015873,93.84920634920636,2.1825396825396823,95.03968253968253,0.0,43.75,98.21428571428571,13.312794143958207,6.547619047619048,59.32539682539682,96.23015873015873,55.4532,150.641,22.5
2018-03-28,12.371695658252222,97.02380952380952,2.976190476190476,3.373015873015873,37.10317460317461,73.21428571428572,92.65873015873017,2.976190476190476,94.64285714285714,0.0,42.824999999999996,99.8015873015873,13.01217743428196,23.61111111111111,17.658730158730158,84.32539682539682,54.2526,148.909,22.87
2018-03-29,33.569485898934445,97.42063492063492,4.9603174603174605,6.547619047619048,37.5,76.38888888888889,89.48412698412699,4.563492063492063,93.84920634920636,0.0,50.150000000000006,99.0079365079365,35.24749584968157,97.02380952380952,43.84920634920635,69.64285714285714,55.4286,151.636,19.97
2018-04-02,13.330747201999849,94.64285714285714,1.3888888888888888,3.373015873015873,29.563492063492063,64.88095238095238,89.48412698412699,7.341269841269842,97.42063492063492,0.0,40.949999999999996,95.43650793650794,16.505574284077788,0.992063492063492,12.5,56.15079365079365,53.3106,147.261,23.62
2018-04-03,14.660963510981844,89.0873015873016,7.738095238095238,4.563492063492063,22.817460317460316,71.62698412698413,89.48412698412699,7.341269841269842,93.45238095238095,0.0,47.25,95.43650793650794,22.133535103373347,98.21428571428571,29.166666666666668,87.5,54.3203,148.918,21.1
2018-04-04,19.4806814844458,86.30952380952381,14.880952380952381,10.119047619047619,24.404761904761905,74.0079365079365,87.89682539682539,4.166666666666666,89.88095238095238,0.0,49.85,95.03968253968253,25.44890377193196,95.63492063492063,65.67460317460318,94.64285714285714,55.0191,151.266,20.06
2018-04-05,27.35502468466836,93.84920634920636,34.32539682539682,15.674603174603174,47.023809523809526,78.76984126984127,95.03968253968253,14.087301587301587,90.67460317460318,0.0,55.3,95.03968253968253,37.539846118358184,86.30952380952381,87.10317460317461,98.61111111111111,54.4558,152.128,18.94
2018-04-06,16.776744948694677,70.43650793650794,29.563492063492063,5.357142857142857,47.023809523809526,68.84920634920636,92.65873015873017,3.373015873015873,96.62698412698413,0.0,46.275000000000006,91.07142857142857,23.318111228226293,0.5952380952380952,41.46825396825397,58.92857142857143,52.8088,148.321,21.49
2018-04-09,20.85895548584981,44.642857142857146,65.67460317460318,6.15079365079365,61.70634920634921,70.43650793650794,95.43650793650794,12.896825396825399,97.02380952380952,0.0,45.575,83.13492063492063,41.752534571466924,63.69047619047619,54.166666666666664,84.32539682539682,53.1412,149.363,21.77
2018-04-10,26.597716649655553,56.547619047619044,57.341269841269835,16.46825396825397,65.27777777777779,76.38888888888889,96.23015873015873,33.13492063492063,92.26190476190477,0.0,48.825,88.29365079365078,27.252325974140714,93.45238095238095,50.595238095238095,95.03968253968253,54.8406,152.658,20.47
2018-04-11,39.2135238293609,33.13492063492063,64.48412698412699,12.698412698412698,63.69047619047619,73.21428571428572,94.24603174603175,18.452380952380953,93.05555555555556,0.0,49.400000000000006,94.24603174603175,50.0,12.103174603174603,58.92857142857143,77.57936507936508,54.8621,151.778,20.24
2018-04-12,44.38446784683167,51.388888888888886,83.92857142857143,25.992063492063494,60.912698412698404,78.76984126984127,95.03968253968253,25.595238095238095,83.53174603174604,0.0,57.550000000000004,76.78571428571429,48.04109343494128,78.17460317460318,79.16666666666666,99.40476190476191,55.8965,153.605,18.49
2018-04-13,49.3229828730181,93.84920634920636,49.801587301587304,19.246031746031747,64.88095238095238,77.57936507936508,97.42063492063492,29.96031746031746,89.48412698412699,0.0,62.95,87.5,50.0,20.833333333333336,59.32539682539682,93.84920634920636,55.484,152.81,17.41
2018-04-16,50.0,22.817460317460316,97.81746031746032,66.86507936507937,60.51587301587301,79.96031746031746,97.42063492063492,11.706349206349206,69.24603174603175,0.0,67.2,67.65873015873017,50.0,97.42063492063492,34.72222222222222,96.62698412698413,55.5825,153.975,16.56
2018-04-17,50.0,47.42063492063492,96.23015873015873,99.0079365079365,67.26190476190477,81.54761904761905,98.21428571428571,6.547619047619048,27.976190476190478,26.175271450184773,73.75,91.07142857142857,49.2489359755052,91.86507936507937,71.62698412698413,97.42063492063492,56.6353,157.289,15.25
2018-04-18,50.0,40.67460317460318,82.93650793650794,99.8015873015873,73.21428571428571,82.73809523809524,99.0079365079365,1.7857142857142856,38.69047619047619,29.436116799024337,72.0,70.83333333333334,49.45464999345351,54.36507936507936,86.30952380952381,93.84920634920636,56.0781,157.611,15.6
2018-04-19,49.151175304144715,62.89682539682539,50.198412698412696,81.94444444444444,71.62698412698413,83.53174603174602,97.81746031746032,2.976190476190476,61.70634920634921,14.7623127292465,70.19999999999999,81.15079365079364,46.16565396010198,11.30952380952381,73.21428571428571,94.24603174603175,53.6523,156.162,15.96
2018-04-20,53.9894806746004,77.57936507936508,59.32539682539682,52.976190476190474,71.23015873015873,81.94444444444444,95.43650793650794,6.944444444444445,77.97619047619048,0.0,65.6,80.35714285714286,58.93418911635863,6.944444444444445,56.547619047619044,45.03968253968254,53.0181,153.691,16.88
2018-04-23,61.19816742324845,32.34126984126984,54.166666666666664,52.77777777777778,77.57936507936508,83.53174603174602,93.45238095238095,1.3888888888888888,78.76984126984127,0.0,68.3,81.54761904761905,51.52073878587325,46.03174603174603,72.81746031746032,86.70634920634922,52.3131,153.302,16.34
2018-04-24,44.06601949041443,15.277777777777779,15.277777777777779,22.817460317460316,73.21428571428571,79.96031746031746,91.46825396825396,0.1984126984126984,90.27777777777779,0.0,59.900000000000006,88.29365079365078,41.77427529360898,9.325396825396826,45.43650793650794,90.67460317460318,51.8914,150.054,18.02
2018-04-25,60.09225110971356,18.452380952380953,32.73809523809524,22.42063492063492,60.51587301587301,80.75396825396825,89.48412698412699,1.7857142857142856,89.48412698412699,0.0,60.8,84.32539682539682,60.09225110971356,56.94444444444444,36.30952380952381,86.30952380952381,51.8267,150.234,17.84
2018-04-26,71.1974577433415,61.30952380952381,35.91269841269841,32.34126984126984,58.13492063492064,83.92857142857143,89.0873015873016,6.15079365079365,81.54761904761905,0.0,68.80000000000001,93.45238095238095,71.6508792993488,81.54761904761905,66.86507936507937,93.45238095238095,52.8857,153.397,16.24
2018-04-27,62.325330939930524,99.40476190476191,49.404761904761905,38.69047619047619,61.70634920634921,80.75396825396825,95.83333333333334,0.992063492063492,81.94444444444444,0.0,72.95,97.42063492063492,60.38941508549118,61.30952380952381,63.29365079365079,97.42063492063492,52.5163,153.492,15.41
2018-04-30,75.11995969677959,40.67460317460318,10.912698412698413,20.03968253968254,64.0873015873016,73.61111111111111,95.43650793650794,2.579365079365079,85.51587301587301,0.0,70.35,51.78571428571429,69.78045135543513,7.5396825396825395,75.59523809523809,81.94444444444444,51.9406,152.403,15.93
2018-05-01,64.25608870006468,32.73809523809524,6.15079365079365,21.626984126984127,66.46825396825396,74.8015873015873,94.64285714285714,4.166666666666666,74.40476190476191,0.0,72.55,59.32539682539682,58.427632546447086,50.0,56.94444444444444,87.89682539682539,52.7934,154.145,15.49
2018-05-02,48.72514709599136,28.76984126984127,4.563492063492063,14.087301587301587,70.43650793650794,72.42063492063491,92.65873015873017,4.166666666666666,78.76984126984127,0.0,70.14999999999999,64.88095238095238,48.76740741325132,13.095238095238097,58.13492063492064,59.72222222222222,52.5594,153.236,15.97
2018-05-03,40.378847746799956,43.84920634920635,4.9603174603174605,13.293650793650794,65.27777777777779,68.05555555555556,88.69047619047619,0.5952380952380952,74.8015873015873,0.0,70.5,54.96031746031746,39.80954879690646,34.92063492063492,45.03968253968254,69.64285714285714,52.8734,153.217,15.9
2018-05-04,67.15421372779147,86.30952380952381,25.595238095238095,27.976190476190478,57.738095238095234,74.8015873015873,87.89682539682539,6.15079365079365,5.357142857142857,14.377492470687706,76.15,75.59523809523809,55.42294498491472,97.42063492063492,39.48412698412698,95.83333333333334,54.114,156.124,14.77
2018-05-07,62.27698069624235,68.84920634920636,29.563492063492063,30.158730158730158,64.88095238095238,76.78571428571428,95.83333333333334,39.48412698412698,0.1984126984126984,27.52214235514037,76.25,75.9920634920635,54.092326898747444,63.29365079365079,88.29365079365078,99.8015873015873,54.6374,157.422,14.75
2018-05-08,53.30133833625164,33.13492063492063,48.61111111111111,27.18253968253968,68.45238095238095,76.78571428571428,95.83333333333334,0.992063492063492,0.5952380952380952,25.89171968072059,76.44999999999999,14.880952380952381,51.871892871070514,40.67460317460318,67.65873015873017,94.64285714285714,54.9606,157.261,14.71
2018-05-09,55.37747135652229,10.119047619047619,60.51587301587301,41.66666666666667,72.81746031746032,81.54761904761905,99.8015873015873,18.452380952380953,0.1984126984126984,43.24913871150018,82.9,57.738095238095234,55.98624169877011,85.71428571428571,74.40476190476191,99.40476190476191,55.798,158.975,13.42
2018-05-10,50.0,68.45238095238095,71.62698412698413,52.976190476190474,74.40476190476191,84.72222222222223,99.8015873015873,43.452380952380956,0.1984126984126984,59.928058865347346,83.85,76.78571428571429,50.0,92.65873015873017,59.32539682539682,95.83333333333334,56.8139,160.622,13.23
2018-05-11,50.0,69.64285714285714,72.02380952380952,64.48412698412699,79.16666666666666,85.11904761904762,99.8015873015873,41.46825396825397,0.1984126984126984,58.39890468002198,86.75,68.05555555555556,50.0,62.5,77.97619047619048,96.23015873015873,56.3983,160.471,12.65
2018-05-14,50.0,67.26190476190477,86.30952380952381,64.28571428571429,77.97619047619048,85.91269841269842,99.0079365079365,31.150793650793652,0.992063492063492,61.173661281208325,85.35,30.753968253968257,50.0,24.801587301587304,74.8015873015873,97.81746031746032,57.0879,160.745,12.93
2018-05-15,50.0,88.29365079365078,68.45238095238095,44.642857142857146,77.97619047619048,87.89682539682539,98.61111111111111,29.96031746031746,1.7857142857142856,43.14787022240576,76.85,76.38888888888889,50.640419621547245,14.087301587301587,72.42063492063492,87.5,56.4691,158.965,14.63
2018-05-16,50.0,57.738095238095234,90.27777777777779,60.51587301587301,78.76984126984127,90.67460317460318,97.02380952380952,29.166666666666668,2.976190476190476,53.791188426226825,82.9,28.373015873015873,50.0,70.43650793650794,80.75396825396825,91.07142857142857,57.1956,160.016,13.42
2018-05-17,50.0,47.023809523809526,93.45238095238095,60.317460317460316,77.18253968253968,91.07142857142857,95.83333333333334,9.325396825396826,6.944444444444445,47.563176346921516,82.85,22.42063492063492,50.0,44.642857142857146,48.214285714285715,93.05555555555556,57.0294,159.401,13.43
2018-05-18,50.0,70.83333333333334,66.46825396825396,53.17460317460318,70.83333333333334,85.11904761904762,92.65873015873017,5.753968253968254,11.30952380952381,39.21865284554322,82.9,14.880952380952381,50.0,29.96031746031746,51.78571428571429,53.37301587301587,56.2136,158.577,13.42
2018-05-21,50.0,79.16666666666666,79.96031746031747,77.18253968253968,72.02380952380952,89.08730158730158,92.65873015873017,11.30952380952381,4.166666666666666,48.23154837494468,84.6,63.69047619047619,50.0,87.5,77.18253968253968,97.81746031746032,56.777,159.467,13.08
2018-05-22,50.0,81.54761904761905,70.83333333333334,65.07936507936508,69.24603174603175,87.89682539682539,95.03968253968253,15.674603174603174,4.563492063492063,46.12516380178095,83.9,49.801587301587304,50.0,16.865079365079367,62.5,96.62698412698413,57.094,159.259,13.22
2018-05-23,50.0,59.32539682539682,52.976190476190474,72.81746031746032,50.99206349206349,83.92857142857143,95.03968253968253,16.071428571428573,4.9603174603174605,59.73564873606795,87.1,60.51587301587301,50.0,55.952380952380956,24.00793650793651,95.83333333333334,57.4019,160.603,12.58
2018-05-24,50.0,78.76984126984127,27.579365079365083,62.10317460317461,52.182539682539684,82.34126984126985,88.69047619047619,4.563492063492063,35.91269841269841,59.25968683732435,87.35000000000001,72.42063492063492,50.0,30.555555555555557,52.976190476190474,35.11904761904761,57.6328,160.556,12.53
2018-05-25,50.0,58.13492063492064,20.436507936507937,58.92857142857143,59.32539682539682,75.9920634920635,87.89682539682539,0.1984126984126984,64.88095238095238,60.89010951174414,83.9,42.26190476190476,50.0,30.357142857142854,69.24603174603175,43.84920634920635,58.0976,160.717,13.22
2018-05-29,50.0,95.83333333333334,13.690476190476192,25.793650793650798,51.388888888888886,60.91269841269841,75.9920634920635,0.1984126984126984,66.86507936507937,53.700046786041845,64.9,65.67460317460318,59.44615545546149,9.722222222222223,58.13492063492064,47.42063492063492,57.7467,160.007,17.02
2018-05-30,50.0,90.27777777777779,50.595238095238095,64.88095238095238,46.230158730158735,72.02380952380952,68.05555555555556,0.5952380952380952,12.896825396825399,65.30541563625971,75.30000000000001,50.198412698412696,51.37738939985249,99.0079365079365,49.007936507936506,68.45238095238095,58.1223,161.153,14.94
2018-05-31,54.44511068062344,43.05555555555556,20.436507936507937,27.77777777777778,57.738095238095234,60.91269841269841,50.99206349206349,10.912698412698413,19.246031746031747,64.25222334967812,72.85000000000001,42.65873015873016,77.55968621986536,6.746031746031746,57.738095238095234,35.91269841269841,57.7005,161.049,15.43
2018-06-01,57.381212668997925,83.92857142857143,37.89682539682539,49.007936507936506,66.46825396825396,70.83333333333333,54.166666666666664,24.404761904761905,20.03968253968254,89.8528973927414,82.69999999999999,70.43650793650794,55.496647732232496,88.29365079365078,76.78571428571429,49.404761904761905,59.015,163.577,13.46
2018-06-04,61.171281631442774,71.62698412698413,54.563492063492056,54.96031746031746,72.81746031746032,73.61111111111111,68.05555555555556,27.18253968253968,46.230158730158735,100.0,86.3,79.96031746031747,53.17209231510103,79.56349206349206,88.29365079365078,94.64285714285714,59.483,165.054,12.74
2018-06-05,57.16451370580199,85.9126984126984,37.5,56.15079365079365,74.40476190476191,73.21428571428572,70.83333333333334,37.89682539682539,52.57936507936508,100.0,88.0,52.976190476190474,52.99606936788083,49.404761904761905,66.86507936507937,70.03968253968253,59.7662,165.565,12.4
2018-06-06,59.85283322038386,84.72222222222221,66.86507936507937,72.22222222222221,79.96031746031747,81.54761904761905,68.05555555555556,49.007936507936506,33.13492063492063,100.0,91.8,77.18253968253968,61.974981914005,83.53174603174604,77.97619047619048,56.15079365079365,60.1449,166.531,11.64
2018-06-07,51.13142514045718,95.03968253968253,63.69047619047619,78.57142857142857,77.57936507936508,78.37301587301587,71.23015873015873,45.43650793650794,45.83333333333333,86.44896946114117,89.35,55.75396825396825,60.93710969108606,48.01587301587302,37.5,51.388888888888886,59.6092,165.177,12.13
2018-06-08,50.0,93.84920634920636,81.94444444444444,93.05555555555556,77.97619047619048,80.35714285714286,65.27777777777779,22.023809523809522,56.94444444444444,86.54905092745496,89.1,50.198412698412696,50.0,78.76984126984127,80.35714285714286,12.103174603174603,59.0766,165.187,12.18
2018-06-11,50.0,52.57936507936508,84.72222222222221,96.23015873015873,76.78571428571429,82.73809523809524,42.26190476190476,21.626984126984127,47.817460317460316,91.00267617840913,88.25,20.833333333333336,50.0,44.24603174603175,83.53174603174604,19.246031746031747,58.9627,165.632,12.35
2018-06-12,50.0,58.53174603174603,99.0079365079365,91.07142857142857,77.18253968253968,82.73809523809524,20.03968253968254,25.198412698412696,37.5,99.71977189432187,88.3,35.91269841269841,50.0,67.26190476190477,68.45238095238095,16.46825396825397,59.2675,166.503,12.34
2018-06-13,50.0,69.64285714285714,68.05555555555556,70.03968253968253,71.62698412698413,82.34126984126985,15.277777777777779,41.86507936507937,36.7063492063492,99.62969857463969,85.30000000000001,74.8015873015873,62.8690711761767,11.706349206349206,56.94444444444444,28.373015873015873,59.1782,166.494,12.94
2018-06-14,50.0,56.547619047619044,95.03968253968253,70.83333333333334,78.76984126984127,80.35714285714286,12.5,35.11904761904761,25.992063492063494,100.0,89.4,66.07142857142857,58.73635669608801,63.888888888888886,70.43650793650794,38.69047619047619,59.5322,168.179,12.12
2018-06-15,66.06315543588116,52.57936507936508,79.56349206349206,67.26190476190477,74.40476190476191,78.76984126984127,10.912698412698413,41.86507936507937,47.817460317460316,94.18278540523305,90.1,45.03968253968254,75.84997861535842,49.007936507936506,66.86507936507937,4.563492063492063,59.4799,167.592,11.98
2018-06-18,67.39802448165136,49.007936507936506,58.53174603174603,54.563492063492056,74.0079365079365,75.9920634920635,22.023809523809522,49.007936507936506,23.61111111111111,93.23141811205127,88.45,47.023809523809526,50.9725603747507,30.753968253968257,81.94444444444444,80.75396825396825,58.9073,167.496,12.31
2018-06-19,60.97784175170511,41.07142857142857,45.43650793650794,44.047619047619044,81.15079365079364,69.64285714285714,33.13492063492063,52.182539682539684,34.32539682539682,88.524132025996,83.25,88.69047619047619,59.88612268247476,16.865079365079367,90.67460317460318,48.214285714285715,58.2608,167.021,13.35
2018-06-20,63.98429413293855,64.88095238095238,32.73809523809524,46.62698412698413,83.53174603174604,74.8015873015873,47.817460317460316,57.341269841269835,27.579365079365083,100.0,86.05000000000001,89.0873015873016,55.73921897941409,53.37301587301587,79.56349206349206,63.29365079365079,58.5409,168.207,12.79
2018-06-21,56.71218977278386,57.738095238095234,18.055555555555554,25.992063492063494,83.53174603174604,67.65873015873015,55.35714285714286,66.46825396825396,6.547619047619048,85.5237891407613,76.8,88.29365079365078,53.065104000288585,12.698412698412698,79.56349206349206,66.86507936507937,57.8144,166.746,14.64
2018-06-22,57.52993747463318,29.166666666666668,14.087301587301587,29.166666666666668,85.11904761904762,68.84920634920636,65.67460317460318,78.37301587301587,2.579365079365079,81.85767140091292,81.15,24.00793650793651,61.89845081869518,63.49206349206349,69.24603174603175,41.46825396825397,57.3557,166.376,13.77
2018-06-25,50.212485509773934,87.10317460317461,7.738095238095238,11.507936507936508,79.96031746031747,60.51587301587302,62.5,49.801587301587304,24.404761904761905,44.71098111255799,63.35000000000001,93.05555555555556,50.24047761285792,8.928571428571429,46.230158730158735,62.89682539682539,55.6687,162.627,17.33
2018-06-26,60.80834603792035,29.96031746031746,5.753968253968254,10.912698412698413,70.83333333333334,61.7063492063492,62.89682539682539,75.59523809523809,20.03968253968254,51.30008461796093,70.4,76.78571428571429,55.02553669279099,38.492063492063494,56.15079365079365,49.404761904761905,55.8665,163.292,15.92
2018-06-27,44.000426933699636,32.34126984126984,4.9603174603174605,7.341269841269842,54.563492063492056,51.785714285714285,59.72222222222222,79.96031746031747,26.38888888888889,29.293469752547008,60.449999999999996,77.57936507936508,46.03801778640542,7.341269841269842,20.436507936507937,54.96031746031746,54.532,161.071,17.91
2018-06-28,53.37674438116125,42.65873015873016,6.547619047619048,9.722222222222223,39.08730158730159,56.547619047619044,65.27777777777779,83.13492063492063,43.05555555555556,43.016640211168415,65.75,52.57936507936508,50.93677424767699,81.94444444444444,27.18253968253968,86.30952380952381,54.946,162.456,16.85
2018-06-29,47.82086313322108,27.579365079365083,8.134920634920634,10.119047619047619,34.32539682539682,58.92857142857143,58.53174603174603,82.73809523809523,18.055555555555554,47.34662251471909,69.55,48.214285714285715,47.49501089145975,56.15079365079365,47.817460317460316,17.658730158730158,55.0603,162.893,16.09
2018-07-02,49.2347650855662,88.69047619047619,10.912698412698413,9.325396825396826,37.10317460317461,49.801587301587304,62.89682539682539,81.54761904761905,24.801587301587304,58.15671563410979,72.0,65.67460317460318,50.0,62.10317460317461,56.15079365079365,73.21428571428571,55.4062,163.984,15.6
2018-07-03,50.0,82.73809523809523,12.896825396825399,8.928571428571429,38.69047619047619,46.62698412698413,62.10317460317461,76.78571428571429,60.51587301587301,39.350522471320225,69.3,87.89682539682539,50.0,26.984126984126984,64.0873015873016,47.817460317460316,54.3961,162.086,16.14
2018-07-05,50.0,49.007936507936506,19.642857142857142,17.261904761904763,39.08730158730159,49.801587301587304,66.07142857142857,60.912698412698404,50.595238095238095,59.28627623503593,75.15,73.21428571428571,50.0,91.07142857142857,23.214285714285715,74.0079365079365,55.8511,164.098,14.97
2018-07-06,50.0,11.30952380952381,54.563492063492056,30.357142857142854,40.27777777777778,53.769841269841265,58.92857142857143,75.1984126984127,6.15079365079365,84.58248863998939,83.15,82.34126984126983,50.0,93.25396825396825,29.166666666666668,63.69047619047619,56.5368,166.651,13.37
2018-07-09,50.0,21.626984126984127,67.65873015873017,70.43650793650794,50.198412698412696,62.10317460317461,74.0079365079365,63.69047619047619,2.579365079365079,99.43521969953693,86.55,52.57936507936508,50.0,86.70634920634922,89.0873015873016,81.94444444444444,56.8983,168.15,12.69
2018-07-10,50.0,18.055555555555554,95.03968253968253,83.73015873015873,53.769841269841265,64.88095238095238,77.97619047619048,63.29365079365079,7.738095238095238,100.0,86.8,47.817460317460316,50.0,69.64285714285714,60.11904761904761,87.10317460317461,57.5006,168.274,12.64
2018-07-11,50.0,16.46825396825397,81.15079365079364,38.69047619047619,45.43650793650794,59.32539682539682,82.34126984126983,71.23015873015873,12.5,91.5415730693193,81.85,43.05555555555556,50.0,11.30952380952381,43.05555555555556,66.46825396825396,56.0241,167.42,13.63
2018-07-12,50.0,89.0873015873016,99.0079365079365,71.03174603174604,65.27777777777779,64.48412698412699,83.53174603174604,68.84920634920636,17.261904761904763,100.0,87.1,95.03968253968253,50.0,82.93650793650794,82.34126984126983,80.35714285714286,56.4009,170.305,12.58
2018-07-13,50.0,72.42063492063492,98.21428571428571,85.11904761904762,77.97619047619048,62.10317460317461,84.72222222222221,67.65873015873017,8.928571428571429,100.0,89.1,85.11904761904762,50.0,56.15079365079365,80.75396825396825,71.23015873015873,56.197,170.447,12.18
2018-07-16,50.0,17.658730158730158,89.0873015873016,68.25396825396825,79.56349206349206,64.0873015873016,77.18253968253968,83.53174603174604,48.80952380952381,96.01049006436,85.85,95.43650793650794,50.0,15.674603174603174,93.84920634920636,55.35714285714286,56.1198,170.039,12.83
2018-07-17,50.0,91.46825396825396,95.43650793650794,89.88095238095238,82.73809523809523,66.07142857142857,73.61111111111111,79.96031746031747,62.89682539682539,100.0,89.7,99.8015873015873,56.11647323521928,78.76984126984127,83.53174603174604,72.02380952380952,56.9261,171.073,12.06
2018-07-18,50.0,15.674603174603174,96.62698412698413,89.68253968253968,89.88095238095238,69.24603174603175,71.62698412698413,83.53174603174604,66.07142857142857,96.86293765429575,89.5,77.57936507936508,51.22373736610345,49.801587301587304,90.67460317460318,57.738095238095234,57.3647,170.751,12.1
2018-07-19,50.0,17.658730158730158,81.94444444444444,88.69047619047619,91.07142857142857,63.69047619047619,66.86507936507937,61.30952380952381,44.84126984126984,88.53316030778261,85.65,62.5,52.76073353982212,39.08730158730159,87.10317460317461,52.182539682539684,57.2381,169.896,12.87
2018-07-20,50.0,30.753968253968257,50.198412698412696,66.26984126984127,91.07142857142857,67.26190476190476,49.801587301587304,80.75396825396825,39.88095238095239,88.16294798127112,85.7,82.73809523809523,51.762634752358224,20.634920634920633,81.94444444444444,7.341269841269842,56.9693,169.858,12.86
2018-07-23,50.27873285458226,24.404761904761905,32.34126984126984,57.341269841269835,89.88095238095238,76.38888888888889,50.99206349206349,86.30952380952381,46.230158730158735,93.43360241924013,86.9,83.53174603174604,50.0,37.5,89.88095238095238,56.15079365079365,57.0466,170.399,12.62
2018-07-24,52.566409740314434,10.119047619047619,22.817460317460316,47.817460317460316,88.69047619047619,79.16666666666666,52.57936507936508,99.0079365079365,22.023809523809522,100.0,87.95,78.37301587301587,73.09768766282991,35.51587301587302,74.40476190476191,79.16666666666666,56.4256,171.102,12.41
2018-07-25,58.31249807693262,48.61111111111111,55.35714285714286,70.63492063492063,85.11904761904762,83.53174603174602,48.214285714285715,97.02380952380952,14.087301587301587,100.0,88.55000000000001,79.16666666666666,76.8933761312526,88.29365079365078,68.45238095238095,43.84920634920635,56.6388,173.493,12.29
2018-07-26,74.21250532087176,97.02380952380952,47.023809523809526,81.94444444444444,89.0873015873016,85.91269841269842,54.96031746031746,80.75396825396825,20.03968253968254,74.74441812253717,89.3,99.8015873015873,88.29353678407375,67.26190476190477,98.21428571428571,72.02380952380952,57.7447,170.864,12.14
2018-07-27,74.97977851700463,97.42063492063492,27.976190476190478,35.91269841269841,85.11904761904762,78.76984126984127,68.05555555555556,83.92857142857143,53.96825396825397,52.59174721746705,84.85000000000001,95.83333333333334,74.97977851700463,11.706349206349206,62.89682539682539,62.5,57.4883,168.558,13.03
2018-07-30,76.10144314921796,83.13492063492063,28.76984126984127,24.00793650793651,76.38888888888889,77.18253968253968,68.45238095238095,84.32539682539682,43.05555555555556,29.7089796130102,78.7,93.05555555555556,70.00668992655793,16.46825396825397,31.944444444444443,57.738095238095234,56.9261,166.176,14.26
2018-07-31,78.69622895880897,23.214285714285715,31.944444444444443,33.13492063492063,68.05555555555556,62.10317460317461,60.11904761904761,73.21428571428571,28.373015873015873,41.92849279221654,85.85,62.5,75.6166336559124,83.53174603174604,39.48412698412698,38.2936507936508,57.3029,167.448,12.83
2018-08-01,78.18486387850152,78.37301587301587,20.833333333333336,26.190476190476193,54.96031746031746,64.0873015873016,61.30952380952381,82.34126984126983,26.38888888888889,48.038249381819426,84.25,84.32539682539682,67.1999938540599,20.03968253968254,24.00793650793651,45.43650793650794,57.2195,168.084,13.15
2018-08-02,70.77245120308083,97.81746031746032,28.76984126984127,39.48412698412698,33.92857142857143,66.07142857142857,52.57936507936508,78.37301587301587,15.674603174603174,70.008396112043,89.05,93.45238095238095,65.54494692680883,70.03968253968253,44.642857142857146,39.48412698412698,57.7818,170.371,12.19
2018-08-03,61.93238628371311,60.51587301587301,49.007936507936506,44.24603174603175,39.08730158730159,65.67460317460318,46.62698412698413,77.57936507936508,30.357142857142854,75.02300765256625,91.8,73.21428571428571,50.0,74.0079365079365,86.70634920634922,48.214285714285715,57.9022,170.893,11.64
2018-08-06,52.6972780355639,41.46825396825397,61.30952380952381,63.29365079365079,58.92857142857143,67.26190476190476,55.75396825396825,74.0079365079365,23.61111111111111,84.68718238391949,93.65,84.32539682539682,50.0,74.0079365079365,91.07142857142857,87.10317460317461,58.2513,171.899,11.27
2018-08-07,50.0,79.56349206349206,76.78571428571429,70.43650793650794,75.59523809523809,75.9920634920635,64.88095238095238,70.83333333333334,17.261904761904763,90.70087361834021,95.35,95.03968253968253,50.0,72.81746031746032,94.24603174603175,69.64285714285714,58.7147,172.525,10.93
2018-08-08,50.0,87.5,51.78571428571429,58.13492063492064,86.70634920634922,71.23015873015873,68.45238095238095,71.62698412698413,31.944444444444443,92.70863954165311,95.75,92.26190476190477,50.0,25.0,87.89682539682539,65.67460317460318,58.8506,172.734,10.85
2018-08-09,50.0,97.02380952380952,39.88095238095239,64.88095238095238,91.86507936507937,66.07142857142857,75.9920634920635,67.26190476190477,42.26190476190476,91.70955984775566,93.65,86.30952380952381,50.0,30.753968253968257,78.76984126984127,79.16666666666666,58.2698,172.63,11.27
2018-08-10,50.0,77.97619047619048,36.7063492063492,31.150793650793652,85.51587301587301,52.976190476190474,76.38888888888889,51.78571428571429,77.57936507936508,79.02893296367388,84.2,72.02380952380952,50.0,8.134920634920634,47.023809523809526,56.547619047619044,56.8241,171.31,13.16
2018-08-13,50.0,93.84920634920636,35.11904761904761,23.61111111111111,80.35714285714286,51.38888888888889,73.61111111111111,54.563492063492056,81.54761904761905,77.21329775072589,76.10000000000001,84.32539682539682,50.0,16.071428571428573,61.70634920634921,76.38888888888889,56.9075,171.121,14.78
2018-08-14,50.0,94.24603174603175,40.27777777777778,38.69047619047619,75.1984126984127,57.73809523809524,75.59523809523809,53.37301587301587,56.94444444444444,87.51150382628332,83.44999999999999,65.27777777777779,50.0,91.46825396825396,70.03968253968253,77.18253968253968,56.7932,172.193,13.31
2018-08-15,50.0,94.24603174603175,38.2936507936508,23.214285714285715,60.912698412698404,48.21428571428571,68.05555555555556,49.404761904761905,80.35714285714286,67.27053348934356,76.8,92.26190476190477,51.59559699871589,17.261904761904763,31.150793650793652,32.34126984126984,56.0055,170.086,14.64
2018-08-16,50.0,72.42063492063492,52.182539682539684,39.88095238095239,62.89682539682539,56.15079365079365,59.72222222222222,68.05555555555556,71.62698412698413,72.6501933795599,82.75,81.94444444444444,50.90137037512503,94.24603174603175,83.53174603174604,31.150793650793652,55.9345,170.646,13.45
2018-08-17,50.0,97.42063492063492,57.341269841269835,51.388888888888886,69.24603174603175,58.92857142857143,52.976190476190474,72.42063492063492,52.182539682539684,73.01524172925336,86.8,93.45238095238095,51.876333353229924,87.5,69.64285714285714,38.2936507936508,55.5174,170.684,12.64
2018-08-20,50.0,94.64285714285714,56.15079365079365,60.11904761904761,77.97619047619048,52.182539682539684,55.75396825396825,60.11904761904761,68.84920634920636,71.55504833048028,87.55,87.10317460317461,50.0,71.23015873015873,95.03968253968253,82.34126984126983,55.468,170.532,12.49
2018-08-21,50.0,70.83333333333334,50.595238095238095,74.8015873015873,77.57936507936508,59.72222222222222,47.42063492063492,43.05555555555556,44.24603174603175,77.57834610041897,85.7,76.78571428571429,50.0,60.912698412698404,68.05555555555556,45.03968253968254,56.5492,171.159,12.86
2018-08-22,50.0,95.83333333333334,50.198412698412696,68.84920634920636,87.10317460317461,54.16666666666667,57.341269841269835,44.642857142857146,58.92857142857143,83.95708568453296,88.75,75.59523809523809,50.0,24.404761904761905,84.72222222222221,67.26190476190477,56.8149,171.823,12.25
2018-08-23,50.0,98.21428571428571,42.65873015873016,47.023809523809526,82.73809523809523,51.38888888888889,65.67460317460318,61.30952380952381,67.65873015873017,81.5842714115266,87.95,80.75396825396825,50.0,23.61111111111111,59.72222222222222,71.62698412698413,56.8797,171.576,12.41
2018-08-24,50.0,95.03968253968253,87.10317460317461,71.23015873015873,82.34126984126983,59.32539682539682,67.65873015873017,65.67460317460318,43.452380952380956,96.89708902760708,90.05,75.9920634920635,50.0,88.69047619047619,67.26190476190477,47.42063492063492,57.7045,173.17,11.99
2018-08-27,50.0,99.40476190476191,98.61111111111111,97.81746031746032,80.75396825396825,69.24603174603175,66.07142857142857,84.72222222222221,7.738095238095238,100.0,89.2,96.23015873015873,50.0,75.1984126984127,92.65873015873017,78.37301587301587,58.622,174.936,12.16
2018-08-28,50.0,93.05555555555556,88.69047619047619,98.61111111111111,82.73809523809523,75.1984126984127,71.62698412698413,80.75396825396825,25.198412698412696,100.0,87.5,81.15079365079364,50.0,39.88095238095239,83.92857142857143,71.62698412698413,58.8475,175.192,12.5
2018-08-29,50.0,98.61111111111111,98.61111111111111,99.8015873015873,78.37301587301587,81.15079365079364,63.69047619047619,74.8015873015873,6.547619047619048,100.0,88.75,94.64285714285714,50.0,71.62698412698413,57.738095238095234,33.92857142857143,59.002,177.213,12.25
2018-08-30,50.0,99.8015873015873,72.42063492063492,73.4126984126984,81.54761904761905,72.42063492063491,66.07142857142857,77.97619047619048,30.357142857142854,97.05627314775636,82.35000000000001,98.21428571428571,50.0,7.738095238095238,77.57936507936508,77.57936507936508,58.4737,176.9,13.53
2018-08-31,50.0,94.64285714285714,54.563492063492056,68.45238095238095,78.37301587301587,52.57936507936508,60.11904761904761,68.05555555555556,39.08730158730159,99.20058535961424,85.7,78.76984126984127,50.0,55.35714285714286,52.976190476190474,22.817460317460316,58.7919,177.128,12.86
2018-09-04,50.0,97.02380952380952,39.48412698412698,60.11904761904761,71.62698412698413,56.94444444444444,57.341269841269835,67.26190476190477,50.198412698412696,92.06228286487641,84.2,88.29365079365078,52.146518660979915,36.30952380952381,71.62698412698413,68.05555555555556,59.2645,176.369,13.16
2018-09-05,50.0,97.42063492063492,36.30952380952381,64.88095238095238,65.67460317460318,53.769841269841265,51.388888888888886,45.83333333333333,64.0873015873016,70.63797050254036,80.45,95.03968253968253,58.96043511651198,43.452380952380956,43.84920634920635,54.563492063492056,58.9772,174.091,13.91
2018-09-06,50.51757931742706,96.62698412698413,44.24603174603175,57.341269841269835,61.30952380952381,45.833333333333336,61.70634920634921,40.27777777777778,73.21428571428571,56.003980144421305,76.75,95.43650793650794,53.62305522198939,45.43650793650794,41.46825396825397,72.42063492063492,57.4142,172.535,14.65
2018-09-07,50.75254633498234,98.61111111111111,41.86507936507937,41.07142857142857,45.83333333333333,54.56349206349206,47.023809523809526,50.595238095238095,83.53174603174604,49.749736193168786,75.6,85.11904761904762,51.63789496437333,22.023809523809522,21.23015873015873,23.61111111111111,57.1763,171.87,14.88
2018-09-10,51.246314731557696,99.40476190476191,35.91269841269841,46.62698412698413,48.61111111111111,57.34126984126984,48.214285714285715,41.86507936507937,81.94444444444444,55.1951606259137,79.2,81.54761904761905,50.0,73.4126984126984,58.53174603174603,27.579365079365083,57.7818,172.449,14.16
2018-09-11,50.99643418195254,97.02380952380952,22.023809523809522,46.230158730158735,48.61111111111111,65.27777777777777,45.83333333333333,69.24603174603175,81.15079365079364,67.69424365029651,83.9,79.96031746031747,50.0,45.83333333333333,75.59523809523809,54.563492063492056,57.2226,173.778,13.22
2018-09-12,50.0,97.02380952380952,25.595238095238095,42.26190476190476,52.57936507936508,63.69047619047619,48.61111111111111,47.42063492063492,76.78571428571429,62.869541173615865,84.3,90.67460317460318,54.434686731843954,48.214285714285715,58.13492063492064,70.83333333333334,56.5616,173.265,13.14
2018-09-13,50.0,94.64285714285714,31.150793650793652,62.10317460317461,58.92857142857143,69.24603174603175,45.83333333333333,61.30952380952381,65.67460317460318,80.27797057777943,88.15,86.70634920634922,54.15359073761255,81.94444444444444,64.0873015873016,57.341269841269835,57.2072,175.116,12.37
2018-09-14,50.0,93.84920634920636,58.92857142857143,62.5,76.78571428571429,74.4047619047619,54.166666666666664,65.67460317460318,56.94444444444444,75.45326810109879,89.65,76.38888888888889,50.0,55.35714285714286,93.84920634920636,45.03968253968254,57.8497,174.603,12.07
2018-09-17,50.0,95.03968253968253,41.46825396825397,35.51587301587302,70.83333333333334,66.46825396825398,47.023809523809526,68.45238095238095,71.23015873015873,51.80940450192711,81.6,91.07142857142857,50.0,22.817460317460316,35.11904761904761,15.277777777777779,57.0435,172.089,13.68
2018-09-18,50.0,85.51587301587301,59.72222222222222,47.817460317460316,58.92857142857143,82.34126984126985,39.48412698412698,72.02380952380952,47.023809523809526,65.19254606979563,86.05000000000001,79.96031746031747,50.0,74.40476190476191,17.658730158730158,31.150793650793652,57.5346,173.512,12.79
2018-09-19,50.0,55.35714285714286,55.75396825396825,30.753968253968257,51.388888888888886,87.10317460317461,27.579365079365083,82.73809523809523,67.65873015873017,63.9416972795449,91.25,62.5,50.0,31.547619047619047,34.72222222222222,23.61111111111111,57.6242,173.379,11.75
2018-09-20,50.0,80.75396825396825,77.97619047619048,53.37301587301587,33.53174603174603,90.67460317460318,15.277777777777779,89.88095238095238,23.61111111111111,81.97084863977254,91.0,45.03968253968254,50.0,91.07142857142857,8.928571428571429,6.547619047619048,58.3224,175.296,11.8
2018-09-21,68.53679233157165,82.34126984126983,87.10317460317461,52.57936507936508,16.46825396825397,90.27777777777777,7.341269841269842,85.9126984126984,25.992063492063494,72.96097539871974,91.6,64.88095238095238,79.02931629283862,45.63492063492063,29.96031746031746,0.5952380952380952,58.1648,174.338,11.68
2018-09-24,62.95184919524306,67.26190476190477,59.32539682539682,24.404761904761905,16.865079365079367,87.89682539682539,8.928571428571429,95.43650793650794,20.436507936507937,77.51293640985712,89.0,56.15079365079365,50.0,10.515873015873016,40.27777777777778,28.373015873015873,58.3656,174.822,12.2
2018-09-25,56.45081152380276,67.65873015873017,45.43650793650794,20.03968253968254,29.96031746031746,90.27777777777777,7.738095238095238,95.43650793650794,20.436507936507937,79.75129740293694,87.9,51.78571428571429,50.0,24.404761904761905,74.8015873015873,19.642857142857142,57.4358,175.06,12.42
2018-09-26,53.755511434900846,25.992063492063494,27.18253968253968,15.277777777777779,28.373015873015873,81.94444444444444,6.15079365079365,96.23015873015873,22.42063492063492,80.91750229008792,85.55,63.69047619047619,50.42221726191193,12.896825396825399,28.76984126984127,9.325396825396826,56.8421,175.184,12.89
2018-09-27,51.331006957696125,68.05555555555556,16.071428571428573,15.674603174603174,40.27777777777778,85.11904761904762,6.944444444444445,96.62698412698413,24.801587301587304,94.86493654528742,87.95,76.78571428571429,50.0,50.595238095238095,34.32539682539682,14.087301587301587,57.0562,176.667,12.41
2018-09-28,50.0,77.97619047619048,17.658730158730158,18.452380952380953,36.7063492063492,82.34126984126985,11.706349206349206,95.43650793650794,21.626984126984127,94.50755117664421,89.4,85.9126984126984,53.410980591249086,59.32539682539682,12.896825396825399,13.690476190476192,57.4161,176.629,12.12
2018-10-01,50.0,75.59523809523809,21.23015873015873,17.261904761904763,42.65873015873016,74.0079365079365,13.690476190476192,99.0079365079365,22.42063492063492,97.902712178753,90.0,83.92857142857143,50.0,36.30952380952381,74.40476190476191,50.198412698412696,57.6147,176.99,12.0
2018-10-02,50.0,75.9920634920635,13.293650793650794,16.46825396825397,32.34126984126984,64.48412698412699,20.436507936507937,99.40476190476191,23.214285714285715,94.15016580800139,89.75,82.73809523809523,50.89413865616538,37.698412698412696,33.92857142857143,56.15079365079365,57.6147,176.591,12.05
2018-10-03,50.0,72.42063492063492,14.484126984126986,14.087301587301587,38.69047619047619,81.54761904761905,25.992063492063494,99.8015873015873,55.75396825396825,95.93709265121643,91.95,63.69047619047619,50.881473163201484,38.2936507936508,44.24603174603175,40.27777777777778,57.6674,176.781,11.61
2018-10-04,50.76501221197729,85.9126984126984,6.547619047619048,8.134920634920634,44.642857142857146,79.56349206349206,31.547619047619047,99.8015873015873,87.89682539682539,64.01693630452242,78.9,79.56349206349206,54.905078300325016,16.865079365079367,54.96031746031746,35.91269841269841,56.6466,173.387,14.22
2018-10-05,50.24172210369713,93.05555555555556,4.9603174603174605,7.738095238095238,39.88095238095239,79.56349206349206,41.86507936507937,98.21428571428571,94.64285714285714,44.07859468549149,75.9,89.0873015873016,51.853202795011306,18.849206349206348,5.753968253968254,41.86507936507937,55.3062,171.267,14.82
2018-10-08,50.52444996827593,79.56349206349206,8.928571428571429,11.706349206349206,16.071428571428573,79.36507936507937,39.08730158730159,97.42063492063492,93.45238095238095,34.24109216968665,71.55000000000001,85.11904761904762,51.283998198192805,53.37301587301587,3.373015873015873,43.84920634920635,54.6888,170.221,15.69
2018-10-09,49.78482826050442,62.5,8.928571428571429,10.515873015873016,12.103174603174603,75.1984126984127,35.91269841269841,99.8015873015873,87.89682539682539,39.42318001501013,70.25,41.46825396825397,49.797123788475595,25.595238095238095,24.00793650793651,47.023809523809526,54.6267,170.772,15.95
2018-10-10,29.360977228223106,89.0873015873016,5.357142857142857,3.373015873015873,3.7698412698412698,37.10317460317461,32.73809523809524,96.62698412698413,99.8015873015873,0.0,42.599999999999994,76.38888888888889,17.879666547234642,0.992063492063492,0.1984126984126984,29.166666666666668,52.2159,163.262,22.96
2018-10-11,9.870951659520614,75.9920634920635,1.7857142857142856,0.1984126984126984,0.1984126984126984,16.46825396825396,36.30952380952381,94.64285714285714,99.8015873015873,0.0,37.55,89.48412698412699,6.271933871136817,2.976190476190476,0.1984126984126984,45.43650793650794,51.6946,161.237,24.98
2018-10-12,11.512492255849594,78.37301587301587,2.976190476190476,0.992063492063492,0.1984126984126984,21.230158730158735,37.89682539682539,96.62698412698413,99.40476190476191,0.0,46.725,81.15079365079364,13.805365057628762,83.13492063492063,0.5952380952380952,45.03968253968254,52.6348,165.724,21.31
2018-10-15,11.890659797453097,66.46825396825396,2.976190476190476,2.1825396825396823,0.1984126984126984,20.03968253968253,46.62698412698413,91.86507936507937,99.40476190476191,0.0,46.75,68.45238095238095,43.621183399573695,33.53174603174603,1.3888888888888888,66.07142857142857,52.2035,163.718,21.3
2018-10-16,19.53359788966461,57.738095238095234,7.341269841269842,6.547619047619048,0.1984126984126984,35.51587301587301,37.5,93.84920634920636,97.02380952380952,17.876604237085658,61.89999999999999,62.10317460317461,30.164427562207166,99.40476190476191,2.976190476190476,24.00793650793651,53.9038,168.481,17.62
2018-10-17,21.451021119768264,27.976190476190478,7.341269841269842,7.738095238095238,0.5952380952380952,41.07142857142857,44.642857142857146,99.0079365079365,95.43650793650794,18.50673107127211,63.00000000000001,72.42063492063492,33.29161143875839,31.547619047619047,4.9603174603174605,44.24603174603175,53.6897,168.548,17.4
2018-10-18,20.652047564697583,34.32539682539682,6.15079365079365,6.15079365079365,1.7857142857142856,25.198412698412696,43.452380952380956,95.83333333333334,93.84920634920636,0.0,49.85,56.547619047619044,20.99529847037363,7.341269841269842,0.992063492063492,42.65873015873016,52.3462,164.64,20.06
2018-10-19,28.005322864374058,31.150793650793652,8.134920634920634,8.928571428571429,2.1825396825396823,27.579365079365076,31.547619047619047,96.23015873015873,92.26190476190477,0.0,50.55,58.13492063492064,19.821256953443466,33.13492063492063,1.3888888888888888,18.055555555555554,51.5612,164.488,19.89
2018-10-22,25.86331481224574,35.51587301587302,5.357142857142857,5.753968253968254,2.1825396825396823,22.817460317460316,35.51587301587302,88.29365079365078,92.26190476190477,0.0,51.8,38.2936507936508,36.81897333718384,21.626984126984127,1.7857142857142856,80.75396825396825,51.8777,165.334,19.64
2018-10-23,16.25060026258918,64.48412698412699,4.9603174603174605,5.357142857142857,2.1825396825396823,17.658730158730165,56.15079365079365,90.27777777777779,94.24603174603175,0.0,48.224999999999994,52.976190476190474,10.305110153407995,17.658730158730158,1.3888888888888888,77.97619047619048,51.6078,164.726,20.71
2018-10-24,8.289171717581397,50.99206349206349,6.547619047619048,5.357142857142857,0.992063492063492,0.19841269841269593,55.75396825396825,97.42063492063492,98.61111111111111,0.0,36.925,61.30952380952381,5.62272607395645,5.357142857142857,0.992063492063492,43.05555555555556,48.2227,157.187,25.23
2018-10-25,7.001267308289179,83.13492063492063,19.246031746031747,6.15079365079365,0.1984126984126984,9.722222222222214,54.166666666666664,99.8015873015873,89.48412698412699,0.0,39.45,79.56349206349206,7.733160630701271,87.89682539682539,1.3888888888888888,39.48412698412698,49.2993,162.625,24.22
2018-10-26,4.137979591820212,84.72222222222221,8.928571428571429,4.9603174603174605,0.1984126984126984,0.19841269841269593,67.26190476190477,94.64285714285714,87.5,0.0,39.6,95.83333333333334,3.376784232348342,5.357142857142857,0.5952380952380952,62.5,48.443,158.442,24.16
2018-10-29,2.9179250729835715,79.56349206349206,10.119047619047619,6.944444444444445,0.1984126984126984,0.19841269841269593,60.51587301587301,96.23015873015873,87.89682539682539,0.0,38.25,93.84920634920636,5.992672823319346,40.27777777777778,0.992063492063492,55.75396825396825,47.9372,155.181,24.7
2018-10-30,4.309475994127027,37.10317460317461,8.531746031746032,14.087301587301587,0.1984126984126984,5.753968253968253,49.801587301587304,83.92857142857143,79.56349206349206,0.0,41.625,93.05555555555556,5.801411471869827,96.62698412698413,0.1984126984126984,46.230158730158735,49.9292,157.738,23.35
2018-10-31,5.830182694974141,14.484126984126986,14.484126984126986,18.849206349206348,0.5952380952380952,10.515873015873012,56.547619047619044,87.89682539682539,80.35714285714286,0.0,46.925,66.46825396825396,8.354172255261325,69.24603174603175,2.976190476190476,59.32539682539682,50.5622,161.446,21.23
2018-11-01,10.926201124554055,84.72222222222221,27.579365079365083,33.13492063492063,0.992063492063492,14.087301587301596,60.51587301587301,74.40476190476191,68.84920634920636,0.0,53.300000000000004,69.64285714285714,17.73574283728737,82.34126984126983,3.373015873015873,56.15079365079365,52.9357,163.576,19.34
2018-11-02,12.259143855551493,92.26190476190477,24.404761904761905,29.166666666666668,1.7857142857142856,16.07142857142857,62.10317460317461,66.07142857142857,76.38888888888889,0.0,52.44999999999999,81.94444444444444,17.118481556553448,25.595238095238095,3.7698412698412698,71.23015873015873,52.1383,161.028,19.51
2018-11-05,15.115110710844078,86.30952380952381,47.42063492063492,50.99206349206349,2.579365079365079,17.658730158730165,66.46825396825396,70.03968253968253,68.84920634920636,0.0,50.199999999999996,70.83333333333334,32.63439431861401,77.18253968253968,4.563492063492063,68.45238095238095,51.6636,160.629,19.96
2018-11-06,21.922101728511716,50.99206349206349,78.76984126984127,76.5873015873016,5.357142857142857,22.420634920634924,73.61111111111111,57.341269841269835,39.88095238095239,0.0,50.45,28.373015873015873,50.0,84.72222222222221,9.722222222222223,78.76984126984127,52.2656,161.845,19.91
2018-11-07,56.83794291142841,52.57936507936508,99.40476190476191,99.40476190476191,6.547619047619048,45.436507936507944,73.61111111111111,72.42063492063492,20.833333333333336,3.214399244600156,68.2,59.32539682539682,56.21275955952638,98.61111111111111,8.928571428571429,61.70634920634921,52.8582,166.922,16.36
2018-11-08,63.781227809464674,48.214285714285715,95.83333333333334,97.02380952380952,8.134920634920634,47.42063492063492,81.15079365079364,77.97619047619048,9.325396825396826,0.0,66.4,43.05555555555556,56.28423988111589,45.83333333333333,8.928571428571429,83.13492063492063,52.7154,165.857,16.72
2018-11-09,51.77360508135427,29.563492063492063,98.21428571428571,84.72222222222221,8.531746031746032,27.182539682539684,75.59523809523809,69.24603174603175,10.515873015873016,0.0,63.2,33.92857142857143,52.355982869261645,18.650793650793652,6.15079365079365,53.37301587301587,51.7102,163.062,17.36
2018-11-12,47.98204884401538,69.64285714285714,89.88095238095238,39.48412698412698,8.134920634920634,13.293650793650784,76.38888888888889,73.61111111111111,55.35714285714286,0.0,48.875,60.912698412698404,46.42149995005395,4.563492063492063,3.373015873015873,70.43650793650794,49.4017,158.128,20.45
2018-11-13,40.21034751822616,70.83333333333334,73.61111111111111,43.05555555555556,6.15079365079365,8.92857142857143,70.83333333333334,66.07142857142857,29.563492063492063,0.0,49.95,51.388888888888886,41.286133505234275,46.230158730158735,3.373015873015873,56.15079365079365,50.0812,158.261,20.02
2018-11-14,39.35319134792066,40.27777777777778,46.230158730158735,36.30952380952381,4.9603174603174605,4.960317460317469,65.67460317460318,62.89682539682539,64.0873015873016,0.0,46.875,60.11904761904761,30.83574442625718,20.03968253968254,3.7698412698412698,37.89682539682539,50.3015,157.054,21.25
2018-11-15,43.37765087285207,75.9920634920635,46.62698412698413,63.29365079365079,3.7698412698412698,8.134920634920633,52.57936507936508,72.42063492063492,43.84920634920635,0.0,50.1,56.15079365079365,41.83082479935766,81.54761904761905,4.563492063492063,39.08730158730159,52.0018,159.801,19.98
2018-11-16,44.29188742528165,74.40476190476191,68.84920634920636,72.42063492063492,2.976190476190476,6.547619047619051,41.07142857142857,74.40476190476191,44.642857142857146,0.0,59.3,60.912698412698404,44.07374299567458,68.05555555555556,2.976190476190476,20.03968253968254,51.3751,159.241,18.14
2018-11-19,36.23888633176247,81.54761904761905,37.5,36.11111111111111,2.976190476190476,1.3888888888888857,40.27777777777778,77.97619047619048,76.78571428571429,0.0,49.75,79.16666666666666,36.401739747954636,13.690476190476192,4.166666666666666,67.26190476190477,49.411,154.069,20.1
2018-11-20,25.853999944609168,90.67460317460318,17.658730158730158,20.833333333333336,2.579365079365079,0.19841269841269593,40.67460317460318,56.547619047619044,84.72222222222221,0.0,43.8,88.29365079365078,23.69167158143984,4.563492063492063,2.579365079365079,56.547619047619044,49.4731,151.312,22.48
2018-11-21,49.17146107250778,52.182539682539684,10.912698412698413,22.42063492063492,2.579365079365079,0.5952380952380878,43.84920634920635,39.08730158730159,78.37301587301587,0.0,48.0,38.2936507936508,50.0,69.64285714285714,3.373015873015873,48.61111111111111,49.6779,152.462,20.8
2018-11-23,46.35800731396368,63.29365079365079,8.928571428571429,20.833333333333336,2.579365079365079,0.19841269841269593,43.452380952380956,30.357142857142854,84.72222222222221,0.0,46.2,72.81746031746032,50.0,33.730158730158735,5.753968253968254,37.5,49.7058,151.359,21.52
2018-11-26,50.0,67.26190476190477,20.436507936507937,33.92857142857143,4.9603174603174605,2.5793650793650755,54.96031746031746,30.357142857142854,82.34126984126983,0.0,55.50000000000001,54.166666666666664,51.00751342672402,94.24603174603175,10.912698412698413,49.404761904761905,50.6056,154.858,18.9
2018-11-27,50.0,64.88095238095238,37.10317460317461,28.373015873015873,6.944444444444445,2.9761904761904816,44.642857142857146,41.86507936507937,84.72222222222221,0.0,54.900000000000006,47.42063492063492,50.0,45.43650793650794,10.515873015873016,39.08730158730159,50.6801,155.381,19.02
2018-11-28,50.0,83.13492063492063,62.10317460317461,78.76984126984127,10.119047619047619,6.944444444444443,36.30952380952381,50.198412698412696,68.84920634920636,0.0,57.550000000000004,76.78571428571429,65.29150801123582,97.02380952380952,16.865079365079367,29.166666666666668,51.8653,160.381,18.49
2018-11-29,50.0,49.801587301587304,69.24603174603175,67.06349206349206,13.690476190476192,5.357142857142861,37.89682539682539,44.642857142857146,58.13492063492064,0.0,56.050000000000004,52.976190476190474,50.14584669464672,30.357142857142854,19.642857142857142,53.769841269841265,51.4868,159.858,18.79
2018-11-30,54.142039626884795,4.9603174603174605,66.07142857142857,80.75396825396825,14.484126984126986,4.166666666666657,25.595238095238095,55.75396825396825,42.26190476190476,0.0,59.65,7.738095238095238,56.75806465439098,78.37301587301587,30.753968253968257,14.484126984126986,52.2035,161.018,18.07
2018-12-03,67.81039675051852,53.37301587301587,74.40476190476191,98.21428571428571,18.055555555555554,6.547619047619051,25.198412698412696,68.05555555555556,17.658730158730158,0.0,67.8,31.547619047619047,69.00438982876557,82.34126984126983,58.53174603174603,46.230158730158735,53.5749,163.832,16.44
2018-12-04,40.8104830902933,32.34126984126984,57.341269841269835,22.42063492063492,18.055555555555554,0.19841269841269593,24.00793650793651,77.97619047619048,81.94444444444444,0.0,48.150000000000006,29.96031746031746,40.26726041582788,2.976190476190476,10.515873015873016,37.10317460317461,51.012,157.548,20.74
2018-12-06,33.94442858499097,35.51587301587302,77.97619047619048,22.023809523809522,15.674603174603174,0.19841269841269593,28.76984126984127,79.96031746031747,80.75396825396825,0.0,47.025,24.00793650793651,33.79780236202285,34.72222222222222,6.547619047619048,37.10317460317461,50.7514,158.661,21.19
2018-12-07,12.203918035133206,68.84920634920636,39.08730158730159,7.936507936507936,14.087301587301587,0.19841269841269593,28.76984126984127,72.42063492063492,91.07142857142857,0.0,41.925,46.230158730158735,22.28287322576436,4.563492063492063,3.7698412698412698,54.166666666666664,48.8587,153.422,23.23
2018-12-10,15.21621714063484,64.88095238095238,43.05555555555556,10.119047619047619,10.515873015873016,0.5952380952380878,43.05555555555556,86.70634920634922,90.27777777777779,0.0,43.4,65.67460317460318,26.647507282210253,41.46825396825397,3.7698412698412698,47.817460317460316,49.4855,155.029,22.64
2018-12-11,20.090735244117443,56.547619047619044,22.817460317460316,12.896825396825399,6.15079365079365,0.9920634920634939,48.214285714285715,84.72222222222221,86.70634920634922,0.0,45.599999999999994,41.86507936507937,37.05419883700605,39.48412698412698,8.134920634920634,58.13492063492064,49.802,155.542,21.76
2018-12-12,33.3047281250906,36.30952380952381,31.150793650793652,16.46825396825397,5.753968253968254,1.3888888888888857,59.72222222222222,83.92857142857143,82.73809523809523,0.0,46.35,32.34126984126984,39.71873087929308,78.76984126984127,10.912698412698413,81.54761904761905,50.5094,156.911,21.46
2018-12-13,40.222957609191184,19.246031746031747,18.849206349206348,18.055555555555554,5.753968253968254,1.3888888888888857,71.23015873015873,86.70634920634922,85.51587301587301,0.0,48.375,14.087301587301587,49.19272127048367,29.563492063492063,6.547619047619048,81.15079365079364,50.4039,156.959,20.65
2018-12-14,39.67065420583453,18.055555555555554,10.912698412698413,6.15079365079365,5.357142857142857,0.19841269841269593,68.84920634920636,79.96031746031747,93.45238095238095,0.0,45.925000000000004,65.67460317460318,33.10848158365882,5.357142857142857,3.373015873015873,48.61111111111111,49.6903,153.137,21.63
2018-12-17,26.433904140801502,35.51587301587302,1.3888888888888888,1.3888888888888888,4.166666666666666,0.19841269841269593,67.65873015873017,87.10317460317461,96.62698412698413,0.0,38.7,41.46825396825397,14.905166598172016,3.373015873015873,2.1825396825396823,41.86507936507937,49.0463,149.667,24.52
2018-12-18,21.188638295956586,21.23015873015873,0.1984126984126984,2.579365079365079,2.1825396825396823,0.19841269841269593,60.912698412698404,82.34126984126983,97.81746031746032,0.0,36.050000000000004,20.03968253968254,21.53368454390921,47.42063492063492,0.992063492063492,25.992063492063494,49.6931,150.608,25.58
2018-12-19,17.114375925262195,33.13492063492063,1.3888888888888888,0.992063492063492,1.3888888888888888,0.19841269841269593,50.99206349206349,72.02380952380952,95.83333333333334,0.0,36.050000000000004,58.53174603174603,12.002620887738175,6.15079365079365,2.1825396825396823,47.817460317460316,47.5787,146.91,25.58
2018-12-20,11.907273550979774,35.91269841269841,0.1984126984126984,0.1984126984126984,0.1984126984126984,0.19841269841269593,38.2936507936508,59.32539682539682,98.61111111111111,0.0,29.05000000000001,39.08730158730159,9.893561139577812,6.547619047619048,0.1984126984126984,47.023809523809526,47.2492,144.781,28.38
2018-12-21,4.103737354876429,36.30952380952381,0.5952380952380952,0.1984126984126984,0.1984126984126984,0.19841269841269593,33.53174603174603,50.595238095238095,98.61111111111111,0.0,24.724999999999994,38.2936507936508,3.7350926749959257,5.357142857142857,0.1984126984126984,34.32539682539682,46.447,140.293,30.11
2018-12-24,5.929675697871701,62.5,0.1984126984126984,0.1984126984126984,0.1984126984126984,0.19841269841269593,45.43650793650794,31.150793650793652,94.64285714285714,0.0,9.825000000000003,85.11904761904762,50.0,0.5952380952380952,0.1984126984126984,69.64285714285714,45.0851,136.814,36.07
2018-12-26,9.213102142715229,73.21428571428571,1.3888888888888888,2.579365079365079,0.5952380952380952,1.3888888888888857,54.563492063492056,54.96031746031746,89.88095238095238,0.0,23.974999999999994,82.73809523809523,18.665859586034454,99.8015873015873,3.373015873015873,62.89682539682539,47.7902,145.356,30.41
2018-12-27,11.149231949991588,58.53174603174603,1.7857142857142856,4.9603174603174605,0.992063492063492,1.7857142857142918,53.769841269841265,32.34126984126984,83.13492063492063,0.0,25.099999999999994,76.38888888888889,25.18343010021489,90.67460317460318,19.246031746031747,39.48412698412698,48.1042,145.919,29.96
2018-12-28,11.249404756611973,78.37301587301587,1.7857142857142856,5.753968253968254,1.7857142857142856,0.9920634920634939,64.88095238095238,28.373015873015873,82.73809523809523,0.0,29.150000000000006,81.94444444444444,50.0,31.150793650793652,6.547619047619048,86.30952380952381,48.4494,145.843,28.34
2018-12-31,48.38484578481424,38.2936507936508,9.325396825396826,10.317460317460316,3.7698412698412698,0.9920634920634939,64.0873015873016,29.96031746031746,77.18253968253968,0.0,36.449999999999996,68.84920634920636,50.0,94.64285714285714,11.30952380952381,25.992063492063494,48.7883,147.073,25.42
2019-01-02,40.36780384801025,46.230158730158735,18.452380952380953,14.087301587301587,8.928571428571429,0.9920634920634939,69.24603174603175,28.76984126984127,72.81746031746032,0.0,41.95,62.89682539682539,41.821720248310584,31.547619047619047,10.912698412698413,85.51587301587301,49.1023,147.664,23.22
2019-01-03,40.938166468459784,65.67460317460318,9.325396825396826,5.753968253968254,7.738095238095238,0.5952380952380878,82.34126984126983,20.436507936507937,83.53174603174604,0.0,36.375,67.65873015873017,16.64474040518175,7.738095238095238,2.976190476190476,95.43650793650794,46.2386,142.839,25.45
2019-01-04,39.852565028971796,48.61111111111111,29.166666666666668,32.73809523809524,5.753968253968254,2.9761904761904816,87.5,20.03968253968254,40.67460317460318,0.0,46.550000000000004,69.24603174603175,22.36775400196933,99.40476190476191,9.325396825396826,83.92857142857143,48.325,148.951,21.38
2019-01-07,33.01358905338057,56.15079365079365,61.30952380952381,48.61111111111111,11.30952380952381,4.563492063492063,84.32539682539682,13.293650793650794,8.134920634920634,0.0,46.50000000000001,67.65873015873017,31.871645460330534,79.96031746031747,27.18253968253968,67.26190476190477,49.2174,150.724,21.4
2019-01-08,39.4777622994324,57.341269841269835,94.64285714285714,83.92857142857143,13.690476190476192,4.960317460317469,90.67460317460318,9.325396825396826,3.7698412698412698,0.0,48.825,60.11904761904761,41.7564634575171,87.89682539682539,16.46825396825397,81.94444444444444,49.0028,152.087,20.47
2019-01-09,40.67832445611205,53.37301587301587,99.8015873015873,93.45238095238095,14.087301587301587,5.357142857142861,90.67460317460318,4.166666666666666,3.373015873015873,0.0,50.1,41.07142857142857,44.54769921017875,68.84920634920636,12.5,85.51587301587301,50.2621,153.327,19.98
2019-01-10,43.9728566398569,15.674603174603174,99.40476190476191,99.8015873015873,16.071428571428573,6.150793650793645,87.5,0.5952380952380952,1.3888888888888888,0.0,52.5,31.150793650793652,50.0,81.94444444444444,7.341269841269842,87.5,50.7067,153.765,19.5
2019-01-11,48.54995444285904,25.992063492063494,96.62698412698413,99.8015873015873,17.658730158730158,5.357142857142861,84.72222222222221,0.992063492063492,0.1984126984126984,0.0,59.04999999999999,45.83333333333333,50.0,55.35714285714286,18.452380952380953,56.15079365079365,51.2508,153.203,18.19
2019-01-14,50.0,12.103174603174603,94.24603174603175,99.0079365079365,14.880952380952381,4.960317460317469,81.54761904761905,2.1825396825396823,0.1984126984126984,0.0,54.65,33.92857142857143,50.0,22.42063492063492,12.896825396825399,46.62698412698413,50.4175,151.849,19.07
2019-01-15,50.0,2.1825396825396823,92.26190476190477,99.8015873015873,14.484126984126986,7.341269841269835,81.94444444444444,2.579365079365079,0.1984126984126984,0.0,56.99999999999999,70.03968253968253,50.0,81.15079365079364,17.658730158730158,81.54761904761905,50.5637,154.814,18.6
2019-01-16,50.0,58.53174603174603,95.83333333333334,99.60317460317461,16.865079365079367,8.134920634920633,78.37301587301587,8.134920634920634,0.5952380952380952,0.0,54.800000000000004,66.86507936507937,54.13578909836043,60.11904761904761,20.03968253968254,74.0079365079365,50.1004,154.786,19.04
2019-01-17,50.0,37.10317460317461,99.8015873015873,99.8015873015873,18.849206349206348,8.531746031746039,65.67460317460318,5.357142857142857,1.7857142857142856,0.0,59.70000000000001,16.865079365079367,50.0,91.07142857142857,15.674603174603174,43.84920634920635,50.5637,156.006,18.06
2019-01-18,52.47108087589091,8.928571428571429,99.40476190476191,99.8015873015873,19.642857142857142,9.722222222222214,54.563492063492056,2.1825396825396823,1.7857142857142856,0.0,61.0,60.51587301587301,78.4997994352752,96.62698412698413,25.198412698412696,16.071428571428573,51.8789,157.551,17.8
2019-01-22,61.56658007753548,8.928571428571429,96.62698412698413,99.0079365079365,22.023809523809522,8.531746031746039,59.32539682539682,3.373015873015873,2.1825396825396823,0.0,48.0,17.658730158730158,71.62447579713154,8.928571428571429,20.833333333333336,61.30952380952381,50.3865,154.395,20.8
2019-01-23,61.25778384792073,18.055555555555554,89.48412698412699,97.81746031746032,22.817460317460316,9.325396825396822,67.65873015873017,2.1825396825396823,2.976190476190476,0.0,52.400000000000006,22.42063492063492,50.0,52.976190476190474,20.03968253968254,93.84920634920636,50.032,154.595,19.52
2019-01-24,61.00988192601742,54.96031746031746,87.89682539682539,97.42063492063492,23.214285714285715,8.531746031746039,79.96031746031747,0.1984126984126984,2.976190476190476,0.0,55.55,2.976190476190476,57.14676546074814,65.27777777777779,21.23015873015873,97.02380952380952,52.9392,155.596,18.89
2019-01-25,67.26521939316629,74.0079365079365,89.0873015873016,97.42063492063492,25.595238095238095,10.515873015873012,79.56349206349206,0.1984126984126984,2.579365079365079,0.0,62.89999999999999,26.38888888888889,65.17246552732797,85.11904761904762,26.785714285714285,39.48412698412698,54.0368,157.455,17.42
2019-01-28,51.42214866331101,70.83333333333334,81.54761904761905,95.83333333333334,23.214285714285715,9.722222222222214,85.9126984126984,0.1984126984126984,3.373015873015873,0.0,55.64999999999999,43.05555555555556,50.0,24.801587301587304,15.277777777777779,58.53174603174603,52.9703,155.51,18.87
2019-01-29,50.0,29.96031746031746,90.27777777777779,95.03968253968253,24.00793650793651,8.531746031746039,82.73809523809523,0.1984126984126984,4.563492063492063,0.0,54.35,38.2936507936508,50.0,56.15079365079365,23.61111111111111,37.89682539682539,52.2054,154.042,19.13
2019-01-30,50.0,57.738095238095234,91.07142857142857,97.02380952380952,25.198412698412696,10.912698412698404,78.37301587301587,0.5952380952380952,1.7857142857142856,0.0,61.7,90.67460317460318,73.12886365475997,89.0873015873016,28.76984126984127,83.53174603174604,53.7196,157.96,17.66
2019-01-31,72.04431266197257,18.055555555555554,94.24603174603175,97.81746031746032,27.976190476190478,10.912698412698404,56.94444444444444,1.3888888888888888,2.579365079365079,0.0,67.15,71.23015873015873,88.70773010724318,72.81746031746032,37.10317460317461,47.42063492063492,53.6948,160.325,16.57
2019-02-01,76.09236211449922,66.86507936507937,86.30952380952381,97.42063492063492,28.76984126984127,12.5,59.32539682539682,2.1825396825396823,6.944444444444445,0.0,69.3,61.30952380952381,70.46091705381595,58.53174603174603,47.42063492063492,52.182539682539684,54.3384,159.648,16.14
2019-02-04,71.75242137932509,3.373015873015873,80.75396825396825,98.61111111111111,32.34126984126984,14.484126984126988,56.547619047619044,2.1825396825396823,7.341269841269842,0.0,71.35,34.72222222222222,50.0,76.78571428571429,50.99206349206349,45.83333333333333,54.612,161.631,15.73
2019-02-05,75.25147296364754,5.753968253968254,96.62698412698413,98.21428571428571,35.91269841269841,14.88095238095238,60.51587301587301,3.7698412698412698,11.706349206349206,0.0,72.15,45.83333333333333,51.50505467995251,70.03968253968253,57.738095238095234,52.57936507936508,54.8608,163.061,15.57
2019-02-06,62.169942992281264,40.67460317460318,93.05555555555556,95.03968253968253,41.46825396825397,14.484126984126988,65.27777777777779,4.9603174603174605,12.103174603174603,0.0,73.1,6.944444444444445,50.0,33.53174603174603,42.26190476190476,89.0873015873016,56.3377,162.575,15.38
2019-02-07,50.0,35.11904761904761,83.53174603174604,91.07142857142857,38.2936507936508,11.30952380952381,84.72222222222221,3.373015873015873,19.246031746031747,0.0,68.14999999999999,4.9603174603174605,50.0,24.801587301587304,31.547619047619047,99.40476190476191,55.1157,160.392,16.37
2019-02-08,50.0,22.42063492063492,75.9920634920635,88.29365079365078,34.72222222222222,11.30952380952381,89.48412698412699,3.7698412698412698,30.357142857142854,0.0,71.4,5.357142857142857,50.0,58.53174603174603,22.42063492063492,83.53174603174604,55.0193,160.706,15.72
2019-02-11,50.0,5.357142857142857,87.89682539682539,87.89682539682539,34.72222222222222,12.896825396825392,90.67460317460318,2.1825396825396823,52.976190476190474,0.0,70.14999999999999,0.1984126984126984,50.0,64.48412698412699,61.30952380952381,62.5,55.2898,160.554,15.97
2019-02-12,50.0,10.515873015873016,96.23015873015873,93.05555555555556,32.73809523809524,16.46825396825396,93.05555555555556,2.1825396825396823,38.2936507936508,0.0,72.85000000000001,4.563492063492063,50.0,89.88095238095238,35.51587301587302,78.37301587301587,56.4589,162.928,15.43
2019-02-13,50.0,2.976190476190476,90.27777777777779,93.84920634920636,33.13492063492063,18.055555555555557,93.05555555555556,2.976190476190476,28.76984126984127,0.0,71.75,1.7857142857142856,50.0,68.05555555555556,49.404761904761905,88.69047619047619,56.6393,163.042,15.65
2019-02-14,50.0,8.928571428571429,80.75396825396825,90.67460317460318,32.73809523809524,16.07142857142857,88.69047619047619,2.1825396825396823,16.865079365079367,0.0,68.9,15.277777777777779,50.0,31.547619047619047,29.96031746031746,87.10317460317461,56.7916,163.242,16.22
2019-02-15,50.0,17.261904761904763,90.27777777777779,96.62698412698413,37.89682539682539,18.849206349206355,79.16666666666666,3.7698412698412698,13.690476190476192,0.0,75.45,5.357142857142857,50.0,94.64285714285714,56.15079365079365,24.00793650793651,57.0839,163.929,14.91
2019-02-19,50.0,0.1984126984126984,84.72222222222221,99.0079365079365,42.26190476190476,19.246031746031747,78.76984126984127,3.7698412698412698,12.5,0.0,75.6,0.5952380952380952,50.0,58.730158730158735,86.30952380952381,60.11904761904761,57.0062,164.253,14.88
2019-02-20,50.0,0.1984126984126984,81.54761904761905,96.42857142857143,57.738095238095234,19.64285714285714,76.38888888888889,0.992063492063492,18.452380952380953,0.0,79.9,1.7857142857142856,50.0,63.69047619047619,89.48412698412699,70.43650793650794,57.4912,164.224,14.02
2019-02-21,50.0,0.992063492063492,81.15079365079364,92.65873015873017,54.96031746031746,20.03968253968253,79.96031746031747,1.7857142857142856,22.817460317460316,0.0,77.69999999999999,2.579365079365079,50.0,28.76984126984127,38.2936507936508,95.03968253968253,57.0653,163.624,14.46
2019-02-22,50.0,0.992063492063492,96.62698412698413,94.24603174603175,74.8015873015873,20.436507936507937,72.81746031746032,0.992063492063492,14.087301587301587,0.0,82.45,7.341269841269842,50.0,84.72222222222221,83.13492063492063,68.84920634920636,57.6778,164.835,13.51
2019-02-25,50.0,3.373015873015873,93.05555555555556,91.86507936507937,82.73809523809523,21.230158730158735,87.10317460317461,6.944444444444445,9.325396825396826,0.0,75.75,2.579365079365079,50.0,39.08730158730159,87.89682539682539,90.27777777777779,58.1535,165.435,14.85
2019-02-26,50.0,1.3888888888888888,82.34126984126983,88.69047619047619,68.05555555555556,20.03968253968253,90.27777777777779,9.325396825396826,12.103174603174603,0.0,74.15,0.5952380952380952,50.0,25.198412698412696,38.69047619047619,79.96031746031747,57.7897,165.607,15.17
2019-02-27,50.0,30.357142857142854,71.23015873015873,82.34126984126983,55.75396825396825,22.02380952380952,94.64285714285714,13.293650793650794,12.5,0.0,76.5,8.928571428571429,50.0,47.42063492063492,43.84920634920635,93.84920634920636,57.0964,165.502,14.7
2019-02-28,50.0,23.214285714285715,59.72222222222222,79.96031746031747,56.94444444444444,22.420634920634924,78.76984126984127,11.30952380952381,20.833333333333336,0.0,76.10000000000001,8.531746031746032,61.3367656781561,41.269841269841265,42.65873015873016,7.738095238095238,57.1306,165.121,14.78
2019-03-01,50.0,23.61111111111111,74.40476190476191,81.15079365079364,51.388888888888886,24.404761904761912,74.0079365079365,8.134920634920634,16.865079365079367,0.0,82.15,25.992063492063494,50.0,77.18253968253968,67.65873015873017,44.642857142857146,57.6374,166.265,13.57
2019-03-04,50.0,29.96031746031746,44.642857142857146,75.59523809523809,43.84920634920635,23.214285714285708,77.57936507936508,7.738095238095238,49.404761904761905,0.0,76.85,58.13492063492064,56.19609645353848,22.42063492063492,61.30952380952381,95.03968253968253,57.6436,166.293,14.63
2019-03-05,50.0,17.658730158730158,31.547619047619047,64.88095238095238,39.88095238095239,22.420634920634924,75.1984126984127,8.531746031746032,50.99206349206349,0.0,76.3,38.2936507936508,50.0,25.198412698412696,28.373015873015873,74.8015873015873,57.4228,166.417,14.74
2019-03-06,50.0,40.67460317460318,21.23015873015873,33.13492063492063,35.51587301587302,20.03968253968253,72.42063492063492,10.912698412698413,73.21428571428571,0.0,71.3,49.007936507936506,50.0,10.912698412698413,30.753968253968257,88.29365079365078,56.4745,165.473,15.74
2019-03-07,50.0,11.30952380952381,18.452380952380953,24.404761904761905,31.150793650793652,15.277777777777786,93.05555555555556,7.341269841269842,89.88095238095238,0.0,67.05,20.833333333333336,50.0,11.706349206349206,21.23015873015873,97.81746031746032,55.8651,163.443,16.59
2019-03-08,50.0,13.293650793650794,8.531746031746032,21.23015873015873,29.166666666666668,15.277777777777786,97.42063492063492,8.531746031746032,64.0873015873016,0.0,69.75,25.595238095238095,50.0,33.13492063492063,25.992063492063494,88.29365079365078,55.8153,163.195,16.05
2019-03-11,50.0,30.753968253968257,21.23015873015873,41.86507936507937,27.579365079365083,20.03968253968253,97.02380952380952,9.722222222222223,29.563492063492063,0.08257482991279966,78.35,94.24603174603175,50.089036116613656,98.21428571428571,18.849206349206348,94.64285714285714,57.115,166.589,14.33
2019-03-12,50.0,47.817460317460316,25.992063492063494,44.642857142857146,29.166666666666668,19.64285714285714,94.64285714285714,12.103174603174603,13.293650793650794,8.688038311711521,81.15,75.9920634920635,50.0,70.43650793650794,44.642857142857146,45.83333333333333,57.3296,167.504,13.77
2019-03-13,50.0,20.833333333333336,40.27777777777778,57.738095238095234,29.563492063492063,23.214285714285708,90.67460317460318,9.722222222222223,12.103174603174603,20.52877986754179,82.95,86.30952380952381,52.69544757140454,87.5,43.452380952380956,50.198412698412696,57.5596,168.763,13.41
2019-03-14,50.0,21.626984126984127,40.67460317460318,52.182539682539684,31.150793650793652,24.007936507936506,70.43650793650794,7.341269841269842,14.880952380952381,17.838984724596983,82.5,24.00793650793651,50.0,43.452380952380956,37.5,22.42063492063492,57.2456,168.477,13.5
2019-03-15,60.432452474064554,2.1825396825396823,36.7063492063492,59.32539682539682,33.13492063492063,24.007936507936506,66.86507936507937,12.103174603174603,16.46825396825397,32.53880922957115,85.6,19.642857142857142,72.40709357472996,68.84920634920636,52.976190476190474,74.40476190476191,58.906,170.04,12.88
2019-03-18,57.530653306588086,4.563492063492063,54.166666666666664,74.40476190476191,49.801587301587304,25.595238095238088,64.48412698412699,7.341269841269842,13.293650793650794,36.34778486905586,84.5,53.37301587301587,50.0,65.27777777777779,95.43650793650794,89.88095238095238,58.8158,170.445,13.1
2019-03-19,58.642010461984576,57.341269841269835,57.341269841269835,66.86507936507937,59.32539682539682,27.182539682539684,68.84920634920636,16.865079365079367,8.134920634920634,41.736780033067674,82.2,81.94444444444444,52.30893409289664,30.357142857142854,67.26190476190477,72.02380952380952,59.5776,171.018,13.56
2019-03-20,56.826429962378455,20.833333333333336,64.88095238095238,41.86507936507937,57.341269841269835,21.230158730158735,85.11904761904762,18.452380952380953,8.531746031746032,48.12269227803081,80.45,62.5,52.376608949865094,19.642857142857142,40.67460317460318,97.02380952380952,59.0194,171.697,13.91
2019-03-21,64.11004904564015,84.72222222222221,91.86507936507937,80.15873015873017,58.92857142857143,25.992063492063494,95.83333333333334,16.865079365079367,4.563492063492063,73.3653851579738,81.85,89.48412698412699,52.8967650358599,96.23015873015873,38.2936507936508,98.61111111111111,61.0584,174.381,13.63
2019-03-22,50.04706514412619,51.78571428571429,80.75396825396825,33.13492063492063,52.57936507936508,14.087301587301596,98.61111111111111,19.642857142857142,10.912698412698413,37.33529707188534,67.6,52.976190476190474,51.71003356991808,5.753968253968254,40.67460317460318,96.23015873015873,59.3374,170.55,16.48
2019-03-25,50.0,64.0873015873016,62.89682539682539,31.547619047619047,35.11904761904761,13.69047619047619,99.8015873015873,20.436507936507937,10.515873015873016,34.28811656029753,68.35000000000001,61.70634920634921,50.0,46.230158730158735,20.833333333333336,99.8015873015873,58.5954,170.226,16.33
2019-03-26,50.0,73.61111111111111,71.62698412698413,47.817460317460316,32.34126984126984,15.674603174603178,99.8015873015873,25.198412698412696,6.944444444444445,41.736780033067674,76.6,65.27777777777779,50.0,88.69047619047619,48.214285714285715,99.40476190476191,59.1566,171.018,14.68
2019-03-27,50.0,38.69047619047619,41.46825396825397,38.69047619047619,31.547619047619047,13.69047619047619,99.8015873015873,22.42063492063492,8.531746031746032,31.41022385490902,74.25,22.023809523809522,50.0,19.642857142857142,27.976190476190478,99.0079365079365,58.3272,169.92,15.15
2019-03-28,50.0,29.563492063492063,54.563492063492056,44.642857142857146,30.753968253968257,14.484126984126988,99.8015873015873,12.103174603174603,8.134920634920634,35.096936078805506,77.85,6.944444444444445,50.0,77.97619047619048,30.753968253968257,98.21428571428571,58.2306,170.312,14.43
2019-03-29,50.0,8.531746031746032,64.88095238095238,73.21428571428571,31.150793650793652,17.658730158730165,99.0079365079365,13.690476190476192,6.15079365079365,47.219823978301065,81.44999999999999,3.373015873015873,50.0,86.70634920634922,41.46825396825397,70.03968253968253,59.0942,171.601,13.71
2019-04-01,50.0,25.595238095238095,71.62698412698413,89.88095238095238,35.11904761904761,27.97619047619048,98.21428571428571,13.690476190476192,1.3888888888888888,68.59711195002625,83.0,10.515873015873016,50.0,82.73809523809523,49.404761904761905,78.37301587301587,60.5689,173.874,13.4
2019-04-02,50.0,5.357142857142857,73.61111111111111,85.11904761904762,39.08730158730159,27.579365079365076,97.81746031746032,17.261904761904763,6.944444444444445,74.79492663254567,83.2,15.674603174603174,50.0,37.5,78.37301587301587,98.21428571428571,60.6593,174.533,13.36
2019-04-03,50.0,61.30952380952381,87.5,83.13492063492063,47.42063492063492,32.341269841269835,97.02380952380952,7.341269841269842,9.325396825396826,84.2280193890968,81.3,41.46825396825397,50.0,65.27777777777779,76.78571428571429,97.42063492063492,62.0,175.536,13.74
2019-04-04,50.0,63.69047619047619,72.42063492063492,79.16666666666666,72.81746031746032,32.73809523809523,96.62698412698413,16.46825396825397,5.357142857142857,83.59789255491033,82.1,50.595238095238095,50.0,54.166666666666664,93.45238095238095,97.42063492063492,62.134,175.469,13.58
2019-04-05,50.0,20.833333333333336,97.81746031746032,86.5079365079365,84.72222222222221,33.13492063492063,97.42063492063492,10.515873015873016,18.452380952380953,92.13752188985393,85.9,9.722222222222223,50.0,85.11904761904762,85.9126984126984,82.73809523809523,62.583,176.377,12.82
2019-04-08,50.0,19.642857142857142,97.81746031746032,82.53968253968253,89.0873015873016,33.92857142857143,97.81746031746032,14.880952380952381,29.563492063492063,96.36031216671456,84.10000000000001,41.07142857142857,50.0,51.388888888888886,78.37301587301587,89.88095238095238,62.7295,176.826,13.18
2019-04-09,50.0,45.83333333333333,73.61111111111111,75.1984126984127,89.0873015873016,33.13492063492063,95.43650793650794,23.214285714285715,57.738095238095234,90.51988285283835,78.6,59.32539682539682,50.0,10.515873015873016,79.56349206349206,91.46825396825396,62.0779,176.205,14.28
2019-04-10,50.0,18.452380952380953,90.27777777777779,83.13492063492063,91.07142857142857,32.73809523809523,94.24603174603175,22.817460317460316,58.13492063492064,99.40749267830257,83.5,17.261904761904763,50.0,75.9920634920635,86.70634920634922,82.73809523809523,62.5581,177.15,13.3
2019-04-11,50.0,3.7698412698412698,86.70634920634922,82.93650793650794,92.26190476190477,34.722222222222214,89.88095238095238,24.801587301587304,70.83333333333334,95.45744386698483,84.9,9.722222222222223,50.0,64.48412698412699,95.03968253968253,79.56349206349206,62.5051,176.73,13.02
2019-04-12,50.0,3.7698412698412698,85.11904761904762,83.53174603174604,93.45238095238095,37.10317460317461,85.11904761904762,25.992063492063494,71.62698412698413,100.0,89.95,84.32539682539682,50.0,84.32539682539682,94.64285714285714,41.07142857142857,63.3718,177.494,12.01
2019-04-15,50.0,0.1984126984126984,68.84920634920636,79.96031746031747,95.43650793650794,37.10317460317461,80.35714285714286,27.18253968253968,69.24603174603175,100.0,88.4,25.992063492063494,50.0,30.357142857142854,91.07142857142857,68.45238095238095,62.901,177.523,12.32
2019-04-16,50.0,78.76984126984127,72.02380952380952,64.48412698412699,99.40476190476191,39.48412698412699,76.78571428571429,21.626984126984127,79.96031746031747,100.0,89.1,65.67460317460318,50.0,50.595238095238095,97.81746031746032,78.76984126984127,64.9151,178.134,12.18
2019-04-17,50.0,99.40476190476191,57.341269841269835,47.42063492063492,99.40476190476191,38.69047619047619,79.56349206349206,30.753968253968257,83.53174603174604,100.0,87.0,63.29365079365079,59.28573623871016,23.214285714285715,93.45238095238095,91.86507936507937,65.9907,178.755,12.6
2019-04-18,50.0,63.29365079365079,60.51587301587301,50.198412698412696,99.0079365079365,38.69047619047619,70.43650793650794,31.944444444444443,84.32539682539682,100.0,89.55,2.579365079365079,50.0,59.72222222222222,89.0873015873016,31.944444444444443,66.0001,178.984,12.09
2019-04-22,50.0,4.563492063492063,37.10317460317461,48.214285714285715,95.43650793650794,39.88095238095239,75.59523809523809,39.08730158730159,86.30952380952381,100.0,87.9,32.34126984126984,50.0,27.976190476190478,80.35714285714286,63.29365079365079,65.9502,179.491,12.42
2019-04-23,50.0,19.246031746031747,52.57936507936508,60.51587301587301,94.24603174603175,41.07142857142857,80.75396825396825,39.08730158730159,80.35714285714286,100.0,88.60000000000001,24.404761904761905,50.0,89.48412698412699,81.54761904761905,90.27777777777779,66.6299,181.773,12.28
2019-04-24,50.0,12.896825396825399,70.43650793650794,64.88095238095238,93.84920634920636,39.48412698412699,79.56349206349206,27.976190476190478,77.18253968253968,94.74619442931571,84.3,35.11904761904761,50.0,49.007936507936506,97.02380952380952,74.8015873015873,67.2472,181.2,13.14
2019-04-25,50.0,52.182539682539684,53.769841269841265,48.01587301587302,93.05555555555556,40.27777777777778,78.37301587301587,47.42063492063492,81.15079365079364,100.0,83.75,83.92857142857143,54.93283864087773,31.944444444444443,91.07142857142857,88.29365079365078,66.0655,181.936,13.25
2019-04-26,50.0,96.23015873015873,60.912698412698404,59.32539682539682,96.62698412698413,40.67460317460318,89.0873015873016,48.214285714285715,77.97619047619048,100.0,86.35,91.86507936507937,50.0,77.57936507936508,96.23015873015873,93.05555555555556,65.5199,182.098,12.73
2019-04-29,50.0,13.690476190476192,42.26190476190476,45.03968253968254,99.8015873015873,42.261904761904766,87.5,60.912698412698404,80.35714285714286,100.0,84.45,60.912698412698404,50.0,42.26190476190476,99.40476190476191,32.34126984126984,65.442,182.451,13.11
2019-04-30,50.0,36.30952380952381,57.738095238095234,64.0873015873016,99.8015873015873,42.261904761904766,74.8015873015873,57.738095238095234,74.8015873015873,87.09242481543006,84.4,66.07142857142857,59.56993581321476,68.05555555555556,98.61111111111111,22.023809523809522,65.9595,181.038,13.12
2019-05-01,50.0,54.563492063492056,36.7063492063492,38.2936507936508,99.40476190476191,39.88095238095239,77.57936507936508,49.801587301587304,84.72222222222221,81.7667940067928,76.0,78.37301587301587,50.06609042216152,6.944444444444445,77.18253968253968,86.70634920634922,65.4326,180.455,14.8
2019-05-02,50.0,49.404761904761905,47.817460317460316,37.10317460317461,98.21428571428571,41.86507936507936,86.30952380952381,43.84920634920635,87.10317460317461,74.61418864973804,77.9,33.53174603174603,50.0,57.738095238095234,71.23015873015873,97.42063492063492,66.0624,179.672,14.42
2019-05-03,50.0,94.24603174603175,64.88095238095238,54.563492063492056,97.42063492063492,44.64285714285714,83.13492063492063,50.198412698412696,79.56349206349206,100.0,85.65,77.18253968253968,50.0,93.05555555555556,87.5,82.73809523809523,66.58,182.537,12.87
2019-05-06,50.0,63.69047619047619,58.13492063492064,42.65873015873016,88.69047619047619,41.46825396825397,85.11904761904762,48.214285714285715,84.32539682539682,89.80115446913933,72.80000000000001,41.46825396825397,50.0,14.484126984126986,75.59523809523809,51.78571428571429,65.495,181.42,15.44
2019-05-07,50.0,64.0873015873016,20.03968253968254,20.03968253968254,80.35714285714286,30.753968253968253,89.88095238095238,47.023809523809526,93.84920634920636,57.53372375646207,53.4,35.51587301587302,49.26824470548187,1.3888888888888888,65.27777777777779,71.62698412698413,63.8831,177.886,19.32
2019-05-08,50.0,35.51587301587302,18.849206349206348,17.658730158730158,72.02380952380952,34.32539682539682,88.29365079365078,50.99206349206349,94.64285714285714,53.43409829240097,53.00000000000001,16.865079365079367,50.0,31.150793650793652,43.452380952380956,79.96031746031747,63.3375,177.437,19.4
2019-05-09,50.0,60.51587301587301,19.246031746031747,18.055555555555554,62.10317460317461,28.769841269841265,84.32539682539682,62.89682539682539,92.26190476190477,44.71440493342888,54.49999999999999,32.34126984126984,50.0,34.32539682539682,41.86507936507937,95.43650793650794,62.6391,176.482,19.1
2019-05-10,50.0,91.46825396825396,18.849206349206348,24.00793650793651,50.99206349206349,34.32539682539682,85.9126984126984,68.84920634920636,85.9126984126984,46.72313010512936,69.80000000000001,52.57936507936508,50.0,74.8015873015873,47.817460317460316,87.5,62.7295,176.702,16.04
2019-05-13,50.0,78.37301587301587,11.30952380952381,12.5,40.27777777777778,17.658730158730165,92.65873015873017,75.59523809523809,93.84920634920636,0.0,48.625,50.595238095238095,38.90330880991433,2.976190476190476,31.944444444444443,92.65873015873017,59.7957,170.569,20.55
2019-05-14,50.0,43.84920634920635,15.277777777777779,16.865079365079367,34.72222222222222,21.230158730158735,93.45238095238095,66.86507936507937,93.84920634920636,7.826906325840799,59.70000000000001,23.214285714285715,50.0,88.69047619047619,26.785714285714285,83.92857142857143,61.1738,172.442,18.06
2019-05-15,50.0,20.833333333333336,25.992063492063494,20.03968253968254,33.53174603174603,21.230158730158735,95.03968253968253,80.75396825396825,91.86507936507937,30.059841748978815,67.8,34.72222222222222,50.0,68.05555555555556,39.88095238095239,96.62698412698413,61.6446,174.877,16.44
2019-05-16,50.0,69.24603174603175,35.11904761904761,25.992063492063494,37.5,27.579365079365076,94.64285714285714,85.11904761904762,85.9126984126984,46.111381984656944,73.55000000000001,29.96031746031746,50.0,89.0873015873016,60.912698412698404,92.65873015873017,60.6718,176.635,15.29
2019-05-17,50.0,88.29365079365078,18.849206349206348,21.626984126984127,35.51587301587302,23.214285714285708,93.84920634920636,88.29365079365078,93.05555555555556,29.621574438789633,70.19999999999999,34.72222222222222,50.0,12.103174603174603,37.89682539682539,72.02380952380952,59.4902,174.829,15.96
2019-05-20,50.0,95.43650793650794,19.642857142857142,19.246031746031747,35.91269841269841,22.02380952380952,95.03968253968253,89.48412698412699,96.62698412698413,2.6772654311179256,68.45,24.404761904761905,50.0,22.817460317460316,33.53174603174603,98.61111111111111,57.1175,171.878,16.31
2019-05-21,50.0,71.23015873015873,52.182539682539684,27.18253968253968,38.69047619047619,28.769841269841265,96.62698412698413,86.70634920634922,89.88095238095238,19.075767287362698,75.25,5.357142857142857,50.0,95.43650793650794,31.944444444444443,92.65873015873017,58.2867,173.674,14.95
2019-05-22,50.0,80.75396825396825,52.57936507936508,26.38888888888889,36.7063492063492,23.214285714285708,96.23015873015873,90.67460317460318,88.29365079365078,12.008706910562417,76.25,29.96031746031746,50.0,32.34126984126984,37.5,95.83333333333334,57.0552,172.9,14.75
2019-05-23,50.0,83.13492063492063,39.48412698412698,17.261904761904763,33.13492063492063,14.087301587301596,95.83333333333334,92.26190476190477,95.03968253968253,0.0,65.39999999999999,14.484126984126986,50.0,9.722222222222223,30.753968253968257,91.07142857142857,56.1666,170.254,16.92
2019-05-24,50.0,62.89682539682539,31.150793650793652,20.03968253968254,29.166666666666668,15.277777777777786,98.21428571428571,91.07142857142857,92.26190476190477,0.0,70.75,6.15079365079365,50.0,58.92857142857143,9.325396825396826,96.62698412698413,55.6771,170.168,15.85
2019-05-28,50.0,37.10317460317461,34.32539682539682,12.103174603174603,24.801587301587304,9.722222222222214,93.84920634920636,87.10317460317461,96.62698412698413,0.0,62.5,0.1984126984126984,35.60737286218104,6.547619047619048,10.515873015873016,78.76984126984127,55.2001,169.528,17.5
2019-05-29,50.0,36.7063492063492,19.246031746031747,9.325396825396826,19.246031746031747,8.531746031746039,92.65873015873017,88.69047619047619,97.42063492063492,0.0,60.50000000000001,13.293650793650794,50.0,13.690476190476192,8.134920634920634,82.73809523809523,55.3997,168.134,17.9
2019-05-30,50.0,14.484126984126986,18.452380952380953,12.103174603174603,12.896825396825399,8.531746031746039,92.65873015873017,89.48412698412699,91.07142857142857,0.0,63.49999999999999,2.1825396825396823,50.0,63.29365079365079,12.5,97.02380952380952,55.8673,168.841,17.3
2019-05-31,50.0,12.896825396825399,5.357142857142857,10.515873015873016,6.547619047619048,4.960317460317469,91.46825396825396,81.15079365079364,94.24603174603175,0.0,56.449999999999996,4.9603174603174605,50.0,12.5,5.753968253968254,80.35714285714286,55.0349,166.147,18.71
2019-06-03,50.0,44.24603174603175,16.071428571428573,14.087301587301587,6.944444444444445,4.166666666666657,90.67460317460318,44.24603174603175,87.10317460317461,0.0,55.7,97.02380952380952,26.45427120776236,72.81746031746032,11.30952380952381,93.05555555555556,55.1658,162.489,18.86
2019-06-04,50.0,38.2936507936508,29.563492063492063,34.32539682539682,6.944444444444445,7.738095238095227,92.26190476190477,39.48412698412698,67.26190476190477,0.0,65.15,52.57936507936508,42.053360409516344,96.62698412698413,10.515873015873016,94.64285714285714,57.579,167.064,16.97
2019-06-05,50.0,20.436507936507937,24.404761904761905,55.75396825396825,10.515873015873016,9.722222222222214,96.23015873015873,36.7063492063492,31.944444444444443,0.0,69.55,14.087301587301587,50.0,76.78571428571429,24.801587301587304,93.84920634920636,57.1643,168.306,16.09
2019-06-06,50.0,41.86507936507937,34.72222222222222,64.88095238095238,11.706349206349206,10.912698412698404,89.88095238095238,43.84920634920635,20.833333333333336,0.0,70.35,20.03968253968254,50.0,74.40476190476191,14.880952380952381,78.76984126984127,57.9562,169.643,15.93
2019-06-07,50.0,62.5,68.45238095238095,77.18253968253968,18.452380952380953,13.293650793650784,90.27777777777779,57.738095238095234,14.484126984126986,12.182187720845656,68.5,50.198412698412696,50.0,83.13492063492063,24.801587301587304,87.89682539682539,58.611,172.919,16.3
2019-06-10,50.0,81.54761904761905,70.03968253968253,84.72222222222221,24.404761904761905,18.055555555555557,95.43650793650794,56.547619047619044,23.61111111111111,30.580284179828343,70.3,61.70634920634921,50.0,63.69047619047619,45.83333333333333,98.21428571428571,60.0389,174.934,15.94
2019-06-11,50.0,50.99206349206349,80.35714285714286,83.13492063492063,29.166666666666668,18.055555555555557,93.45238095238095,54.563492063492056,25.992063492063494,32.76249016181187,70.05,23.214285714285715,50.0,33.92857142857143,32.73809523809524,92.26190476190477,60.279,175.173,15.99
2019-06-12,50.0,14.880952380952381,91.46825396825396,77.18253968253968,31.150793650793652,15.277777777777786,92.26190476190477,48.61111111111111,37.10317460317461,23.52235437199027,70.45,6.547619047619048,50.0,49.801587301587304,27.976190476190478,89.48412698412699,58.8791,174.161,15.91
2019-06-13,50.0,14.880952380952381,94.24603174603175,89.0873015873016,33.13492063492063,15.277777777777786,96.62698412698413,39.08730158730159,26.785714285714285,32.93597097209509,70.89999999999999,7.738095238095238,50.0,74.0079365079365,24.801587301587304,93.05555555555556,59.1628,175.192,15.82
2019-06-14,50.0,61.70634920634921,98.21428571428571,81.15079365079364,33.13492063492063,14.484126984126988,89.88095238095238,46.230158730158735,34.72222222222222,26.13369709520077,73.60000000000001,14.087301587301587,50.0,34.32539682539682,22.817460317460316,47.817460317460316,57.6725,174.447,15.28
2019-06-17,50.0,16.46825396825397,91.46825396825396,79.16666666666666,28.76984126984127,15.277777777777786,85.51587301587301,51.388888888888886,42.65873015873016,35.72992507455103,73.25,16.071428571428573,50.0,37.10317460317461,30.753968253968257,81.54761904761905,57.2459,175.498,15.35
2019-06-18,50.0,44.642857142857146,85.9126984126984,93.05555555555556,28.373015873015873,19.246031746031747,82.34126984126983,39.48412698412698,28.373015873015873,59.01287592835064,74.25,44.642857142857146,50.0,80.75396825396825,30.357142857142854,66.86507936507937,59.7222,178.048,15.15
2019-06-19,50.0,45.43650793650794,84.32539682539682,95.43650793650794,33.53174603174603,17.261904761904773,75.1984126984127,30.753968253968257,18.849206349206348,65.12122656411222,78.35,12.103174603174603,50.0,71.62698412698413,53.37301587301587,52.57936507936508,59.8412,178.717,14.33
2019-06-20,50.0,51.78571428571429,89.0873015873016,99.0079365079365,36.7063492063492,22.02380952380952,53.37301587301587,31.150793650793652,30.753968253968257,80.29623217941197,76.25,5.357142857142857,50.0,93.05555555555556,38.69047619047619,5.357142857142857,60.3452,180.379,14.75
2019-06-21,50.0,25.595238095238095,73.21428571428571,92.65873015873017,37.89682539682539,25.992063492063494,43.05555555555556,33.13492063492063,17.658730158730158,77.84923969752232,73.0,2.976190476190476,75.12915042482726,23.214285714285715,44.24603174603175,9.722222222222223,60.0008,180.111,15.4
2019-06-24,50.0,10.119047619047619,63.29365079365079,88.69047619047619,41.46825396825397,21.230158730158735,33.13492063492063,43.84920634920635,18.849206349206348,77.90402311129606,73.7,1.3888888888888888,50.0,28.373015873015873,53.769841269841265,52.57936507936508,60.0634,180.117,15.26
2019-06-25,50.0,27.976190476190478,48.61111111111111,74.40476190476191,39.48412698412698,14.484126984126988,37.10317460317461,36.7063492063492,32.73809523809524,49.67230387994395,68.6,19.642857142857142,50.0,11.706349206349206,16.071428571428573,78.76984126984127,59.2338,177.025,16.28
2019-06-26,50.0,42.26190476190476,43.452380952380956,50.99206349206349,37.5,17.261904761904773,52.57936507936508,49.404761904761905,40.67460317460318,57.18676213589578,68.94999999999999,9.722222222222223,50.0,31.547619047619047,35.91269841269841,88.29365079365078,61.1466,177.848,16.21
2019-06-27,50.0,29.96031746031746,45.43650793650794,63.29365079365079,35.51587301587302,16.07142857142857,77.57936507936508,36.30952380952381,39.48412698412698,63.39554903024208,70.89999999999999,5.357142857142857,50.0,84.32539682539682,23.214285714285715,94.64285714285714,62.0357,178.528,15.82
2019-06-28,50.0,50.99206349206349,67.65873015873017,72.42063492063492,35.11904761904761,18.849206349206355,87.5,31.547619047619047,44.642857142857146,65.48644932260308,74.6,0.5952380952380952,82.9853378217187,87.5,42.65873015873016,95.43650793650794,62.114,178.757,15.08
2019-07-01,50.0,72.42063492063492,78.37301587301587,76.38888888888889,33.53174603174603,27.182539682539684,95.83333333333334,35.51587301587302,62.89682539682539,87.51851222857091,79.7,8.134920634920634,50.0,75.9920634920635,47.023809523809526,91.07142857142857,63.6793,181.17,14.06
2019-07-02,50.0,3.373015873015873,71.62698412698413,83.92857142857143,38.2936507936508,24.404761904761912,90.27777777777779,38.2936507936508,50.198412698412696,94.07426074348405,85.35,1.3888888888888888,50.0,53.769841269841265,38.69047619047619,51.388888888888886,62.8841,181.888,12.93
2019-07-03,50.0,49.404761904761905,76.78571428571429,92.65873015873017,39.88095238095239,27.579365079365076,87.10317460317461,43.452380952380956,41.07142857142857,100.0,87.15,17.658730158730158,50.0,94.64285714285714,41.07142857142857,77.97619047619048,62.5961,183.257,12.57
2019-07-05,50.0,30.753968253968257,56.547619047619044,86.70634920634922,43.84920634920635,32.73809523809523,86.70634920634922,41.07142857142857,41.46825396825397,96.59858377397144,83.6,18.055555555555554,50.0,26.38888888888889,46.230158730158735,93.84920634920636,62.2392,182.883,13.28
2019-07-08,50.0,42.65873015873016,49.404761904761905,75.1984126984127,44.642857142857146,31.54761904761905,85.11904761904762,54.563492063492056,58.53174603174603,84.93008907345047,80.19999999999999,7.341269841269842,50.0,12.103174603174603,48.214285714285715,93.05555555555556,61.7571,181.6,13.96
2019-07-09,50.0,35.51587301587302,61.30952380952381,74.40476190476191,45.43650793650794,33.53174603174604,84.32539682539682,54.96031746031746,55.35714285714286,93.20626224373417,79.55,24.404761904761905,50.0,54.166666666666664,58.92857142857143,85.51587301587301,62.1422,182.51,14.09
2019-07-10,50.0,71.62698412698413,75.59523809523809,73.61111111111111,50.595238095238095,35.912698412698404,97.02380952380952,60.51587301587301,45.43650793650794,100.0,84.85000000000001,50.99206349206349,50.0,55.75396825396825,53.769841269841265,97.81746031746032,62.643,184.329,13.03
2019-07-11,50.0,55.35714285714286,84.32539682539682,68.84920634920636,54.96031746031746,43.452380952380956,98.21428571428571,73.21428571428571,58.92857142857143,98.78839828061047,85.35,23.214285714285715,50.0,58.13492063492064,60.51587301587301,95.43650793650794,62.8184,184.195,12.93
2019-07-12,50.0,11.706349206349206,81.15079365079364,82.34126984126983,56.15079365079365,46.230158730158735,98.21428571428571,71.23015873015873,49.007936507936506,100.0,88.05,23.61111111111111,50.0,74.40476190476191,58.53174603174603,94.64285714285714,63.961,185.257,12.39
2019-07-15,50.0,14.087301587301587,67.65873015873017,75.9920634920635,59.72222222222222,42.658730158730165,97.81746031746032,78.37301587301587,53.769841269841265,100.0,86.6,22.817460317460316,50.0,45.43650793650794,70.03968253968253,90.67460317460318,64.5214,185.851,12.68
2019-07-16,50.0,30.753968253968257,49.007936507936506,66.07142857142857,60.51587301587301,45.436507936507944,99.0079365079365,69.64285714285714,61.70634920634921,91.40888848235062,85.7,7.341269841269842,50.0,30.357142857142854,64.0873015873016,97.81746031746032,63.8358,184.893,12.86
2019-07-17,50.0,4.563492063492063,34.72222222222222,37.5,58.53174603174603,34.32539682539682,98.21428571428571,64.88095238095238,64.48412698412699,83.25719707364149,80.14999999999999,17.658730158730158,50.0,17.261904761904763,46.230158730158735,91.46825396825396,64.0268,183.984,13.97
2019-07-18,50.0,16.46825396825397,26.38888888888889,43.84920634920635,55.35714285714286,34.722222222222214,98.21428571428571,44.24603174603175,53.37301587301587,85.14939386928239,82.35000000000001,46.62698412698413,50.0,69.24603174603175,43.84920634920635,97.02380952380952,64.9534,184.195,13.53
2019-07-19,50.0,45.83333333333333,22.42063492063492,31.944444444444443,55.35714285714286,32.341269841269835,95.43650793650794,44.24603174603175,64.88095238095238,73.04292148011048,77.75,35.51587301587302,50.0,13.293650793650794,50.99206349206349,68.05555555555556,64.8783,182.845,14.45
2019-07-22,50.0,30.753968253968257,32.34126984126984,33.92857142857143,45.43650793650794,33.53174603174604,96.62698412698413,39.88095238095239,63.29365079365079,86.0910083884404,82.35000000000001,35.91269841269841,50.0,47.817460317460316,33.13492063492063,97.42063492063492,66.118,184.3,13.53
2019-07-23,50.0,8.134920634920634,43.452380952380956,44.84126984126984,43.452380952380956,41.86507936507936,95.83333333333334,36.30952380952381,59.32539682539682,96.90612372276725,86.95,3.7698412698412698,50.0,78.37301587301587,45.83333333333333,96.62698412698413,66.9664,185.506,12.61
2019-07-24,50.0,9.722222222222223,49.007936507936506,50.595238095238095,43.05555555555556,42.261904761904766,99.0079365079365,37.89682539682539,56.547619047619044,100.0,89.65,13.690476190476192,50.0,70.03968253968253,45.43650793650794,99.8015873015873,69.0075,186.808,12.07
2019-07-25,50.0,6.547619047619048,33.92857142857143,37.10317460317461,45.83333333333333,41.86507936507936,99.40476190476191,31.944444444444443,60.912698412698404,84.19946326352911,86.3,60.912698412698404,50.0,18.849206349206348,54.96031746031746,99.40476190476191,67.8492,185.037,12.74
2019-07-26,50.0,25.595238095238095,33.53174603174603,45.03968253968254,46.62698412698413,48.21428571428571,99.8015873015873,36.30952380952381,58.53174603174603,100.0,89.2,86.70634920634922,50.0,74.0079365079365,53.769841269841265,91.86507936507937,67.8304,186.942,12.16
2019-07-29,50.0,14.880952380952381,27.579365079365083,42.65873015873016,51.388888888888886,44.24603174603175,99.8015873015873,35.51587301587302,52.976190476190474,94.28521502212787,85.85,48.61111111111111,50.0,35.51587301587302,48.214285714285715,99.0079365079365,68.0151,186.301,12.83
2019-07-30,50.0,20.436507936507937,34.72222222222222,40.27777777777778,57.341269841269835,41.46825396825397,99.0079365079365,39.08730158730159,63.29365079365079,87.10830097035448,80.3,27.976190476190478,50.0,45.03968253968254,72.81746031746032,88.29365079365078,67.8617,185.496,13.94
2019-07-31,50.0,87.89682539682539,27.579365079365083,24.801587301587304,56.547619047619044,35.51587301587301,97.81746031746032,31.944444444444443,66.07142857142857,64.2402456376844,69.39999999999999,64.48412698412699,51.629447290241075,7.341269841269842,37.89682539682539,82.73809523809523,65.6108,182.931,16.12
2019-08-01,50.0,85.9126984126984,19.246031746031747,16.46825396825397,44.642857142857146,16.46825396825396,95.03968253968253,52.976190476190474,73.21428571428571,56.13612778294854,60.64999999999999,22.42063492063492,43.77148836389148,15.674603174603174,19.642857142857142,88.29365079365078,64.3148,182.022,17.87
2019-08-02,49.22142182276239,86.70634920634922,19.642857142857142,14.484126984126986,37.5,10.912698412698404,94.24603174603175,56.547619047619044,82.34126984126983,32.233883593128795,61.95,23.61111111111111,48.98185930668928,14.880952380952381,14.880952380952381,87.89682539682539,63.3662,179.341,17.61
2019-08-05,40.33032843692337,75.59523809523809,7.738095238095238,5.357142857142857,25.595238095238095,4.166666666666657,85.11904761904762,47.42063492063492,89.0873015873016,0.0,38.525,32.34126984126984,29.108734277303576,0.1984126984126984,7.738095238095238,64.48412698412699,60.6301,173.004,24.59
2019-08-06,41.26909735187637,15.277777777777779,10.119047619047619,10.912698412698413,18.849206349206348,5.753968253968253,78.76984126984127,57.341269841269835,67.26190476190477,0.0,49.574999999999996,20.03968253968254,48.80524490078308,93.45238095238095,13.690476190476192,66.07142857142857,61.4033,175.426,20.17
2019-08-07,41.58025532409202,28.76984126984127,7.738095238095238,13.690476190476192,14.880952380952381,5.753968253968253,80.75396825396825,44.642857142857146,60.51587301587301,5.781828945162873,52.55000000000001,17.261904761904763,47.058161498779135,56.94444444444444,29.166666666666668,87.10317460317461,61.7915,176.374,19.49
2019-08-08,46.57908634942099,33.13492063492063,23.214285714285715,26.38888888888889,20.03968253968254,8.531746031746039,81.54761904761905,50.595238095238095,37.89682539682539,39.999215442935814,65.44999999999999,22.023809523809522,50.0,99.40476190476191,36.7063492063492,89.0873015873016,63.504,180.212,16.91
2019-08-09,48.85895351137001,65.67460317460318,14.087301587301587,21.626984126984127,22.42063492063492,7.738095238095227,84.32539682539682,50.198412698412696,60.51587301587301,24.89649196007314,60.150000000000006,15.277777777777779,50.0,14.087301587301587,31.150793650793652,94.64285714285714,62.3957,178.518,17.97
2019-08-12,50.0,45.43650793650794,6.15079365079365,15.873015873015872,26.38888888888889,4.563492063492063,97.42063492063492,63.69047619047619,45.43650793650794,6.637709378666361,47.275,21.23015873015873,50.0,4.563492063492063,26.38888888888889,99.8015873015873,61.5786,176.47,21.09
2019-08-13,50.0,79.56349206349206,16.46825396825397,25.595238095238095,32.34126984126984,7.341269841269835,98.61111111111111,74.8015873015873,37.5,41.11364309072672,62.4,31.150793650793652,50.0,96.23015873015873,39.48412698412698,96.62698412698413,63.3975,180.337,17.52
2019-08-14,50.0,57.341269841269835,12.103174603174603,10.515873015873016,31.944444444444443,1.3888888888888857,99.40476190476191,68.05555555555556,66.86507936507937,0.0,44.75,29.563492063492063,44.18544157422513,0.1984126984126984,23.61111111111111,91.07142857142857,61.4472,174.948,22.1
2019-08-15,50.0,29.96031746031746,20.03968253968254,14.484126984126986,26.38888888888889,1.3888888888888857,99.0079365079365,64.48412698412699,67.26190476190477,0.0,47.05,37.5,50.0,60.11904761904761,15.277777777777779,85.51587301587301,61.3345,174.747,21.18
2019-08-16,50.0,74.8015873015873,43.05555555555556,24.801587301587304,28.76984126984127,2.9761904761904816,96.62698412698413,45.83333333333333,47.42063492063492,16.275279676762246,57.650000000000006,27.18253968253968,50.0,98.21428571428571,46.62698412698413,62.10317460317461,62.9686,177.551,18.47
2019-08-19,50.0,56.547619047619044,86.30952380952381,32.73809523809524,33.13492063492063,7.341269841269835,89.88095238095238,54.166666666666664,34.32539682539682,41.452429095655184,65.6,16.865079365079367,50.0,97.02380952380952,39.88095238095239,91.46825396825396,64.1269,180.375,16.88
2019-08-20,50.0,27.579365079365083,53.769841269841265,27.18253968253968,33.92857142857143,4.166666666666657,89.0873015873016,64.88095238095238,54.166666666666664,28.997585703943834,62.5,14.880952380952381,50.0,8.134920634920634,45.43650793650794,88.29365079365078,63.889,178.978,17.5
2019-08-21,50.0,36.7063492063492,68.84920634920636,37.5,37.89682539682539,7.341269841269835,87.10317460317461,58.13492063492064,38.69047619047619,43.16418996266216,71.0,26.785714285714285,50.0,92.26190476190477,37.5,76.38888888888889,64.4118,180.567,15.8
2019-08-22,50.0,42.65873015873016,43.05555555555556,35.91269841269841,43.452380952380956,8.92857142857143,89.88095238095238,56.547619047619044,28.373015873015873,37.95758399218299,66.6,21.23015873015873,50.0,39.88095238095239,34.72222222222222,99.0079365079365,64.4557,179.983,16.68
2019-08-23,50.0,84.72222222222221,30.753968253968257,16.071428571428573,32.34126984126984,1.7857142857142918,93.84920634920636,53.769841269841265,58.92857142857143,0.0,50.64999999999999,67.26190476190477,43.682415564749206,0.5952380952380952,9.722222222222223,82.34126984126983,61.6131,174.287,19.87
2019-08-26,50.0,35.91269841269841,68.45238095238095,25.595238095238095,27.18253968253968,2.9761904761904816,91.86507936507937,65.27777777777779,33.92857142857143,10.640733489531524,53.4,15.277777777777779,50.0,94.64285714285714,20.436507936507937,80.75396825396825,62.1359,176.919,19.32
2019-08-27,50.0,2.579365079365079,42.65873015873016,24.404761904761905,20.833333333333336,2.1825396825396837,92.26190476190477,68.05555555555556,26.785714285714285,7.315281388523272,49.225,19.642857142857142,50.0,24.404761904761905,10.119047619047619,89.0873015873016,61.9042,176.546,20.31
2019-08-28,50.0,10.119047619047619,78.76984126984127,34.32539682539682,15.674603174603174,2.5793650793650755,93.84920634920636,67.26190476190477,25.595238095238095,12.949827575754203,53.24999999999999,2.976190476190476,50.0,85.11904761904762,20.436507936507937,85.9126984126984,62.2956,177.178,19.35
2019-08-29,50.0,31.944444444444443,93.05555555555556,57.738095238095234,12.896825396825399,6.150793650793645,92.65873015873017,75.9920634920635,13.293650793650794,37.1017035586795,60.6,4.563492063492063,50.0,96.62698412698413,24.801587301587304,97.81746031746032,63.792,179.887,17.88
2019-08-30,50.0,72.42063492063492,77.57936507936508,66.86507936507937,19.246031746031747,6.150793650793645,92.65873015873017,85.11904761904762,13.293650793650794,33.25915702909623,55.1,17.261904761904763,50.0,60.912698412698404,25.992063492063494,82.73809523809523,64.0925,179.456,18.98
2019-09-03,50.0,12.896825396825399,49.404761904761905,41.07142857142857,21.23015873015873,4.960317460317469,91.46825396825396,89.48412698412699,42.26190476190476,17.728493329481807,51.7,2.976190476190476,50.0,21.23015873015873,25.595238095238095,73.21428571428571,63.0375,177.714,19.66
2019-09-04,50.0,23.214285714285715,83.92857142857143,68.45238095238095,25.198412698412696,8.531746031746039,91.07142857142857,87.5,39.48412698412698,40.59654866215188,63.35000000000001,0.992063492063492,50.0,95.43650793650794,35.11904761904761,85.11904761904762,64.7311,180.279,17.33
2019-09-05,50.0,70.43650793650794,80.35714285714286,88.29365079365078,26.785714285714285,14.88095238095238,84.72222222222221,81.54761904761905,29.563492063492063,70.04418482737945,68.65,10.515873015873016,50.0,82.73809523809523,23.61111111111111,52.976190476190474,66.7222,183.582,16.27
2019-09-06,50.0,22.817460317460316,87.10317460317461,87.10317460317461,31.150793650793652,14.484126984126988,79.56349206349206,74.0079365079365,37.5,68.42157817219595,75.0,7.341269841269842,50.0,58.53174603174603,50.198412698412696,83.92857142857143,66.9006,183.4,15.0
2019-09-09,50.0,42.26190476190476,98.61111111111111,69.64285714285714,39.08730158730159,18.45238095238095,79.16666666666666,70.43650793650794,56.94444444444444,65.00697185936443,73.65,11.30952380952381,50.0,48.214285714285715,51.78571428571429,81.15079365079364,67.1448,183.017,15.27
2019-09-10,50.0,36.30952380952381,94.24603174603175,62.5,42.26190476190476,22.02380952380952,83.13492063492063,52.57936507936508,62.10317460317461,60.31746031746046,74.0,2.579365079365079,54.00689022047338,53.769841269841265,34.72222222222222,85.11904761904762,67.4454,182.491,15.2
2019-09-11,50.0,60.11904761904761,98.61111111111111,67.26190476190477,40.67460317460318,27.579365079365076,74.0079365079365,58.92857142857143,52.182539682539684,75.58957680278728,76.95,21.626984126984127,50.0,70.43650793650794,28.373015873015873,63.69047619047619,68.4565,184.204,14.61
2019-09-12,50.0,79.16666666666666,96.62698412698413,69.64285714285714,43.05555555555556,37.10317460317461,82.73809523809523,73.21428571428571,61.70634920634921,82.41878942845014,78.9,9.325396825396826,50.0,59.32539682539682,34.72222222222222,78.37301587301587,68.6099,184.97,14.22
2019-09-13,50.0,87.10317460317461,81.94444444444444,66.07142857142857,42.65873015873016,47.023809523809526,68.45238095238095,63.29365079365079,59.72222222222222,76.52569602693161,81.3,12.896825396825399,50.0,45.83333333333333,50.99206349206349,40.67460317460318,68.4722,184.309,13.74
2019-09-16,50.0,0.5952380952380952,73.21428571428571,67.26190476190477,30.357142857142854,39.48412698412699,64.48412698412699,35.51587301587302,55.35714285714286,69.18830439387597,76.65,4.166666666666666,50.0,39.08730158730159,11.30952380952381,58.53174603174603,68.0308,183.486,14.67
2019-09-17,50.0,22.42063492063492,88.69047619047619,79.16666666666666,27.18253968253968,38.29365079365079,62.89682539682539,37.5,59.32539682539682,77.04279045550648,77.80000000000001,0.1984126984126984,50.0,60.317460317460316,22.817460317460316,70.03968253968253,68.1811,184.367,14.44
2019-09-18,50.0,59.32539682539682,70.83333333333334,73.61111111111111,35.51587301587302,37.89682539682539,61.30952380952381,62.5,62.89682539682539,76.3563030244673,80.25,25.595238095238095,50.0,42.26190476190476,63.29365079365079,56.15079365079365,68.3063,184.29,13.95
2019-09-19,50.0,67.26190476190477,53.769841269841265,73.4126984126984,45.43650793650794,35.912698412698404,52.976190476190474,68.05555555555556,64.88095238095238,79.09333732744207,79.75,17.658730158730158,50.0,37.10317460317461,65.27777777777779,30.357142857142854,67.8586,184.597,14.05
2019-09-20,50.0,68.05555555555556,42.26190476190476,64.68253968253968,46.230158730158735,25.595238095238088,45.03968253968254,54.96031746031746,64.88095238095238,61.68151975835636,73.4,26.785714285714285,65.99987709096304,22.023809523809522,52.57936507936508,7.341269841269842,66.6095,182.644,15.32
2019-09-23,50.0,8.531746031746032,41.86507936507937,59.72222222222222,52.182539682539684,24.404761904761912,44.24603174603175,38.69047619047619,64.48412698412699,62.40366887412484,75.45,13.690476190476192,50.0,45.03968253968254,35.91269841269841,51.388888888888886,67.3953,182.725,14.91
2019-09-24,50.0,32.34126984126984,28.76984126984127,40.67460317460318,52.57936507936508,18.055555555555557,44.642857142857146,50.595238095238095,71.23015873015873,40.76594166461602,64.75,41.86507936507937,50.0,13.88888888888889,30.357142857142854,75.1984126984127,66.2821,180.298,17.05
2019-09-25,50.0,56.94444444444444,28.76984126984127,48.61111111111111,52.182539682539684,24.801587301587304,43.05555555555556,39.88095238095239,49.404761904761905,58.81075413764694,70.19999999999999,31.944444444444443,50.0,70.03968253968253,56.94444444444444,47.42063492063492,67.3922,182.322,15.96
2019-09-26,50.0,16.46825396825397,24.404761904761905,42.65873015873016,51.388888888888886,21.626984126984127,57.341269841269835,65.27777777777779,62.5,52.819591103122896,69.65,28.76984126984127,50.0,37.89682539682539,60.51587301587301,81.54761904761905,67.4771,181.65,16.07
2019-09-27,50.0,82.34126984126983,21.23015873015873,31.547619047619047,40.27777777777778,20.03968253968253,65.67460317460318,80.75396825396825,77.18253968253968,32.72423175815655,63.900000000000006,52.182539682539684,50.0,23.61111111111111,18.849206349206348,76.38888888888889,65.8985,179.396,17.22
2019-09-30,50.0,55.35714285714286,26.38888888888889,38.2936507936508,43.84920634920635,24.404761904761912,66.86507936507937,74.8015873015873,72.81746031746032,47.951771137572194,68.80000000000001,11.706349206349206,50.0,68.05555555555556,47.42063492063492,61.70634920634921,66.4802,181.104,16.24
2019-10-01,50.0,65.67460317460318,14.087301587301587,15.674603174603174,34.72222222222222,18.055555555555557,70.03968253968253,79.56349206349206,93.45238095238095,34.77477863009199,57.2,22.023809523809522,50.0,4.9603174603174605,8.134920634920634,82.73809523809523,65.8576,179.626,18.56
2019-10-02,50.0,34.72222222222222,4.563492063492063,5.753968253968254,28.76984126984127,12.103174603174608,79.16666666666666,81.54761904761905,99.8015873015873,7.2439580190648405,48.6,24.404761904761905,50.0,2.1825396825396823,34.72222222222222,75.1984126984127,64.8953,176.538,20.56
2019-10-03,50.0,40.67460317460318,10.912698412698413,8.928571428571429,24.801587301587304,12.103174603174608,85.9126984126984,82.34126984126983,98.61111111111111,24.513128849232935,54.39999999999999,44.24603174603175,50.0,82.34126984126983,37.10317460317461,99.40476190476191,66.0368,178.475,19.12
2019-10-04,50.0,66.46825396825396,27.18253968253968,23.61111111111111,35.11904761904761,14.087301587301596,91.07142857142857,83.92857142857143,84.72222222222221,47.951771137572194,64.80000000000001,36.30952380952381,50.0,95.43650793650794,65.27777777777779,92.26190476190477,67.1343,181.104,17.04
2019-10-07,50.0,53.769841269841265,19.642857142857142,18.055555555555554,36.30952380952381,14.88095238095238,97.02380952380952,83.92857142857143,87.10317460317461,43.075035750838694,60.7,21.23015873015873,50.0,14.087301587301587,50.99206349206349,97.02380952380952,66.7412,180.557,17.86
2019-10-08,50.0,55.35714285714286,15.674603174603174,7.341269841269842,49.801587301587304,10.11904761904762,97.42063492063492,83.13492063492063,97.02380952380952,18.95882145264306,49.3,11.706349206349206,50.0,3.7698412698412698,38.69047619047619,87.10317460317461,64.6752,177.852,20.28
2019-10-09,50.0,25.595238095238095,19.246031746031747,14.880952380952381,52.182539682539684,14.88095238095238,97.42063492063492,82.34126984126983,87.10317460317461,34.43599262516352,56.8,7.738095238095238,50.0,92.26190476190477,45.43650793650794,89.48412698412699,65.7318,179.588,18.64
2019-10-10,50.0,37.5,27.976190476190478,20.436507936507937,56.94444444444444,22.02380952380952,98.61111111111111,90.67460317460318,88.69047619047619,46.83734348978128,62.15,28.373015873015873,50.0,76.78571428571429,63.29365079365079,99.40476190476191,66.3733,180.979,17.57
2019-10-11,50.0,86.70634920634922,45.03968253968254,36.7063492063492,53.37301587301587,33.53174603174604,97.81746031746032,81.54761904761905,72.42063492063492,67.61919026578641,72.1,46.62698412698413,50.0,84.32539682539682,45.03968253968254,88.69047619047619,67.9393,183.31,15.58
2019-10-14,50.0,54.563492063492056,31.944444444444443,34.72222222222222,52.182539682539684,32.73809523809523,96.23015873015873,87.10317460317461,69.64285714285714,67.44088184213987,77.15,26.785714285714285,50.0,27.18253968253968,48.214285714285715,79.96031746031747,67.9299,183.29,14.57
2019-10-15,50.0,82.34126984126983,61.30952380952381,51.388888888888886,48.61111111111111,44.64285714285714,99.8015873015873,89.0873015873016,37.5,88.22272861814538,82.30000000000001,66.07142857142857,50.0,80.75396825396825,25.595238095238095,99.40476190476191,69.4236,185.621,13.54
2019-10-16,50.0,57.341269841269835,76.78571428571429,47.023809523809526,50.595238095238095,39.88095238095239,99.0079365079365,93.05555555555556,46.230158730158735,84.12163487427469,81.6,29.563492063492063,50.0,35.91269841269841,51.388888888888886,77.97619047619048,68.4393,185.161,13.68
2019-10-17,50.0,21.626984126984127,72.02380952380952,53.769841269841265,56.15079365079365,44.24603174603175,95.03968253968253,89.0873015873016,31.150793650793652,88.4812758324328,81.05000000000001,72.02380952380952,50.0,66.07142857142857,83.13492063492063,91.46825396825396,68.5557,185.65,13.79
2019-10-18,50.0,2.976190476190476,53.769841269841265,50.198412698412696,56.94444444444444,40.27777777777778,92.65873015873017,79.16666666666666,34.72222222222222,72.57616444316061,78.75,61.70634920634921,50.0,42.65873015873016,53.769841269841265,63.29365079365079,67.8293,183.866,14.25
2019-10-21,50.0,20.03968253968254,75.1984126984127,61.70634920634921,59.72222222222222,51.38888888888889,92.65873015873017,84.32539682539682,36.30952380952381,87.11721639153689,80.0,39.08730158730159,50.0,72.42063492063492,67.65873015873017,83.92857142857143,69.1657,185.497,14.0
2019-10-22,50.0,13.690476190476192,94.64285714285714,51.78571428571429,66.86507936507937,47.817460317460316,81.15079365079364,88.29365079365078,45.43650793650794,73.9402238840567,77.69999999999999,44.642857142857146,50.0,38.2936507936508,63.69047619047619,75.9920634920635,68.562,184.019,14.46
2019-10-23,50.0,45.83333333333333,82.73809523809523,55.35714285714286,68.05555555555556,48.611111111111114,88.69047619047619,84.72222222222221,33.92857142857143,77.10519840378285,79.95,19.642857142857142,50.0,58.13492063492064,61.30952380952381,97.02380952380952,67.2412,184.374,14.01
2019-10-24,50.0,98.21428571428571,70.03968253968253,60.912698412698404,61.70634920634921,51.785714285714285,95.43650793650794,73.61111111111111,37.10317460317461,93.09946400487851,81.44999999999999,79.96031746031747,50.0,47.817460317460316,51.78571428571429,99.8015873015873,68.9047,186.168,13.71
2019-10-25,50.0,99.8015873015873,60.912698412698404,60.912698412698404,63.69047619047619,56.547619047619044,99.8015873015873,74.0079365079365,34.32539682539682,100.0,86.75,99.0079365079365,50.0,56.94444444444444,56.547619047619044,98.21428571428571,70.345,187.655,12.65
2019-10-28,50.0,55.75396825396825,70.83333333333334,58.13492063492064,66.46825396825396,66.46825396825398,99.8015873015873,96.62698412698413,34.32539682539682,100.0,84.45,78.37301587301587,50.0,56.94444444444444,83.53174603174604,97.42063492063492,71.6248,189.506,13.11
2019-10-29,50.0,27.976190476190478,60.11904761904761,61.70634920634921,66.07142857142857,65.27777777777777,99.8015873015873,89.0873015873016,21.626984126984127,87.08923903904552,84.0,52.57936507936508,50.0,50.39682539682539,61.70634920634921,93.05555555555556,70.8827,188.038,13.2
2019-10-30,50.0,3.7698412698412698,68.45238095238095,68.25396825396825,67.26190476190477,61.7063492063492,99.0079365079365,89.48412698412699,14.484126984126986,95.11009326001972,88.35,56.15079365079365,50.0,52.38095238095239,70.83333333333334,80.75396825396825,70.9078,188.95,12.33
2019-10-31,50.0,12.5,47.817460317460316,54.166666666666664,68.84920634920636,31.944444444444443,93.45238095238095,96.62698412698413,16.865079365079367,95.86644574138373,83.9,33.92857142857143,51.59905822605063,16.865079365079367,57.341269841269835,53.37301587301587,70.5494,189.036,13.22
2019-11-01,50.0,70.83333333333334,58.92857142857143,67.46031746031747,74.0079365079365,49.801587301587304,79.16666666666666,94.64285714285714,7.738095238095238,100.0,88.5,52.976190476190474,50.0,73.21428571428571,70.03968253968253,36.7063492063492,72.1688,190.753,12.3
2019-11-04,50.0,14.880952380952381,51.78571428571429,58.53174603174603,72.02380952380952,60.91269841269841,66.07142857142857,90.27777777777779,12.5,100.0,85.85,16.071428571428573,50.0,51.78571428571429,79.16666666666666,55.75396825396825,73.7757,191.933,12.83
2019-11-05,50.0,22.817460317460316,52.182539682539684,49.801587301587304,70.43650793650794,68.45238095238095,66.07142857142857,93.45238095238095,17.658730158730158,100.0,84.5,0.5952380952380952,52.64654973185685,37.5,56.547619047619044,93.05555555555556,73.8166,192.038,13.1
2019-11-06,50.0,10.515873015873016,47.42063492063492,47.817460317460316,71.23015873015873,63.69047619047619,66.07142857142857,99.0079365079365,27.579365079365083,96.25942087850662,86.9,2.1825396825396823,50.0,48.61111111111111,74.8015873015873,83.53174603174604,73.3229,191.607,12.62
2019-11-07,50.0,22.42063492063492,48.61111111111111,50.0,75.59523809523809,81.94444444444444,77.18253968253968,99.40476190476191,23.214285714285715,100.0,86.35,27.579365079365083,55.31925203968746,49.801587301587304,64.48412698412699,94.64285714285714,73.7663,192.249,12.73
2019-11-08,50.0,2.1825396825396823,48.214285714285715,50.198412698412696,68.45238095238095,85.51587301587301,77.97619047619048,93.05555555555556,20.833333333333336,100.0,89.65,13.690476190476192,50.0,58.333333333333336,52.57936507936508,40.27777777777778,74.1374,193.017,12.07
2019-11-11,50.0,34.32539682539682,39.88095238095239,50.39682539682539,69.64285714285714,85.11904761904762,81.54761904761905,83.92857142857143,26.38888888888889,97.76358213697944,86.55,50.595238095238095,50.0,33.53174603174603,81.54761904761905,67.26190476190477,73.8323,192.758,12.69
2019-11-12,50.0,14.880952380952381,38.69047619047619,52.57936507936508,78.37301587301587,83.92857142857143,88.29365079365078,85.9126984126984,13.293650793650794,100.0,86.6,29.166666666666668,50.0,45.23809523809524,85.9126984126984,98.21428571428571,73.9833,193.314,12.68
2019-11-13,50.0,28.373015873015873,37.5,54.166666666666664,77.57936507936508,79.16666666666666,87.5,79.96031746031747,16.865079365079367,100.0,85.0,73.61111111111111,50.0,50.198412698412696,67.65873015873017,81.94444444444444,74.0619,193.362,13.0
2019-11-14,50.0,61.30952380952381,54.166666666666664,59.72222222222222,81.15079365079364,71.62698412698413,76.78571428571429,83.92857142857143,24.00793650793651,98.67261061290925,84.75,67.65873015873017,50.0,58.92857142857143,86.70634920634922,57.341269841269835,73.8166,193.208,13.05
2019-11-15,50.0,89.88095238095238,58.13492063492064,65.67460317460318,83.53174603174604,80.75396825396825,74.40476190476191,77.97619047619048,26.785714285714285,100.0,89.75,57.341269841269835,50.0,82.14285714285714,70.43650793650794,26.38888888888889,74.4927,194.628,12.05
2019-11-18,50.0,52.976190476190474,52.182539682539684,64.48412698412699,80.75396825396825,78.37301587301587,73.21428571428571,85.11904761904762,24.00793650793651,100.0,87.69999999999999,31.944444444444443,50.0,41.07142857142857,61.30952380952381,54.166666666666664,74.3229,194.782,12.46
2019-11-19,50.0,46.62698412698413,58.92857142857143,62.89682539682539,78.76984126984127,74.4047619047619,48.214285714285715,79.56349206349206,31.547619047619047,100.0,85.7,45.83333333333333,50.0,52.57936507936508,75.9920634920635,27.18253968253968,73.9518,195.069,12.86
2019-11-20,50.0,97.42063492063492,49.801587301587304,50.99206349206349,77.97619047619048,62.5,43.05555555555556,75.1984126984127,35.11904761904761,90.00353720991052,86.10000000000001,96.23015873015873,59.91570135676783,24.206349206349206,64.0873015873016,45.83333333333333,73.0808,193.899,12.78
2019-11-21,50.0,57.738095238095234,40.27777777777778,39.08730158730159,62.10317460317461,66.07142857142857,41.86507936507937,80.35714285714286,24.404761904761905,86.31253556433896,84.35,37.10317460317461,50.0,22.023809523809522,38.2936507936508,49.801587301587304,72.3009,193.467,13.13
2019-11-22,50.0,29.96031746031746,41.07142857142857,39.48412698412698,58.53174603174603,68.05555555555556,45.43650793650794,70.83333333333334,31.944444444444443,87.38053372567343,88.3,29.563492063492063,50.0,62.10317460317461,54.563492063492056,50.99206349206349,72.2254,193.592,12.34
2019-11-25,50.0,37.5,60.11904761904761,66.86507936507937,57.341269841269835,75.5952380952381,46.62698412698413,64.88095238095238,22.42063492063492,100.0,90.65,30.753968253968257,50.0,80.75396825396825,57.738095238095234,61.30952380952381,73.9581,195.885,11.87
2019-11-26,50.0,35.11904761904761,67.26190476190477,72.81746031746032,57.341269841269835,74.4047619047619,53.37301587301587,63.29365079365079,24.404761904761905,100.0,92.30000000000001,1.3888888888888888,66.8144465689813,64.0873015873016,76.38888888888889,76.38888888888889,73.6814,196.259,11.54
2019-11-27,50.0,31.547619047619047,73.21428571428571,81.15079365079364,60.51587301587301,84.72222222222223,54.563492063492056,66.86507936507937,36.7063492063492,100.0,91.25,12.896825396825399,50.0,72.81746031746032,78.37301587301587,47.42063492063492,74.2128,197.63,11.75
2019-11-29,50.0,37.10317460317461,50.99206349206349,66.86507936507937,72.81746031746032,82.73809523809524,49.007936507936506,77.18253968253968,49.404761904761905,92.40162593398446,86.9,22.42063492063492,50.0,9.722222222222223,65.67460317460318,18.452380952380953,73.4172,196.729,12.62
2019-12-02,50.0,42.65873015873016,23.61111111111111,33.53174603174603,74.40476190476191,64.48412698412699,51.388888888888886,76.78571428571429,53.37301587301587,75.40859181298386,75.45,32.34126984126984,50.0,8.134920634920634,68.05555555555556,68.05555555555556,72.2883,194.714,14.91
2019-12-03,50.0,60.11904761904761,18.452380952380953,24.404761904761905,73.21428571428571,42.261904761904766,58.13492063492064,74.40476190476191,79.16666666666666,62.547858793368015,70.19999999999999,21.626984126984127,50.0,16.071428571428573,46.230158730158735,81.94444444444444,71.1688,193.189,15.96
2019-12-04,50.0,39.88095238095239,24.00793650793651,34.32539682539682,70.43650793650794,55.357142857142854,50.198412698412696,77.57936507936508,80.35714285714286,70.80402772858383,76.0,8.928571428571429,50.0,81.54761904761905,64.48412698412699,55.75396825396825,72.2946,194.168,14.8
2019-12-05,50.0,8.928571428571429,29.166666666666668,37.5,67.65873015873017,62.10317460317461,68.84920634920636,82.73809523809523,76.78571428571429,74.03396920170678,77.4,6.547619047619048,50.0,57.738095238095234,70.43650793650794,92.26190476190477,72.6562,194.551,14.52
2019-12-06,50.0,35.11904761904761,54.166666666666664,51.78571428571429,69.24603174603175,78.76984126984127,80.35714285714286,91.07142857142857,63.29365079365079,91.59203224881516,81.9,52.57936507936508,50.0,84.72222222222221,68.84920634920636,75.1984126984127,73.7065,196.633,13.62
2019-12-09,50.0,48.61111111111111,41.07142857142857,40.27777777777778,71.62698412698413,73.21428571428572,82.34126984126983,99.0079365079365,64.48412698412699,84.06955759078434,70.7,68.05555555555556,50.0,25.992063492063494,78.76984126984127,73.21428571428571,73.3701,195.741,15.86
2019-12-10,50.0,45.83333333333333,25.198412698412696,34.32539682539682,78.76984126984127,75.5952380952381,72.42063492063492,98.21428571428571,70.03968253968253,82.69493497950725,71.6,52.182539682539684,50.0,32.73809523809524,83.53174603174604,44.24603174603175,73.6814,195.578,15.68
2019-12-11,50.0,64.48412698412699,24.801587301587304,37.698412698412696,83.92857142857143,66.46825396825398,72.02380952380952,89.48412698412699,69.64285714285714,91.43180016529206,75.05,45.83333333333333,50.0,60.51587301587301,91.07142857142857,51.78571428571429,75.1908,196.614,14.99
2019-12-12,50.0,83.13492063492063,25.198412698412696,50.79365079365079,84.72222222222221,92.65873015873015,68.84920634920636,91.07142857142857,58.53174603174603,100.0,80.3,85.51587301587301,59.274251970314,74.8015873015873,82.34126984126983,81.54761904761905,77.2285,198.081,13.94
2019-12-13,50.0,93.05555555555556,36.7063492063492,45.83333333333333,88.29365079365078,83.53174603174602,67.26190476190477,99.8015873015873,65.27777777777779,100.0,86.85,83.13492063492063,52.950678631836084,35.11904761904761,87.5,72.02380952380952,76.8889,198.733,12.63
2019-12-16,50.71019335137561,76.38888888888889,68.84920634920636,66.46825396825396,89.0873015873016,93.45238095238095,43.84920634920635,99.8015873015873,61.70634920634921,100.0,89.3,93.84920634920636,61.9154662286352,80.95238095238095,87.89682539682539,2.579365079365079,77.6247,200.728,12.14
2019-12-17,55.06765759687468,14.087301587301587,79.96031746031747,67.65873015873017,89.88095238095238,93.45238095238095,37.10317460317461,99.0079365079365,56.547619047619044,100.0,88.55000000000001,53.37301587301587,56.00322515322078,43.65079365079365,88.29365079365078,6.15079365079365,77.9749,200.844,12.29
2019-12-18,60.27560527911973,7.738095238095238,64.88095238095238,54.36507936507936,89.0873015873016,93.45238095238095,28.373015873015873,96.62698412698413,66.46825396825396,100.0,87.1,65.67460317460318,60.27560527911973,37.5,85.51587301587301,12.896825396825399,77.9339,200.997,12.58
2019-12-19,61.546713533906086,52.976190476190474,69.24603174603175,68.84920634920636,90.67460317460318,94.64285714285714,2.976190476190476,98.21428571428571,48.61111111111111,100.0,87.5,74.0079365079365,56.64191486463624,64.48412698412699,89.48412698412699,0.1984126984126984,78.5619,202.254,12.5
2019-12-20,73.90226140128567,74.8015873015873,66.07142857142857,77.97619047619048,91.46825396825396,97.81746031746032,0.1984126984126984,91.07142857142857,40.27777777777778,100.0,87.45,31.150793650793652,79.08304712373183,79.56349206349206,97.02380952380952,0.1984126984126984,79.3098,203.069,12.51
2019-12-23,71.7111661878605,58.53174603174603,69.24603174603175,71.62698412698413,93.84920634920636,98.21428571428571,0.5952380952380952,97.42063492063492,29.96031746031746,100.0,86.95,72.81746031746032,50.0,28.76984126984127,99.8015873015873,7.341269841269842,79.5623,203.605,12.61
2019-12-24,57.44198229237997,97.42063492063492,71.62698412698413,79.96031746031747,96.62698412698413,95.43650793650794,0.992063492063492,97.42063492063492,33.53174603174603,100.0,86.65,99.8015873015873,50.0,39.682539682539684,98.61111111111111,64.0873015873016,79.6917,203.711,12.67
2019-12-26,50.0,99.8015873015873,75.9920634920635,83.13492063492063,98.61111111111111,98.21428571428571,2.579365079365079,99.0079365079365,27.18253968253968,100.0,86.75,99.8015873015873,50.0,68.45238095238095,95.03968253968253,60.11904761904761,79.7832,205.508,12.65
2019-12-27,50.0,99.8015873015873,60.912698412698404,81.94444444444444,99.40476190476191,97.02380952380952,27.579365079365083,98.21428571428571,21.23015873015873,98.59697270503668,82.85,99.8015873015873,50.0,34.72222222222222,96.23015873015873,87.89682539682539,79.6254,205.335,13.43
2019-12-30,50.0,98.21428571428571,47.42063492063492,66.86507936507937,97.02380952380952,93.84920634920636,68.05555555555556,97.42063492063492,31.547619047619047,87.68093375115961,75.9,99.0079365079365,50.0,9.722222222222223,80.35714285714286,95.43650793650794,79.0258,203.989,14.82
2019-12-31,50.0,82.34126984126983,46.230158730158735,81.94444444444444,90.67460317460318,90.27777777777777,73.61111111111111,82.34126984126983,10.515873015873016,90.80327773128033,81.1,79.16666666666666,50.0,77.18253968253968,78.37301587301587,33.53174603174603,79.2404,204.374,13.78
2020-01-02,50.0,90.67460317460318,52.976190476190474,69.24603174603175,89.48412698412699,90.27777777777777,79.16666666666666,97.81746031746032,6.944444444444445,100.0,87.64999999999999,79.96031746031747,50.0,58.92857142857143,96.23015873015873,76.38888888888889,80.8782,207.786,12.47
2020-01-03,50.0,94.24603174603175,37.89682539682539,54.761904761904766,88.29365079365078,79.16666666666666,78.76984126984127,87.10317460317461,11.706349206349206,84.73589815162396,79.9,93.05555555555556,50.0,13.293650793650794,86.70634920634922,56.15079365079365,79.3698,205.883,14.02
2020-01-06,50.0,64.48412698412699,33.53174603174603,47.023809523809526,87.10317460317461,84.32539682539682,79.56349206349206,92.65873015873017,25.595238095238095,95.37986197337655,80.75,72.42063492063492,50.0,46.230158730158735,89.0873015873016,89.48412698412699,78.543,207.21,13.85
2020-01-07,50.0,94.24603174603175,18.055555555555554,29.96031746031746,89.0873015873016,84.72222222222223,81.54761904761905,82.73809523809523,27.976190476190478,95.14725085745273,81.05000000000001,90.67460317460318,53.41265536620708,23.214285714285715,92.65873015873017,95.83333333333334,79.9883,207.181,13.79
2020-01-08,50.0,95.03968253968253,29.166666666666668,36.904761904761905,92.26190476190477,89.48412698412699,91.07142857142857,80.75396825396825,14.087301587301587,100.0,82.75,95.03968253968253,65.01500930691464,70.43650793650794,91.86507936507937,91.07142857142857,79.9157,208.738,13.45
2020-01-09,52.245768345453364,97.42063492063492,40.27777777777778,48.61111111111111,90.67460317460318,90.27777777777777,96.23015873015873,83.53174603174604,16.071428571428573,100.0,87.30000000000001,97.02380952380952,59.43222705090414,79.96031746031747,87.10317460317461,97.42063492063492,80.4206,210.507,12.54
2020-01-10,51.243310752315956,86.70634920634922,25.595238095238095,39.682539682539684,89.48412698412699,87.89682539682539,98.61111111111111,77.57936507936508,25.198412698412696,95.73252512584682,87.2,89.0873015873016,50.0,22.023809523809522,81.15079365079364,97.02380952380952,79.9536,209.968,12.56
2020-01-13,52.82283322523848,89.88095238095238,42.65873015873016,57.738095238095234,89.88095238095238,91.07142857142857,98.61111111111111,85.51587301587301,35.51587301587302,100.0,88.4,91.46825396825396,52.82283322523848,85.51587301587301,89.0873015873016,89.88095238095238,80.8877,212.391,12.32
2020-01-14,56.61049064441516,87.89682539682539,59.72222222222222,60.11904761904761,85.51587301587301,89.08730158730158,98.21428571428571,71.23015873015873,31.944444444444443,93.43977224395904,88.05,95.43650793650794,68.27606236985369,39.48412698412698,75.9920634920635,94.64285714285714,81.0644,211.555,12.39
2020-01-15,51.99728233841557,80.75396825396825,54.563492063492056,62.5,83.13492063492063,87.10317460317461,97.02380952380952,67.26190476190477,46.230158730158735,94.11462820929316,87.9,81.94444444444444,50.0,59.72222222222222,76.38888888888889,62.10317460317461,80.206,211.641,12.42
2020-01-16,50.0,88.69047619047619,68.45238095238095,83.73015873015873,81.94444444444444,92.26190476190476,96.23015873015873,60.51587301587301,33.53174603174603,100.0,88.4,78.76984126984127,50.0,93.84920634920636,80.35714285714286,93.45238095238095,81.4746,213.669,12.32
2020-01-17,61.69323790999581,64.0873015873016,89.0873015873016,80.35714285714286,85.11904761904762,98.61111111111111,83.13492063492063,68.45238095238095,39.08730158730159,100.0,89.5,79.16666666666666,77.28422178999023,61.30952380952381,98.61111111111111,15.674603174603174,82.0869,214.727,12.1
2020-01-21,67.95104848073349,49.404761904761905,83.53174603174604,62.698412698412696,88.69047619047619,89.88095238095238,67.65873015873017,87.10317460317461,45.83333333333333,99.25486780889217,85.75,88.29365079365078,75.55076243608052,32.73809523809524,99.0079365079365,37.5,82.0395,214.631,12.85
2020-01-22,64.80814595967745,91.07142857142857,90.27777777777779,57.341269841269835,94.24603174603175,88.69047619047619,67.26190476190477,85.11904761904762,55.75396825396825,100.0,85.45,99.0079365079365,62.40031734834778,41.46825396825397,97.81746031746032,94.24603174603175,82.5918,215.198,12.91
2020-01-23,68.15884379477735,72.02380952380952,86.30952380952381,60.11904761904761,97.81746031746032,87.10317460317461,83.53174603174604,83.53174603174604,48.214285714285715,100.0,85.1,82.34126984126983,60.46238019963994,60.11904761904761,92.65873015873017,96.23015873015873,83.2166,215.89,12.98
2020-01-24,67.98725021918881,91.07142857142857,52.57936507936508,29.166666666666668,99.8015873015873,77.97619047619048,87.5,87.89682539682539,70.03968253968253,85.97279478746917,77.19999999999999,96.62698412698413,64.59698316216893,6.547619047619048,97.02380952380952,99.0079365079365,82.333,214.073,14.56
2020-01-27,51.37726251825177,88.69047619047619,35.51587301587302,18.055555555555554,95.83333333333334,43.452380952380956,97.02380952380952,93.05555555555556,82.73809523809523,51.835039449102304,58.849999999999994,79.56349206349206,51.10333185163816,3.373015873015873,70.83333333333334,96.62698412698413,79.1899,209.651,18.23
2020-01-28,56.49174419883893,83.13492063492063,37.89682539682539,24.801587301587304,91.07142857142857,59.72222222222222,99.8015873015873,93.05555555555556,76.78571428571429,76.69337780042315,68.6,83.53174603174604,51.663174133586836,90.67460317460318,87.10317460317461,94.24603174603175,81.0265,212.871,16.28
2020-01-29,58.95483375771454,95.03968253968253,33.13492063492063,20.833333333333336,87.89682539682539,51.38888888888889,99.40476190476191,84.72222222222221,78.37301587301587,79.37221115691626,68.05,99.40476190476191,58.51801259880163,25.992063492063494,85.11904761904762,91.86507936507937,79.537,213.218,16.39
2020-01-30,64.8854487164661,97.42063492063492,31.547619047619047,24.404761904761905,82.73809523809523,48.611111111111114,99.8015873015873,99.0079365079365,77.57936507936508,85.23167662544212,72.55,98.61111111111111,67.17551774976857,54.96031746031746,73.21428571428571,97.42063492063492,79.5402,213.977,15.49
2020-01-31,40.5005998269925,97.81746031746032,5.357142857142857,8.928571428571429,78.76984126984127,83.13492063492063,97.42063492063492,97.02380952380952,89.48412698412699,59.03778158630182,55.8,98.61111111111111,39.5634392718079,2.579365079365079,74.8015873015873,84.32539682539682,76.7032,210.584,18.84
2020-02-03,55.59383357059192,99.8015873015873,8.134920634920634,16.865079365079367,78.76984126984127,88.2936507936508,98.21428571428571,78.76984126984127,82.34126984126983,83.59504068429918,60.150000000000006,99.8015873015873,55.68986504819865,79.96031746031747,70.83333333333334,98.21428571428571,77.5615,213.765,17.97
2020-02-04,68.08281151169913,99.8015873015873,20.03968253968254,28.373015873015873,74.0079365079365,99.8015873015873,98.21428571428571,88.69047619047619,76.78571428571429,100.0,69.75,99.8015873015873,67.64355293246757,91.07142857142857,52.182539682539684,94.64285714285714,79.9851,218.658,16.05
2020-02-05,81.04796694191381,98.61111111111111,29.96031746031746,52.57936507936508,74.40476190476191,99.8015873015873,99.40476190476191,90.67460317460318,54.96031746031746,100.0,74.25,97.81746031746032,78.8214195118164,81.15079365079364,87.89682539682539,97.81746031746032,81.8281,219.379,15.15
2020-02-06,79.43616387691942,97.81746031746032,24.00793650793651,50.0,76.78571428571429,99.8015873015873,97.81746031746032,99.0079365079365,50.595238095238095,100.0,75.19999999999999,97.42063492063492,70.45163193055043,41.46825396825397,91.07142857142857,87.5,81.8754,221.273,14.96
2020-02-07,67.63335657035859,95.83333333333334,29.166666666666668,31.547619047619047,79.56349206349206,99.0079365079365,99.0079365079365,99.0079365079365,61.30952380952381,92.82937065676039,72.65,95.03968253968253,54.87731139180131,13.690476190476192,86.70634920634922,92.26190476190477,79.9441,220.321,15.47
2020-02-10,75.62294791204127,98.21428571428571,69.24603174603175,45.03968253968254,84.32539682539682,99.0079365079365,99.8015873015873,99.0079365079365,52.57936507936508,100.0,74.80000000000001,98.61111111111111,58.91723737908045,77.97619047619048,95.43650793650794,99.0079365079365,81.0644,222.984,15.04
2020-02-11,68.40242050438064,95.83333333333334,62.89682539682539,55.75396825396825,95.83333333333334,99.0079365079365,99.8015873015873,90.27777777777779,47.023809523809526,100.0,74.1,95.83333333333334,57.34189833594462,75.9920634920635,98.61111111111111,99.8015873015873,82.7022,223.022,15.18
2020-02-12,62.59216221411417,91.86507936507937,79.96031746031747,75.59523809523809,98.61111111111111,99.8015873015873,99.8015873015873,94.24603174603175,37.89682539682539,100.0,81.3,87.10317460317461,57.94651013512059,69.64285714285714,98.61111111111111,98.21428571428571,83.9771,225.195,13.74
2020-02-13,57.7354946678282,97.81746031746032,77.57936507936508,74.0079365079365,99.0079365079365,99.4047619047619,99.8015873015873,83.53174603174604,42.26190476190476,97.86111296135944,79.25,95.43650793650794,56.39019124733634,47.817460317460316,94.64285714285714,99.40476190476191,84.0655,224.906,14.15
2020-02-14,53.272664610009514,94.64285714285714,97.02380952380952,71.23015873015873,99.8015873015873,99.0079365079365,99.40476190476191,87.89682539682539,45.03968253968254,100.0,81.6,91.46825396825396,50.0,49.007936507936506,97.42063492063492,50.99206349206349,83.7846,225.551,13.68
2020-02-18,52.29393829935182,93.84920634920636,84.72222222222221,54.96031746031746,99.8015873015873,97.42063492063492,98.21428571428571,91.07142857142857,54.563492063492056,100.0,75.85,93.45238095238095,55.046664258574005,22.023809523809522,97.02380952380952,93.45238095238095,82.7085,225.637,14.83
2020-02-19,52.13435204822051,98.61111111111111,71.62698412698413,70.43650793650794,99.40476190476191,97.81746031746032,93.84920634920636,95.43650793650794,52.182539682539684,100.0,78.1,96.62698412698413,52.13435204822051,61.111111111111114,97.02380952380952,74.0079365079365,84.7945,227.8,14.38
2020-02-20,53.43640920986588,95.83333333333334,54.96031746031746,66.66666666666666,99.40476190476191,96.23015873015873,95.03968253968253,66.86507936507937,52.182539682539684,84.52589991220366,72.19999999999999,91.86507936507937,60.0037690331651,40.07936507936508,99.0079365079365,98.61111111111111,83.5637,225.685,15.56
2020-02-21,51.937383288100875,94.24603174603175,40.27777777777778,38.2936507936508,97.42063492063492,93.45238095238095,84.72222222222221,67.65873015873017,69.64285714285714,52.80948200175578,64.60000000000001,92.26190476190477,54.70507369967356,12.5,77.97619047619048,35.11904761904761,81.0802,221.35,17.08
2020-02-24,32.01113367658135,92.26190476190477,23.61111111111111,4.563492063492063,85.9126984126984,56.94444444444444,84.72222222222221,59.72222222222222,88.69047619047619,0.0,37.425,92.65873015873017,29.084715231623296,1.3888888888888888,36.30952380952381,53.769841269841265,77.1955,212.814,25.03
2020-02-25,18.93855924544156,90.27777777777779,4.563492063492063,0.1984126984126984,68.05555555555556,25.198412698412696,75.9920634920635,59.72222222222222,92.65873015873017,0.0,30.375,87.5,17.352443121804534,1.3888888888888888,5.357142857142857,41.46825396825397,74.8949,207.027,27.85
2020-02-26,9.754904688202032,83.92857142857143,0.1984126984126984,0.3968253968253968,54.96031746031746,22.817460317460316,74.8015873015873,95.43650793650794,93.05555555555556,0.0,31.099999999999994,81.94444444444444,11.037616889374888,11.30952380952381,20.436507936507937,66.46825396825396,74.9959,208.094,27.56
2020-02-27,1.7451980484226155,87.89682539682539,0.1984126984126984,0.1984126984126984,19.642857142857142,9.325396825396822,45.43650793650794,67.65873015873017,99.40476190476191,0.0,2.1000000000000085,87.10317460317461,1.7451980484226155,2.1825396825396823,1.7857142857142856,37.10317460317461,71.5341,197.674,39.16
2020-02-28,1.4793953472394321,76.38888888888889,0.1984126984126984,0.1984126984126984,6.547619047619048,2.5793650793650755,36.30952380952381,99.0079365079365,99.8015873015873,0.0,0.0,81.54761904761905,1.4793953472394321,11.30952380952381,8.531746031746032,12.5,73.1467,197.828,40.11
2020-03-02,14.715169095873797,82.73809523809523,0.992063492063492,0.992063492063492,6.944444444444445,37.10317460317461,28.373015873015873,99.8015873015873,99.0079365079365,0.0,16.44999999999999,85.51587301587301,15.277477158090946,98.61111111111111,39.08730158730159,20.833333333333336,75.7375,208.036,33.42
2020-03-03,3.876616663506823,88.69047619047619,0.5952380952380952,0.992063492063492,12.896825396825399,15.277777777777786,25.198412698412696,95.43650793650794,98.21428571428571,0.0,7.950000000000003,89.88095238095238,4.979167659598289,4.563492063492063,42.65873015873016,22.023809523809522,73.0709,201.365,36.82
2020-03-04,10.494371724670309,61.30952380952381,1.7857142857142856,5.753968253968254,16.071428571428573,35.912698412698404,20.436507936507937,99.40476190476191,83.13492063492063,0.0,20.025000000000006,79.56349206349206,13.012658786045911,99.40476190476191,29.563492063492063,36.30952380952381,76.8042,209.767,31.99
2020-03-05,3.2913931973899366,39.08730158730159,0.5952380952380952,2.976190476190476,32.34126984126984,13.293650793650784,22.42063492063492,99.40476190476191,82.73809523809523,0.0,0.9500000000000028,60.51587301587301,5.197866944435248,2.579365079365079,47.817460317460316,53.769841269841265,74.491,203.393,39.62
2020-03-06,3.1861916791375435,67.26190476190477,0.1984126984126984,1.7857142857142856,35.11904761904761,2.9761904761904816,26.785714285714285,99.8015873015873,88.69047619047619,0.0,0.0,66.07142857142857,3.574688013750503,7.738095238095238,9.325396825396826,35.91269841269841,72.8627,199.962,41.94
2020-03-09,2.2884455917586948,52.57936507936508,0.1984126984126984,0.992063492063492,20.833333333333336,0.19841269841269593,20.436507936507937,99.8015873015873,95.83333333333334,0.0,0.0,64.48412698412699,0.7046595533108402,0.992063492063492,5.753968253968254,3.373015873015873,66.6396,186.071,54.46
2020-03-10,2.710223820000877,69.24603174603175,3.373015873015873,1.7857142857142856,16.865079365079367,0.5952380952380878,19.642857142857142,99.8015873015873,97.02380952380952,0.0,0.0,62.5,1.9253312692954907,98.61111111111111,22.42063492063492,19.246031746031747,71.0134,196.203,47.3
2020-03-11,1.9366424987424509,52.976190476190474,3.373015873015873,0.5952380952380952,12.103174603174603,0.5952380952380878,16.865079365079367,99.8015873015873,96.62698412698413,0.0,0.0,64.0873015873016,3.1233920666747323,2.1825396825396823,15.674603174603174,16.071428571428573,67.034,187.658,53.9
2020-03-12,0.21790756999797622,70.83333333333334,3.373015873015873,0.1984126984126984,2.1825396825396823,0.19841269841269593,9.722222222222223,99.8015873015873,95.83333333333334,0.0,0.0,82.73809523809523,0.21790756999797622,0.1984126984126984,0.1984126984126984,14.087301587301587,59.6843,170.451,75.47
2020-03-13,0.4058543357744284,74.0079365079365,6.547619047619048,1.7857142857142856,1.3888888888888888,1.3888888888888857,5.753968253968254,99.8015873015873,95.83333333333334,0.0,0.0,80.75396825396825,1.1961992865987483,99.20634920634922,6.15079365079365,14.484126984126986,66.0873,184.889,57.83
2020-03-16,0.22686149642036924,68.45238095238095,2.579365079365079,0.5952380952380952,0.1984126984126984,0.19841269841269593,17.261904761904763,99.8015873015873,97.42063492063492,0.0,0.0,81.15079365079364,1.4166576359481695,0.992063492063492,0.5952380952380952,46.62698412698413,56.0237,162.742,82.69
2020-03-17,0.3276003300875061,69.64285714285714,5.753968253968254,3.373015873015873,0.1984126984126984,0.9920634920634939,24.801587301587304,99.8015873015873,96.23015873015873,0.0,0.0,81.15079365079364,1.1191923566996635,87.5,1.7857142857142856,68.05555555555556,60.9529,175.084,75.91
2020-03-18,0.2685635503491781,52.57936507936508,2.1825396825396823,3.373015873015873,0.1984126984126984,0.9920634920634939,30.357142857142854,99.8015873015873,97.81746031746032,0.0,0.0,75.1984126984127,0.6648299762428067,6.944444444444445,5.357142857142857,41.86507936507937,55.9448,169.759,76.45
2020-03-19,0.7099709189034016,85.9126984126984,4.9603174603174605,2.579365079365079,0.992063492063492,0.9920634920634939,44.24603174603175,99.40476190476191,98.61111111111111,0.0,0.0,89.0873015873016,2.6894901591080895,55.35714285714286,0.992063492063492,60.51587301587301,57.3838,170.778,72.0
2020-03-20,0.6944966681893021,85.9126984126984,5.357142857142857,0.992063492063492,0.1984126984126984,0.19841269841269593,50.99206349206349,98.61111111111111,97.02380952380952,0.0,0.0,85.11904761904762,0.6944966681893021,12.103174603174603,0.1984126984126984,26.785714285714285,55.7491,164.087,66.04
2020-03-23,1.1465362781976154,78.37301587301587,6.15079365079365,0.992063492063492,0.5952380952380952,0.19841269841269593,54.563492063492056,99.40476190476191,98.61111111111111,0.0,0.0,85.51587301587301,3.124409303371806,13.293650793650794,1.3888888888888888,59.72222222222222,57.7404,164.206,61.59
2020-03-24,2.840759290168286,87.89682539682539,6.944444444444445,5.753968253968254,0.992063492063492,1.3888888888888857,70.43650793650794,97.42063492063492,98.21428571428571,0.0,0.0,85.51587301587301,4.393326885553684,99.8015873015873,5.357142857142857,95.83333333333334,63.9856,176.921,61.67
2020-03-25,3.7115895578024123,70.83333333333334,16.865079365079367,6.547619047619048,0.992063492063492,2.1825396825396837,79.56349206349206,96.23015873015873,96.62698412698413,0.0,0.0,87.89682539682539,5.248134302771625,75.1984126984127,4.563492063492063,86.30952380952381,63.1514,175.611,63.95
2020-03-26,11.133849987477966,69.24603174603175,55.75396825396825,16.071428571428573,2.1825396825396823,4.166666666666657,83.13492063492063,95.83333333333334,89.0873015873016,0.0,0.0,81.54761904761905,12.773771928934593,97.02380952380952,10.912698412698413,84.32539682539682,67.3978,184.859,61.0
2020-03-27,9.481756036369994,67.65873015873017,20.436507936507937,9.722222222222223,3.373015873015873,2.9761904761904816,89.88095238095238,96.23015873015873,95.03968253968253,0.0,0.0,82.34126984126983,12.989829106814156,8.531746031746032,2.579365079365079,85.11904761904762,64.0539,178.501,65.54
2020-03-30,9.490130092513425,59.72222222222222,55.35714285714286,27.579365079365083,4.166666666666666,3.7698412698412653,92.26190476190477,96.62698412698413,79.16666666666666,0.0,0.0,85.11904761904762,13.05928162621268,89.48412698412699,2.1825396825396823,91.46825396825396,66.2832,184.994,57.08
2020-03-31,12.126310929760756,75.1984126984127,27.579365079365083,20.03968253968254,5.753968253968254,5.357142857142861,95.03968253968253,97.02380952380952,80.35714285714286,0.0,0.0,77.57936507936508,12.81806780775598,14.087301587301587,20.436507936507937,98.61111111111111,64.9817,183.414,53.54
2020-04-01,9.601690193642675,68.84920634920636,24.801587301587304,10.515873015873016,3.7698412698412698,3.7698412698412653,97.81746031746032,97.02380952380952,94.24603174603175,0.0,0.0,74.40476190476191,11.133379664973752,4.166666666666666,0.5952380952380952,97.02380952380952,61.4256,175.621,57.06
2020-04-02,13.177566205303421,69.64285714285714,30.753968253968257,23.214285714285715,1.7857142857142856,4.960317460317469,98.61111111111111,97.42063492063492,79.56349206349206,0.0,0.0,75.9920634920635,13.54034880426596,70.43650793650794,0.1984126984126984,99.0079365079365,63.2559,179.185,50.91
2020-04-03,13.744922654924181,60.912698412698404,31.547619047619047,20.03968253968254,0.1984126984126984,4.166666666666657,99.8015873015873,97.42063492063492,77.57936507936508,0.0,0.0,81.94444444444444,15.90940488448095,14.087301587301587,2.579365079365079,99.8015873015873,62.0589,176.642,46.8
2020-04-06,39.556091782240344,75.9920634920635,73.61111111111111,84.72222222222221,2.579365079365079,7.738095238095227,99.8015873015873,95.83333333333334,26.38888888888889,0.0,0.0,81.54761904761905,39.0364943584712,99.8015873015873,14.880952380952381,92.65873015873017,68.3889,189.271,45.24
2020-04-07,25.829424927394285,82.73809523809523,49.404761904761905,97.81746031746032,2.1825396825396823,8.134920634920633,99.8015873015873,94.24603174603175,12.103174603174603,0.0,0.0,87.89682539682539,24.614823164951794,52.976190476190474,18.055555555555554,99.0079365079365,68.1451,189.194,46.7
2020-04-08,51.810085810683454,60.51587301587301,65.67460317460318,99.8015873015873,6.15079365079365,10.912698412698404,99.8015873015873,91.86507936507937,8.134920634920634,0.0,0.0,72.02380952380952,51.68013093196772,97.81746031746032,28.373015873015873,99.40476190476191,70.4251,193.211,43.35
2020-04-09,82.68285167479954,31.547619047619047,50.99206349206349,99.8015873015873,11.706349206349206,12.103174603174608,99.8015873015873,90.67460317460318,10.119047619047619,0.0,0.0,54.166666666666664,83.6782684770777,80.35714285714286,25.992063492063494,98.21428571428571,68.9019,193.49,41.67
2020-04-13,60.38392642017591,88.69047619047619,55.35714285714286,99.40476190476191,18.055555555555554,11.30952380952381,99.8015873015873,91.86507936507937,8.928571428571429,0.0,0.0,95.03968253968253,59.2966042819376,12.5,32.73809523809524,99.8015873015873,69.6809,195.581,41.17
2020-04-14,85.38451227924382,96.62698412698413,60.11904761904761,99.8015873015873,29.96031746031746,18.055555555555557,99.8015873015873,92.65873015873017,13.690476190476192,0.0,5.6000000000000085,99.0079365079365,87.63114797951327,92.26190476190477,52.57936507936508,98.21428571428571,72.895,204.087,37.76
2020-04-15,77.57813738142698,84.72222222222221,49.801587301587304,97.81746031746032,38.69047619047619,9.722222222222214,99.8015873015873,95.83333333333334,18.849206349206348,0.0,0.0,96.23015873015873,77.27999535568182,6.15079365079365,39.88095238095239,98.61111111111111,70.7259,201.746,40.84
2020-04-16,83.9416051887102,96.62698412698413,78.37301587301587,94.24603174603175,45.03968253968254,10.11904761904762,99.8015873015873,96.62698412698413,25.992063492063494,0.0,0.0,99.0079365079365,86.84569975031107,43.05555555555556,52.57936507936508,99.40476190476191,72.7113,205.426,40.11
2020-04-17,85.11142069714282,75.9920634920635,89.0873015873016,98.21428571428571,49.801587301587304,17.261904761904773,99.40476190476191,94.64285714285714,25.198412698412696,0.0,4.625,93.45238095238095,88.49112964125283,96.62698412698413,73.21428571428571,93.84920634920636,73.275,207.391,38.15
2020-04-20,85.87080855491524,75.9920634920635,86.30952380952381,96.62698412698413,57.341269841269835,12.103174603174608,99.40476190476191,95.03968253968253,31.547619047619047,0.0,0.0,91.46825396825396,81.26706841952505,10.119047619047619,57.341269841269835,99.8015873015873,71.6822,204.934,43.83
2020-04-21,84.49709475997105,94.64285714285714,33.53174603174603,59.72222222222222,48.214285714285715,8.531746031746039,99.8015873015873,94.24603174603175,49.404761904761905,0.0,0.0,98.61111111111111,85.64064486251155,4.563492063492063,22.817460317460316,98.21428571428571,68.1705,197.372,45.41
2020-04-22,80.0508711414539,70.43650793650794,49.007936507936506,79.96031746031747,46.62698412698413,11.30952380952381,99.0079365079365,94.64285714285714,38.2936507936508,0.0,0.0,91.86507936507937,76.6552924814026,89.0873015873016,25.595238095238095,95.03968253968253,72.2965,203.229,41.98
2020-04-23,77.770399719602,72.02380952380952,25.595238095238095,72.02380952380952,45.43650793650794,10.515873015873012,99.40476190476191,93.84920634920636,41.86507936507937,0.0,0.0,88.29365079365078,75.20203905189314,46.230158730158735,35.51587301587302,99.8015873015873,71.5745,202.796,41.38
2020-04-24,70.82471237801195,76.38888888888889,30.357142857142854,88.29365079365078,37.89682539682539,13.293650793650784,99.8015873015873,92.26190476190477,17.658730158730158,0.0,10.174999999999997,88.69047619047619,67.17125406608004,87.89682539682539,39.88095238095239,99.0079365079365,73.0628,205.994,35.93
2020-04-27,77.22400482491426,89.88095238095238,69.24603174603175,97.02380952380952,40.27777777777778,20.436507936507937,99.40476190476191,88.69047619047619,2.579365079365079,0.0,16.775000000000006,93.45238095238095,74.00222910598949,93.05555555555556,68.05555555555556,98.21428571428571,74.0382,207.651,33.29
2020-04-28,71.17760461112468,72.02380952380952,51.78571428571429,97.02380952380952,48.214285714285715,18.055555555555557,99.8015873015873,85.9126984126984,5.753968253968254,0.0,16.075000000000003,85.11904761904762,70.91775670178572,61.30952380952381,73.21428571428571,98.61111111111111,73.655,203.74,33.57
2020-04-29,77.9083438993745,51.78571428571429,91.46825396825396,96.23015873015873,56.15079365079365,25.198412698412696,99.8015873015873,85.11904761904762,5.357142857142857,0.0,21.924999999999997,92.26190476190477,82.1517178255952,83.53174603174604,52.976190476190474,95.43650793650794,77.1509,210.965,31.23
2020-04-30,81.12732726840383,93.45238095238095,74.0079365079365,91.07142857142857,70.43650793650794,33.13492063492063,98.21428571428571,87.10317460317461,11.30952380952381,0.0,14.625,97.42063492063492,87.24483667375489,9.722222222222223,82.34126984126983,94.24603174603175,74.4276,210.878,34.15
2020-05-01,76.81152473834108,99.40476190476191,24.801587301587304,45.83333333333333,72.02380952380952,27.579365079365076,95.83333333333334,87.5,15.277777777777779,0.0,7.025000000000006,99.40476190476191,76.81152473834108,5.158730158730158,50.198412698412696,91.86507936507937,70.7987,204.934,37.19
2020-05-04,78.09782464861186,85.11904761904762,42.26190476190476,37.89682539682539,57.738095238095234,28.769841269841265,94.24603174603175,87.89682539682539,29.563492063492063,0.0,10.075000000000003,89.88095238095238,72.51112267169489,42.857142857142854,20.833333333333336,93.45238095238095,71.3877,207.323,35.97
2020-05-05,69.54188892805507,84.32539682539682,80.35714285714286,43.452380952380956,53.37301587301587,31.944444444444443,93.84920634920636,88.69047619047619,41.86507936507937,0.0,15.974999999999994,84.72222222222221,64.68532481575735,72.02380952380952,62.5,97.02380952380952,72.5879,209.674,33.61
2020-05-06,67.2789239522864,61.70634920634921,48.61111111111111,32.73809523809524,58.13492063492064,32.73809523809523,96.62698412698413,90.27777777777779,70.03968253968253,0.0,14.700000000000017,83.13492063492063,62.82668587869114,21.626984126984127,68.45238095238095,99.8015873015873,73.4777,210.965,34.12
2020-05-07,61.21260852319702,34.72222222222222,64.88095238095238,43.84920634920635,49.007936507936506,31.944444444444443,97.81746031746032,85.51587301587301,56.94444444444444,0.0,21.400000000000006,68.45238095238095,60.59398184605512,82.73809523809523,50.99206349206349,96.62698412698413,74.1395,213.681,31.44
2020-05-08,61.16400095817222,84.72222222222221,68.05555555555556,78.76984126984127,49.404761904761905,40.27777777777778,99.0079365079365,83.13492063492063,24.00793650793651,18.129938542581225,30.049999999999997,76.38888888888889,59.58045472297048,93.84920634920636,51.78571428571429,96.23015873015873,76.3276,216.61,27.98
2020-05-11,63.01081198880572,80.75396825396825,33.92857142857143,58.92857142857143,67.65873015873017,46.230158730158735,99.40476190476191,85.11904761904762,42.65873015873016,32.29441030143378,31.075000000000003,91.46825396825396,62.8262614641418,25.992063492063494,76.38888888888889,94.64285714285714,76.2548,218.546,27.57
2020-05-12,52.37000243663546,78.76984126984127,16.46825396825397,30.357142857142854,66.86507936507937,34.722222222222214,97.81746031746032,88.29365079365078,73.61111111111111,0.0,17.400000000000006,79.56349206349206,52.270561774958445,7.341269841269842,58.92857142857143,94.24603174603175,74.2313,213.97,33.04
2020-05-13,53.40305249687747,87.89682539682539,7.738095238095238,19.246031746031747,50.99206349206349,27.182539682539684,96.62698412698413,91.46825396825396,83.13492063492063,0.0,11.799999999999997,85.51587301587301,54.07915564195247,7.738095238095238,24.00793650793651,94.64285714285714,72.8,211.292,35.28
2020-05-14,55.35291924069251,72.81746031746032,15.277777777777779,25.198412698412696,49.801587301587304,29.96031746031747,96.62698412698413,90.67460317460318,79.16666666666666,0.0,18.474999999999994,81.94444444444444,55.69386951080031,81.54761904761905,39.48412698412698,98.21428571428571,74.7475,213.691,32.61
2020-05-15,49.66482092200537,77.97619047619048,32.34126984126984,24.801587301587304,50.198412698412696,31.54761904761905,94.64285714285714,91.46825396825396,79.16666666666666,6.921275973075709,20.275000000000006,70.83333333333334,49.619582028042906,53.37301587301587,52.57936507936508,89.88095238095238,73.2022,215.078,31.89
2020-05-18,62.531868060257594,50.198412698412696,55.35714285714286,80.75396825396825,48.214285714285715,54.56349206349206,91.86507936507937,82.73809523809523,36.30952380952381,36.23792800702362,26.75,74.40476190476191,62.97678645292946,95.43650793650794,66.46825396825396,87.5,76.5651,219.085,29.3
2020-05-19,67.10528851202999,71.62698412698413,28.76984126984127,50.198412698412696,51.78571428571429,42.658730158730165,91.07142857142857,83.13492063492063,61.30952380952381,32.22124670763818,23.674999999999997,82.34126984126983,62.80335966469311,16.46825396825397,75.9920634920635,92.26190476190477,76.3149,218.536,30.53
2020-05-20,65.02158792264653,57.738095238095234,61.70634920634921,77.57936507936508,68.84920634920636,52.57936507936508,91.86507936507937,83.53174603174604,43.452380952380956,64.14983904009362,30.025000000000006,79.96031746031747,62.5339364195331,89.0873015873016,75.59523809523809,95.03968253968253,79.1269,222.9,27.99
2020-05-21,63.37071896479403,75.59523809523809,31.944444444444443,59.72222222222222,76.38888888888889,48.21428571428571,93.45238095238095,83.13492063492063,38.69047619047619,46.38571846649111,26.174999999999997,95.03968253968253,61.300414092825925,22.817460317460316,79.16666666666666,99.40476190476191,77.1351,220.472,29.53
2020-05-22,59.16830730591991,87.10317460317461,20.03968253968254,63.29365079365079,77.18253968253968,47.023809523809526,95.43650793650794,83.53174603174604,3.373015873015873,51.96078431372552,29.599999999999994,91.07142857142857,53.23992814570102,51.388888888888886,70.83333333333334,93.84920634920636,77.4771,221.234,28.16
2020-05-26,58.359962657109925,41.46825396825397,37.89682539682539,91.46825396825396,79.16666666666666,59.72222222222222,96.62698412698413,78.76984126984127,0.1984126984126984,47.585601404740906,29.974999999999994,60.51587301587301,60.203104030331005,83.13492063492063,80.35714285714286,91.86507936507937,78.2909,220.636,28.01
2020-05-27,63.01458279353484,74.40476190476191,80.35714285714286,95.03968253968253,79.56349206349206,66.46825396825398,97.02380952380952,60.912698412698404,0.1984126984126984,56.39449809774646,30.94999999999999,74.0079365079365,66.38526610696832,86.70634920634922,76.78571428571429,93.05555555555556,79.4974,221.84,27.62
2020-05-28,57.48161831524019,50.595238095238095,94.64285714285714,96.62698412698413,77.57936507936508,67.65873015873015,97.02380952380952,77.57936507936508,0.1984126984126984,54.28007023704986,28.525000000000006,62.89682539682539,57.2693738240277,34.32539682539682,60.912698412698404,95.03968253968253,77.7621,221.551,28.59
2020-05-29,61.48452622175246,58.92857142857143,86.70634920634922,97.81746031746032,77.57936507936508,61.7063492063492,93.84920634920636,73.21428571428571,0.1984126984126984,78.03628914252265,31.224999999999994,39.08730158730159,65.4855869699759,48.214285714285715,79.96031746031747,91.07142857142857,79.7539,224.798,27.51
2020-06-01,68.069501093373,80.35714285714286,90.27777777777779,97.42063492063492,77.18253968253968,90.67460317460318,96.23015873015873,32.34126984126984,0.992063492063492,82.96751536435471,29.424999999999997,80.35714285714286,57.48100363738372,64.48412698412699,69.24603174603175,99.8015873015873,79.3232,225.472,28.23
2020-06-02,68.08003495512835,60.912698412698404,81.94444444444444,97.81746031746032,76.38888888888889,93.84920634920636,98.21428571428571,35.11904761904761,0.5952380952380952,94.02985074626864,32.900000000000006,67.26190476190477,62.012909131259775,79.96031746031747,78.76984126984127,94.24603174603175,81.0363,226.984,26.84
2020-06-03,66.95607701653675,32.34126984126984,99.0079365079365,97.42063492063492,74.40476190476191,97.02380952380952,95.03968253968253,0.1984126984126984,2.579365079365079,100.0,35.849999999999994,59.32539682539682,64.44406560667946,86.30952380952381,66.86507936507937,84.72222222222221,83.3764,228.006,25.66
2020-06-04,66.99994458017606,39.88095238095239,93.05555555555556,94.24603174603175,79.96031746031747,97.81746031746032,95.83333333333334,0.1984126984126984,2.1825396825396823,88.3044013461634,35.47500000000001,63.29365079365079,66.99994458017606,34.72222222222222,85.11904761904762,97.42063492063492,84.1364,226.406,25.81
2020-06-05,67.48193062801391,43.452380952380956,99.8015873015873,95.23809523809523,79.96031746031747,99.8015873015873,90.27777777777779,0.1984126984126984,1.7857142857142856,100.0,38.7,58.53174603174603,78.28377394288428,94.24603174603175,83.13492063492063,70.83333333333334,86.1979,230.895,24.52
2020-06-08,70.27664956664759,45.83333333333333,99.8015873015873,96.82539682539682,82.34126984126983,99.8015873015873,85.51587301587301,0.1984126984126984,0.5952380952380952,100.0,35.47500000000001,78.37301587301587,69.72490400020821,75.1984126984127,95.03968253968253,91.46825396825396,86.0205,232.687,25.81
2020-06-09,69.67759157703185,70.43650793650794,95.03968253968253,94.64285714285714,85.9126984126984,99.0079365079365,84.72222222222221,0.5952380952380952,1.7857142857142856,100.0,31.075000000000003,93.45238095238095,66.8106577048815,10.515873015873016,90.67460317460318,91.46825396825396,86.087,234.373,27.57
2020-06-10,72.82641547132779,90.27777777777779,68.84920634920636,95.43650793650794,91.86507936507937,98.61111111111111,87.89682539682539,0.992063492063492,0.5952380952380952,100.0,31.075000000000003,98.21428571428571,73.40066491714735,18.452380952380953,95.43650793650794,93.05555555555556,86.391,237.186,27.57
2020-06-11,67.70295607990337,78.37301587301587,43.05555555555556,17.658730158730158,89.0873015873016,81.54761904761905,82.73809523809523,0.992063492063492,15.277777777777779,17.42064596280263,0.0,89.88095238095238,71.06552874312524,0.1984126984126984,64.48412698412699,74.0079365079365,80.9033,225.434,40.79
2020-06-12,67.49284531997743,91.46825396825396,61.70634920634921,25.992063492063494,84.72222222222221,89.48412698412699,83.13492063492063,0.5952380952380952,8.134920634920634,30.00570578926804,9.774999999999991,97.02380952380952,66.504548974216,85.11904761904762,45.03968253968254,77.97619047619048,82.0053,227.225,36.09
2020-06-15,67.90371814345927,75.1984126984127,67.26190476190477,32.93650793650794,79.96031746031747,92.65873015873015,82.73809523809523,0.1984126984126984,5.753968253968254,49.43490200377201,14.0,87.89682539682539,63.71571389937523,84.32539682539682,79.16666666666666,89.0873015873016,83.1106,229.99,34.4
2020-06-16,66.01174658016613,82.34126984126983,75.9920634920635,62.89682539682539,79.16666666666666,94.24603174603175,81.15079365079364,0.1984126984126984,4.9603174603174605,77.19089659592052,15.824999999999989,86.70634920634922,62.212349086567386,95.43650793650794,85.51587301587301,87.89682539682539,84.7322,233.94,33.67
2020-06-17,65.27121059273793,76.38888888888889,47.023809523809526,35.91269841269841,77.57936507936508,93.05555555555556,80.75396825396825,0.1984126984126984,6.15079365079365,82.39778064472615,16.325000000000003,85.9126984126984,56.00996029778719,25.992063492063494,89.48412698412699,85.9126984126984,85.3923,234.681,33.47
2020-06-18,57.983479788009824,64.0873015873016,48.61111111111111,30.753968253968257,79.96031746031747,92.26190476190476,80.75396825396825,0.5952380952380952,7.738095238095238,86.86684711576568,17.650000000000006,79.56349206349206,53.42149133771849,38.69047619047619,84.32539682539682,77.97619047619048,85.2337,235.317,32.94
2020-06-19,60.80874767205442,52.182539682539684,19.246031746031747,21.23015873015873,85.11904761904762,91.46825396825398,79.96031746031747,1.7857142857142856,13.690476190476192,86.599827420955,12.200000000000003,51.78571428571429,67.80721738777312,24.404761904761905,85.11904761904762,66.46825396825396,84.8211,235.279,35.12
2020-06-22,60.509218809826656,77.97619047619048,16.46825396825397,20.436507936507937,87.5,92.26190476190476,79.56349206349206,1.7857142857142856,14.484126984126986,100.0,20.575000000000003,84.72222222222221,55.80108878302431,49.801587301587304,85.51587301587301,88.29365079365078,85.4463,238.1,31.77
2020-06-23,58.41883467566444,89.0873015873016,25.992063492063494,20.03968253968254,87.10317460317461,93.05555555555556,80.35714285714286,3.373015873015873,18.849206349206348,100.0,21.575000000000003,93.84920634920636,56.07620241808824,40.27777777777778,83.13492063492063,89.88095238095238,85.7509,240.127,31.37
2020-06-24,51.35654289859596,80.35714285714286,18.452380952380953,9.325396825396826,82.73809523809523,86.30952380952381,80.75396825396825,5.753968253968254,39.48412698412698,65.64318048366057,15.399999999999991,91.07142857142857,51.43693062592017,4.563492063492063,75.59523809523809,90.27777777777779,83.8691,235.177,33.84
2020-06-25,54.307094775432745,55.75396825396825,54.96031746031746,12.103174603174603,81.15079365079364,89.88095238095238,85.11904761904762,6.15079365079365,59.72222222222222,81.17662736801766,19.450000000000003,85.9126984126984,52.25896579131088,76.38888888888889,75.59523809523809,95.43650793650794,84.4688,237.415,32.22
2020-06-26,47.91300204813593,40.27777777777778,20.436507936507937,9.325396825396826,77.97619047619048,77.18253968253968,89.88095238095238,5.357142857142857,54.563492063492056,42.266661669310984,13.175000000000011,78.76984126984127,46.521670080226556,10.119047619047619,74.8015873015873,80.75396825396825,82.8853,231.809,34.73
2020-06-29,50.185200657243215,58.53174603174603,22.42063492063492,11.30952380952381,75.1984126984127,82.34126984126985,92.26190476190477,4.9603174603174605,79.16666666666666,59.81293232331218,20.549999999999997,99.0079365079365,50.09597990265889,91.07142857142857,57.341269841269835,94.64285714285714,83.7897,234.337,31.78
2020-06-30,51.259612446707955,88.29365079365078,22.023809523809522,19.642857142857142,75.59523809523809,98.61111111111111,84.32539682539682,4.166666666666666,52.182539682539684,91.69189637150345,23.924999999999997,95.43650793650794,51.03682385069158,90.67460317460318,87.89682539682539,70.43650793650794,85.9604,238.93,30.43
2020-07-01,49.807886418969204,82.73809523809523,27.18253968253968,20.833333333333336,76.78571428571429,99.0079365079365,88.69047619047619,4.166666666666666,30.753968253968257,100.0,28.44999999999999,98.61111111111111,49.86068099085553,35.91269841269841,80.35714285714286,98.21428571428571,84.8592,241.719,28.62
2020-07-02,51.49942653914653,97.81746031746032,37.5,25.992063492063494,76.78571428571429,99.0079365079365,90.67460317460318,2.976190476190476,44.642857142857146,100.0,30.799999999999997,99.40476190476191,50.80201884652024,67.26190476190477,78.37301587301587,97.81746031746032,85.8969,243.36,27.68
2020-07-06,49.674048645819504,99.0079365079365,68.84920634920636,40.27777777777778,77.57936507936508,99.8015873015873,97.02380952380952,3.7698412698412698,25.198412698412696,100.0,30.14999999999999,99.8015873015873,49.5043753381639,84.32539682539682,80.35714285714286,97.81746031746032,88.166,249.342,27.94
2020-07-07,46.882517074530185,97.42063492063492,44.642857142857146,29.166666666666668,80.75396825396825,98.21428571428571,93.05555555555556,7.341269841269842,83.92857142857143,88.52312620149561,26.424999999999997,99.0079365079365,46.566822601064885,12.896825396825399,78.37301587301587,81.54761904761905,87.1251,247.625,29.43
2020-07-08,48.891133541373605,94.64285714285714,52.182539682539684,33.53174603174603,79.16666666666666,99.0079365079365,99.8015873015873,8.928571428571429,84.32539682539682,100.0,29.80000000000001,97.81746031746032,48.95541565491717,60.51587301587301,83.53174603174604,99.8015873015873,88.3056,250.886,28.08
2020-07-09,48.87837184477435,99.0079365079365,67.26190476190477,27.976190476190478,80.35714285714286,96.62698412698413,99.8015873015873,46.230158730158735,91.07142857142857,100.0,26.849999999999994,96.62698412698413,48.45572935150092,19.642857142857142,82.34126984126983,99.40476190476191,89.4766,253.0,29.26
2020-07-10,57.012208139851374,99.0079365079365,66.86507936507937,36.7063492063492,82.34126984126983,98.61111111111111,99.8015873015873,70.43650793650794,87.10317460317461,100.0,31.775000000000006,99.8015873015873,59.92637256160779,75.79365079365078,84.72222222222221,99.40476190476191,89.1751,254.727,27.29
2020-07-13,56.70494657594992,99.8015873015873,81.15079365079364,31.944444444444443,79.96031746031747,97.42063492063492,99.40476190476191,14.880952380952381,89.48412698412699,65.71492879304762,19.525000000000006,99.8015873015873,61.99508791110306,31.547619047619047,68.45238095238095,88.69047619047619,87.709,249.487,32.19
2020-07-14,58.49509508924983,99.0079365079365,81.54761904761905,58.53174603174603,78.76984126984127,98.21428571428571,99.8015873015873,9.722222222222223,81.15079365079364,77.26978294409298,26.200000000000003,99.0079365079365,60.501810464663166,92.26190476190477,75.1984126984127,98.61111111111111,89.1593,251.253,29.52
2020-07-15,57.61784109495482,93.45238095238095,77.57936507936508,87.89682539682539,83.92857142857143,99.8015873015873,99.40476190476191,4.563492063492063,67.26190476190477,80.6197746345432,30.599999999999994,96.23015873015873,56.47775603312485,85.51587301587301,93.84920634920636,97.02380952380952,89.0038,251.765,27.76
2020-07-16,57.387615801054345,94.64285714285714,77.57936507936508,84.72222222222221,87.5,99.0079365079365,99.0079365079365,2.579365079365079,58.13492063492064,69.37898220447761,30.0,98.61111111111111,52.39167418019745,36.7063492063492,94.24603174603175,98.21428571428571,88.6705,250.047,28.0
2020-07-17,56.66879828629297,54.96031746031746,74.40476190476191,88.69047619047619,89.0873015873016,99.4047619047619,97.02380952380952,6.547619047619048,69.24603174603175,71.26989548287655,35.8,95.43650793650794,52.222932762097656,62.89682539682539,90.27777777777779,82.34126984126983,89.118,250.336,25.68
2020-07-20,55.339396633440934,99.40476190476191,49.801587301587304,83.92857142857143,93.45238095238095,99.8015873015873,97.42063492063492,8.531746031746032,67.26190476190477,100.0,38.849999999999994,99.0079365079365,54.25604079477176,29.166666666666668,94.24603174603175,93.84920634920636,90.8793,257.439,24.46
2020-07-21,53.487119875854965,97.42063492063492,81.54761904761905,91.46825396825396,96.23015873015873,99.4047619047619,97.42063492063492,7.738095238095238,28.76984126984127,82.63018941703976,37.9,95.83333333333334,53.487119875854965,65.67460317460318,95.83333333333334,99.0079365079365,90.416,254.756,24.84
2020-07-22,52.545394267322564,97.81746031746032,88.29365079365078,91.86507936507937,96.62698412698413,99.8015873015873,96.23015873015873,5.753968253968254,33.53174603174603,88.43739034619188,39.2,95.83333333333334,52.254492065342845,72.81746031746032,96.23015873015873,89.0873015873016,90.7143,255.653,24.32
2020-07-23,53.95808823448446,99.8015873015873,93.84920634920636,87.89682539682539,94.64285714285714,97.02380952380952,95.43650793650794,4.563492063492063,38.2936507936508,45.21032166843399,34.8,99.0079365079365,60.769681940341414,31.349206349206348,86.70634920634922,96.23015873015873,89.3275,248.976,26.08
2020-07-24,53.3245220619297,99.8015873015873,65.67460317460318,77.18253968253968,93.05555555555556,94.64285714285714,97.42063492063492,4.9603174603174605,58.13492063492064,29.905725239765452,35.400000000000006,99.40476190476191,55.359943732498905,16.46825396825397,77.97619047619048,93.84920634920636,87.9248,246.612,25.84
2020-07-27,54.94720456430345,98.21428571428571,77.97619047619048,76.98412698412699,94.24603174603175,98.21428571428571,98.21428571428571,10.515873015873016,72.02380952380952,58.39143771275248,38.150000000000006,95.03968253968253,52.74844698016858,62.10317460317461,99.40476190476191,97.42063492063492,90.6635,251.012,24.74
2020-07-28,52.561978704587496,94.64285714285714,42.65873015873016,55.75396825396825,94.24603174603175,94.64285714285714,94.64285714285714,14.087301587301587,77.18253968253968,37.71340006758874,36.4,90.67460317460318,50.08264447434153,26.38888888888889,96.23015873015873,83.92857142857143,88.9117,247.818,25.44
2020-07-29,52.21125741798449,82.34126984126983,45.43650793650794,84.52380952380952,93.45238095238095,97.02380952380952,94.64285714285714,14.484126984126986,65.67460317460318,56.20321707278211,39.75,85.9126984126984,50.245695268664946,88.29365079365078,91.86507936507937,88.69047619047619,90.7428,250.674,24.1
2020-07-30,51.266165758629995,90.67460317460318,35.11904761904761,56.94444444444444,95.83333333333334,93.45238095238095,95.83333333333334,11.706349206349206,69.24603174603175,64.70361263574392,38.099999999999994,90.67460317460318,52.199130001831044,24.404761904761905,92.26190476190477,98.21428571428571,92.5295,251.987,24.76
2020-07-31,52.31456961901115,97.02380952380952,30.753968253968257,54.166666666666664,99.40476190476191,98.61111111111111,94.24603174603175,12.103174603174603,45.83333333333333,93.81083156268724,38.849999999999994,99.0079365079365,61.713125041662515,39.88095238095239,99.8015873015873,86.30952380952381,92.155,256.483,24.46
2020-08-03,52.59208915112513,98.61111111111111,37.5,59.32539682539682,98.21428571428571,99.8015873015873,92.65873015873017,12.5,33.53174603174603,100.0,39.3,98.21428571428571,55.01137235884192,53.769841269841265,94.24603174603175,91.86507936507937,93.8275,259.948,24.28
2020-08-04,54.32241804666094,96.23015873015873,32.73809523809524,65.87301587301587,99.40476190476191,99.0079365079365,97.42063492063492,12.103174603174603,35.11904761904761,100.0,40.599999999999994,95.03968253968253,52.90780850411736,55.35714285714286,99.0079365079365,99.8015873015873,95.2048,260.913,23.76
2020-08-05,54.2105805713318,64.0873015873016,29.563492063492063,76.38888888888889,98.21428571428571,99.8015873015873,99.0079365079365,10.119047619047619,24.00793650793651,100.0,42.525000000000006,87.5,50.84211611426636,63.095238095238095,88.69047619047619,96.23015873015873,95.1064,261.559,22.99
2020-08-06,54.96224577315043,90.27777777777779,32.34126984126984,67.65873015873017,99.8015873015873,99.8015873015873,99.40476190476191,14.484126984126986,35.714285714285715,100.0,43.375,92.65873015873017,52.34068196846719,40.27777777777778,95.43650793650794,98.21428571428571,95.0556,265.024,22.65
2020-08-07,51.21047897483283,87.89682539682539,62.10317460317461,78.96825396825396,99.8015873015873,99.8015873015873,99.8015873015873,16.071428571428573,53.37301587301587,80.75645979232077,44.474999999999994,94.64285714285714,53.47003972785412,66.66666666666666,99.8015873015873,98.21428571428571,93.9988,261.964,22.21
2020-08-10,50.86877002832533,93.05555555555556,62.10317460317461,81.94444444444444,99.8015873015873,99.8015873015873,99.8015873015873,10.515873015873016,41.46825396825397,73.71936126539497,44.675000000000004,88.69047619047619,52.99243009756502,62.89682539682539,99.8015873015873,99.8015873015873,93.9957,260.845,22.13
2020-08-11,51.005095914795426,79.56349206349206,68.84920634920636,66.66666666666666,99.8015873015873,99.8015873015873,99.40476190476191,5.753968253968254,24.404761904761905,42.646703694759665,39.925,86.30952380952381,56.36560746037103,32.34126984126984,99.40476190476191,91.07142857142857,93.0151,255.904,24.03
2020-08-12,51.99511889889747,98.21428571428571,60.51587301587301,81.94444444444444,99.8015873015873,99.8015873015873,98.61111111111111,4.9603174603174605,9.325396825396826,83.1273142558158,44.3,97.42063492063492,53.17741157972561,70.43650793650794,97.42063492063492,87.5,96.0204,262.341,22.28
2020-08-13,51.14134828949165,99.8015873015873,65.67460317460318,79.36507936507937,99.8015873015873,99.8015873015873,98.61111111111111,6.944444444444445,16.46825396825397,86.88797995653243,44.675000000000004,99.0079365079365,50.0,26.785714285714285,99.0079365079365,98.21428571428571,95.0651,262.939,22.13
2020-08-14,50.0,97.81746031746032,66.07142857142857,75.9920634920635,99.8015873015873,99.8015873015873,95.43650793650794,5.357142857142857,17.658730158730158,84.94475971987447,44.875,95.83333333333334,50.0,39.88095238095239,99.8015873015873,79.56349206349206,95.008,262.63,22.05
2020-08-17,50.0,98.21428571428571,60.912698412698404,76.38888888888889,99.8015873015873,99.0079365079365,88.69047619047619,16.071428571428573,56.547619047619044,100.0,46.625,95.83333333333334,50.0,44.642857142857146,99.8015873015873,68.45238095238095,96.0775,265.68,21.35
2020-08-18,50.0,98.61111111111111,43.84920634920635,62.10317460317461,98.61111111111111,98.21428571428571,88.69047619047619,19.246031746031747,47.023809523809526,100.0,46.224999999999994,97.02380952380952,50.0,25.595238095238095,83.13492063492063,91.46825396825396,95.5697,268.237,21.51
2020-08-19,50.0,96.23015873015873,27.976190476190478,44.44444444444444,97.42063492063492,97.81746031746032,85.11904761904762,20.436507936507937,68.84920634920636,88.78479354700013,43.650000000000006,94.64285714285714,50.249395673461024,24.00793650793651,79.96031746031747,66.86507936507937,95.0271,266.432,22.54
2020-08-20,50.0,99.8015873015873,18.452380952380953,34.32539682539682,91.86507936507937,97.42063492063492,78.76984126984127,28.76984126984127,70.03968253968253,100.0,43.2,99.40476190476191,50.654218937604675,24.404761904761905,64.48412698412699,84.32539682539682,94.1829,270.128,22.72
2020-08-21,50.0,99.8015873015873,14.087301587301587,29.563492063492063,84.72222222222221,97.42063492063492,72.42063492063492,44.24603174603175,74.0079365079365,100.0,43.650000000000006,99.8015873015873,59.814986293685266,37.10317460317461,73.61111111111111,66.07142857142857,94.8208,272.0,22.54
2020-08-24,51.72460645163764,99.40476190476191,16.46825396825397,49.2063492063492,81.54761904761905,99.8015873015873,83.92857142857143,76.78571428571429,74.0079365079365,100.0,44.074999999999996,99.40476190476191,60.07533242798832,79.96031746031747,93.84920634920636,97.02380952380952,95.8077,273.699,22.37
2020-08-25,53.00498152620016,96.23015873015873,19.246031746031747,46.230158730158735,83.53174603174604,99.8015873015873,84.72222222222221,78.76984126984127,75.9920634920635,100.0,44.925,97.42063492063492,51.3470606841587,39.08730158730159,92.26190476190477,93.05555555555556,96.7376,275.851,22.03
2020-08-26,56.75410810083782,96.62698412698413,12.896825396825399,39.08730158730159,83.92857142857143,99.8015873015873,88.29365079365078,80.35714285714286,81.15079365079364,100.0,41.825,99.8015873015873,63.40740861808104,38.69047619047619,82.73809523809523,85.51587301587301,97.0486,281.737,23.27
2020-08-27,60.25628736419622,97.81746031746032,18.055555555555554,52.182539682539684,87.5,99.8015873015873,93.45238095238095,79.56349206349206,78.37301587301587,94.80603068346221,38.825,98.61111111111111,64.57472414912094,58.13492063492064,82.34126984126983,99.40476190476191,95.9442,280.859,24.47
2020-08-28,59.658860993937786,99.0079365079365,31.547619047619047,58.53174603174603,91.86507936507937,99.8015873015873,97.42063492063492,79.96031746031747,74.8015873015873,100.0,42.599999999999994,97.02380952380952,56.89918642424127,74.40476190476191,93.45238095238095,94.64285714285714,97.715,282.287,22.96
2020-08-31,59.161304613783685,99.40476190476191,20.436507936507937,39.88095238095239,88.69047619047619,99.4047619047619,93.05555555555556,83.53174603174604,83.13492063492063,100.0,33.974999999999994,98.61111111111111,63.23299555324311,22.42063492063492,78.37301587301587,65.27777777777779,97.496,284.555,26.41
2020-09-01,60.86812777500644,96.62698412698413,33.53174603174603,39.88095238095239,85.9126984126984,99.0079365079365,90.27777777777779,91.86507936507937,81.15079365079364,100.0,34.7,95.43650793650794,56.28157843876519,60.51587301587301,83.92857142857143,82.34126984126983,99.4319,289.418,26.12
2020-09-02,61.9638554134661,97.02380952380952,71.62698412698413,87.5,85.9126984126984,99.8015873015873,93.45238095238095,93.05555555555556,63.29365079365079,100.0,33.575,93.05555555555556,65.25665965570448,95.43650793650794,82.34126984126983,95.83333333333334,102.313,292.159,26.57
2020-09-03,57.72364557932153,96.62698412698413,52.182539682539684,25.992063492063494,76.78571428571429,97.02380952380952,85.51587301587301,89.48412698412699,85.9126984126984,15.496926901675723,16.0,93.45238095238095,60.41914604995723,7.142857142857142,29.166666666666668,72.42063492063492,96.6075,277.346,33.6
2020-09-04,57.08476966379884,99.40476190476191,47.817460317460316,23.015873015873016,57.738095238095234,97.42063492063492,83.92857142857143,91.86507936507937,88.69047619047619,0.0,23.125,98.61111111111111,57.91827197718693,26.38888888888889,19.246031746031747,83.53174603174604,95.6046,273.65,30.75
2020-09-08,47.87013631128773,95.03968253968253,14.880952380952381,12.5,49.007936507936506,93.45238095238095,84.32539682539682,81.15079365079364,95.83333333333334,0.0,21.349999999999994,91.07142857142857,48.16313343248624,7.738095238095238,21.626984126984127,68.84920634920636,91.1364,260.498,31.46
2020-09-09,56.30759784357517,94.64285714285714,29.563492063492063,19.841269841269842,41.86507936507937,96.62698412698413,77.57936507936508,76.78571428571429,89.88095238095238,0.0,27.974999999999994,89.88095238095238,52.77000328580285,87.10317460317461,48.61111111111111,61.70634920634921,93.618,268.15,28.81
2020-09-10,47.02125812525633,93.45238095238095,14.880952380952381,13.690476190476192,30.753968253968257,92.26190476190476,77.18253968253968,73.21428571428571,57.738095238095234,0.0,25.724999999999994,91.07142857142857,48.83879554035416,9.325396825396826,43.452380952380956,95.03968253968253,92.3486,262.804,29.71
2020-09-11,48.27376863744653,93.84920634920636,15.277777777777779,16.666666666666664,25.595238095238095,91.46825396825398,83.92857142857143,74.40476190476191,65.27777777777779,0.0,32.825,87.5,50.0,62.89682539682539,11.706349206349206,91.46825396825396,92.3232,260.98,26.87
2020-09-14,50.47045134591932,93.05555555555556,20.03968253968254,29.166666666666668,26.785714285714285,95.83333333333333,84.72222222222221,74.0079365079365,54.166666666666664,0.0,35.375,92.65873015873017,50.30078036870252,94.64285714285714,25.198412698412696,87.5,94.1702,265.525,25.85
2020-09-15,50.289465270058656,96.62698412698413,35.11904761904761,31.547619047619047,36.7063492063492,95.83333333333333,91.86507936507937,74.40476190476191,70.03968253968253,0.0,36.025000000000006,93.84920634920636,50.67541896347021,55.35714285714286,62.5,98.21428571428571,95.795,269.289,25.59
2020-09-16,50.01452750417737,86.30952380952381,34.32539682539682,35.714285714285715,34.72222222222222,95.43650793650794,94.64285714285714,62.89682539682539,52.976190476190474,0.0,34.900000000000006,83.13492063492063,50.06067369391726,54.563492063492056,44.24603174603175,74.40476190476191,94.8969,264.995,26.04
2020-09-17,49.80818138002538,90.27777777777779,10.912698412698413,28.373015873015873,30.753968253968257,93.45238095238095,90.27777777777779,42.65873015873016,53.769841269841265,0.0,33.849999999999994,87.89682539682539,49.35839978836076,25.595238095238095,28.76984126984127,81.15079365079364,94.8493,260.855,26.46
2020-09-18,46.239441150023254,87.89682539682539,14.880952380952381,21.23015873015873,37.10317460317461,89.88095238095238,85.9126984126984,25.198412698412696,49.007936507936506,0.0,35.42500000000001,78.76984126984127,43.515256786260565,15.277777777777779,19.642857142857142,70.43650793650794,93.3641,257.526,25.83
2020-09-21,42.103178125840245,90.67460317460318,10.515873015873016,8.928571428571429,29.563492063492063,89.08730158730158,88.29365079365078,54.96031746031746,74.0079365079365,0.0,30.549999999999997,90.27777777777779,41.89672526638509,12.698412698412698,14.087301587301587,93.05555555555556,93.1959,258.519,27.78
2020-09-22,42.117009413052656,95.03968253968253,32.73809523809524,12.103174603174603,24.801587301587304,89.08730158730158,87.5,51.78571428571429,66.86507936507937,0.0,32.849999999999994,94.64285714285714,46.34188018514208,69.24603174603175,40.67460317460318,97.02380952380952,94.1575,263.322,26.86
2020-09-23,36.8041918407136,94.24603174603175,9.325396825396826,6.944444444444445,20.03968253968254,87.5,92.65873015873017,23.61111111111111,60.912698412698404,0.0,28.55000000000001,89.0873015873016,44.66924306148033,3.968253968253968,14.880952380952381,90.67460317460318,91.9851,255.282,28.58
2020-09-24,36.289383925494114,95.03968253968253,19.246031746031747,7.341269841269842,12.5,87.5,97.02380952380952,23.61111111111111,66.26984126984127,0.0,28.724999999999994,93.05555555555556,46.260741070589305,59.523809523809526,4.166666666666666,97.81746031746032,92.7623,256.47,28.51
2020-09-25,46.44305395191546,89.0873015873016,31.547619047619047,13.293650793650794,11.706349206349206,88.69047619047619,98.21428571428571,41.46825396825397,43.452380952380956,0.0,34.05,89.0873015873016,50.0,91.07142857142857,16.46825396825397,87.5,94.0363,262.433,26.38
2020-09-28,50.0,85.51587301587301,33.53174603174603,25.992063492063494,14.484126984126986,91.46825396825398,95.03968253968253,52.182539682539684,24.801587301587304,0.0,34.52499999999999,83.13492063492063,50.0,96.62698412698413,35.11904761904761,68.05555555555556,96.6256,267.884,26.19
2020-09-29,50.0,86.30952380952381,18.452380952380953,23.214285714285715,16.46825396825397,88.69047619047619,95.83333333333334,64.48412698412699,45.03968253968254,0.0,34.325,83.13492063492063,50.0,22.42063492063492,51.388888888888886,98.61111111111111,96.8518,266.676,26.27
2020-09-30,50.0,81.15079365079364,24.00793650793651,32.34126984126984,21.23015873015873,95.03968253968254,91.07142857142857,33.92857142857143,31.547619047619047,0.0,34.075,74.8015873015873,44.850015576519716,72.02380952380952,45.03968253968254,68.84920634920636,97.0174,268.502,26.37
2020-10-01,50.0,81.94444444444444,38.2936507936508,33.730158730158735,41.07142857142857,95.43650793650794,80.35714285714286,44.24603174603175,36.7063492063492,0.0,33.25,79.16666666666666,50.0,53.37301587301587,51.388888888888886,56.94444444444444,99.094,272.764,26.7
2020-10-02,50.0,87.89682539682539,60.912698412698404,43.05555555555556,45.03968253968254,94.24603174603175,78.76984126984127,20.833333333333336,49.801587301587304,0.0,30.92500000000001,89.0873015873016,50.0,56.547619047619044,23.214285714285715,82.34126984126983,96.1224,265.091,27.63
2020-10-05,50.0,79.96031746031747,97.42063492063492,82.34126984126983,48.61111111111111,98.21428571428571,85.51587301587301,17.261904761904763,17.261904761904763,0.0,30.099999999999994,76.38888888888889,50.0,93.84920634920636,58.53174603174603,95.83333333333334,99.1259,270.744,27.96
2020-10-06,50.0,85.51587301587301,77.97619047619048,58.13492063492064,45.83333333333333,96.62698412698413,80.35714285714286,13.690476190476192,32.34126984126984,0.0,26.299999999999997,82.73809523809523,50.0,15.674603174603174,34.72222222222222,84.72222222222221,98.6545,265.912,29.48
2020-10-07,50.0,76.38888888888889,99.0079365079365,85.9126984126984,48.214285714285715,99.4047619047619,84.32539682539682,11.30952380952381,14.484126984126986,0.0,29.85000000000001,76.78571428571429,50.0,92.65873015873017,56.547619047619044,87.89682539682539,100.543,270.512,28.06
2020-10-08,50.0,78.76984126984127,99.40476190476191,91.66666666666666,52.182539682539684,99.4047619047619,93.84920634920636,11.30952380952381,15.277777777777779,0.0,34.10000000000001,71.23015873015873,50.0,88.69047619047619,76.38888888888889,92.65873015873017,101.788,271.952,26.36
2020-10-09,50.0,81.94444444444444,98.21428571428571,92.06349206349206,60.51587301587301,99.8015873015873,92.65873015873017,14.880952380952381,10.912698412698413,8.43456245856995,37.5,71.23015873015873,50.0,56.15079365079365,78.76984126984127,72.81746031746032,103.578,276.108,25.0
2020-10-12,50.0,92.26190476190477,97.02380952380952,93.05555555555556,62.89682539682539,99.8015873015873,78.76984126984127,22.817460317460316,26.58730158730159,57.055347715912575,37.325,96.23015873015873,50.623744515441956,77.18253968253968,69.24603174603175,49.404761904761905,105.117,284.631,25.07
2020-10-13,50.0,87.89682539682539,97.42063492063492,88.69047619047619,77.57936507936508,99.0079365079365,70.03968253968253,35.51587301587302,51.388888888888886,56.998301153367294,34.825,84.32539682539682,50.0,23.61111111111111,88.29365079365078,53.37301587301587,104.929,284.621,26.07
2020-10-14,50.0,85.11904761904762,90.27777777777779,87.89682539682539,80.35714285714286,97.81746031746032,77.18253968253968,28.76984126984127,51.388888888888886,43.43833323635444,34.0,83.53174603174604,50.0,27.976190476190478,73.21428571428571,99.40476190476191,104.505,282.244,26.4
2020-10-15,50.0,76.78571428571429,91.46825396825396,87.89682539682539,77.18253968253968,98.61111111111111,74.40476190476191,24.801587301587304,53.37301587301587,32.6337142902782,32.575,72.02380952380952,50.0,62.301587301587304,57.341269841269835,85.11904761904762,104.225,280.35,26.97
2020-10-16,50.0,70.83333333333334,88.69047619047619,86.11111111111111,77.97619047619048,98.61111111111111,62.5,21.23015873015873,51.78571428571429,23.865657627068394,31.474999999999994,71.23015873015873,50.0,46.230158730158735,83.13492063492063,41.07142857142857,103.728,278.813,27.41
2020-10-19,50.0,78.37301587301587,40.27777777777778,49.801587301587304,74.40476190476191,96.23015873015873,74.8015873015873,24.00793650793651,76.78571428571429,0.0,27.049999999999997,71.23015873015873,50.0,7.738095238095238,60.51587301587301,88.69047619047619,103.206,274.262,29.18
2020-10-20,50.0,74.40476190476191,71.23015873015873,58.13492063492064,66.86507936507937,98.61111111111111,89.48412698412699,24.00793650793651,75.59523809523809,1.2638095466282215,26.625,74.40476190476191,50.0,67.26190476190477,56.547619047619044,98.61111111111111,103.037,274.851,29.35
2020-10-21,50.0,56.15079365079365,37.10317460317461,41.269841269841265,60.912698412698404,99.0079365079365,80.75396825396825,35.11904761904761,75.9920634920635,0.0544224206682505,28.375,75.1984126984127,50.0,26.190476190476193,54.563492063492056,82.34126984126983,102.346,274.639,28.65
2020-10-22,50.0,71.23015873015873,29.166666666666668,45.03968253968254,57.738095238095234,99.4047619047619,86.30952380952381,25.198412698412696,66.66666666666666,0.0,29.724999999999994,61.70634920634921,50.0,70.83333333333334,45.03968253968254,95.43650793650794,102.387,274.629,28.11
2020-10-23,50.0,72.42063492063492,35.11904761904761,47.61904761904761,52.976190476190474,99.0079365079365,97.81746031746032,24.801587301587304,66.07142857142857,3.083594891822772,31.125,65.27777777777779,50.0,66.86507936507937,63.69047619047619,86.30952380952381,102.027,275.17,27.55
2020-10-26,50.0,77.57936507936508,9.722222222222223,20.634920634920633,51.78571428571429,94.24603174603175,96.62698412698413,25.992063492063494,79.56349206349206,0.0,18.849999999999994,68.84920634920636,50.0,5.753968253968254,48.61111111111111,84.32539682539682,99.817,271.044,32.46
2020-10-27,50.0,75.59523809523809,9.325396825396826,14.484126984126986,50.198412698412696,91.86507936507937,89.88095238095238,65.27777777777779,91.07142857142857,0.0,16.625,66.86507936507937,50.0,20.436507936507937,43.05555555555556,66.46825396825396,99.4252,273.16,33.35
2020-10-28,50.0,64.48412698412699,8.134920634920634,8.928571428571429,45.03968253968254,87.5,81.94444444444444,35.51587301587302,92.65873015873017,0.0,0.0,58.13492063492064,46.95910614568329,3.373015873015873,19.642857142857142,57.738095238095234,96.1702,262.51,40.28
2020-10-29,50.0,63.69047619047619,8.531746031746032,10.515873015873016,40.27777777777778,91.46825396825398,71.62698412698413,25.198412698412696,89.88095238095238,0.0,6.0249999999999915,68.45238095238095,49.44024699013459,70.03968253968253,19.246031746031747,60.11904761904761,98.6099,267.101,37.59
2020-10-30,50.0,70.83333333333334,8.134920634920634,9.722222222222223,25.595238095238095,90.67460317460318,66.86507936507937,19.246031746031747,91.86507936507937,0.0,4.949999999999989,80.75396825396825,45.639050597314935,30.753968253968257,14.880952380952381,73.21428571428571,97.2945,260.326,38.02
2020-11-02,50.0,62.5,18.849206349206348,16.46825396825397,18.055555555555554,94.64285714285714,63.29365079365079,14.880952380952381,85.51587301587301,0.0,7.174999999999983,64.88095238095238,50.0,89.88095238095238,15.674603174603174,71.62698412698413,97.6417,260.906,37.13
2020-11-03,50.0,60.912698412698404,27.976190476190478,28.76984126984127,14.484126984126986,98.61111111111111,60.912698412698404,14.087301587301587,77.18253968253968,0.0,11.125,61.70634920634921,50.0,93.45238095238095,14.087301587301587,57.341269841269835,99.4826,265.419,35.55
2020-11-04,50.19396500924003,54.166666666666664,41.07142857142857,29.96031746031746,15.674603174603174,98.21428571428571,57.738095238095234,20.833333333333336,74.0079365079365,15.046259057567942,26.075000000000003,64.48412698412699,51.46120306960821,47.023809523809526,27.976190476190478,45.83333333333333,102.961,277.267,29.57
2020-11-05,50.20728059421864,70.03968253968253,46.62698412698413,60.912698412698404,19.642857142857142,99.8015873015873,61.70634920634921,26.38888888888889,58.13492063492064,56.285219121551364,31.05000000000001,60.51587301587301,50.0,86.70634920634922,62.89682539682539,82.73809523809523,107.585,284.496,27.58
2020-11-06,50.0,65.67460317460318,35.11904761904761,50.198412698412696,31.150793650793652,99.8015873015873,64.48412698412699,28.76984126984127,65.27777777777779,57.49460624751151,37.85,61.70634920634921,50.0,40.07936507936508,56.15079365079365,77.97619047619048,109.34,284.708,24.86
2020-11-09,50.60445542290875,33.13492063492063,72.02380952380952,76.38888888888889,40.27777777777778,99.8015873015873,49.404761904761905,17.658730158730158,42.26190476190476,24.31062081492176,35.625,27.976190476190478,52.101202184397074,64.88095238095238,51.388888888888886,29.96031746031746,108.066,278.891,25.75
2020-11-10,51.85861794887289,54.563492063492056,89.48412698412699,78.57142857142857,44.642857142857146,99.8015873015873,50.99206349206349,9.722222222222223,51.78571428571429,0.0,38.0,51.78571428571429,52.38965164855085,60.912698412698404,24.00793650793651,65.27777777777779,104.824,273.895,24.8
2020-11-11,52.48147740949731,56.94444444444444,97.42063492063492,88.29365079365078,51.78571428571429,99.8015873015873,64.0873015873016,12.5,39.88095238095239,30.756882382538357,41.375,41.07142857142857,50.0,44.24603174603175,73.61111111111111,84.72222222222221,108.601,280.021,23.45
2020-11-12,50.80490190970582,60.11904761904761,85.11904761904762,81.15079365079364,52.57936507936508,98.61111111111111,70.43650793650794,16.071428571428573,41.46825396825397,23.26096406408841,36.625,39.88095238095239,50.0,11.30952380952381,65.67460317460318,93.84920634920636,107.26,278.707,25.35
2020-11-13,51.01795531495322,60.912698412698404,97.02380952380952,89.0873015873016,55.35714285714286,98.61111111111111,68.45238095238095,11.706349206349206,35.91269841269841,37.20884860640955,42.24999999999999,36.30952380952381,50.0,95.03968253968253,67.26190476190477,72.42063492063492,108.576,281.152,23.1
2020-11-16,50.0,40.27777777777778,96.62698412698413,89.68253968253968,67.65873015873017,99.4047619047619,77.97619047619048,3.373015873015873,28.76984126984127,49.72486442884422,43.875,38.2936507936508,50.0,87.10317460317461,93.45238095238095,50.198412698412696,111.277,283.346,22.45
2020-11-17,50.0,62.10317460317461,83.13492063492063,88.4920634920635,80.35714285714286,98.21428571428571,74.8015873015873,2.579365079365079,25.198412698412696,44.59637845602336,43.224999999999994,56.15079365079365,50.0,29.96031746031746,79.56349206349206,50.595238095238095,110.359,282.447,22.71
2020-11-18,50.0,74.0079365079365,64.88095238095238,79.76190476190477,78.37301587301587,97.42063492063492,56.94444444444444,2.579365079365079,22.42063492063492,32.69076085282346,40.4,70.03968253968253,50.18237483183293,16.865079365079367,64.0873015873016,37.5,109.538,280.36,23.84
2020-11-19,50.0,76.78571428571429,54.563492063492056,81.34920634920636,79.56349206349206,97.02380952380952,43.84920634920635,2.1825396825396823,20.03968253968254,45.20107201900335,42.225,67.26190476190477,50.0,60.912698412698404,71.23015873015873,54.166666666666664,111.155,282.553,23.11
2020-11-20,50.0,54.563492063492056,45.83333333333333,76.5873015873016,80.35714285714286,96.23015873015873,36.7063492063492,2.976190476190476,31.944444444444443,34.17967613525503,40.75,40.27777777777778,50.0,27.976190476190478,68.84920634920636,21.626984126984127,110.636,280.621,23.7
2020-11-23,50.0,75.59523809523809,47.817460317460316,77.38095238095238,76.38888888888889,96.62698412698413,36.7063492063492,0.992063492063492,30.753968253968257,34.23101804154589,43.35,68.05555555555556,50.0,71.62698412698413,79.56349206349206,54.166666666666664,112.213,280.63,22.66
2020-11-24,50.0,57.341269841269835,57.341269841269835,85.71428571428571,74.40476190476191,98.61111111111111,36.7063492063492,0.5952380952380952,24.404761904761905,56.72447765314994,45.9,45.83333333333333,58.52912299001118,81.54761904761905,74.40476190476191,56.547619047619044,112.824,284.573,21.64
2020-11-25,50.0,79.96031746031747,47.023809523809526,81.15079365079364,80.35714285714286,98.21428571428571,40.27777777777778,0.992063492063492,31.150793650793652,66.70192144231969,46.875,66.07142857142857,50.0,27.18253968253968,85.9126984126984,51.78571428571429,112.576,286.322,21.25
2020-11-27,50.0,86.30952380952381,69.24603174603175,82.93650793650794,84.72222222222221,97.42063492063492,40.67460317460318,1.3888888888888888,33.53174603174603,81.75650929801928,47.9,82.73809523809523,50.0,43.84920634920635,97.02380952380952,57.341269841269835,113.917,288.961,20.84
2020-11-30,50.0,60.912698412698404,32.34126984126984,73.21428571428571,88.69047619047619,98.21428571428571,43.05555555555556,1.7857142857142856,28.76984126984127,85.11655183193642,48.575,51.388888888888886,74.24727515891117,25.992063492063494,81.15079365079364,35.91269841269841,115.235,289.55,20.57
2020-12-01,50.0,60.51587301587301,27.18253968253968,75.59523809523809,89.48412698412699,99.8015873015873,41.86507936507937,1.3888888888888888,28.373015873015873,100.0,48.075,67.65873015873017,60.357764926544405,75.79365079365078,82.73809523809523,43.05555555555556,117.137,293.261,20.77
2020-12-02,50.0,74.40476190476191,37.5,64.0873015873016,92.26190476190477,99.8015873015873,42.26190476190476,3.7698412698412698,61.30952380952381,100.0,47.074999999999996,70.83333333333334,50.0,47.023809523809526,90.67460317460318,63.69047619047619,117.481,293.638,21.17
2020-12-03,50.0,57.738095238095234,58.13492063492064,58.53174603174603,95.03968253968253,99.4047619047619,41.07142857142857,4.563492063492063,25.595238095238095,100.0,46.8,52.57936507936508,50.0,51.78571428571429,97.42063492063492,41.46825396825397,117.634,294.053,21.28
2020-12-04,51.8970322789122,57.341269841269835,69.64285714285714,68.65079365079364,92.26190476190477,99.8015873015873,39.48412698412698,4.166666666666666,16.46825396825397,100.0,48.025000000000006,35.11904761904761,50.0,84.32539682539682,85.51587301587301,47.023809523809526,120.841,295.252,20.79
2020-12-07,50.0,81.15079365079364,71.62698412698413,57.341269841269835,96.62698412698413,99.4047619047619,41.86507936507937,6.15079365079365,8.134920634920634,100.0,46.75,68.05555555555556,50.0,29.96031746031746,97.02380952380952,45.03968253968254,121.453,296.924,21.3
2020-12-08,50.0,84.32539682539682,61.70634920634921,62.89682539682539,97.02380952380952,99.0079365079365,48.214285714285715,4.9603174603174605,16.071428571428573,100.0,48.3,73.61111111111111,50.0,54.96031746031746,94.24603174603175,72.02380952380952,121.844,297.929,20.68
2020-12-09,50.0,81.94444444444444,41.86507936507937,52.976190476190474,95.83333333333334,98.61111111111111,47.023809523809526,4.563492063492063,10.119047619047619,62.26170217288912,44.325,73.61111111111111,54.69206064859397,34.72222222222222,74.0079365079365,60.912698412698404,118.411,291.183,22.27
2020-12-10,50.0,78.76984126984127,45.43650793650794,39.48412698412698,88.69047619047619,97.81746031746032,55.75396825396825,6.547619047619048,21.626984126984127,68.80688575689751,43.7,60.11904761904761,50.0,33.53174603174603,64.88095238095238,63.69047619047619,118.245,292.353,22.52
2020-12-11,50.0,70.43650793650794,39.88095238095239,35.51587301587302,86.30952380952381,96.62698412698413,60.51587301587301,8.531746031746032,49.404761904761905,65.18186100267748,41.725,69.24603174603175,50.0,34.72222222222222,73.61111111111111,64.0873015873016,117.095,291.705,23.31
2020-12-14,50.0,69.64285714285714,40.67460317460318,27.18253968253968,82.34126984126983,96.23015873015873,55.75396825396825,8.531746031746032,61.70634920634921,77.02472736793004,38.2,55.35714285714286,50.02849920104779,25.595238095238095,90.27777777777779,33.53174603174603,118.403,293.822,24.72
2020-12-15,50.0,74.8015873015873,47.817460317460316,45.83333333333333,82.73809523809523,97.81746031746032,45.03968253968254,9.722222222222223,41.46825396825397,94.59043373868724,42.775,67.26190476190477,50.0,92.26190476190477,94.64285714285714,37.89682539682539,120.053,296.962,22.89
2020-12-16,50.0,76.78571428571429,43.452380952380956,41.07142857142857,87.5,98.80952380952381,38.69047619047619,12.103174603174603,37.89682539682539,100.0,43.75,56.15079365079365,50.0,36.7063492063492,91.07142857142857,33.92857142857143,120.123,298.595,22.5
2020-12-17,50.0,78.76984126984127,52.976190476190474,52.976190476190474,96.23015873015873,99.4047619047619,30.357142857142854,11.30952380952381,20.833333333333336,100.0,45.175,59.72222222222222,50.0,73.21428571428571,99.40476190476191,27.18253968253968,120.343,300.548,21.93
2020-12-18,57.91117847826195,97.02380952380952,27.579365079365083,43.452380952380956,98.21428571428571,99.0079365079365,25.992063492063494,8.928571428571429,7.738095238095238,94.95920784699953,46.075,88.69047619047619,63.88605453177448,36.904761904761905,98.61111111111111,5.753968253968254,119.628,299.639,21.57
2020-12-21,58.97276821371985,81.15079365079364,24.404761904761905,35.11904761904761,97.42063492063492,98.61111111111111,25.992063492063494,8.531746031746032,17.658730158730158,91.8537693369001,37.1,58.53174603174603,52.95077612397498,21.626984126984127,82.34126984126983,36.7063492063492,119.096,299.079,25.16
2020-12-22,56.67592182200413,85.51587301587301,16.46825396825397,29.166666666666668,97.02380952380952,96.23015873015873,27.976190476190478,10.119047619047619,11.706349206349206,96.36220060245493,39.425,74.0079365079365,50.0,31.944444444444443,91.07142857142857,76.38888888888889,118.92,299.892,24.23
2020-12-23,52.667596050418894,57.341269841269835,22.42063492063492,35.91269841269841,96.62698412698413,98.61111111111111,28.373015873015873,6.944444444444445,9.722222222222223,87.98860747700876,41.725,53.769841269841265,50.0,52.976190476190474,86.30952380952381,43.05555555555556,118.026,298.382,23.31
2020-12-24,50.101623222115215,89.0873015873016,37.5,40.27777777777778,96.23015873015873,98.21428571428571,29.96031746031746,6.944444444444445,14.880952380952381,95.29193340165305,46.175,84.72222222222221,50.0,64.48412698412699,98.61111111111111,40.27777777777778,119.08,299.699,21.53
2020-12-28,50.0,84.72222222222221,48.214285714285715,42.65873015873016,94.24603174603175,99.8015873015873,50.595238095238095,11.706349206349206,31.150793650793652,100.0,45.75,81.54761904761905,50.0,51.388888888888886,89.0873015873016,73.61111111111111,118.949,302.719,21.7
2020-12-29,50.0,83.13492063492063,45.03968253968254,31.944444444444443,91.86507936507937,99.4047619047619,53.769841269841265,12.103174603174603,37.89682539682539,100.0,42.300000000000004,76.38888888888889,50.0,19.246031746031747,70.03968253968253,44.642857142857146,118.642,302.99,23.08
2020-12-30,50.0,87.10317460317461,30.753968253968257,42.65873015873016,90.67460317460318,98.61111111111111,39.08730158730159,11.30952380952381,43.05555555555556,100.0,43.075,80.75396825396825,50.0,70.03968253968253,86.30952380952381,30.357142857142854,120.631,303.0,22.77
2020-12-31,50.0,88.29365079365078,58.53174603174603,62.10317460317461,87.5,99.8015873015873,28.76984126984127,8.531746031746032,29.166666666666668,100.0,43.125,79.96031746031747,50.0,82.34126984126983,75.9920634920635,9.722222222222223,121.014,303.745,22.75
2021-01-04,50.0,81.15079365079364,20.03968253968254,25.198412698412696,78.37301587301587,99.4047619047619,26.785714285714285,14.484126984126986,70.83333333333334,76.47149198615061,32.575,58.13492063492064,51.365178667995785,12.103174603174603,62.10317460317461,28.373015873015873,120.506,299.457,26.97
2021-01-05,50.0,58.13492063492064,38.2936507936508,36.7063492063492,74.40476190476191,99.8015873015873,24.404761904761905,13.690476190476192,75.9920634920635,90.01355303516654,36.65,35.91269841269841,50.0,72.02380952380952,63.29365079365079,25.595238095238095,122.97,301.925,25.34
2021-01-06,50.0,50.198412698412696,68.45238095238095,65.67460317460318,72.02380952380952,99.8015873015873,22.42063492063492,10.119047619047619,49.007936507936506,67.06667325113722,37.325,47.023809523809526,53.250858414266716,77.57936507936508,56.15079365079365,33.92857142857143,122.571,297.743,25.07
2021-01-07,50.0,68.05555555555556,85.51587301587301,68.45238095238095,67.65873015873017,99.8015873015873,22.42063492063492,12.896825396825399,60.912698412698404,100.0,44.074999999999996,54.96031746031746,51.36273117998246,68.05555555555556,69.64285714285714,29.96031746031746,127.195,304.946,22.37
2021-01-08,51.2533557578319,89.0873015873016,82.73809523809523,72.02380952380952,62.89682539682539,99.8015873015873,27.18253968253968,15.277777777777779,66.86507936507937,100.0,46.1,79.96031746031747,53.49620290342583,48.214285714285715,63.29365079365079,54.166666666666664,127.262,308.867,21.56
2021-01-11,50.0,81.94444444444444,72.02380952380952,58.53174603174603,59.32539682539682,99.4047619047619,35.51587301587302,10.515873015873016,73.21428571428571,75.9173581725034,39.800000000000004,77.18253968253968,50.0,37.5,37.89682539682539,72.42063492063492,128.552,304.404,24.08
2021-01-12,51.2292363003379,68.05555555555556,75.9920634920635,55.75396825396825,61.70634920634921,99.4047619047619,45.43650793650794,1.7857142857142856,74.8015873015873,73.30566230772467,41.675000000000004,51.388888888888886,50.0,58.53174603174603,74.8015873015873,70.43650793650794,129.331,303.92,23.33
2021-01-13,50.0,69.64285714285714,82.73809523809523,57.738095238095234,63.69047619047619,98.61111111111111,51.388888888888886,2.976190476190476,68.05555555555556,84.37838940385328,44.474999999999994,46.62698412698413,50.0,35.51587301587302,72.42063492063492,47.023809523809526,129.541,305.972,22.21
2021-01-14,50.0,53.769841269841265,74.40476190476191,50.595238095238095,68.05555555555556,98.61111111111111,58.53174603174603,2.1825396825396823,68.84920634920636,75.55042569563382,41.875,33.13492063492063,50.0,47.023809523809526,87.10317460317461,51.78571428571429,132.286,304.336,23.25
2021-01-15,50.0,55.75396825396825,49.404761904761905,47.42063492063492,67.26190476190477,97.42063492063492,40.27777777777778,5.357142857142857,72.42063492063492,62.54051096426618,39.15,39.08730158730159,50.9301775535541,31.944444444444443,59.32539682539682,12.103174603174603,129.595,301.925,24.34
2021-01-19,50.0,42.26190476190476,77.18253968253968,49.404761904761905,77.18253968253968,97.81746031746032,35.91269841269841,6.15079365079365,68.45238095238095,86.31018097325592,41.900000000000006,29.166666666666668,50.0,58.13492063492064,87.10317460317461,51.388888888888886,134.041,306.33,23.24
2021-01-20,50.0,51.388888888888886,71.23015873015873,69.24603174603175,75.1984126984127,98.21428571428571,28.76984126984127,11.706349206349206,38.69047619047619,100.0,46.050000000000004,70.03968253968253,50.0,64.48412698412699,64.48412698412699,28.373015873015873,133.562,313.456,21.58
2021-01-21,50.0,62.5,46.62698412698413,53.769841269841265,73.61111111111111,99.8015873015873,27.18253968253968,16.46825396825397,54.166666666666664,100.0,46.7,51.78571428571429,50.0,26.785714285714285,71.62698412698413,36.30952380952381,135.493,315.963,21.32
2021-01-22,50.0,73.21428571428571,23.61111111111111,42.26190476190476,73.61111111111111,97.42063492063492,23.214285714285715,16.071428571428573,53.769841269841265,95.19985989920757,45.225,49.007936507936506,50.0,31.944444444444443,80.75396825396825,33.92857142857143,133.195,315.053,21.91
2021-01-25,50.0,79.56349206349206,21.23015873015873,41.07142857142857,73.61111111111111,96.62698412698413,35.11904761904761,20.833333333333336,58.13492063492064,100.0,42.025,57.341269841269835,56.12079240342396,41.46825396825397,57.341269841269835,58.53174603174603,133.387,317.658,23.19
2021-01-26,50.0,53.37301587301587,17.658730158730158,29.166666666666668,72.81746031746032,95.83333333333333,33.13492063492063,25.198412698412696,67.65873015873017,100.0,42.45,36.7063492063492,50.0,29.166666666666668,79.96031746031747,39.08730158730159,131.22,318.122,23.02
2021-01-27,50.084838453244465,52.976190476190474,9.722222222222223,15.674603174603174,68.45238095238095,94.64285714285714,29.166666666666668,23.214285714285715,65.27777777777779,53.53983691791196,6.974999999999994,35.51587301587302,51.74390153891404,11.30952380952381,43.84920634920635,18.849206349206348,124.409,309.254,37.21
2021-01-28,51.32051322145298,52.57936507936508,12.896825396825399,18.849206349206348,58.13492063492064,94.64285714285714,20.833333333333336,16.46825396825397,41.86507936507937,63.127353656773074,24.474999999999994,32.73809523809524,52.09728570466061,73.21428571428571,27.976190476190478,10.119047619047619,127.138,311.084,30.21
2021-01-29,49.15114922962578,44.642857142857146,9.325396825396826,12.896825396825399,47.42063492063492,94.24603174603175,19.246031746031747,17.261904761904763,36.7063492063492,28.837573844835163,17.27499999999999,40.27777777777778,48.84394609368082,10.119047619047619,35.91269841269841,15.277777777777779,124.92,304.539,33.09
2021-02-01,50.71856702338978,52.976190476190474,14.087301587301587,17.261904761904763,41.86507936507937,83.53174603174602,14.880952380952381,18.849206349206348,28.76984126984127,68.70697405397928,24.400000000000006,43.05555555555556,50.0,81.54761904761905,36.30952380952381,16.071428571428573,129.854,312.149,30.24
2021-02-02,54.710524683095684,49.404761904761905,20.833333333333336,25.595238095238095,40.27777777777778,85.51587301587301,10.912698412698413,24.00793650793651,18.055555555555554,95.3843703568651,36.10000000000001,41.07142857142857,50.0,83.13492063492063,56.547619047619044,16.865079365079367,131.96,317.241,25.56
2021-02-03,50.393161505628605,45.03968253968254,14.087301587301587,25.992063492063494,42.26190476190476,88.2936507936508,14.087301587301587,29.563492063492063,33.53174603174603,88.79360748392119,42.725,55.75396825396825,50.0,42.65873015873016,67.26190476190477,37.5,129.279,315.983,22.91
2021-02-04,50.0,27.18253968253968,37.10317460317461,43.84920634920635,49.404761904761905,91.86507936507937,17.658730158730158,31.150793650793652,33.92857142857143,100.0,45.575,22.42063492063492,50.0,79.96031746031747,52.976190476190474,21.23015873015873,130.339,319.72,21.77
2021-02-05,50.0,40.67460317460318,54.96031746031746,52.182539682539684,58.92857142857143,92.26190476190476,19.642857142857142,17.658730158730158,28.373015873015873,100.0,47.824999999999996,14.880952380952381,50.0,62.5,80.75396825396825,34.72222222222222,129.449,320.804,20.87
2021-02-08,50.0,43.84920634920635,66.46825396825396,70.83333333333334,68.84920634920636,93.05555555555556,27.18253968253968,16.071428571428573,44.24603174603175,100.0,46.900000000000006,25.595238095238095,50.0,72.42063492063492,81.54761904761905,65.67460317460318,133.333,322.953,21.24
2021-02-09,50.0,37.5,79.16666666666666,65.67460317460318,68.84920634920636,92.65873015873015,37.10317460317461,15.674603174603174,42.65873015873016,99.65423245281335,45.925000000000004,14.087301587301587,50.0,44.642857142857146,58.53174603174603,56.15079365079365,132.94,322.886,21.63
2021-02-10,50.0,67.65873015873017,93.45238095238095,70.83333333333334,64.48412698412699,91.07142857142857,44.24603174603175,30.357142857142854,54.166666666666664,95.85595014341614,45.025000000000006,42.26190476190476,50.0,53.57142857142857,51.388888888888886,71.23015873015873,133.202,322.15,21.99
2021-02-11,50.0,54.96031746031746,87.5,67.26190476190477,66.46825396825396,91.07142857142857,72.81746031746032,36.30952380952381,56.94444444444444,100.0,46.875,26.38888888888889,50.0,43.452380952380956,60.912698412698404,94.24603174603175,137.813,323.922,21.25
2021-02-12,50.0,56.547619047619044,96.62698412698413,68.45238095238095,64.48412698412699,93.05555555555556,69.64285714285714,32.73809523809524,64.0873015873016,100.0,50.150000000000006,33.53174603174603,50.0,61.70634920634921,72.81746031746032,26.785714285714285,139.518,325.732,19.97
2021-02-16,50.0,37.89682539682539,91.46825396825396,60.317460317460316,62.89682539682539,94.24603174603175,62.10317460317461,27.976190476190478,63.69047619047619,95.4922042251502,46.35,14.087301587301587,50.0,39.08730158730159,76.38888888888889,39.48412698412698,140.22,324.851,21.46
2021-02-17,50.0,60.51587301587301,79.16666666666666,54.96031746031746,63.29365079365079,93.45238095238095,63.69047619047619,35.91269841269841,72.02380952380952,87.51529887555796,46.25,31.547619047619047,50.0,41.07142857142857,59.32539682539682,59.32539682539682,137.817,323.292,21.5
2021-02-18,50.0,46.62698412698413,72.02380952380952,56.94444444444444,60.912698412698404,93.05555555555556,54.563492063492056,40.27777777777778,73.21428571428571,80.28542892111717,43.775000000000006,30.357142857142854,50.0,34.32539682539682,44.642857142857146,37.10317460317461,136.4,321.879,22.49
2021-02-19,50.0,48.214285714285715,60.912698412698404,54.563492063492056,62.5,94.24603174603175,24.00793650793651,37.10317460317461,72.02380952380952,73.10160909377444,44.875,26.38888888888889,50.0,52.57936507936508,66.86507936507937,10.515873015873016,139.687,320.475,22.05
2021-02-22,50.0,58.13492063492064,51.388888888888886,44.24603174603175,58.53174603174603,94.24603174603175,23.61111111111111,32.73809523809524,72.42063492063492,30.597341781996484,41.375,32.34126984126984,50.0,40.67460317460318,44.642857142857146,24.801587301587304,134.625,312.168,23.45
2021-02-23,50.0,80.35714285714286,37.10317460317461,41.07142857142857,46.62698412698413,94.24603174603175,16.865079365079367,33.92857142857143,75.9920634920635,25.843945329288864,42.225,52.57936507936508,51.761040451478586,47.42063492063492,24.801587301587304,16.071428571428573,133.613,311.239,23.11
2021-02-24,50.0,50.595238095238095,53.769841269841265,47.817460317460316,41.86507936507937,96.62698412698413,14.484126984126986,33.53174603174603,66.07142857142857,38.96823155231886,46.65,28.373015873015873,51.195914641184295,75.9920634920635,37.5,19.246031746031747,137.947,313.804,21.34
2021-02-25,51.15197580795617,73.61111111111111,22.817460317460316,33.53174603174603,39.08730158730159,99.8015873015873,11.30952380952381,40.67460317460318,80.75396825396825,0.0,27.775000000000006,38.69047619047619,53.19261866776425,6.944444444444445,26.785714285714285,11.706349206349206,130.09,302.864,28.89
2021-02-26,50.94424588739037,61.70634920634921,16.865079365079367,27.579365079365083,30.753968253968257,93.05555555555556,11.30952380952381,42.26190476190476,85.9126984126984,0.0,30.125,27.579365079365083,51.581327449967006,28.76984126984127,17.261904761904763,8.928571428571429,133.055,304.133,27.95
2021-03-01,55.592327679053405,47.817460317460316,30.753968253968257,41.86507936507937,31.547619047619047,81.15079365079364,8.928571428571429,41.86507936507937,75.1984126984127,36.29732418061444,41.625,17.658730158730158,50.0,95.83333333333334,58.53174603174603,8.134920634920634,137.296,313.282,23.35
2021-03-02,50.12806086559264,39.08730158730159,27.579365079365083,37.5,38.69047619047619,76.78571428571428,9.325396825396826,38.2936507936508,79.56349206349206,10.586003217368711,39.75,10.515873015873016,50.0,30.357142857142854,63.29365079365079,20.436507936507937,133.179,308.257,24.1
2021-03-03,50.0,42.26190476190476,21.626984126984127,28.57142857142857,34.32539682539682,75.9920634920635,7.738095238095238,27.579365079365083,81.94444444444444,0.0,33.32499999999999,18.849206349206348,50.0,31.150793650793652,22.817460317460316,12.5,129.104,299.311,26.67
2021-03-04,48.869348432947966,68.45238095238095,13.690476190476192,18.849206349206348,30.357142857142854,76.78571428571428,9.325396825396826,29.166666666666668,88.29365079365078,0.0,28.575000000000003,45.03968253968254,45.8400555551859,14.880952380952381,9.325396825396826,20.833333333333336,122.89,294.412,28.57
2021-03-05,49.18774149575541,81.15079365079364,28.76984126984127,37.5,25.595238095238095,85.91269841269842,11.706349206349206,25.198412698412696,68.84920634920636,0.0,38.35,52.976190476190474,48.00627458049056,93.45238095238095,8.531746031746032,21.626984126984127,126.576,298.847,24.66
2021-03-08,46.87640285923785,56.547619047619044,43.452380952380956,42.857142857142854,15.674603174603174,85.91269841269842,14.087301587301587,21.23015873015873,62.5,0.0,36.325,29.563492063492063,47.466688933082665,64.28571428571429,15.674603174603174,14.484126984126986,119.747,290.385,25.47
2021-03-09,47.60942223304346,74.0079365079365,45.03968253968254,47.023809523809526,10.515873015873016,86.30952380952381,9.325396825396826,36.7063492063492,64.48412698412699,0.0,39.925,47.42063492063492,48.272703925609434,49.801587301587304,15.674603174603174,4.563492063492063,127.186,301.838,24.03
2021-03-10,49.50462630207045,63.29365079365079,43.452380952380956,59.12698412698413,11.706349206349206,86.30952380952381,8.134920634920634,30.357142857142854,52.976190476190474,0.0,43.6,43.05555555555556,49.96921406397048,74.8015873015873,37.89682539682539,9.722222222222223,124.786,300.977,22.56
2021-03-11,51.41348034150695,45.03968253968254,76.38888888888889,70.03968253968253,16.46825396825397,89.08730158730158,7.341269841269842,31.150793650793652,49.801587301587304,8.800281622110646,45.225,27.579365079365083,50.0,61.30952380952381,35.91269841269841,12.103174603174603,130.039,307.908,21.91
2021-03-12,50.0,30.357142857142854,89.0873015873016,75.9920634920635,28.373015873015873,90.67460317460318,6.15079365079365,31.547619047619047,39.48412698412698,0.0,48.275,33.92857142857143,50.0,65.67460317460318,52.57936507936508,15.277777777777779,128.667,305.411,20.69
2021-03-15,50.0,29.166666666666668,82.34126984126983,86.30952380952381,41.07142857142857,90.67460317460318,4.166666666666666,27.18253968253968,22.42063492063492,12.714542425470343,49.925,20.436507936507937,50.0,75.59523809523809,76.78571428571429,6.15079365079365,131.379,308.673,20.03
2021-03-16,50.0,43.452380952380956,80.75396825396825,79.16666666666666,54.96031746031746,89.88095238095238,8.928571428571429,31.150793650793652,21.23015873015873,21.387316362326366,51.050000000000004,29.96031746031746,50.0,21.23015873015873,68.05555555555556,22.42063492063492,133.077,310.368,19.79
2021-03-17,50.0,56.547619047619044,88.29365079365078,83.53174603174604,57.341269841269835,91.86507936507937,7.341269841269842,27.976190476190478,12.5,27.92131772950337,53.849999999999994,30.753968253968257,50.0,55.75396825396825,52.976190476190474,5.753968253968254,134.753,311.645,19.23
2021-03-18,50.0,33.92857142857143,92.65873015873017,52.182539682539684,62.5,93.84920634920636,5.753968253968254,26.38888888888889,51.388888888888886,0.0,46.050000000000004,15.674603174603174,50.077945688827604,23.214285714285715,69.64285714285714,4.9603174603174605,129.177,302.1,21.58
2021-03-19,50.28645462380837,10.912698412698413,75.59523809523809,48.61111111111111,59.32539682539682,94.24603174603175,2.579365079365079,20.833333333333336,47.023809523809526,0.0,47.625,1.3888888888888888,50.896565770621,38.492063492063494,31.944444444444443,1.7857142857142856,130.773,303.165,20.95
2021-03-22,53.12928936405515,47.817460317460316,69.24603174603175,51.388888888888886,55.35714285714286,93.45238095238095,2.579365079365079,31.547619047619047,54.96031746031746,13.620194925071294,55.60000000000001,35.11904761904761,50.0,53.37301587301587,56.547619047619044,6.944444444444445,133.54,308.85,18.88
2021-03-23,51.789971807682086,37.10317460317461,52.976190476190474,25.992063492063494,53.37301587301587,86.7063492063492,1.7857142857142856,43.452380952380956,68.05555555555556,6.722909221895949,49.25,21.626984126984127,50.0,15.674603174603174,52.57936507936508,17.658730158730158,130.029,307.502,20.3
2021-03-24,48.612609188074764,43.84920634920635,39.08730158730159,24.801587301587304,50.198412698412696,86.30952380952381,2.1825396825396823,35.51587301587302,58.53174603174603,0.0,47.0,25.595238095238095,50.0,47.023809523809526,41.86507936507937,6.547619047619048,128.245,302.316,21.2
2021-03-25,53.33553694811309,54.166666666666664,49.404761904761905,41.07142857142857,42.65873015873016,86.7063492063492,4.563492063492063,27.579365079365083,33.53174603174603,0.0,50.95,35.51587301587302,50.0,80.75396825396825,31.547619047619047,14.484126984126986,128.382,301.793,19.81
2021-03-26,50.0,31.150793650793652,60.912698412698404,75.9920634920635,50.198412698412696,93.45238095238095,9.325396825396826,29.166666666666668,23.214285714285715,0.6698758488572338,55.7,25.198412698412696,50.0,93.84920634920636,69.24603174603175,14.087301587301587,134.719,306.319,18.86
2021-03-29,50.0,19.642857142857142,39.08730158730159,57.341269841269835,50.595238095238095,97.02380952380952,10.515873015873016,34.32539682539682,37.89682539682539,0.22472462023997627,48.150000000000006,18.055555555555554,50.0,31.547619047619047,59.32539682539682,9.722222222222223,132.653,306.232,20.74
2021-03-30,50.0,36.30952380952381,51.388888888888886,64.88095238095238,53.37301587301587,96.23015873015873,6.944444444444445,20.03968253968254,34.32539682539682,0.0,51.95,38.2936507936508,50.0,43.05555555555556,62.5,11.30952380952381,132.337,304.691,19.61
2021-03-31,50.0,44.24603174603175,41.46825396825397,60.11904761904761,60.51587301587301,74.8015873015873,5.357142857142857,20.436507936507937,27.18253968253968,16.199002042578684,53.00000000000001,24.801587301587304,50.0,35.11904761904761,77.97619047619048,2.1825396825396823,135.569,309.354,19.4
2021-04-01,50.0,54.563492063492056,67.65873015873017,78.76984126984127,76.38888888888889,74.4047619047619,2.1825396825396823,24.404761904761905,27.18253968253968,43.1792598414237,63.35000000000001,26.785714285714285,50.0,80.75396825396825,93.05555555555556,4.9603174603174605,140.554,314.627,17.33
2021-04-05,50.0,64.88095238095238,86.70634920634922,86.70634920634922,83.53174603174604,82.73809523809524,2.1825396825396823,35.11904761904761,33.92857142857143,75.31713187528388,60.449999999999996,51.78571428571429,50.0,83.92857142857143,95.43650793650794,9.722222222222223,143.39,320.908,17.91
2021-04-06,50.0,44.642857142857146,86.30952380952381,86.70634920634922,88.29365079365078,78.76984126984127,4.9603174603174605,27.579365079365083,10.119047619047619,74.17611205940246,59.4,17.658730158730158,50.0,49.404761904761905,92.26190476190477,23.61111111111111,141.788,320.685,18.12
2021-04-07,50.0,45.03968253968254,89.88095238095238,80.35714285714286,89.48412698412699,79.56349206349206,7.341269841269842,40.27777777777778,21.23015873015873,78.14665635143815,64.2,37.10317460317461,50.0,27.18253968253968,72.42063492063492,20.03968253968254,141.696,321.461,17.16
2021-04-08,50.0,32.34126984126984,90.27777777777779,77.57936507936508,93.45238095238095,76.78571428571428,15.277777777777779,58.92857142857143,45.03968253968254,95.30800371675669,65.25,24.404761904761905,50.0,48.61111111111111,93.84920634920636,34.32539682539682,143.31,324.815,16.95
2021-04-09,50.0,51.78571428571429,86.30952380952381,85.51587301587301,91.46825396825396,81.54761904761905,17.261904761904763,57.341269841269835,41.46825396825397,100.0,66.54999999999998,39.88095238095239,50.0,71.62698412698413,81.54761904761905,25.992063492063494,142.863,326.783,16.69
2021-04-12,50.0,81.54761904761905,72.81746031746032,88.29365079365078,89.0873015873016,83.13492063492063,20.436507936507937,53.769841269841265,43.05555555555556,97.8222041334258,65.44999999999999,54.96031746031746,50.0,57.738095238095234,92.26190476190477,32.34126984126984,141.328,326.356,16.91
2021-04-13,50.0,80.75396825396825,77.57936507936508,81.54761904761905,90.67460317460318,79.96031746031746,22.023809523809522,60.912698412698404,38.2936507936508,100.0,66.75,61.30952380952381,50.0,41.07142857142857,94.64285714285714,29.563492063492063,141.104,330.166,16.65
2021-04-14,50.0,70.03968253968253,77.97619047619048,90.67460317460318,94.64285714285714,78.37301587301587,28.76984126984127,62.89682539682539,27.579365079365083,79.98481571896171,65.05000000000001,58.13492063492064,50.0,44.24603174603175,95.03968253968253,50.99206349206349,139.553,326.201,16.99
2021-04-15,50.0,38.2936507936508,92.65873015873017,91.07142857142857,91.46825396825396,74.8015873015873,28.373015873015873,60.51587301587301,26.38888888888889,100.0,67.15,51.388888888888886,50.0,83.53174603174604,75.59523809523809,33.92857142857143,141.891,331.145,16.57
2021-04-16,50.0,18.055555555555554,89.88095238095238,93.05555555555556,96.23015873015873,79.16666666666666,19.642857142857142,66.86507936507937,23.214285714285715,100.0,68.75,12.5,50.0,69.64285714285714,98.61111111111111,2.1825396825396823,141.226,331.533,16.25
2021-04-19,50.0,65.27777777777779,60.912698412698404,87.10317460317461,95.03968253968253,78.76984126984127,20.436507936507937,68.05555555555556,25.595238095238095,84.74762190591392,63.550000000000004,41.86507936507937,50.0,19.246031746031747,88.29365079365078,35.91269841269841,137.513,328.499,17.29
2021-04-20,50.0,25.198412698412696,54.166666666666664,58.13492063492064,92.65873015873017,71.62698412698413,19.246031746031747,66.46825396825396,47.42063492063492,72.70759371364723,56.6,35.51587301587302,50.0,24.801587301587304,78.76984126984127,25.198412698412696,135.553,326.104,18.68
2021-04-21,50.0,19.642857142857142,78.37301587301587,83.13492063492063,88.29365079365078,75.9920634920635,16.46825396825397,57.341269841269835,46.62698412698413,86.74340110939177,62.5,30.753968253968257,50.0,83.92857142857143,78.76984126984127,16.865079365079367,139.109,328.896,17.5
2021-04-22,50.0,31.547619047619047,59.72222222222222,57.341269841269835,83.53174603174604,69.24603174603175,16.071428571428573,48.61111111111111,53.37301587301587,66.81074483284209,56.449999999999996,18.452380952380953,50.0,14.484126984126986,50.99206349206349,27.976190476190478,136.081,324.931,18.71
2021-04-23,50.0,42.26190476190476,67.26190476190477,73.61111111111111,78.76984126984127,77.18253968253968,18.452380952380953,49.404761904761905,27.18253968253968,87.37682221679283,63.35000000000001,33.53174603174603,50.0,85.51587301587301,75.1984126984127,14.484126984126986,138.562,329.022,17.33
2021-04-26,50.0,57.341269841269835,58.92857142857143,77.18253968253968,74.0079365079365,77.97619047619048,18.055555555555554,39.88095238095239,24.404761904761905,98.14498104261095,61.8,43.452380952380956,50.0,45.83333333333333,75.1984126984127,33.53174603174603,141.101,331.164,17.64
2021-04-27,50.0,37.10317460317461,64.88095238095238,70.83333333333334,77.18253968253968,82.73809523809524,20.436507936507937,30.357142857142854,18.055555555555554,90.9360455821894,62.2,39.48412698412698,50.0,50.198412698412696,87.5,39.48412698412698,140.043,329.73,17.56
2021-04-28,50.0,42.26190476190476,59.32539682539682,62.89682539682539,82.34126984126983,82.34126984126985,25.595238095238095,31.547619047619047,7.341269841269842,85.3307714968544,63.599999999999994,74.8015873015873,50.0,35.11904761904761,98.61111111111111,39.48412698412698,137.916,328.615,17.28
2021-04-29,50.0,62.10317460317461,57.738095238095234,70.03968253968253,91.86507936507937,84.72222222222223,26.785714285714285,38.69047619047619,9.325396825396826,91.27789189412012,61.95,74.8015873015873,50.0,79.96031746031747,94.64285714285714,33.13492063492063,138.812,329.798,17.61
2021-04-30,50.0,55.75396825396825,31.944444444444443,41.46825396825397,94.24603174603175,58.13492063492063,23.61111111111111,46.230158730158735,8.531746031746032,80.40919003538122,56.95,57.738095238095234,50.0,12.103174603174603,88.69047619047619,6.547619047619048,134.943,327.636,18.61
2021-05-03,50.0,35.11904761904761,54.96031746031746,60.11904761904761,98.61111111111111,57.73809523809524,19.642857142857142,35.91269841269841,11.706349206349206,71.63681041304076,58.45000000000001,35.51587301587302,50.0,66.07142857142857,98.61111111111111,18.452380952380953,133.539,325.891,18.31
2021-05-04,50.0,39.88095238095239,57.738095238095234,39.88095238095239,95.83333333333334,54.56349206349206,18.055555555555554,30.753968253968257,25.595238095238095,42.152566009014684,52.599999999999994,38.69047619047619,50.97992918552813,35.91269841269841,60.11904761904761,24.404761904761905,131.288,320.026,19.48
2021-05-05,50.0,9.325396825396826,44.24603174603175,36.7063492063492,86.30952380952381,53.769841269841265,20.833333333333336,31.944444444444443,29.166666666666668,36.74335083787515,54.25000000000001,4.9603174603174605,50.0,46.230158730158735,62.89682539682539,58.92857142857143,132.11,318.95,19.15
2021-05-06,50.0,16.865079365079367,71.23015873015873,40.67460317460318,81.15079365079364,55.357142857142854,22.023809523809522,41.86507936507937,53.37301587301587,48.828623394955954,58.05,11.30952380952381,50.0,72.81746031746032,73.61111111111111,35.11904761904761,133.194,321.354,18.39
2021-05-07,50.0,22.023809523809522,68.84920634920636,59.92063492063492,80.75396825396825,58.13492063492063,28.76984126984127,37.89682539682539,48.61111111111111,61.9394348878291,66.54999999999998,14.087301587301587,50.0,84.32539682539682,86.70634920634922,24.404761904761905,135.023,323.962,16.69
2021-05-10,50.0,24.404761904761905,59.72222222222222,45.83333333333333,78.37301587301587,56.94444444444444,28.373015873015873,36.30952380952381,67.65873015873017,20.80728011992745,51.7,20.436507936507937,50.0,31.944444444444443,93.84920634920636,17.658730158730158,129.018,315.78,19.66
2021-05-11,50.0,58.92857142857143,41.46825396825397,29.166666666666668,77.18253968253968,54.56349206349206,26.785714285714285,41.86507936507937,76.78571428571429,18.615442002254134,45.4,34.72222222222222,50.09438333401911,8.134920634920634,50.595238095238095,21.626984126984127,129.19,315.344,21.84
2021-05-12,50.0,43.05555555555556,17.658730158730158,9.325396825396826,64.88095238095238,51.38888888888889,16.071428571428573,54.96031746031746,95.03968253968253,0.0,31.025000000000006,25.595238095238095,50.0,1.7857142857142856,17.261904761904763,8.134920634920634,123.927,307.182,27.59
2021-05-13,50.0,47.42063492063492,21.626984126984127,18.849206349206348,58.92857142857143,52.182539682539684,14.484126984126986,52.57936507936508,87.89682539682539,0.0,42.175000000000004,29.96031746031746,50.0,93.05555555555556,42.26190476190476,19.642857142857142,125.507,309.557,23.13
2021-05-14,50.0,45.03968253968254,58.53174603174603,31.150793650793652,50.595238095238095,54.56349206349206,14.087301587301587,49.801587301587304,76.38888888888889,23.878869775658394,55.95,29.563492063492063,50.0,92.26190476190477,61.70634920634921,19.246031746031747,129.392,316.391,18.81
2021-05-17,50.0,30.753968253968257,44.24603174603175,26.785714285714285,46.230158730158735,54.16666666666667,15.674603174603174,50.198412698412696,76.38888888888889,14.231765766906937,51.400000000000006,22.42063492063492,50.0,24.404761904761905,62.89682539682539,29.96031746031746,128.263,314.472,19.72
2021-05-18,50.0,14.087301587301587,27.976190476190478,17.261904761904763,49.007936507936506,50.992063492063494,14.880952380952381,47.42063492063492,84.32539682539682,3.5591228223635105,46.65,6.547619047619048,50.0,10.515873015873016,73.61111111111111,18.849206349206348,127.23,312.349,21.34
2021-05-19,50.0,24.801587301587304,16.071428571428573,10.912698412698413,57.341269841269835,53.769841269841265,17.261904761904763,49.007936507936506,91.46825396825396,5.363870263292162,44.55,10.912698412698413,50.0,15.674603174603174,37.10317460317461,13.690476190476192,129.712,312.708,22.18
2021-05-20,50.0,31.150793650793652,17.658730158730158,20.833333333333336,63.29365079365079,53.37301587301587,15.674603174603174,63.69047619047619,80.35714285714286,35.76808341854338,48.324999999999996,6.547619047619048,50.0,75.9920634920635,71.23015873015873,17.658730158730158,133.123,318.756,20.67
2021-05-21,50.0,32.34126984126984,6.15079365079365,23.214285714285715,66.86507936507937,52.57936507936508,13.293650793650794,66.86507936507937,66.86507936507937,26.90018791492861,49.625,17.658730158730158,50.0,50.79365079365079,79.96031746031747,8.531746031746032,132.388,316.992,20.15
2021-05-24,50.0,52.182539682539684,20.833333333333336,42.26190476190476,68.05555555555556,55.357142857142854,12.896825396825399,70.03968253968253,48.61111111111111,53.7049604916152,58.00000000000001,35.11904761904761,50.0,78.76984126984127,67.26190476190477,28.76984126984127,135.732,322.324,18.4
2021-05-25,50.0,24.404761904761905,31.547619047619047,27.18253968253968,67.26190476190477,48.611111111111114,16.071428571428573,75.1984126984127,69.64285714285714,55.947070125749086,55.8,8.928571428571429,50.0,23.809523809523807,70.43650793650794,33.92857142857143,136.135,322.77,18.84
2021-05-26,50.0,16.865079365079367,72.02380952380952,32.73809523809524,70.03968253968253,51.58730158730159,20.436507936507937,72.81746031746032,46.230158730158735,61.597588575898385,63.2,2.976190476190476,50.0,66.66666666666666,47.817460317460316,32.34126984126984,136.5,323.894,17.36
2021-05-27,50.0,2.579365079365079,55.35714285714286,42.65873015873016,69.64285714285714,55.75396825396825,19.642857142857142,68.05555555555556,26.785714285714285,55.504680780897594,66.30000000000001,0.1984126984126984,48.69604293741339,65.27777777777779,70.03968253968253,10.912698412698413,137.075,322.682,16.74
2021-05-28,50.0,45.83333333333333,38.2936507936508,48.61111111111111,72.02380952380952,52.57936507936508,17.658730158730158,66.46825396825396,45.83333333333333,60.62232115656643,66.19999999999999,8.928571428571429,50.0,54.563492063492056,86.30952380952381,4.9603174603174605,138.348,323.7,16.76
2021-06-01,50.0,10.515873015873016,50.595238095238095,47.817460317460316,74.8015873015873,42.658730158730165,19.246031746031747,64.88095238095238,39.08730158730159,55.21310598542727,60.50000000000001,2.1825396825396823,50.0,49.801587301587304,72.81746031746032,34.32539682539682,137.961,322.624,17.9
2021-06-02,50.0,14.087301587301587,66.46825396825396,45.03968253968254,73.21428571428571,41.86507936507936,18.849206349206348,72.42063492063492,28.76984126984127,58.380211522432724,62.6,2.976190476190476,50.0,47.023809523809526,65.67460317460318,35.51587301587302,138.802,323.254,17.48
2021-06-03,50.0,40.27777777777778,80.75396825396825,40.27777777777778,77.57936507936508,42.261904761904766,21.23015873015873,66.86507936507937,19.246031746031747,41.47390053679932,59.800000000000004,7.341269841269842,50.0,39.08730158730159,66.46825396825396,43.452380952380956,136.417,319.891,18.04
2021-06-04,50.0,45.43650793650794,79.16666666666666,52.57936507936508,71.23015873015873,41.07142857142857,22.023809523809522,74.0079365079365,37.89682539682539,68.76127967150583,67.89999999999999,19.246031746031747,50.0,72.81746031746032,44.24603174603175,12.5,139.729,325.319,16.42
2021-06-07,50.0,8.134920634920634,62.5,41.07142857142857,59.72222222222222,41.46825396825397,20.436507936507937,83.13492063492063,54.563492063492056,73.63258961651881,67.89999999999999,32.34126984126984,50.0,22.023809523809522,45.43650793650794,2.1825396825396823,138.642,326.288,16.42
2021-06-08,50.0,9.722222222222223,53.37301587301587,43.05555555555556,56.547619047619044,38.69047619047619,24.404761904761905,72.81746031746032,55.35714285714286,74.41682527330101,64.65,8.134920634920634,50.0,52.976190476190474,54.96031746031746,52.976190476190474,137.849,326.444,17.07
2021-06-09,50.0,2.579365079365079,51.78571428571429,34.32539682539682,61.30952380952381,35.51587301587301,22.42063492063492,80.75396825396825,68.05555555555556,74.80391595004625,60.55,1.3888888888888888,50.0,21.23015873015873,88.69047619047619,27.18253968253968,137.171,326.521,17.89
2021-06-10,50.0,14.484126984126986,48.61111111111111,37.10317460317461,58.13492063492064,32.73809523809523,26.785714285714285,81.94444444444444,74.0079365079365,91.911313001521,69.5,6.15079365079365,50.0,57.341269841269835,57.738095238095234,66.07142857142857,138.747,329.924,16.1
2021-06-11,50.0,5.753968253968254,52.976190476190474,44.44444444444444,68.45238095238095,35.11904761904762,26.38888888888889,83.13492063492063,71.62698412698413,96.24471772040778,71.75,2.976190476190476,50.0,72.81746031746032,87.10317460317461,8.531746031746032,139.448,330.786,15.65
2021-06-14,50.0,16.46825396825397,41.07142857142857,31.547619047619047,83.13492063492063,39.48412698412699,41.07142857142857,88.69047619047619,89.48412698412699,100.0,68.05,6.547619047619048,50.0,29.96031746031746,98.21428571428571,43.84920634920635,141.43,333.956,16.39
2021-06-15,50.0,2.1825396825396823,40.67460317460318,34.72222222222222,91.46825396825396,38.69047619047619,28.76984126984127,83.13492063492063,82.73809523809523,89.11533255878004,64.9,2.1825396825396823,50.0,49.007936507936506,85.9126984126984,12.103174603174603,140.271,331.775,17.02
2021-06-16,50.0,10.515873015873016,20.03968253968254,17.261904761904763,87.89682539682539,40.67460317460318,27.579365079365083,83.92857142857143,93.45238095238095,83.06663153229744,59.25000000000001,7.738095238095238,50.0,9.325396825396826,76.38888888888889,22.817460317460316,138.952,330.563,18.15
2021-06-17,50.0,28.373015873015873,13.293650793650794,13.293650793650794,91.86507936507937,36.30952380952381,12.5,91.86507936507937,89.88095238095238,100.0,61.25,30.753968253968257,52.89439008428293,29.166666666666668,77.18253968253968,7.738095238095238,140.45,334.761,17.75
2021-06-18,50.0,5.753968253968254,1.7857142857142856,5.753968253968254,91.86507936507937,27.579365079365076,8.531746031746032,93.45238095238095,94.64285714285714,86.92101728297699,48.25,2.976190476190476,52.45999132131778,3.7698412698412698,89.48412698412699,1.7857142857142856,137.089,332.134,20.7
2021-06-21,50.0,22.42063492063492,12.896825396825399,12.5,88.29365079365078,34.722222222222214,4.9603174603174605,85.9126984126984,89.0873015873016,97.19700522661422,60.55,22.817460317460316,50.0,99.8015873015873,91.07142857142857,20.833333333333336,137.595,334.198,17.89
2021-06-22,50.0,24.00793650793651,10.912698412698413,11.706349206349206,83.92857142857143,35.912698412698404,9.325396825396826,84.72222222222221,65.67460317460318,100.0,66.69999999999999,21.626984126984127,50.0,48.61111111111111,68.45238095238095,35.11904761904761,138.244,337.313,16.66
2021-06-23,50.0,18.452380952380953,16.071428571428573,10.515873015873016,87.5,36.30952380952381,10.515873015873016,85.9126984126984,68.05555555555556,100.0,68.4,28.373015873015873,50.0,31.547619047619047,90.27777777777779,25.198412698412696,138.821,337.478,16.32
2021-06-24,50.0,54.166666666666664,24.404761904761905,16.071428571428573,88.69047619047619,38.29365079365079,20.03968253968254,90.67460317460318,74.8015873015873,100.0,70.14999999999999,45.83333333333333,50.0,79.96031746031747,77.18253968253968,49.404761904761905,141.18,339.565,15.97
2021-06-25,50.0,4.166666666666666,29.96031746031746,26.984126984126984,91.07142857142857,43.452380952380956,28.373015873015873,89.48412698412699,85.11904761904762,97.94835549403885,71.9,0.5952380952380952,66.7063690526975,83.92857142857143,94.64285714285714,18.055555555555554,140.796,339.147,15.62
2021-06-28,50.0,8.531746031746032,31.547619047619047,18.055555555555554,95.43650793650794,39.48412698412699,29.563492063492063,88.69047619047619,82.73809523809523,100.0,71.2,23.61111111111111,50.0,32.73809523809524,99.0079365079365,24.404761904761905,144.157,343.272,15.76
2021-06-29,50.0,5.357142857142857,25.198412698412696,17.658730158730158,99.0079365079365,39.88095238095239,33.13492063492063,93.05555555555556,87.10317460317461,100.0,69.9,12.896825396825399,50.0,37.10317460317461,96.62698412698413,53.37301587301587,145.287,344.514,16.02
2021-06-30,50.0,17.261904761904763,52.976190476190474,20.03968253968254,99.40476190476191,16.865079365079367,24.00793650793651,90.67460317460318,83.13492063492063,97.37311110724094,70.85,10.515873015873016,50.0,52.976190476190474,99.40476190476191,2.1825396825396823,145.409,343.971,15.83
2021-07-01,50.0,32.73809523809524,79.56349206349206,35.51587301587302,99.8015873015873,21.626984126984127,16.071428571428573,90.67460317460318,79.96031746031747,98.02620503085494,72.6,16.071428571428573,50.0,85.51587301587301,99.0079365079365,20.833333333333336,143.325,344.106,15.48
2021-07-02,50.0,75.59523809523809,95.83333333333334,37.89682539682539,99.8015873015873,21.230158730158735,17.658730158730158,91.07142857142857,84.32539682539682,100.0,74.65,65.27777777777779,50.0,62.89682539682539,99.8015873015873,24.404761904761905,144.199,348.056,15.07
2021-07-06,50.0,74.0079365079365,68.84920634920636,21.23015873015873,99.40476190476191,12.896825396825392,17.658730158730158,93.45238095238095,92.65873015873017,100.0,67.8,60.912698412698404,50.0,17.261904761904763,88.29365079365078,23.214285714285715,143.952,349.561,16.44
2021-07-07,50.0,67.65873015873017,80.75396825396825,32.34126984126984,98.61111111111111,11.706349206349216,14.484126984126986,92.26190476190477,82.73809523809523,100.0,69.0,49.801587301587304,50.0,70.03968253968253,77.57936507936508,44.24603174603175,141.772,350.298,16.2
2021-07-08,50.0,57.341269841269835,59.32539682539682,16.071428571428573,97.02380952380952,9.722222222222214,26.38888888888889,91.86507936507937,92.65873015873017,89.93238138194721,55.0,50.99206349206349,50.0,4.563492063492063,79.16666666666666,22.023809523809522,139.951,348.182,19.0
2021-07-09,50.0,44.642857142857146,74.40476190476191,52.182539682539684,95.43650793650794,16.46825396825396,17.658730158730158,85.51587301587301,73.61111111111111,100.0,69.1,39.08730158730159,50.0,98.61111111111111,94.64285714285714,4.166666666666666,142.233,350.356,16.18
2021-07-12,50.0,22.817460317460316,58.92857142857143,61.70634920634921,95.83333333333334,18.849206349206355,23.214285714285715,88.69047619047619,69.24603174603175,100.0,69.14999999999999,31.547619047619047,50.0,56.34920634920635,99.8015873015873,40.27777777777778,144.058,351.725,16.17
2021-07-13,50.0,43.452380952380956,43.05555555555556,32.142857142857146,96.62698412698413,21.230158730158735,35.91269841269841,91.07142857142857,83.92857142857143,100.0,64.4,50.99206349206349,50.0,6.15079365079365,90.67460317460318,66.86507936507937,143.482,351.725,17.12
2021-07-14,50.0,39.48412698412698,43.452380952380956,30.952380952380953,97.81746031746032,16.07142857142857,43.452380952380956,94.24603174603175,91.46825396825396,100.0,68.35000000000001,45.83333333333333,50.0,38.69047619047619,95.03968253968253,68.05555555555556,142.819,352.356,16.33
2021-07-15,50.0,43.05555555555556,36.7063492063492,29.96031746031746,97.81746031746032,9.722222222222214,51.388888888888886,93.45238095238095,92.65873015873017,88.29308994312566,64.94999999999999,41.86507936507937,50.0,39.88095238095239,77.97619047619048,64.0873015873016,139.65,349.881,17.01
2021-07-16,50.0,19.246031746031747,9.722222222222223,18.650793650793652,96.23015873015873,8.134920634920633,55.35714285714286,93.45238095238095,95.43650793650794,74.88808666992114,57.75,51.388888888888886,50.0,20.03968253968254,78.37301587301587,22.42063492063492,136.615,347.047,18.45
2021-07-19,50.0,10.515873015873016,2.1825396825396823,5.753968253968254,91.86507936507937,1.7857142857142918,53.37301587301587,94.24603174603175,98.61111111111111,61.435782750021616,43.75,35.51587301587302,60.153404087375456,5.357142857142857,88.29365079365078,22.023809523809522,136.477,344.203,22.5
2021-07-20,50.0,19.246031746031747,12.896825396825399,17.261904761904763,90.67460317460318,5.357142857142861,42.65873015873016,91.46825396825396,83.13492063492063,80.35131136312889,51.349999999999994,68.45238095238095,52.718490767232424,97.02380952380952,85.51587301587301,17.658730158730158,138.337,348.202,19.73
2021-07-21,50.0,5.357142857142857,18.849206349206348,31.746031746031743,89.88095238095238,9.325396825396822,30.357142857142854,91.46825396825396,83.92857142857143,93.0657251945948,60.449999999999996,19.246031746031747,50.0,80.35714285714286,93.84920634920636,20.436507936507937,142.585,350.89,17.91
2021-07-22,50.0,54.166666666666664,36.30952380952381,20.833333333333336,91.07142857142857,7.738095238095227,26.785714285714285,95.03968253968253,77.18253968253968,100.0,61.55,29.96031746031746,50.0,31.150793650793652,86.70634920634922,57.738095238095234,141.743,353.21,17.69
2021-07-23,50.0,7.341269841269842,27.18253968253968,45.43650793650794,92.65873015873017,11.706349206349216,30.357142857142854,95.43650793650794,66.46825396825396,100.0,64.0,54.166666666666664,50.0,90.67460317460318,87.89682539682539,31.547619047619047,142.467,357.334,17.2
2021-07-26,50.0,11.30952380952381,24.00793650793651,53.17460317460318,95.03968253968253,11.706349206349216,38.69047619047619,95.43650793650794,65.27777777777779,100.0,62.10000000000001,52.57936507936508,50.0,49.801587301587304,96.23015873015873,60.912698412698404,142.512,357.616,17.58
2021-07-27,50.0,54.166666666666664,54.166666666666664,44.047619047619044,96.23015873015873,8.134920634920633,51.78571428571429,94.64285714285714,66.46825396825396,81.63299926923487,53.2,73.61111111111111,50.0,43.84920634920635,92.26190476190477,72.02380952380952,139.896,353.675,19.36
2021-07-28,50.0,12.5,53.96825396825397,44.24603174603175,95.03968253968253,8.531746031746039,62.5,93.05555555555556,60.11904761904761,87.9666085037209,58.45000000000001,78.76984126984127,50.0,38.095238095238095,90.27777777777779,85.11904761904762,142.182,355.034,18.31
2021-07-29,50.0,65.27777777777779,70.03968253968253,67.65873015873017,96.62698412698413,10.11904761904762,68.84920634920636,91.07142857142857,53.37301587301587,90.90737923731987,61.50000000000001,77.97619047619048,50.0,83.53174603174604,95.43650793650794,83.53174603174604,145.082,355.665,17.7
2021-07-30,50.0,70.43650793650794,76.78571428571429,49.404761904761905,96.23015873015873,5.753968253968253,67.65873015873017,88.69047619047619,48.214285714285715,82.26682624192803,58.80000000000001,74.40476190476191,50.0,31.150793650793652,76.38888888888889,26.785714285714285,146.27,353.811,18.24
2021-08-02,50.0,27.579365079365083,89.88095238095238,38.88888888888889,95.83333333333334,0.5952380952380878,70.43650793650794,89.48412698412699,60.11904761904761,82.40198052286995,52.699999999999996,67.65873015873017,50.0,32.73809523809524,95.83333333333334,75.1984126984127,147.195,353.84,19.46
2021-08-03,50.0,17.658730158730158,85.9126984126984,62.89682539682539,95.83333333333334,0.9920634920634939,72.81746031746032,91.46825396825396,38.2936507936508,92.39873682012743,59.800000000000004,54.96031746031746,50.0,81.94444444444444,91.46825396825396,75.9920634920635,148.316,355.985,18.04
2021-08-04,50.0,20.833333333333336,54.563492063492056,29.96031746031746,96.23015873015873,0.9920634920634939,69.64285714285714,93.45238095238095,52.976190476190474,94.79889042995838,60.150000000000006,72.02380952380952,50.0,11.706349206349206,93.05555555555556,74.8015873015873,149.827,356.5,17.97
2021-08-05,50.0,3.7698412698412698,71.62698412698413,60.912698412698404,95.83333333333334,1.7857142857142918,66.46825396825396,89.88095238095238,43.84920634920635,100.0,63.599999999999994,34.32539682539682,50.0,72.81746031746032,93.05555555555556,74.0079365079365,149.852,358.761,17.28
2021-08-06,50.0,12.896825396825399,58.92857142857143,70.83333333333334,98.21428571428571,3.7698412698412653,69.64285714285714,90.67460317460318,47.023809523809526,92.69708803353768,69.25,38.2936507936508,50.0,61.70634920634921,93.45238095238095,39.88095238095239,149.106,357.189,16.15
2021-08-09,50.0,8.134920634920634,49.404761904761905,56.74603174603175,96.23015873015873,4.563492063492063,61.30952380952381,95.43650793650794,47.42063492063492,95.76319611105988,66.4,60.11904761904761,50.0,25.198412698412696,86.70634920634922,31.150793650793652,148.601,357.849,16.72
2021-08-10,50.0,11.706349206349206,58.13492063492064,62.5,97.81746031746032,8.134920634920633,60.912698412698404,91.86507936507937,27.18253968253968,87.23848653188787,66.05000000000001,44.24603174603175,50.0,60.912698412698404,96.62698412698413,68.84920634920636,146.875,356.014,16.79
2021-08-11,50.0,4.9603174603174605,72.81746031746032,73.61111111111111,97.42063492063492,8.134920634920633,57.738095238095234,86.30952380952381,4.9603174603174605,84.40001375103007,69.7,32.34126984126984,50.0,78.76984126984127,90.67460317460318,62.89682539682539,146.373,355.403,16.06
2021-08-12,50.0,33.13492063492063,57.341269841269835,70.43650793650794,98.61111111111111,9.325396825396822,56.15079365079365,89.88095238095238,14.484126984126986,90.35105079240316,72.05000000000001,51.388888888888886,50.0,43.05555555555556,99.0079365079365,70.43650793650794,144.801,356.684,15.59
2021-08-13,50.0,49.007936507936506,63.29365079365079,73.61111111111111,99.40476190476191,4.563492063492063,62.5,93.45238095238095,24.00793650793651,96.16736490309688,72.75,52.976190476190474,50.0,54.563492063492056,99.40476190476191,74.0079365079365,145.71,357.936,15.45
2021-08-16,50.0,47.023809523809526,72.42063492063492,72.22222222222221,99.40476190476191,3.3730158730158735,62.89682539682539,95.43650793650794,20.03968253968254,96.88743573948472,69.39999999999999,64.88095238095238,50.0,53.37301587301587,89.0873015873016,33.92857142857143,145.169,358.091,16.12
2021-08-17,50.0,26.785714285714285,43.05555555555556,39.48412698412698,97.42063492063492,2.5793650793650755,61.30952380952381,95.83333333333334,24.00793650793651,82.23515562356741,60.449999999999996,50.595238095238095,50.0,13.293650793650794,77.97619047619048,61.30952380952381,142.358,354.937,17.91
2021-08-18,50.0,35.51587301587302,31.150793650793652,17.063492063492063,95.43650793650794,2.1825396825396837,56.15079365079365,93.45238095238095,31.150793650793652,66.36572351323949,46.075,42.65873015873016,50.0,4.9603174603174605,78.37301587301587,33.13492063492063,140.476,351.521,21.57
2021-08-19,50.0,58.92857142857143,14.880952380952381,13.293650793650794,88.69047619047619,1.7857142857142918,56.15079365079365,95.43650793650794,53.769841269841265,74.25398338541065,45.824999999999996,48.61111111111111,50.0,36.30952380952381,76.78571428571429,69.24603174603175,141.628,353.219,21.67
2021-08-20,50.0,67.26190476190477,27.579365079365083,25.595238095238095,85.9126984126984,3.3730158730158735,51.78571428571429,96.62698412698413,47.023809523809526,91.25230074246251,57.2,55.75396825396825,50.0,91.86507936507937,90.27777777777779,51.388888888888886,142.691,356.878,18.56
2021-08-23,50.0,70.03968253968253,53.769841269841265,36.7063492063492,84.32539682539682,4.960317460317469,54.96031746031746,95.03968253968253,53.769841269841265,100.0,64.25,60.51587301587301,50.0,70.83333333333334,86.30952380952381,55.75396825396825,146.709,362.216,17.15
2021-08-24,50.0,64.0873015873016,54.563492063492056,50.198412698412696,86.70634920634922,8.531746031746039,58.53174603174603,89.48412698412699,29.563492063492063,100.0,63.900000000000006,12.103174603174603,50.0,61.70634920634921,91.86507936507937,72.81746031746032,146.709,363.322,17.22
2021-08-25,50.0,60.51587301587301,52.57936507936508,59.92063492063492,89.48412698412699,16.07142857142857,66.86507936507937,88.29365079365078,33.13492063492063,100.0,66.05000000000001,11.706349206349206,50.0,75.79365079365078,88.29365079365078,77.18253968253968,147.826,363.739,16.79
2021-08-26,50.0,63.29365079365079,29.96031746031746,32.73809523809524,88.29365079365078,12.103174603174608,68.84920634920636,94.64285714285714,56.547619047619044,89.42006951871187,55.8,6.944444444444445,50.0,9.722222222222223,70.83333333333334,74.8015873015873,147.964,361.43,18.84
2021-08-27,50.0,40.27777777777778,55.35714285714286,70.83333333333334,86.70634920634922,13.69047619047619,66.46825396825396,92.65873015873017,42.26190476190476,100.0,68.05,31.150793650793652,50.0,93.05555555555556,86.30952380952381,38.2936507936508,150.787,364.943,16.39
2021-08-30,50.0,60.11904761904761,54.166666666666664,65.67460317460318,89.48412698412699,14.087301587301596,70.03968253968253,97.42063492063492,44.24603174603175,100.0,69.05,74.40476190476191,50.0,50.198412698412696,92.26190476190477,66.86507936507937,151.088,369.038,16.19
2021-08-31,50.0,37.89682539682539,65.67460317460318,68.84920634920636,92.65873015873017,3.3730158730158735,62.89682539682539,97.42063492063492,41.46825396825397,98.64060972944077,67.6,17.658730158730158,50.0,45.03968253968254,97.81746031746032,39.08730158730159,149.881,368.737,16.48
2021-09-01,50.0,12.5,89.0873015873016,58.92857142857143,97.02380952380952,3.7698412698412653,63.69047619047619,97.81746031746032,41.46825396825397,100.0,69.45,21.23015873015873,50.0,43.452380952380956,99.40476190476191,79.96031746031747,149.065,369.349,16.11
2021-09-02,50.0,2.1825396825396823,95.43650793650794,78.76984126984127,99.0079365079365,3.7698412698412653,66.07142857142857,95.83333333333334,35.91269841269841,99.21032230582263,67.95,12.896825396825399,50.0,81.94444444444444,96.62698412698413,87.10317460317461,149.622,369.174,16.41
2021-09-03,50.0,18.055555555555554,81.54761904761905,60.51587301587301,99.8015873015873,5.357142857142861,72.42063492063492,97.42063492063492,40.67460317460318,100.0,67.95,33.13492063492063,50.0,19.246031746031747,97.81746031746032,69.24603174603175,150.742,370.31,16.41
2021-09-07,50.0,9.325396825396826,43.84920634920635,22.817460317460316,99.8015873015873,8.531746031746039,72.42063492063492,99.8015873015873,67.65873015873017,100.0,59.3,22.42063492063492,50.0,7.341269841269842,99.40476190476191,65.27777777777779,150.188,370.834,18.14
2021-09-08,50.0,19.642857142857142,34.72222222222222,24.00793650793651,99.8015873015873,5.357142857142861,83.53174603174604,99.40476190476191,60.11904761904761,94.19776323997625,60.199999999999996,23.214285714285715,50.0,43.84920634920635,97.02380952380952,87.5,148.265,369.543,17.96
2021-09-09,50.0,6.15079365079365,12.103174603174603,16.865079365079367,99.0079365079365,2.1825396825396837,83.13492063492063,97.81746031746032,68.45238095238095,88.4854139588064,55.99999999999999,8.531746031746032,50.0,24.00793650793651,92.65873015873017,79.56349206349206,148.786,368.272,18.8
2021-09-10,50.0,25.198412698412696,15.674603174603174,8.134920634920634,98.61111111111111,2.9761904761904816,72.42063492063492,97.81746031746032,90.67460317460318,75.92363878896381,47.625,51.78571428571429,50.0,10.515873015873016,93.84920634920636,37.10317460317461,149.968,365.477,20.95
2021-09-13,50.0,43.452380952380956,4.9603174603174605,10.912698412698413,97.42063492063492,2.9761904761904816,72.02380952380952,93.05555555555556,74.40476190476191,74.78656218146114,53.15,36.7063492063492,50.0,56.94444444444444,83.53174603174604,62.89682539682539,151.405,365.224,19.37
2021-09-14,50.0,20.436507936507937,3.373015873015873,6.547619047619048,94.24603174603175,0.9920634920634939,68.05555555555556,96.23015873015873,89.0873015873016,70.12140202894007,52.699999999999996,14.880952380952381,50.0,12.896825396825399,77.97619047619048,51.388888888888886,151.411,364.186,19.46
2021-09-15,50.0,14.484126984126986,5.753968253968254,13.690476190476192,91.46825396825396,2.5793650793650755,52.976190476190474,94.24603174603175,54.563492063492056,82.29216666576788,59.1,12.103174603174603,50.0,85.51587301587301,88.69047619047619,29.166666666666668,152.282,366.894,18.18
2021-09-16,50.0,20.833333333333336,4.9603174603174605,11.706349206349206,89.48412698412699,4.960317460317469,40.67460317460318,85.51587301587301,49.801587301587304,83.42474889932791,56.55,5.753968253968254,50.0,28.373015873015873,85.9126984126984,20.436507936507937,152.573,367.146,18.69
2021-09-17,50.0,1.3888888888888888,0.1984126984126984,4.9603174603174605,89.0873015873016,3.3730158730158735,31.944444444444443,81.94444444444444,44.24603174603175,63.883210996474595,47.975,3.7698412698412698,58.040908367395275,8.134920634920634,93.45238095238095,8.134920634920634,150.14,362.798,20.81
2021-09-20,45.904552887337175,42.26190476190476,0.1984126984126984,2.1825396825396823,91.46825396825396,0.19841269841269593,20.436507936507937,84.32539682539682,91.46825396825396,30.188889548063713,35.724999999999994,47.023809523809526,39.218108621765225,2.579365079365079,89.0873015873016,30.357142857142854,146.424,355.301,25.71
2021-09-21,45.140691077825544,12.896825396825399,0.5952380952380952,2.1825396825396823,87.10317460317461,0.5952380952380878,19.246031746031747,81.94444444444444,89.0873015873016,32.157425334965566,39.1,12.5,50.0,26.38888888888889,58.92857142857143,49.404761904761905,146.856,355.739,24.36
2021-09-22,45.93800639784514,3.373015873015873,2.976190476190476,4.166666666666666,85.9126984126984,0.9920634920634939,24.00793650793651,79.56349206349206,66.07142857142857,47.08773557261006,47.824999999999996,35.91269841269841,50.0,91.86507936507937,84.72222222222221,43.84920634920635,149.904,359.061,20.87
2021-09-23,47.27104238178187,11.30952380952381,8.928571428571429,12.103174603174603,89.48412698412699,9.325396825396822,32.73809523809524,79.16666666666666,54.563492063492056,61.97759644477062,56.85000000000001,4.166666666666666,50.0,92.65873015873017,95.83333333333334,47.023809523809526,151.901,362.374,18.63
2021-09-24,50.0,37.5,20.833333333333336,10.912698412698413,87.10317460317461,14.484126984126988,42.65873015873016,84.32539682539682,66.86507936507937,63.50568358528791,61.25,41.07142857142857,50.0,46.62698412698413,85.11904761904762,39.48412698412698,151.727,362.714,17.75
2021-09-27,50.0,61.70634920634921,15.674603174603174,8.531746031746032,91.86507936507937,14.484126984126988,54.563492063492056,74.0079365079365,59.32539682539682,50.49447102117568,56.199999999999996,54.96031746031746,50.0,41.86507936507937,97.81746031746032,79.96031746031747,151.358,359.819,18.76
2021-09-28,50.0,58.53174603174603,8.928571428571429,3.7698412698412698,95.83333333333334,10.515873015873012,54.563492063492056,68.84920634920636,77.97619047619048,4.732755536619168,41.875,66.86507936507937,34.042834794959056,1.7857142857142856,95.03968253968253,45.83333333333333,145.437,349.637,23.25
2021-09-29,50.0,28.373015873015873,5.357142857142857,5.753968253968254,96.62698412698413,12.5,58.92857142857143,70.03968253968253,76.78571428571429,2.1574792674530814,43.6,39.88095238095239,50.0,57.341269841269835,86.70634920634922,71.62698412698413,143.142,349.064,22.56
2021-09-30,50.0,8.531746031746032,2.976190476190476,2.579365079365079,94.64285714285714,0.19841269841269593,55.75396825396825,72.02380952380952,95.83333333333334,0.0,42.15,17.658730158730158,50.0,3.7698412698412698,84.72222222222221,29.96031746031746,143.085,347.781,23.14
2021-10-01,50.0,3.7698412698412698,12.103174603174603,6.15079365079365,95.03968253968253,1.3888888888888857,55.75396825396825,68.45238095238095,93.05555555555556,6.085562093371507,47.125,50.595238095238095,50.0,84.32539682539682,90.67460317460318,35.51587301587302,143.178,349.938,21.15
2021-10-04,49.82603997177069,18.452380952380953,21.626984126984127,5.357142857142857,93.05555555555556,0.19841269841269593,43.452380952380956,60.912698412698404,81.54761904761905,0.0,42.599999999999994,78.76984126984127,29.646676697170673,14.087301587301587,85.51587301587301,35.51587301587302,139.49,342.593,22.96
2021-10-05,50.0,4.166666666666666,47.023809523809526,8.928571428571429,85.11904761904762,2.9761904761904816,43.452380952380956,61.70634920634921,85.11904761904762,0.0,46.75,50.198412698412696,50.0,79.96031746031747,63.69047619047619,42.26190476190476,141.602,347.218,21.3
2021-10-06,50.0,14.484126984126986,27.976190476190478,12.896825396825399,82.34126984126983,4.563492063492063,40.67460317460318,61.30952380952381,54.96031746031746,3.860846991735715,47.5,28.76984126984127,50.0,59.72222222222222,77.97619047619048,68.05555555555556,142.154,349.443,21.0
2021-10-07,50.0,9.722222222222223,25.198412698412696,29.563492063492063,78.76984126984127,9.722222222222214,54.563492063492056,64.88095238095238,65.67460317460318,18.26980985202722,52.300000000000004,35.51587301587302,50.0,86.30952380952381,73.21428571428571,76.38888888888889,143.816,352.649,19.54
2021-10-08,50.0,15.674603174603174,18.452380952380953,21.626984126984127,77.97619047619048,10.912698412698404,58.13492063492064,64.0873015873016,81.15079365079364,10.36420608682042,56.15,21.626984126984127,50.0,25.595238095238095,87.10317460317461,58.13492063492064,142.343,350.89,18.77
2021-10-11,50.0,8.134920634920634,9.325396825396826,16.46825396825397,70.43650793650794,8.134920634920633,65.27777777777779,57.341269841269835,67.65873015873017,0.0,50.0,9.722222222222223,50.0,12.5,49.801587301587304,68.05555555555556,141.39,348.199,20.0
2021-10-12,50.0,18.452380952380953,27.579365079365083,16.46825396825397,72.81746031746032,5.357142857142861,73.21428571428571,51.388888888888886,66.86507936507937,0.0,50.74999999999999,36.7063492063492,50.0,43.84920634920635,71.23015873015873,79.16666666666666,139.625,346.985,19.85
2021-10-13,50.0,16.46825396825397,30.753968253968257,22.023809523809522,68.05555555555556,5.357142857142861,71.62698412698413,52.976190476190474,56.15079365079365,5.299046653399101,56.8,11.706349206349206,50.0,62.89682539682539,61.30952380952381,53.769841269841265,140.431,349.763,18.64
2021-10-14,50.0,12.103174603174603,88.29365079365078,73.61111111111111,68.05555555555556,9.722222222222214,62.5,52.976190476190474,11.706349206349206,34.25180359226316,65.7,7.341269841269842,50.0,99.8015873015873,73.61111111111111,39.08730158730159,144.789,356.205,16.86
2021-10-15,50.0,8.928571428571429,83.53174603174604,81.74603174603175,66.07142857142857,19.64285714285714,56.547619047619044,54.166666666666664,2.1825396825396823,44.33717871967882,68.5,44.24603174603175,50.0,68.05555555555556,77.57936507936508,23.61111111111111,145.755,358.449,16.3
2021-10-18,50.0,35.91269841269841,91.07142857142857,80.35714285714286,73.61111111111111,22.02380952380952,43.84920634920635,60.51587301587301,9.325396825396826,60.539396783106845,68.45,64.88095238095238,50.0,43.25396825396825,80.75396825396825,16.865079365079367,146.929,362.054,16.31
2021-10-19,50.0,23.61111111111111,90.27777777777779,89.0873015873016,82.73809523809523,29.166666666666657,44.642857142857146,64.0873015873016,13.293650793650794,72.85398138610076,71.5,46.62698412698413,50.0,79.16666666666666,97.42063492063492,82.34126984126983,148.73,364.794,15.7
2021-10-20,50.0,0.1984126984126984,96.23015873015873,95.43650793650794,93.45238095238095,29.96031746031747,56.15079365079365,57.341269841269835,5.753968253968254,70.71016501543376,72.55,20.436507936507937,50.0,84.72222222222221,99.40476190476191,90.27777777777779,148.421,364.317,15.49
2021-10-21,50.0,35.91269841269841,89.0873015873016,95.83333333333334,97.02380952380952,31.944444444444443,70.43650793650794,55.75396825396825,14.087301587301587,80.7101470379378,74.95,77.18253968253968,50.0,57.341269841269835,93.84920634920636,92.26190476190477,149.917,366.542,15.01
2021-10-22,50.0,33.92857142857143,97.42063492063492,95.63492063492063,98.21428571428571,31.944444444444443,85.9126984126984,52.57936507936508,17.261904761904763,66.87196966836923,72.85000000000001,86.30952380952381,50.0,69.64285714285714,95.43650793650794,91.86507936507937,148.235,363.463,15.43
2021-10-25,50.0,93.05555555555556,99.40476190476191,93.05555555555556,99.0079365079365,32.341269841269835,96.62698412698413,58.92857142857143,14.880952380952381,83.59553510915042,73.8,99.8015873015873,52.15874279768772,55.35714285714286,97.02380952380952,91.07142857142857,149.253,367.184,15.24
2021-10-26,50.0,96.23015873015873,98.61111111111111,92.85714285714286,98.61111111111111,32.341269841269835,98.21428571428571,62.89682539682539,15.079365079365079,88.79103138690976,70.1,99.8015873015873,71.90112768412163,37.10317460317461,87.10317460317461,96.23015873015873,149.365,368.34,15.98
2021-10-27,50.0,75.9920634920635,92.26190476190477,62.10317460317461,96.23015873015873,24.404761904761912,94.24603174603175,70.43650793650794,52.976190476190474,92.63372110791711,65.1,96.23015873015873,69.07076206948231,6.15079365079365,90.27777777777779,49.801587301587304,148.293,369.195,16.98
2021-10-28,57.667944838689486,77.97619047619048,86.70634920634922,77.97619047619048,96.62698412698413,29.96031746031747,95.83333333333334,72.02380952380952,32.73809523809524,100.0,67.35,95.03968253968253,60.28626746653466,91.07142857142857,94.24603174603175,96.62698412698413,151.637,373.295,16.53
2021-10-29,67.04225110926211,82.34126984126983,77.57936507936508,64.0873015873016,98.61111111111111,29.563492063492063,89.88095238095238,74.0079365079365,35.91269841269841,100.0,68.69999999999999,92.65873015873017,77.80577812563818,34.72222222222222,99.8015873015873,63.29365079365079,152.314,375.131,16.26
2021-11-01,71.05561801895391,99.0079365079365,84.72222222222221,78.37301587301587,98.61111111111111,17.261904761904773,98.21428571428571,69.24603174603175,43.05555555555556,100.0,67.95,99.40476190476191,68.77933498987781,68.05555555555556,97.02380952380952,99.8015873015873,154.798,376.413,16.41
2021-11-02,68.06523516027747,85.11904761904762,75.9920634920635,74.8015873015873,99.8015873015873,17.658730158730165,99.40476190476191,68.84920634920636,22.817460317460316,100.0,69.85,91.86507936507937,63.22300717917217,56.94444444444444,99.8015873015873,98.61111111111111,156.723,377.987,16.03
2021-11-03,63.66996490736999,79.16666666666666,65.27777777777779,80.35714285714286,99.8015873015873,26.388888888888886,99.8015873015873,68.84920634920636,37.89682539682539,100.0,74.5,82.73809523809523,51.6853381392648,70.83333333333334,96.23015873015873,99.40476190476191,158.53,382.0,15.1
2021-11-04,69.00212445800273,97.42063492063492,58.53174603174603,63.888888888888886,99.8015873015873,21.230158730158735,99.8015873015873,76.78571428571429,54.166666666666664,100.0,72.80000000000001,97.81746031746032,83.39208278542225,34.32539682539682,99.40476190476191,99.8015873015873,163.864,386.897,15.44
2021-11-05,72.70869381801694,85.51587301587301,57.341269841269835,78.76984126984127,99.8015873015873,14.087301587301596,99.8015873015873,71.23015873015873,36.7063492063492,100.0,67.6,91.46825396825396,85.84595470447303,68.05555555555556,99.0079365079365,98.21428571428571,165.683,387.266,16.48
2021-11-08,72.37617143901693,97.81746031746032,56.547619047619044,77.38095238095238,99.8015873015873,22.02380952380952,99.40476190476191,71.62698412698413,39.88095238095239,97.74057108034259,63.900000000000006,93.45238095238095,64.72619829747269,51.78571428571429,98.21428571428571,97.42063492063492,167.923,386.741,17.22
2021-11-09,73.83820393861782,99.40476190476191,59.32539682539682,65.67460317460318,98.61111111111111,14.087301587301596,99.8015873015873,71.23015873015873,54.96031746031746,86.28419053914695,61.099999999999994,99.8015873015873,74.60102646465359,44.44444444444444,94.24603174603175,99.40476190476191,167.923,384.079,17.78
2021-11-10,74.47188242545516,99.0079365079365,73.21428571428571,60.11904761904761,97.81746031746032,21.230158730158735,99.40476190476191,66.07142857142857,56.15079365079365,61.989950060165334,56.35,97.81746031746032,66.00792309033534,25.992063492063494,89.0873015873016,97.02380952380952,162.972,378.434,18.73
2021-11-11,60.43511543844656,81.15079365079364,56.547619047619044,52.57936507936508,97.42063492063492,21.626984126984127,98.21428571428571,64.48412698412699,58.92857142857143,66.50880789947976,61.7,87.5,50.0,56.547619047619044,97.02380952380952,98.21428571428571,166.418,379.484,17.66
2021-11-12,50.49630921307947,86.70634920634922,69.24603174603175,56.74603174603175,97.42063492063492,29.96031746031747,97.81746031746032,64.0873015873016,56.94444444444444,83.69337871127324,68.55000000000001,85.11904761904762,50.0,71.23015873015873,99.40476190476191,95.83333333333334,168.045,383.477,16.29
2021-11-15,50.0,89.0873015873016,62.5,61.70634920634921,98.21428571428571,33.92857142857143,97.81746031746032,62.10317460317461,37.5,83.31465538759751,67.55000000000001,90.67460317460318,50.0,52.976190476190474,99.40476190476191,98.21428571428571,167.92,383.389,16.49
2021-11-16,50.0,84.72222222222221,60.912698412698404,56.547619047619044,99.40476190476191,35.51587301587301,96.62698412698413,64.88095238095238,18.055555555555554,95.0636857698155,68.14999999999999,64.0873015873016,50.0,50.39682539682539,99.40476190476191,94.24603174603175,170.436,386.119,16.37
2021-11-17,50.0,88.29365079365078,36.30952380952381,39.08730158730159,99.8015873015873,32.341269841269835,96.23015873015873,63.29365079365079,21.23015873015873,95.94163529288204,64.45,87.10317460317461,52.927443827182465,19.246031746031747,99.8015873015873,95.83333333333334,169.249,386.323,17.11
2021-11-18,50.0,98.61111111111111,30.357142857142854,30.357142857142854,99.8015873015873,33.53174603174604,97.02380952380952,67.26190476190477,47.42063492063492,100.0,62.05,94.64285714285714,62.58919746620839,19.047619047619047,99.8015873015873,99.40476190476191,172.079,390.326,17.59
2021-11-19,53.48835537845078,87.10317460317461,11.706349206349206,19.642857142857142,99.8015873015873,27.182539682539684,96.23015873015873,70.83333333333334,65.67460317460318,100.0,60.449999999999996,78.76984126984127,72.46500863722298,20.03968253968254,99.0079365079365,88.69047619047619,172.557,392.503,17.91
2021-11-22,59.78076381861307,97.42063492063492,11.30952380952381,23.61111111111111,99.8015873015873,35.51587301587301,95.03968253968253,72.02380952380952,70.43650793650794,80.64982942805545,54.14999999999999,93.84920634920636,72.43822287799468,49.801587301587304,98.21428571428571,92.65873015873017,170.057,387.946,19.17
2021-11-23,64.82114588143648,98.61111111111111,20.03968253968254,31.944444444444443,99.0079365079365,39.88095238095239,95.03968253968253,73.21428571428571,63.69047619047619,73.14245581137811,53.1,90.27777777777779,61.78689554350459,66.46825396825396,96.62698412698413,96.23015873015873,169.374,386.178,19.38
2021-11-24,63.44851702630014,94.64285714285714,27.18253968253968,29.96031746031746,99.8015873015873,37.89682539682539,96.23015873015873,73.61111111111111,54.166666666666664,78.42054710409857,57.10000000000001,79.96031746031747,50.0,46.230158730158735,99.8015873015873,98.61111111111111,171.235,387.421,18.58
2021-11-26,50.429276124726016,20.436507936507937,4.9603174603174605,1.7857142857142856,97.81746031746032,6.150793650793645,93.45238095238095,77.18253968253968,99.40476190476191,47.23182582893217,28.44999999999999,60.912698412698404,50.0,0.1984126984126984,95.83333333333334,68.84920634920636,166.469,380.076,28.62
2021-11-29,53.362307097297005,59.72222222222222,5.357142857142857,7.738095238095238,97.42063492063492,17.658730158730165,93.05555555555556,76.38888888888889,95.83333333333334,82.25915895334991,42.599999999999994,69.24603174603175,57.01955341365516,74.8015873015873,93.45238095238095,75.9920634920635,172.868,388.325,22.96
2021-11-30,42.34597807331849,46.230158730158735,1.3888888888888888,0.1984126984126984,97.42063492063492,0.19841269841269593,92.65873015873017,85.11904761904762,99.8015873015873,58.042783537111035,32.025000000000006,33.13492063492063,37.4798449278786,0.1984126984126984,98.21428571428571,85.51587301587301,169.839,382.622,27.19
2021-12-01,28.453294783122,89.0873015873016,0.5952380952380952,0.1984126984126984,96.23015873015873,0.19841269841269593,92.26190476190477,87.5,99.40476190476191,30.399682720047288,22.19999999999999,73.61111111111111,24.726297123986352,7.738095238095238,93.84920634920636,93.45238095238095,168.482,376.112,31.12
2021-12-02,33.206843642596155,79.16666666666666,4.563492063492063,2.976190476190476,95.83333333333334,0.9920634920634939,91.86507936507937,81.15079365079364,98.61111111111111,41.91127201575524,30.125,63.29365079365079,34.66711810845736,98.21428571428571,93.84920634920636,97.81746031746032,168.726,378.823,27.95
2021-12-03,19.69443946633395,89.48412698412699,4.9603174603174605,4.166666666666666,95.83333333333334,0.19841269841269593,93.45238095238095,74.8015873015873,96.62698412698413,13.941209791177775,23.32499999999999,77.18253968253968,22.843069132169393,25.198412698412696,98.61111111111111,97.81746031746032,168.299,372.236,30.67
2021-12-06,25.94550831115785,87.10317460317461,13.293650793650794,10.714285714285714,95.83333333333334,1.7857142857142918,95.03968253968253,63.69047619047619,66.46825396825396,26.603533391252416,32.05,77.97619047619048,32.496518813651036,93.84920634920636,93.05555555555556,96.23015873015873,168.084,375.218,27.18
2021-12-07,48.5870870469478,88.29365079365078,35.51587301587302,40.27777777777778,95.03968253968253,4.563492063492063,97.81746031746032,68.05555555555556,33.53174603174603,74.58618150689294,45.275,66.86507936507937,49.176430417739624,96.23015873015873,95.43650793650794,98.61111111111111,176.565,386.518,21.89
2021-12-08,53.60611686235142,77.97619047619048,34.72222222222222,56.547619047619044,95.03968253968253,7.738095238095227,99.8015873015873,69.24603174603175,18.452380952380953,81.92795129379066,50.50000000000001,62.5,50.0,64.48412698412699,93.05555555555556,98.61111111111111,175.417,388.247,19.9
2021-12-09,53.09153748938922,87.89682539682539,17.658730158730158,34.32539682539682,93.45238095238095,4.166666666666657,99.8015873015873,74.0079365079365,18.452380952380953,57.66911335709529,46.050000000000004,74.40476190476191,50.0,9.722222222222223,82.73809523809523,99.40476190476191,171.383,382.534,21.58
2021-12-10,53.029733599671346,94.24603174603175,62.5,51.388888888888886,91.07142857142857,7.738095238095227,98.61111111111111,79.16666666666666,12.5,75.32927561487851,56.55,87.10317460317461,50.23305643074395,75.0,87.89682539682539,91.46825396825396,173.0,386.693,18.69
2021-12-13,49.84485235356952,92.26190476190477,37.5,30.753968253968257,88.69047619047619,2.5793650793650755,95.43650793650794,74.40476190476191,14.484126984126986,51.60546543593297,49.225,85.11904761904762,49.2405930990508,21.626984126984127,81.94444444444444,65.67460317460318,168.392,381.106,20.31
2021-12-14,48.74476358931993,89.48412698412699,58.92857142857143,18.452380952380953,87.10317460317461,2.1825396825396837,91.07142857142857,74.8015873015873,44.642857142857146,34.85824736796068,45.275,82.34126984126983,43.072954622543335,14.484126984126986,77.97619047619048,68.84920634920636,167.582,377.162,21.89
2021-12-15,51.26661574010771,87.89682539682539,93.05555555555556,43.452380952380956,83.53174603174604,7.738095238095227,89.0873015873016,79.96031746031747,18.055555555555554,71.36752245630402,53.550000000000004,85.51587301587301,52.79265880047844,91.46825396825396,75.59523809523809,86.30952380952381,173.734,385.76,19.29
2021-12-16,47.209895297484316,88.69047619047619,70.43650793650794,40.87301587301587,83.53174603174604,3.3730158730158735,85.9126984126984,74.40476190476191,5.753968253968254,29.24470216363524,48.575,76.38888888888889,46.07824443912131,46.42857142857143,82.73809523809523,87.10317460317461,166.155,375.84,20.57
2021-12-17,31.062600507410114,50.595238095238095,63.69047619047619,17.857142857142858,81.94444444444444,2.1825396825396837,82.34126984126983,71.23015873015873,5.753968253968254,21.282979578075288,46.075,14.484126984126986,28.244010815489762,13.293650793650794,81.15079365079364,75.1984126984127,165.762,373.965,21.57
2021-12-20,24.43644892048368,58.13492063492064,22.42063492063492,7.738095238095238,81.54761904761905,1.3888888888888857,85.51587301587301,73.61111111111111,16.46825396825397,5.881823408568643,42.824999999999996,43.452380952380956,42.609589498338885,6.15079365079365,79.16666666666666,86.70634920634922,164.464,370.338,22.87
2021-12-21,43.32560428913677,91.07142857142857,18.849206349206348,35.51587301587302,84.72222222222221,5.357142857142861,90.27777777777779,72.02380952380952,5.357142857142857,41.07476036276583,47.474999999999994,70.43650793650794,48.92558508069031,95.03968253968253,91.07142857142857,99.40476190476191,170.397,378.626,21.01
2021-12-22,52.41217082469462,96.23015873015873,28.373015873015873,63.095238095238095,88.29365079365078,6.944444444444443,91.86507936507937,76.38888888888889,8.134920634920634,60.65422854517472,56.85000000000001,93.45238095238095,50.0,89.48412698412699,95.43650793650794,99.8015873015873,172.169,383.237,18.63
2021-12-23,54.58991536280181,96.23015873015873,65.67460317460318,88.29365079365078,89.48412698412699,12.5,95.43650793650794,72.81746031746032,3.7698412698412698,72.92589695705092,60.199999999999996,93.05555555555556,50.0,88.88888888888889,91.86507936507937,95.03968253968253,173.834,386.127,17.96
2021-12-27,50.0,99.40476190476191,83.13492063492063,99.40476190476191,92.65873015873017,18.45238095238095,97.42063492063492,81.15079365079364,0.1984126984126984,100.0,61.6,97.42063492063492,50.0,97.02380952380952,98.61111111111111,90.27777777777779,178.597,392.508,17.68
2021-12-28,50.0,97.81746031746032,92.26190476190477,99.8015873015873,95.83333333333334,19.64285714285714,99.8015873015873,85.11904761904762,0.1984126984126984,92.27616592103445,62.300000000000004,98.21428571428571,50.0,61.30952380952381,96.62698412698413,99.8015873015873,176.627,390.689,17.54
2021-12-29,50.0,93.45238095238095,98.61111111111111,98.61111111111111,95.43650793650794,26.388888888888886,97.81746031746032,81.94444444444444,0.5952380952380952,92.02988643968189,65.25,90.67460317460318,50.0,71.23015873015873,88.69047619047619,83.92857142857143,176.897,390.631,16.95
2021-12-30,50.0,93.05555555555556,89.0873015873016,97.81746031746032,96.23015873015873,21.626984126984127,94.24603174603175,77.57936507936508,0.1984126984126984,87.07032722899939,63.35000000000001,87.89682539682539,50.0,23.214285714285715,97.81746031746032,89.0873015873016,174.895,389.463,17.33
2021-12-31,50.0,84.72222222222221,91.46825396825396,97.02380952380952,97.42063492063492,5.357142857142861,89.48412698412699,72.81746031746032,1.3888888888888888,76.74357380401592,63.900000000000006,87.89682539682539,50.0,56.547619047619044,93.84920634920636,66.07142857142857,174.368,387.031,17.22
2022-01-03,50.0,94.24603174603175,97.02380952380952,88.69047619047619,97.02380952380952,14.88095238095238,88.69047619047619,89.0873015873016,1.7857142857142856,92.56490738193041,67.0,91.07142857142857,64.25682011831539,38.69047619047619,98.21428571428571,89.0873015873016,177.834,390.757,16.6
2022-01-04,50.0,89.48412698412699,99.8015873015873,87.5,97.42063492063492,18.849206349206355,87.10317460317461,74.40476190476191,3.7698412698412698,71.04517614927613,65.44999999999999,76.78571428571429,82.73030210666099,67.65873015873017,99.0079365079365,96.62698412698413,177.287,385.689,16.91
2022-01-05,50.0,77.57936507936508,91.46825396825396,46.62698412698413,97.02380952380952,12.896825396825392,87.10317460317461,68.84920634920636,16.071428571428573,20.731976588162972,51.349999999999994,60.912698412698404,54.138585863250164,6.746031746031746,83.53174603174604,86.70634920634922,171.265,373.84,19.73
2022-01-06,50.0774517727612,80.75396825396825,80.75396825396825,49.801587301587304,92.65873015873017,14.087301587301596,89.48412698412699,61.70634920634921,32.34126984126984,19.615226526168517,51.95,74.8015873015873,50.148210182444274,57.738095238095234,84.32539682539682,97.02380952380952,172.596,373.577,19.61
2022-01-07,52.47350274883821,72.81746031746032,54.96031746031746,32.93650793650794,89.0873015873016,15.277777777777786,93.84920634920636,59.32539682539682,36.7063492063492,2.4308634049072353,56.199999999999996,49.404761904761905,51.33915753917992,32.34126984126984,76.78571428571429,92.65873015873017,167.59,369.53,18.76
2022-01-10,42.71565815716154,85.9126984126984,23.61111111111111,26.58730158730159,85.9126984126984,18.055555555555557,95.03968253968253,68.45238095238095,38.2936507936508,3.466935705769192,53.00000000000001,73.61111111111111,41.613163175542745,27.18253968253968,79.96031746031747,90.67460317460318,167.651,369.774,19.4
2022-01-11,59.12372538491919,75.9920634920635,33.92857142857143,33.13492063492063,83.53174603174604,22.02380952380952,99.0079365079365,72.02380952380952,28.76984126984127,27.0503191442383,57.95,49.801587301587304,53.5747929870736,83.53174603174604,86.70634920634922,99.8015873015873,170.805,375.328,18.41
2022-01-12,63.88841500200739,80.35714285714286,26.38888888888889,33.53174603174603,82.73809523809523,22.817460317460316,99.8015873015873,75.1984126984127,37.10317460317461,33.37290789826799,61.89999999999999,69.24603174603175,53.593505979540375,58.53174603174603,77.97619047619048,99.40476190476191,172.059,376.817,17.62
2022-01-13,43.470499319652866,93.45238095238095,29.563492063492063,28.57142857142857,66.07142857142857,8.92857142857143,99.0079365079365,60.912698412698404,80.35714285714286,0.0,49.225,83.92857142857143,44.82476612742857,30.357142857142854,11.706349206349206,67.65873015873017,168.044,367.39,20.31
2022-01-14,49.869526133174716,57.341269841269835,22.817460317460316,19.642857142857142,44.642857142857146,17.261904761904773,95.43650793650794,56.94444444444444,91.86507936507937,3.0508083062425877,54.04999999999999,40.67460317460318,49.85076518500376,31.150793650793652,16.865079365079367,70.43650793650794,172.066,369.676,19.19
2022-01-18,44.86471121507007,42.65873015873016,6.547619047619048,8.531746031746032,30.753968253968257,15.674603174603178,89.48412698412699,53.37301587301587,95.83333333333334,0.0,43.025000000000006,34.32539682539682,42.65843899635944,2.976190476190476,8.531746031746032,54.96031746031746,164.375,360.474,22.79
2022-01-19,44.23180050254919,71.23015873015873,2.1825396825396823,5.357142857142857,16.865079365079367,6.944444444444443,80.35714285714286,50.99206349206349,98.61111111111111,0.0,40.375,59.72222222222222,43.790919012298176,10.119047619047619,8.531746031746032,53.769841269841265,159.539,356.514,23.85
2022-01-20,25.039682198412184,67.65873015873017,2.579365079365079,2.579365079365079,8.134920634920634,4.166666666666657,60.51587301587301,58.53174603174603,99.8015873015873,0.0,36.025000000000006,57.738095238095234,25.039682198412184,7.738095238095238,3.7698412698412698,28.76984126984127,154.536,351.884,25.59
2022-01-21,12.682829184721683,66.07142857142857,0.992063492063492,0.992063492063492,6.15079365079365,0.5952380952380878,50.99206349206349,49.404761904761905,99.8015873015873,0.0,27.875,90.67460317460318,6.432662644231733,6.944444444444445,4.166666666666666,27.976190476190478,151.964,342.127,28.85
2022-01-24,4.479584500327128,86.30952380952381,1.7857142857142856,0.992063492063492,5.357142857142857,1.3888888888888857,43.452380952380956,50.198412698412696,99.8015873015873,0.0,25.25,89.0873015873016,4.110998140005883,66.86507936507937,10.119047619047619,44.642857142857146,153.7,343.693,29.9
2022-01-25,1.4197396951930088,67.65873015873017,1.3888888888888888,0.5952380952380952,4.166666666666666,0.5952380952380878,44.642857142857146,47.42063492063492,99.8015873015873,0.0,22.099999999999994,65.27777777777779,6.451957894097326,11.30952380952381,4.166666666666666,57.738095238095234,147.964,335.725,31.16
2022-01-26,1.492451008539284,82.73809523809523,0.1984126984126984,0.1984126984126984,3.7698412698412698,2.1825396825396837,43.84920634920635,48.61111111111111,99.8015873015873,0.0,20.099999999999994,77.18253968253968,4.971080019879096,16.865079365079367,4.166666666666666,50.99206349206349,150.238,335.2,31.96
2022-01-27,1.343170814650101,83.13492063492063,0.1984126984126984,0.992063492063492,3.7698412698412698,0.19841269841269593,53.37301587301587,41.86507936507937,97.42063492063492,0.0,23.775000000000006,81.15079365079364,5.607912814959654,24.00793650793651,2.976190476190476,64.48412698412699,143.55,331.824,30.49
2022-01-28,4.289291610965677,87.5,0.992063492063492,3.968253968253968,4.9603174603174605,3.3730158730158735,57.341269841269835,47.023809523809526,96.23015873015873,0.0,30.849999999999994,87.5,9.062297306206212,96.23015873015873,9.325396825396826,47.817460317460316,146.302,342.234,27.66
2022-01-31,10.766699831760825,65.67460317460318,4.166666666666666,7.936507936507936,4.563492063492063,9.722222222222214,49.404761904761905,44.24603174603175,92.26190476190477,0.0,37.925000000000004,70.03968253968253,14.049821184751558,94.24603174603175,7.738095238095238,10.515873015873016,154.16,353.178,24.83
2022-02-01,11.896661819934096,23.214285714285715,10.119047619047619,12.5,6.15079365079365,15.277777777777786,43.05555555555556,47.023809523809526,91.07142857142857,0.0,45.099999999999994,73.21428571428571,17.409485216198952,74.0079365079365,10.119047619047619,32.34126984126984,155.443,355.58,21.96
2022-02-02,16.21380735108039,38.69047619047619,34.72222222222222,32.34126984126984,5.753968253968254,16.46825396825396,45.03968253968254,51.78571428571429,75.9920634920635,0.0,44.775,97.42063492063492,17.663858537729304,79.56349206349206,3.373015873015873,56.547619047619044,159.369,358.47,22.09
2022-02-03,14.804414428986313,52.976190476190474,33.13492063492063,15.079365079365079,3.7698412698412698,8.531746031746039,35.51587301587302,41.86507936507937,90.27777777777779,0.0,39.125,98.61111111111111,15.718585482778884,5.357142857142857,0.992063492063492,42.26190476190476,152.434,343.936,24.35
2022-02-04,17.921775046108586,68.05555555555556,48.214285714285715,19.246031746031747,1.7857142857142856,24.007936507936506,31.944444444444443,41.46825396825397,83.13492063492063,0.0,41.95,95.83333333333334,21.313305437709428,33.53174603174603,1.3888888888888888,34.72222222222222,153.308,348.275,23.22
2022-02-07,21.180159565010847,12.5,43.05555555555556,23.214285714285715,1.3888888888888888,18.849206349206355,47.817460317460316,42.65873015873016,86.30952380952381,0.0,42.85,86.30952380952381,31.20445189022446,46.230158730158735,2.579365079365079,60.51587301587301,153.221,345.473,22.86
2022-02-08,26.85288011280857,9.722222222222223,78.37301587301587,37.10317460317461,0.992063492063492,32.73809523809523,58.13492063492064,43.84920634920635,73.61111111111111,0.0,46.4,67.26190476190477,30.575030044417247,81.54761904761905,3.373015873015873,73.61111111111111,157.096,349.354,21.44
2022-02-09,31.453834725042903,31.944444444444443,97.02380952380952,76.5873015873016,1.3888888888888888,41.46825396825397,60.51587301587301,44.24603174603175,44.24603174603175,0.0,50.199999999999996,72.02380952380952,36.46631182638266,93.84920634920636,6.944444444444445,63.29365079365079,162.25,356.758,19.96
2022-02-10,24.162300245006847,51.78571428571429,91.86507936507937,34.72222222222222,1.7857142857142856,40.67460317460318,62.89682539682539,42.65873015873016,67.65873015873017,0.0,40.225,59.72222222222222,20.57787946974767,4.563492063492063,1.7857142857142856,60.11904761904761,157.192,348.683,23.91
2022-02-11,22.92658121291165,63.69047619047619,49.404761904761905,18.452380952380953,0.5952380952380952,10.515873015873012,67.65873015873017,37.10317460317461,79.56349206349206,0.0,31.599999999999994,63.69047619047619,18.176858618685625,8.531746031746032,0.1984126984126984,62.10317460317461,149.193,337.622,27.36
2022-02-14,21.517596703922585,50.198412698412696,13.690476190476192,14.880952380952381,0.1984126984126984,15.277777777777786,69.64285714285714,39.88095238095239,86.11111111111111,0.0,29.17500000000001,54.96031746031746,23.47067578708218,12.103174603174603,0.1984126984126984,67.65873015873017,149.334,338.041,28.33
2022-02-15,34.97536002490283,76.78571428571429,17.658730158730158,35.11904761904761,0.1984126984126984,37.5,71.23015873015873,43.05555555555556,67.26190476190477,0.0,35.75,61.70634920634921,40.42289030827139,89.0873015873016,2.1825396825396823,80.35714285714286,157.575,346.446,25.7
2022-02-16,42.44463893234268,64.48412698412699,13.293650793650794,37.89682539682539,0.1984126984126984,35.912698412698404,74.8015873015873,36.30952380952381,61.30952380952381,0.0,39.275000000000006,60.51587301587301,46.2454954203666,62.89682539682539,3.373015873015873,81.15079365079364,157.626,346.358,24.29
2022-02-17,36.812203672411506,75.59523809523809,12.896825396825399,12.896825396825399,0.1984126984126984,11.30952380952381,74.0079365079365,31.547619047619047,78.37301587301587,0.0,29.724999999999994,62.5,40.340149186798236,5.357142857142857,0.5952380952380952,56.94444444444444,151.707,336.056,28.11
2022-02-18,44.92727274347671,70.03968253968253,10.119047619047619,11.30952380952381,0.1984126984126984,5.357142857142861,74.40476190476191,21.626984126984127,75.1984126984127,0.0,30.625,61.30952380952381,44.29755487714968,21.626984126984127,0.1984126984126984,62.10317460317461,150.013,332.223,27.75
2022-02-22,36.51762143135395,80.75396825396825,7.341269841269842,5.753968253968254,0.1984126984126984,5.357142857142861,76.38888888888889,19.642857142857142,78.76984126984127,0.0,27.974999999999994,69.24603174603175,32.23183221747972,10.912698412698413,0.5952380952380952,83.92857142857143,149.099,328.887,28.81
2022-02-23,33.14031487468395,81.54761904761905,1.3888888888888888,3.7698412698412698,0.1984126984126984,2.9761904761904816,75.1984126984127,20.833333333333336,89.88095238095238,0.0,22.450000000000003,62.89682539682539,31.86788580862237,3.7698412698412698,1.3888888888888888,74.40476190476191,145.547,320.462,31.02
2022-02-24,40.613780331410624,78.76984126984127,0.992063492063492,4.166666666666666,0.1984126984126984,6.150793650793645,70.83333333333334,25.198412698412696,90.67460317460318,0.0,24.200000000000003,66.46825396825396,38.53843527905921,70.83333333333334,2.976190476190476,54.563492063492056,150.871,331.231,30.32
2022-02-25,63.01793180187217,35.11904761904761,8.531746031746032,22.023809523809522,0.992063492063492,14.087301587301596,72.81746031746032,19.642857142857142,56.94444444444444,0.0,31.025000000000006,50.99206349206349,61.33819866614673,99.8015873015873,6.944444444444445,69.64285714285714,153.385,336.368,27.59
2022-02-28,38.89952941800013,23.214285714285715,10.119047619047619,14.087301587301587,2.1825396825396823,6.547619047619051,72.42063492063492,18.452380952380953,24.00793650793651,0.0,24.625,27.579365079365083,39.19037144198266,19.246031746031747,2.579365079365079,60.51587301587301,152.453,337.369,30.15
2022-03-01,17.1809551456086,23.61111111111111,10.119047619047619,8.928571428571429,2.976190476190476,0.19841269841269593,70.03968253968253,18.055555555555554,54.563492063492056,0.0,16.69999999999999,6.15079365079365,21.480393336140224,9.722222222222223,2.1825396825396823,76.78571428571429,146.926,332.204,33.32
2022-03-02,23.052646884282886,38.69047619047619,11.706349206349206,25.595238095238095,4.166666666666666,9.325396825396822,68.45238095238095,7.738095238095238,6.944444444444445,0.0,23.150000000000006,19.246031746031747,30.11308874866291,98.61111111111111,8.531746031746032,63.29365079365079,151.598,337.778,30.74
2022-03-03,22.58305221062048,29.563492063492063,10.515873015873016,32.73809523809524,4.166666666666666,8.531746031746039,74.0079365079365,3.7698412698412698,5.357142857142857,0.0,23.799999999999997,17.658730158730158,35.031828504176595,39.88095238095239,3.373015873015873,79.96031746031747,148.418,332.953,30.48
2022-03-04,28.598188790857186,12.103174603174603,15.277777777777779,25.198412698412696,3.7698412698412698,2.1825396825396837,74.8015873015873,13.690476190476192,15.674603174603174,0.0,20.049999999999997,9.722222222222223,28.14039603772045,30.753968253968257,2.579365079365079,74.40476190476191,144.479,328.128,31.98
2022-03-07,17.196768665532574,4.563492063492063,11.30952380952381,12.103174603174603,2.976190476190476,0.19841269841269593,73.61111111111111,17.658730158730158,35.51587301587302,0.0,8.875,5.357142857142857,9.983492665283187,5.555555555555555,0.992063492063492,54.166666666666664,137.232,316.026,36.45
2022-03-08,13.094413812903284,25.198412698412696,15.674603174603174,6.746031746031746,2.579365079365079,0.5952380952380878,72.81746031746032,16.865079365079367,65.27777777777779,0.0,12.174999999999983,42.26190476190476,9.246438001926371,31.547619047619047,2.1825396825396823,72.02380952380952,139.862,314.557,35.13
2022-03-09,16.310638152128192,16.071428571428573,51.78571428571429,18.452380952380953,0.992063492063492,8.134920634920633,72.81746031746032,15.277777777777779,73.21428571428571,0.0,18.875,40.27777777777778,20.002623012168936,93.65079365079364,2.579365079365079,63.69047619047619,145.723,325.881,32.45
2022-03-10,11.447642426295005,65.67460317460318,37.5,15.674603174603174,0.992063492063492,8.92857142857143,68.45238095238095,14.484126984126986,87.10317460317461,0.0,24.424999999999997,64.48412698412699,22.961016181338127,30.357142857142854,4.166666666666666,72.81746031746032,142.733,322.262,30.23
2022-03-11,17.045385829073368,48.61111111111111,10.119047619047619,12.698412698412698,0.1984126984126984,6.547619047619051,65.27777777777779,11.706349206349206,77.18253968253968,0.0,23.125,50.198412698412696,40.02911673802733,10.119047619047619,1.3888888888888888,54.166666666666664,139.669,315.579,30.75
2022-03-14,22.876708321737553,34.32539682539682,11.706349206349206,12.103174603174603,0.5952380952380952,12.103174603174608,68.05555555555556,5.753968253968254,88.29365079365078,0.0,20.575000000000003,25.595238095238095,25.63500917037441,34.32539682539682,2.1825396825396823,72.42063492063492,135.149,309.518,31.77
2022-03-15,34.5255876684453,50.99206349206349,41.46825396825397,25.595238095238095,0.1984126984126984,27.182539682539684,63.29365079365079,12.5,56.15079365079365,0.0,25.42500000000001,44.24603174603175,34.93014746796307,96.03174603174604,2.1825396825396823,46.62698412698413,141.36,319.227,29.83
2022-03-16,37.0100663189947,64.88095238095238,33.92857142857143,74.0079365079365,2.579365079365079,56.547619047619044,60.912698412698404,12.5,11.706349206349206,0.0,33.32499999999999,50.99206349206349,32.484541036579955,91.86507936507937,8.928571428571429,49.404761904761905,148.64,331.066,26.67
2022-03-17,43.11363327987153,44.642857142857146,58.13492063492064,91.46825396825396,3.7698412698412698,64.88095238095238,54.563492063492056,6.15079365079365,13.293650793650794,0.0,35.82499999999999,40.67460317460318,46.34883912154262,93.45238095238095,9.325396825396826,35.91269841269841,149.556,335.074,25.67
2022-03-18,65.43792376801397,18.849206349206348,79.16666666666666,96.23015873015873,5.753968253968254,65.27777777777777,50.595238095238095,14.484126984126986,9.325396825396826,0.0,40.324999999999996,10.119047619047619,68.07188232558981,75.9920634920635,6.944444444444445,35.11904761904761,152.475,341.932,23.87
2022-03-21,69.62604493843263,65.27777777777779,88.29365079365078,95.03968253968253,8.134920634920634,72.81746031746032,52.57936507936508,18.055555555555554,5.357142857142857,0.0,41.175,67.65873015873017,63.85915021718702,27.579365079365083,7.341269841269842,77.57936507936508,152.173,340.981,23.53
2022-03-22,80.12664546653659,82.34126984126983,97.02380952380952,99.8015873015873,10.119047619047619,79.96031746031746,56.94444444444444,18.452380952380953,0.992063492063492,0.0,42.65,84.72222222222221,68.95774275699131,73.21428571428571,11.30952380952381,77.57936507936508,153.016,347.682,22.94
2022-03-23,79.29316306458925,95.43650793650794,68.45238095238095,83.13492063492063,9.722222222222223,72.81746031746032,62.89682539682539,20.03968253968254,21.626984126984127,0.0,41.075,91.86507936507937,61.62427105737669,8.134920634920634,6.547619047619048,74.8015873015873,149.161,342.686,23.57
2022-03-24,78.01601416652842,96.23015873015873,93.84920634920636,91.46825396825396,10.515873015873016,77.97619047619048,77.57936507936508,20.03968253968254,25.198412698412696,0.0,45.824999999999996,94.24603174603175,56.96530738946839,95.43650793650794,12.5,87.5,156.69,350.302,21.67
2022-03-25,60.5330459953239,83.53174603174604,99.40476190476191,96.62698412698413,11.30952380952381,82.34126984126985,81.15079365079364,19.642857142857142,29.96031746031746,0.0,47.975,86.30952380952381,50.0,77.97619047619048,11.30952380952381,85.51587301587301,156.336,350.01,20.81
2022-03-28,57.809267803068536,93.05555555555556,99.8015873015873,98.21428571428571,12.5,82.73809523809524,82.34126984126983,21.626984126984127,48.214285714285715,0.0,51.85000000000001,94.24603174603175,55.82145418046928,66.26984126984127,14.880952380952381,87.10317460317461,157.55,355.426,19.63
2022-03-29,60.120433652905064,76.78571428571429,99.40476190476191,99.8015873015873,13.690476190476192,83.13492063492063,82.34126984126983,18.055555555555554,42.26190476190476,0.0,55.50000000000001,71.62698412698413,74.67965399568077,93.84920634920636,17.261904761904763,76.38888888888889,161.162,361.542,18.9
2022-03-30,56.62660043870905,89.88095238095238,97.02380952380952,99.0079365079365,14.484126984126986,82.34126984126985,80.35714285714286,21.23015873015873,44.24603174603175,0.0,53.35000000000001,77.18253968253968,53.09241353806422,25.595238095238095,13.690476190476192,55.35714285714286,156.007,357.549,19.33
2022-03-31,59.96594474031636,67.26190476190477,70.83333333333334,86.70634920634922,14.880952380952381,82.34126984126985,73.61111111111111,20.03968253968254,55.35714285714286,0.0,48.6,42.26190476190476,71.06725027383331,5.357142857142857,14.087301587301587,11.706349206349206,152.458,353.117,20.56
2022-04-01,63.81427878304581,70.83333333333334,67.26190476190477,85.51587301587301,15.277777777777779,83.13492063492063,70.83333333333334,22.023809523809522,54.96031746031746,0.0,51.85000000000001,54.166666666666664,54.90184085850012,72.02380952380952,13.690476190476192,81.54761904761905,149.504,352.445,19.63
2022-04-04,66.60360771794167,79.56349206349206,78.76984126984127,86.30952380952381,16.071428571428573,84.72222222222223,64.48412698412699,24.00793650793651,47.42063492063492,0.0,57.15,75.9920634920635,53.54459041169541,47.42063492063492,19.642857142857142,77.57936507936508,151.933,359.701,18.57
2022-04-05,60.098615262234865,77.97619047619048,50.595238095238095,62.89682539682539,15.277777777777779,87.10317460317461,67.65873015873017,31.150793650793652,63.69047619047619,0.0,47.425,52.976190476190474,58.62972576954616,18.452380952380953,14.880952380952381,84.72222222222221,144.939,351.715,21.03
2022-04-06,64.3245672497131,84.32539682539682,66.46825396825396,46.230158730158735,15.277777777777779,89.48412698412699,75.59523809523809,27.579365079365083,50.99206349206349,0.0,44.75,74.0079365079365,74.25248514555388,37.10317460317461,12.103174603174603,84.72222222222221,141.334,344.078,22.1
2022-04-07,64.03236872354275,67.26190476190477,47.42063492063492,44.642857142857146,14.484126984126986,94.24603174603175,83.53174603174604,33.53174603174603,53.769841269841265,0.0,46.125,52.976190476190474,63.401700466304874,54.166666666666664,12.5,94.24603174603175,141.644,344.897,21.55
2022-04-08,62.06966671790839,47.023809523809526,32.34126984126984,44.24603174603175,14.484126984126986,94.64285714285714,84.32539682539682,31.150793650793652,45.43650793650794,0.0,47.1,30.357142857142854,50.0,45.83333333333333,12.5,84.72222222222221,138.129,340.075,21.16
2022-04-11,59.61349323569543,56.547619047619044,14.484126984126986,31.150793650793652,11.706349206349206,94.64285714285714,82.34126984126983,17.261904761904763,47.817460317460316,0.0,39.074999999999996,52.57936507936508,50.0,11.30952380952381,5.753968253968254,54.166666666666664,135.291,332.03,24.37
2022-04-12,54.5113228835939,68.05555555555556,5.753968253968254,24.00793650793651,10.515873015873016,91.07142857142857,84.32539682539682,15.674603174603174,60.51587301587301,0.0,39.349999999999994,59.32539682539682,50.0,33.92857142857143,6.15079365079365,89.48412698412699,134.879,330.627,24.26
2022-04-13,50.0,51.78571428571429,14.880952380952381,36.7063492063492,9.722222222222223,94.64285714285714,81.94444444444444,14.880952380952381,50.198412698412696,0.0,45.45,40.67460317460318,50.0,88.69047619047619,10.515873015873016,73.21428571428571,137.781,337.348,21.82
2022-04-14,50.0,29.166666666666668,21.626984126984127,26.785714285714285,7.341269841269842,95.83333333333333,73.61111111111111,16.071428571428573,52.182539682539684,0.0,43.25,25.595238095238095,49.78813560621004,22.42063492063492,4.166666666666666,18.055555555555554,133.971,329.634,22.7
2022-04-18,50.0,50.99206349206349,12.896825396825399,20.03968253968254,4.9603174603174605,96.62698412698413,74.0079365079365,17.658730158730158,51.388888888888886,0.0,44.574999999999996,43.452380952380956,50.0,30.158730158730158,3.7698412698412698,84.72222222222221,136.29,329.887,22.17
2022-04-19,50.0,18.452380952380953,24.801587301587304,42.26190476190476,7.341269841269842,98.61111111111111,75.59523809523809,15.277777777777779,17.261904761904763,0.0,46.574999999999996,36.7063492063492,50.0,96.62698412698413,12.5,62.10317460317461,139.276,337.26,21.37
2022-04-20,50.0,15.674603174603174,52.182539682539684,62.5,8.134920634920634,97.42063492063492,75.9920634920635,8.928571428571429,7.341269841269842,0.0,49.2,87.5,47.05929339604086,79.16666666666666,11.706349206349206,92.65873015873017,138.967,332.342,20.32
2022-04-21,49.2813481051968,37.5,35.11904761904761,39.48412698412698,6.15079365079365,97.02380952380952,77.97619047619048,10.119047619047619,9.325396825396826,0.0,43.3,83.53174603174604,42.57393042036692,7.341269841269842,4.166666666666666,89.48412698412699,135.259,325.465,22.68
2022-04-22,44.61731252501242,16.071428571428573,14.087301587301587,6.15079365079365,4.563492063492063,93.05555555555556,81.54761904761905,13.690476190476192,26.38888888888889,0.0,29.474999999999994,60.51587301587301,28.930623312191475,0.5952380952380952,0.1984126984126984,53.769841269841265,132.25,316.942,28.21
2022-04-25,31.578389614002244,25.992063492063494,17.658730158730158,5.753968253968254,5.357142857142857,86.30952380952381,81.15079365079364,20.03968253968254,25.595238095238095,0.0,32.45,39.88095238095239,25.488601056647614,63.29365079365079,5.357142857142857,83.53174603174604,134.486,321.014,27.02
2022-04-26,21.84854987524307,73.21428571428571,12.5,2.579365079365079,1.3888888888888888,81.94444444444444,85.51587301587301,13.690476190476192,39.48412698412698,0.0,16.19999999999999,87.89682539682539,14.85668644556489,0.992063492063492,0.1984126984126984,85.51587301587301,128.523,308.897,33.52
2022-04-27,18.70504076010356,22.42063492063492,16.071428571428573,4.563492063492063,0.1984126984126984,83.53174603174602,81.15079365079364,11.706349206349206,30.753968253968257,0.0,21.0,79.16666666666666,14.582351518919594,51.388888888888886,0.1984126984126984,80.75396825396825,127.821,308.527,31.6
2022-04-28,19.94475944333656,59.72222222222222,19.642857142857142,10.515873015873016,0.1984126984126984,91.46825396825398,80.75396825396825,15.674603174603174,18.452380952380953,0.0,25.025000000000006,90.27777777777779,13.564317313989015,94.24603174603175,4.563492063492063,88.29365079365078,134.866,319.485,29.99
2022-04-29,13.967471832194668,60.11904761904761,9.722222222222223,0.992063492063492,0.1984126984126984,83.53174603174602,81.15079365079364,4.563492063492063,56.15079365079365,0.0,16.5,78.37301587301587,10.309347145107836,0.5952380952380952,0.1984126984126984,52.976190476190474,129.103,305.108,33.4
2022-05-02,11.518155445229503,46.230158730158735,14.484126984126986,2.579365079365079,0.1984126984126984,96.23015873015873,75.59523809523809,8.531746031746032,69.64285714285714,0.0,19.14999999999999,62.89682539682539,14.77014230901294,55.35714285714286,0.992063492063492,50.99206349206349,133.413,310.202,32.34
2022-05-03,15.20898834026999,45.03968253968254,9.722222222222223,5.753968253968254,0.5952380952380952,96.62698412698413,74.40476190476191,6.547619047619048,71.23015873015873,0.0,26.875,36.30952380952381,35.61000041299125,74.40476190476191,1.7857142857142856,82.34126984126983,134.518,310.534,29.25
2022-05-04,22.13765501945681,79.56349206349206,16.071428571428573,28.373015873015873,1.3888888888888888,98.61111111111111,74.8015873015873,3.7698412698412698,54.166666666666664,0.0,36.449999999999996,76.78571428571429,21.30594322899283,99.8015873015873,10.912698412698413,81.54761904761905,139.737,321.033,25.42
2022-05-05,16.418793650592114,81.15079365079364,11.706349206349206,7.738095238095238,0.992063492063492,96.62698412698413,68.84920634920636,10.515873015873016,71.23015873015873,0.0,22.0,80.35714285714286,14.37323793387693,1.1904761904761905,0.1984126984126984,47.023809523809526,132.967,304.865,31.2
2022-05-06,17.448020202675195,64.88095238095238,22.42063492063492,5.753968253968254,0.1984126984126984,97.81746031746032,72.02380952380952,10.912698412698413,82.34126984126983,0.0,24.525000000000006,65.27777777777779,17.803779544722474,20.03968253968254,0.1984126984126984,78.76984126984127,131.783,301.212,30.19
2022-05-09,13.410877850971694,60.912698412698404,6.944444444444445,0.1984126984126984,0.1984126984126984,84.72222222222223,74.0079365079365,15.674603174603174,91.86507936507937,0.0,13.125,47.023809523809526,8.102611425205914,7.142857142857142,0.1984126984126984,76.38888888888889,125.073,289.427,34.75
2022-05-10,9.416143670821135,58.13492063492064,19.444444444444446,0.1984126984126984,0.1984126984126984,83.92857142857143,76.78571428571429,20.436507936507937,94.64285714285714,0.0,17.525000000000006,46.230158730158735,13.419932187601113,41.07142857142857,0.5952380952380952,89.48412698412699,127.918,292.943,32.99
2022-05-11,9.546030706002199,72.42063492063492,10.515873015873016,0.1984126984126984,0.1984126984126984,74.0079365079365,77.97619047619048,24.00793650793651,98.21428571428571,0.0,18.599999999999994,72.02380952380952,15.138745354941982,17.658730158730158,0.5952380952380952,85.11904761904762,124.139,284.255,32.56
2022-05-12,7.359319251563932,80.35714285714286,5.357142857142857,2.579365079365079,0.1984126984126984,72.81746031746032,90.27777777777779,13.690476190476192,93.84920634920636,0.0,20.575000000000003,85.11904761904762,6.222234431605621,62.89682539682539,1.7857142857142856,98.61111111111111,124.893,283.583,31.77
2022-05-13,12.459908948298896,78.76984126984127,37.5,8.333333333333332,0.992063492063492,83.92857142857143,92.65873015873017,19.246031746031747,76.78571428571429,0.0,27.82499999999999,68.05555555555556,28.375523587729774,97.81746031746032,2.579365079365079,91.07142857142857,131.268,294.092,28.87
2022-05-16,21.403692314408698,61.30952380952381,27.976190476190478,9.722222222222223,1.3888888888888888,81.54761904761905,98.61111111111111,14.484126984126986,69.24603174603175,0.0,31.325000000000003,64.48412698412699,48.070187824898746,29.563492063492063,2.1825396825396823,98.61111111111111,129.271,290.683,27.47
2022-05-17,24.72135191322558,66.46825396825396,39.08730158730159,27.579365079365083,1.7857142857142856,88.69047619047619,99.40476190476191,10.912698412698413,58.13492063492064,0.0,34.75,52.182539682539684,37.4466577528263,96.62698412698413,2.579365079365079,99.0079365079365,135.549,298.212,26.1
2022-05-18,23.320922604592717,53.37301587301587,4.9603174603174605,7.341269841269842,1.3888888888888888,74.0079365079365,99.0079365079365,10.119047619047619,89.88095238095238,0.0,22.599999999999994,43.452380952380956,16.509243269595117,0.1984126984126984,0.1984126984126984,83.13492063492063,128.717,283.573,30.96
2022-05-19,27.849188724199877,67.65873015873017,15.277777777777779,7.341269841269842,0.1984126984126984,72.42063492063491,99.40476190476191,8.531746031746032,73.21428571428571,0.0,26.625,44.642857142857146,18.542125162939318,41.46825396825397,0.1984126984126984,99.0079365079365,127.937,282.053,29.35
2022-05-20,25.08884373497603,85.11904761904762,27.976190476190478,11.30952380952381,0.1984126984126984,68.84920634920636,99.8015873015873,9.325396825396826,59.32539682539682,0.0,26.424999999999997,66.86507936507937,13.062768296688589,60.912698412698404,0.992063492063492,97.02380952380952,127.869,281.177,29.43
2022-05-23,25.712130964763652,70.03968253968253,66.46825396825396,22.22222222222222,0.1984126984126984,77.18253968253968,99.8015873015873,16.46825396825397,25.198412698412696,0.0,28.799999999999997,68.45238095238095,36.97140800096594,89.88095238095238,2.579365079365079,99.40476190476191,128.42,285.852,28.48
2022-05-24,29.589380531575085,45.03968253968254,62.89682539682539,20.03968253968254,0.1984126984126984,72.81746031746032,99.8015873015873,20.833333333333336,17.658730158730158,0.0,26.375,75.1984126984127,37.860350512244004,36.7063492063492,0.5952380952380952,98.21428571428571,125.292,279.774,29.45
2022-05-25,33.86086043408373,60.912698412698404,87.10317460317461,33.33333333333333,0.5952380952380952,74.0079365079365,99.8015873015873,10.119047619047619,9.722222222222223,0.0,29.075000000000003,53.769841269841265,44.94881891448422,81.54761904761905,4.563492063492063,93.45238095238095,127.547,283.69,28.37
2022-05-26,34.598957504237234,79.96031746031747,94.24603174603175,76.78571428571429,1.7857142857142856,79.16666666666666,99.0079365079365,13.293650793650794,9.722222222222223,0.0,31.25,70.83333333333334,37.75814570849626,95.83333333333334,7.341269841269842,95.83333333333334,132.531,291.55,27.5
2022-05-27,51.78035506246734,80.35714285714286,94.64285714285714,96.42857142857143,4.9603174603174605,87.5,97.81746031746032,10.912698412698413,2.1825396825396823,0.0,35.7,55.75396825396825,50.640927822488244,99.8015873015873,9.325396825396826,85.51587301587301,137.981,301.066,25.72
2022-05-31,48.36715810059312,7.738095238095238,92.26190476190477,92.26190476190477,5.357142857142857,93.45238095238095,96.62698412698413,17.261904761904763,2.1825396825396823,0.0,34.52499999999999,3.373015873015873,47.286104153399606,12.896825396825399,7.738095238095238,92.65873015873017,137.272,300.267,26.19
2022-06-01,43.59404880160703,66.46825396825396,60.912698412698404,84.32539682539682,6.547619047619048,94.64285714285714,95.43650793650794,28.76984126984127,9.325396825396826,0.0,35.77499999999999,72.02380952380952,49.37385439414204,14.484126984126986,7.738095238095238,97.81746031746032,135.095,298.047,25.69
2022-06-02,40.30537127990292,91.46825396825396,94.24603174603175,97.42063492063492,8.134920634920634,98.21428571428571,95.83333333333334,27.976190476190478,5.357142857142857,0.0,38.2,87.89682539682539,48.52641643454525,93.05555555555556,9.722222222222223,94.24603174603175,139.801,306.209,24.72
2022-06-03,47.655009814525165,95.43650793650794,86.30952380952381,89.88095238095238,6.944444444444445,95.43650793650794,96.62698412698413,22.817460317460316,7.341269841269842,0.0,38.025000000000006,92.26190476190477,50.0,6.944444444444445,4.9603174603174605,96.23015873015873,135.62,298.242,24.79
2022-06-06,50.25328040485235,74.8015873015873,87.10317460317461,91.07142857142857,6.944444444444445,98.21428571428571,98.21428571428571,18.055555555555554,3.7698412698412698,0.0,37.325,87.5,50.0,67.65873015873017,8.134920634920634,97.81746031746032,135.855,299.235,25.07
2022-06-07,50.0,21.626984126984127,87.10317460317461,96.23015873015873,6.944444444444445,97.81746031746032,99.40476190476191,24.801587301587304,0.5952380952380952,0.0,39.95,55.35714285714286,50.0,88.69047619047619,8.134920634920634,97.02380952380952,136.941,301.816,24.02
2022-06-08,50.0,45.03968253968254,75.59523809523809,77.97619047619048,6.547619047619048,97.42063492063492,97.42063492063492,27.579365079365083,8.928571428571429,0.0,40.099999999999994,41.46825396825397,50.0,3.571428571428571,6.944444444444445,86.30952380952381,134.025,299.644,23.96
2022-06-09,50.0,65.27777777777779,39.08730158730159,26.785714285714285,5.753968253968254,91.86507936507937,96.23015873015873,29.563492063492063,39.08730158730159,0.0,34.775000000000006,49.801587301587304,50.0,2.1825396825396823,1.7857142857142856,77.97619047619048,130.221,291.618,26.09
2022-06-10,50.0,49.007936507936506,6.547619047619048,4.365079365079365,4.563492063492063,88.69047619047619,91.86507936507937,29.563492063492063,71.62698412698413,0.0,30.625,41.46825396825397,49.43622718099446,3.373015873015873,0.1984126984126984,66.86507936507937,125.595,281.333,27.75
2022-06-13,50.0,46.230158730158735,0.5952380952380952,0.1984126984126984,1.7857142857142856,91.07142857142857,83.53174603174604,33.13492063492063,85.9126984126984,0.0,14.949999999999989,28.373015873015873,22.56011394733158,0.1984126984126984,0.1984126984126984,62.89682539682539,118.349,268.252,34.02
2022-06-14,50.0,18.055555555555554,0.992063492063492,0.5952380952380952,0.1984126984126984,92.65873015873015,80.35714285714286,32.34126984126984,92.26190476190477,0.0,18.275000000000006,14.484126984126986,43.24719909807624,28.76984126984127,0.992063492063492,91.86507936507937,119.007,268.739,32.69
2022-06-15,38.56431218751778,40.27777777777778,4.563492063492063,0.992063492063492,0.1984126984126984,88.2936507936508,81.94444444444444,35.51587301587302,97.81746031746032,0.0,25.950000000000003,45.43650793650794,30.731649302255985,84.32539682539682,4.9603174603174605,89.0873015873016,121.052,275.45,29.62
2022-06-16,32.696783296209276,30.753968253968257,0.1984126984126984,0.1984126984126984,0.1984126984126984,79.16666666666666,82.34126984126983,39.88095238095239,99.8015873015873,0.0,17.625,15.674603174603174,23.527557350610767,2.579365079365079,0.5952380952380952,81.94444444444444,113.758,264.336,32.95
2022-06-17,19.29922431558215,0.1984126984126984,2.579365079365079,0.5952380952380952,0.5952380952380952,78.37301587301587,86.70634920634922,37.5,99.8015873015873,0.0,22.174999999999997,0.1984126984126984,16.29737069310574,61.30952380952381,1.7857142857142856,87.10317460317461,114.219,267.55,31.13
2022-06-21,30.626350046873227,28.76984126984127,4.9603174603174605,2.1825396825396823,2.1825396825396823,86.30952380952381,90.67460317460318,42.26190476190476,99.0079365079365,0.0,24.525000000000006,46.62698412698413,38.81239932284229,93.45238095238095,5.753968253968254,87.89682539682539,117.21,274.301,30.19
2022-06-22,23.099319259454482,20.436507936507937,2.1825396825396823,2.976190476190476,2.976190476190476,80.35714285714286,89.0873015873016,38.69047619047619,99.8015873015873,0.0,27.625,25.595238095238095,47.79076534981027,47.817460317460316,4.563492063492063,83.53174603174604,115.987,273.901,28.95
2022-06-23,31.046063742495175,25.992063492063494,7.738095238095238,11.706349206349206,2.579365079365079,79.96031746031746,90.27777777777779,39.08730158730159,94.24603174603175,0.0,27.375,27.579365079365083,48.15320621080723,70.43650793650794,5.753968253968254,94.24603174603175,115.2,277.98,29.05
2022-06-24,40.84748155880233,0.992063492063492,39.08730158730159,28.373015873015873,4.9603174603174605,87.89682539682539,85.9126984126984,35.51587301587302,91.46825396825396,0.0,31.924999999999997,3.7698412698412698,40.60122545724544,99.8015873015873,10.119047619047619,55.35714285714286,120.304,287.505,27.23
2022-06-27,41.537571197193245,37.5,57.738095238095234,27.976190476190478,8.531746031746032,90.67460317460318,86.70634920634922,32.34126984126984,92.26190476190477,0.0,32.625,45.83333333333333,50.0,44.24603174603175,10.515873015873016,89.88095238095238,119.975,285.397,26.95
2022-06-28,40.663253567225844,52.976190476190474,65.67460317460318,16.071428571428573,7.341269841269842,84.72222222222223,89.0873015873016,18.452380952380953,96.62698412698413,0.0,29.099999999999994,38.2936507936508,50.0,8.134920634920634,3.7698412698412698,94.24603174603175,117.049,276.702,28.36
2022-06-29,46.658988481830924,49.404761904761905,68.05555555555556,18.849206349206348,7.341269841269842,80.35714285714286,94.64285714285714,34.32539682539682,96.62698412698413,0.0,29.599999999999994,42.26190476190476,50.0,36.507936507936506,3.7698412698412698,99.8015873015873,114.287,276.955,28.16
2022-06-30,45.712158612987025,40.67460317460318,44.642857142857146,19.642857142857142,6.547619047619048,79.56349206349206,92.26190476190477,32.73809523809524,94.64285714285714,0.0,28.224999999999994,46.230158730158735,34.91315067532474,26.38888888888889,3.7698412698412698,89.48412698412699,112.79,273.52,28.71
2022-07-01,50.0,52.976190476190474,83.13492063492063,38.492063492063494,4.9603174603174605,77.57936507936508,99.40476190476191,33.13492063492063,85.11904761904762,0.0,33.25,37.10317460317461,50.0,88.4920634920635,6.547619047619048,99.40476190476191,108.799,275.326,26.7
2022-07-05,50.0,49.007936507936506,77.18253968253968,39.08730158730159,4.9603174603174605,75.5952380952381,99.8015873015873,40.27777777777778,83.53174603174604,0.0,31.150000000000006,31.547619047619047,50.0,41.07142857142857,10.515873015873016,96.62698412698413,109.657,280.039,27.54
2022-07-06,50.0,31.150793650793652,60.11904761904761,48.61111111111111,7.341269841269842,81.15079365079364,99.8015873015873,37.10317460317461,79.96031746031747,0.0,33.175,31.944444444444443,50.0,55.35714285714286,14.484126984126986,93.45238095238095,110.193,281.835,26.73
2022-07-07,50.0,40.27777777777778,76.78571428571429,75.9920634920635,10.912698412698413,87.89682539682539,96.23015873015873,35.91269841269841,37.10317460317461,0.0,34.8,37.5,50.0,82.73809523809523,11.706349206349206,74.40476190476191,115.126,287.866,26.08
2022-07-08,50.0,74.0079365079365,57.341269841269835,70.43650793650794,12.5,93.45238095238095,95.83333333333334,45.43650793650794,25.198412698412696,0.0,38.4,86.30952380952381,50.0,25.198412698412696,10.912698412698413,87.10317460317461,115.674,288.227,24.64
2022-07-11,50.0,76.38888888888889,27.18253968253968,63.29365079365079,11.706349206349206,83.13492063492063,92.65873015873017,39.88095238095239,36.7063492063492,0.0,34.57499999999999,81.15079365079364,50.0,21.23015873015873,3.373015873015873,88.29365079365078,113.009,282.069,26.17
2022-07-12,50.0,69.64285714285714,20.03968253968254,56.94444444444444,8.531746031746032,78.76984126984127,91.86507936507937,39.08730158730159,42.26190476190476,0.0,31.775000000000006,53.769841269841265,50.0,25.793650793650798,3.7698412698412698,96.23015873015873,113.326,279.337,27.29
2022-07-13,50.0,58.53174603174603,29.96031746031746,45.03968253968254,4.563492063492063,74.8015873015873,92.65873015873017,52.182539682539684,42.46031746031746,0.0,32.95,75.1984126984127,50.0,26.785714285714285,1.3888888888888888,93.45238095238095,113.964,278.761,26.82
2022-07-14,50.0,29.563492063492063,24.00793650793651,32.53968253968254,2.579365079365079,76.78571428571428,94.24603174603175,60.912698412698404,47.023809523809526,0.0,34.0,31.944444444444443,50.0,24.6031746031746,5.357142857142857,88.29365079365078,116.381,279.756,26.4
2022-07-15,50.0,10.515873015873016,54.563492063492056,70.03968253968253,2.976190476190476,81.54761904761905,92.65873015873017,61.70634920634921,22.817460317460316,0.0,39.425,21.626984126984127,50.0,97.81746031746032,12.896825396825399,72.42063492063492,119.159,284.831,24.23
2022-07-18,50.0,46.62698412698413,29.563492063492063,51.388888888888886,4.563492063492063,79.96031746031746,94.24603174603175,62.5,32.73809523809524,0.0,36.75,67.26190476190477,50.0,25.595238095238095,7.341269841269842,96.62698412698413,118.778,282.42,25.3
2022-07-19,50.0,50.198412698412696,54.96031746031746,90.47619047619048,6.547619047619048,90.27777777777777,91.46825396825396,53.37301587301587,5.753968253968254,0.0,38.75,57.341269841269835,50.0,99.8015873015873,14.087301587301587,82.73809523809523,124.014,291.106,24.5
2022-07-20,50.0,46.230158730158735,59.12698412698413,87.10317460317461,12.103174603174603,94.24603174603175,92.26190476190477,54.166666666666664,12.5,0.0,40.300000000000004,78.37301587301587,50.0,72.42063492063492,20.833333333333336,95.83333333333334,127.176,295.722,23.88
2022-07-21,50.0,80.35714285714286,56.547619047619044,89.28571428571429,15.674603174603174,89.08730158730158,96.23015873015873,69.64285714285714,23.214285714285715,0.0,42.225,88.29365079365078,50.0,77.97619047619048,14.880952380952381,99.0079365079365,129.253,299.967,23.11
2022-07-22,50.0,65.67460317460318,57.341269841269835,86.30952380952381,15.277777777777779,79.96031746031746,98.21428571428571,63.69047619047619,11.30952380952381,0.0,42.425,89.88095238095238,50.0,29.96031746031746,8.134920634920634,91.86507936507937,126.069,294.707,23.03
2022-07-25,50.0,36.7063492063492,74.0079365079365,92.65873015873017,16.071428571428573,81.54761904761905,97.81746031746032,59.32539682539682,1.3888888888888888,0.0,41.6,46.62698412698413,50.0,59.32539682539682,8.134920634920634,95.03968253968253,125.272,293.028,23.36
2022-07-26,50.0,34.72222222222222,75.59523809523809,87.5,11.706349206349206,76.38888888888889,99.0079365079365,52.976190476190474,2.579365079365079,0.0,38.275,39.88095238095239,50.0,30.753968253968257,6.15079365079365,90.67460317460318,123.185,287.271,24.69
2022-07-27,50.0,56.94444444444444,93.45238095238095,95.43650793650794,11.30952380952381,83.53174603174602,96.62698412698413,68.45238095238095,0.1984126984126984,0.0,41.900000000000006,72.42063492063492,51.66783529168109,90.87301587301587,16.865079365079367,80.75396825396825,128.821,299.411,23.24
2022-07-28,50.0,47.023809523809526,98.61111111111111,94.24603174603175,14.484126984126986,81.94444444444444,93.45238095238095,57.738095238095234,0.5952380952380952,0.0,44.175000000000004,59.32539682539682,50.0,85.51587301587301,24.404761904761905,90.27777777777779,130.408,302.338,22.33
2022-07-29,50.0,61.30952380952381,97.81746031746032,96.62698412698413,18.452380952380953,84.72222222222223,87.89682539682539,54.166666666666664,2.579365079365079,0.0,46.675000000000004,69.64285714285714,71.41843818493335,81.54761904761905,23.214285714285715,63.69047619047619,131.411,307.852,21.33
2022-08-01,50.0,84.72222222222221,98.21428571428571,95.83333333333334,20.03968253968254,83.13492063492063,84.72222222222221,62.89682539682539,0.1984126984126984,0.0,42.9,85.51587301587301,50.0,43.05555555555556,17.658730158730158,92.26190476190477,131.918,307.666,22.84
2022-08-02,50.0,67.65873015873017,86.70634920634922,89.68253968253968,20.833333333333336,90.67460317460318,91.46825396825396,55.35714285714286,0.992063492063492,0.0,40.175,59.32539682539682,50.0,19.642857142857142,15.674603174603174,99.8015873015873,131.666,306.749,23.93
2022-08-03,50.0,70.03968253968253,90.67460317460318,92.46031746031747,22.817460317460316,95.03968253968254,92.26190476190477,66.46825396825396,2.1825396825396823,0.0,45.125,62.89682539682539,50.0,82.93650793650794,25.198412698412696,83.53174603174604,135.325,315.103,21.95
2022-08-04,50.0,59.32539682539682,81.94444444444444,88.09523809523809,22.817460317460316,92.65873015873015,98.61111111111111,65.67460317460318,10.515873015873016,0.0,46.4,38.2936507936508,50.0,47.42063492063492,24.404761904761905,99.8015873015873,136.302,316.576,21.44
2022-08-05,50.0,89.88095238095238,87.89682539682539,88.4920634920635,20.833333333333336,99.0079365079365,99.8015873015873,62.5,3.7698412698412698,0.0,47.125,75.9920634920635,50.0,56.15079365079365,18.849206349206348,98.21428571428571,135.241,313.99,21.15
2022-08-08,50.0,93.45238095238095,90.27777777777779,90.27777777777779,21.626984126984127,95.43650793650794,99.8015873015873,45.03968253968254,2.579365079365079,0.0,46.775000000000006,88.29365079365078,50.0,65.67460317460318,20.03968253968254,98.21428571428571,133.196,312.975,21.29
2022-08-09,50.0,91.46825396825396,91.46825396825396,86.70634920634922,20.833333333333336,96.62698412698413,99.8015873015873,48.214285714285715,0.992063492063492,0.0,45.575,64.0873015873016,50.0,40.87301587301587,11.30952380952381,99.40476190476191,127.092,309.433,21.77
2022-08-10,50.0,74.0079365079365,92.26190476190477,96.23015873015873,21.23015873015873,99.4047619047619,99.40476190476191,39.08730158730159,0.1984126984126984,0.0,51.300000000000004,70.03968253968253,50.0,96.23015873015873,29.96031746031746,80.35714285714286,132.366,318.069,19.74
2022-08-11,50.0,27.579365079365083,83.13492063492063,97.22222222222221,21.23015873015873,99.8015873015873,98.21428571428571,35.11904761904761,0.1984126984126984,0.0,49.5,30.357142857142854,50.0,60.912698412698404,25.198412698412696,95.83333333333334,132.195,316.264,20.2
2022-08-12,50.0,73.61111111111111,90.67460317460318,99.40476190476191,25.992063492063494,99.8015873015873,96.62698412698413,47.817460317460316,0.1984126984126984,0.0,52.349999999999994,68.45238095238095,50.0,97.81746031746032,33.13492063492063,68.05555555555556,136.064,322.422,19.53
2022-08-15,50.0,63.29365079365079,94.64285714285714,99.0079365079365,28.373015873015873,99.4047619047619,90.67460317460318,56.94444444444444,2.1825396825396823,0.0,50.25000000000001,62.89682539682539,50.0,63.095238095238095,33.92857142857143,75.1984126984127,136.57,325.027,19.95
2022-08-16,50.0,74.0079365079365,97.81746031746032,98.61111111111111,30.357142857142854,99.8015873015873,82.34126984126983,54.563492063492056,2.976190476190476,0.0,51.55,66.86507936507937,50.0,64.88095238095238,27.579365079365083,84.72222222222221,135.173,324.266,19.69
2022-08-17,50.0,85.51587301587301,87.10317460317461,92.46031746031747,29.166666666666668,99.8015873015873,87.10317460317461,59.32539682539682,10.912698412698413,0.0,50.50000000000001,57.341269841269835,50.0,17.261904761904763,25.595238095238095,91.86507936507937,131.908,320.568,19.9
2022-08-18,50.0,63.69047619047619,91.07142857142857,96.42857142857143,29.96031746031746,99.8015873015873,78.76984126984127,59.72222222222222,2.579365079365079,0.0,52.20000000000001,28.373015873015873,50.0,66.66666666666666,25.992063492063494,81.15079365079364,134.915,321.339,19.56
2022-08-19,50.0,32.73809523809524,76.38888888888889,78.57142857142857,27.976190476190478,99.8015873015873,78.37301587301587,76.38888888888889,6.547619047619048,0.0,48.5,31.944444444444443,50.0,9.722222222222223,16.865079365079367,59.72222222222222,131.273,315.073,20.6
2022-08-22,50.0,49.801587301587304,52.976190476190474,42.26190476190476,22.023809523809522,98.61111111111111,76.38888888888889,76.78571428571429,21.23015873015873,0.0,40.5,22.817460317460316,50.0,3.373015873015873,14.087301587301587,55.35714285714286,126.334,306.778,23.8
2022-08-23,50.0,37.89682539682539,50.99206349206349,32.34126984126984,20.03968253968254,98.61111111111111,78.37301587301587,60.912698412698404,42.65873015873016,0.0,39.725,34.32539682539682,50.0,33.33333333333333,12.5,94.64285714285714,126.963,306.525,24.11
2022-08-24,50.0,47.817460317460316,41.07142857142857,34.72222222222222,18.849206349206348,99.8015873015873,75.59523809523809,56.15079365079365,37.5,0.0,42.95,32.73809523809524,50.0,74.20634920634922,17.261904761904763,73.61111111111111,127.282,307.413,22.82
2022-08-25,50.0,71.62698412698413,55.75396825396825,59.32539682539682,20.436507936507937,99.4047619047619,77.18253968253968,60.51587301587301,32.73809523809524,0.0,45.55,59.32539682539682,50.0,96.03174603174604,30.357142857142854,91.46825396825396,131.947,312.848,21.78
2022-08-26,50.0,76.38888888888889,16.071428571428573,14.087301587301587,17.658730158730158,95.03968253968254,80.35714285714286,63.69047619047619,90.67460317460318,0.0,36.10000000000001,63.69047619047619,50.0,0.992063492063492,9.325396825396826,73.21428571428571,124.462,300.025,25.56
2022-08-29,50.0,36.30952380952381,8.928571428571429,11.507936507936508,12.103174603174603,95.83333333333333,92.26190476190477,62.89682539682539,96.42857142857143,0.0,34.474999999999994,36.30952380952381,50.0,22.023809523809522,2.1825396825396823,91.86507936507937,121.949,297.068,26.21
2022-08-30,50.0,44.642857142857146,3.373015873015873,4.166666666666666,8.531746031746032,94.24603174603175,91.07142857142857,55.75396825396825,97.81746031746032,0.0,34.474999999999994,24.00793650793651,50.0,7.341269841269842,3.7698412698412698,93.05555555555556,120.53,293.76,26.21
2022-08-31,50.0,17.658730158730158,2.976190476190476,2.380952380952381,7.341269841269842,95.03968253968254,95.83333333333334,45.83333333333333,95.43650793650794,0.0,35.325,7.341269841269842,50.0,14.880952380952381,9.722222222222223,96.23015873015873,119.268,292.052,25.87
2022-09-01,50.0,68.45238095238095,2.579365079365079,3.373015873015873,3.373015873015873,98.61111111111111,97.81746031746032,57.341269841269835,99.0079365079365,0.0,36.10000000000001,45.83333333333333,50.0,58.333333333333336,7.341269841269842,99.8015873015873,117.055,292.179,25.56
2022-09-02,50.0,66.07142857142857,2.976190476190476,2.1825396825396823,2.579365079365079,94.64285714285714,98.61111111111111,58.92857142857143,97.02380952380952,0.0,36.325,31.547619047619047,50.0,12.5,6.547619047619048,96.23015873015873,115.771,288.051,25.47
2022-09-06,50.0,21.23015873015873,7.738095238095238,2.1825396825396823,3.7698412698412698,97.81746031746032,99.8015873015873,58.13492063492064,97.81746031746032,0.0,32.724999999999994,8.928571428571429,50.0,37.89682539682539,4.563492063492063,97.02380952380952,114.435,285.982,26.91
2022-09-07,50.0,27.18253968253968,18.849206349206348,13.293650793650794,6.547619047619048,99.0079365079365,99.40476190476191,50.595238095238095,95.03968253968253,0.0,38.4,14.484126984126986,50.0,97.02380952380952,14.880952380952381,91.07142857142857,116.371,291.76,24.64
2022-09-08,50.0,26.38888888888889,20.436507936507937,26.785714285714285,7.738095238095238,99.8015873015873,99.8015873015873,39.48412698412698,84.32539682539682,0.0,40.975,14.880952380952381,50.0,78.37301587301587,16.071428571428573,97.02380952380952,118.333,293.272,23.61
2022-09-09,50.0,28.373015873015873,19.642857142857142,49.404761904761905,8.531746031746032,99.8015873015873,96.23015873015873,40.27777777777778,35.11904761904761,0.0,43.025000000000006,12.5,50.0,93.84920634920636,10.912698412698413,76.78571428571429,121.172,299.684,22.79
2022-09-12,50.0,38.2936507936508,55.75396825396825,70.63492063492063,10.515873015873016,99.8015873015873,94.64285714285714,45.43650793650794,8.928571428571429,0.0,40.324999999999996,16.865079365079367,50.0,86.70634920634922,18.452380952380953,78.37301587301587,121.762,303.246,23.87
2022-09-13,50.0,68.45238095238095,45.03968253968254,14.682539682539684,9.325396825396826,99.0079365079365,85.11904761904762,31.944444444444443,32.73809523809524,0.0,31.825000000000003,45.83333333333333,49.531904211061565,0.5952380952380952,0.5952380952380952,55.75396825396825,114.2,286.617,27.27
2022-09-14,50.0,24.801587301587304,59.12698412698413,20.833333333333336,3.7698412698412698,99.0079365079365,80.75396825396825,32.34126984126984,26.38888888888889,0.0,34.599999999999994,13.293650793650794,50.0,46.230158730158735,0.5952380952380952,73.61111111111111,115.497,288.891,26.16
2022-09-15,50.0,43.452380952380956,63.29365079365079,19.246031746031747,1.3888888888888888,98.21428571428571,77.18253968253968,23.214285714285715,29.563492063492063,0.0,34.325,33.53174603174603,50.0,23.214285714285715,1.7857142857142856,93.45238095238095,113.58,284.079,26.27
2022-09-16,38.605469597925506,2.976190476190476,50.198412698412696,12.103174603174603,0.1984126984126984,97.42063492063492,77.97619047619048,20.03968253968254,34.72222222222222,0.0,34.25,2.1825396825396823,10.201712653623872,23.61111111111111,0.992063492063492,76.78571428571429,114.261,282.342,26.3
2022-09-19,39.882278407880214,38.2936507936508,74.40476190476191,22.42063492063492,0.1984126984126984,99.0079365079365,79.56349206349206,26.38888888888889,23.61111111111111,0.0,35.599999999999994,26.38888888888889,50.0,77.57936507936508,5.357142857142857,81.15079365079364,114.861,284.541,25.76
2022-09-20,44.98131241575759,55.35714285714286,62.10317460317461,10.912698412698413,0.5952380952380952,99.0079365079365,85.51587301587301,20.03968253968254,40.67460317460318,0.0,32.099999999999994,35.91269841269841,50.0,5.753968253968254,8.531746031746032,82.73809523809523,113.335,282.272,27.16
2022-09-21,44.992127194715636,62.5,23.214285714285715,3.968253968253968,2.1825396825396823,93.84920634920636,91.86507936507937,17.658730158730158,51.388888888888886,0.0,30.025000000000006,52.976190476190474,50.0,4.9603174603174605,8.134920634920634,96.62698412698413,112.19,277.218,27.99
2022-09-22,46.614354727976526,64.0873015873016,7.738095238095238,2.380952380952381,2.1825396825396823,98.21428571428571,94.64285714285714,33.13492063492063,66.07142857142857,0.0,31.625,33.53174603174603,50.0,14.087301587301587,1.7857142857142856,98.21428571428571,109.138,273.806,27.35
2022-09-23,50.0,24.404761904761905,0.992063492063492,0.7936507936507936,2.976190476190476,94.24603174603175,95.43650793650794,36.30952380952381,81.54761904761905,0.0,25.19999999999999,7.738095238095238,46.61280142429313,8.928571428571429,2.976190476190476,89.88095238095238,107.677,269.348,29.92
2022-09-26,50.0,21.23015873015873,0.1984126984126984,0.1984126984126984,1.3888888888888888,98.61111111111111,97.02380952380952,49.404761904761905,81.94444444444444,0.0,19.35000000000001,7.738095238095238,50.0,6.944444444444445,0.5952380952380952,99.0079365079365,106.062,268.234,32.26
2022-09-27,50.0,23.214285714285715,0.5952380952380952,0.992063492063492,0.992063492063492,99.4047619047619,99.40476190476191,62.10317460317461,71.62698412698413,0.0,18.5,13.690476190476192,50.0,39.88095238095239,7.738095238095238,94.64285714285714,107.048,268.341,32.6
2022-09-28,50.0,15.674603174603174,2.579365079365079,6.944444444444445,2.976190476190476,95.83333333333333,95.83333333333334,39.88095238095239,68.05555555555556,0.0,24.549999999999997,22.023809523809522,48.554842014073934,99.20634920634922,16.071428571428573,74.0079365079365,108.566,273.679,30.18
2022-09-29,50.0,54.96031746031746,1.3888888888888888,2.976190476190476,3.373015873015873,92.65873015873015,94.64285714285714,38.69047619047619,74.40476190476191,0.0,20.400000000000006,50.99206349206349,50.0,6.547619047619048,3.373015873015873,90.27777777777779,105.189,265.79,31.84
2022-09-30,50.0,16.865079365079367,0.992063492063492,2.1825396825396823,0.992063492063492,94.64285714285714,89.88095238095238,34.72222222222222,85.9126984126984,0.0,20.94999999999999,8.134920634920634,32.32871479958568,15.079365079365079,0.5952380952380952,50.99206349206349,103.386,261.283,31.62
2022-10-03,50.0,42.65873015873016,3.373015873015873,14.484126984126986,4.9603174603174605,94.24603174603175,87.5,18.452380952380953,78.76984126984127,0.0,24.75,20.833333333333336,50.0,99.40476190476191,9.722222222222223,95.03968253968253,106.96,267.412,30.1
2022-10-04,49.53761179356075,44.24603174603175,14.087301587301587,51.19047619047619,6.15079365079365,98.61111111111111,84.32539682539682,6.547619047619048,50.198412698412696,0.0,27.325000000000003,25.595238095238095,49.53761179356075,99.8015873015873,14.880952380952381,81.15079365079364,111.978,275.82,29.07
2022-10-05,50.0,40.27777777777778,22.023809523809522,49.801587301587304,6.15079365079365,99.4047619047619,92.65873015873017,11.30952380952381,70.03968253968253,0.0,28.625,26.785714285714285,50.0,33.33333333333333,17.261904761904763,99.0079365079365,112.893,275.673,28.55
2022-10-06,50.0,17.261904761904763,23.214285714285715,40.27777777777778,7.341269841269842,99.4047619047619,95.03968253968253,8.134920634920634,75.59523809523809,0.0,23.700000000000003,14.087301587301587,50.0,17.658730158730158,12.103174603174603,99.8015873015873,112.442,273.503,30.52
2022-10-07,50.0,42.65873015873016,19.246031746031747,20.03968253968254,8.134920634920634,97.81746031746032,99.40476190476191,6.547619047619048,84.32539682539682,0.0,21.599999999999994,29.96031746031746,50.0,4.365079365079365,0.992063492063492,91.86507936507937,105.695,263.082,31.36
2022-10-10,50.0,64.48412698412699,33.13492063492063,24.6031746031746,4.166666666666666,97.02380952380952,99.8015873015873,11.706349206349206,79.16666666666666,0.0,18.875,16.865079365079367,50.0,37.10317460317461,0.1984126984126984,99.8015873015873,102.101,260.452,32.45
2022-10-11,50.0,27.579365079365083,33.13492063492063,25.396825396825395,0.5952380952380952,97.02380952380952,99.8015873015873,10.515873015873016,74.0079365079365,0.0,15.924999999999997,6.944444444444445,50.0,39.48412698412698,0.5952380952380952,99.8015873015873,99.2306,256.874,33.63
2022-10-12,50.0,12.103174603174603,11.706349206349206,21.03174603174603,0.1984126984126984,94.24603174603175,99.8015873015873,4.9603174603174605,67.65873015873017,0.0,16.075000000000003,5.753968253968254,50.0,27.976190476190478,0.1984126984126984,99.0079365079365,98.2673,256.786,33.57
2022-10-13,50.0,40.67460317460318,39.08730158730159,44.84126984126984,0.1984126984126984,99.8015873015873,99.40476190476191,12.896825396825399,71.62698412698413,0.0,20.14999999999999,20.436507936507937,34.12071914108827,93.45238095238095,6.547619047619048,97.42063492063492,101.096,262.808,31.94
2022-10-14,50.0,22.42063492063492,35.91269841269841,27.976190476190478,0.5952380952380952,98.21428571428571,99.8015873015873,24.404761904761905,74.8015873015873,0.0,19.94999999999999,18.849206349206348,50.0,4.9603174603174605,2.579365079365079,95.43650793650794,96.8822,254.908,32.02
2022-10-17,50.0,11.30952380952381,34.72222222222222,56.547619047619044,0.992063492063492,99.8015873015873,98.21428571428571,34.72222222222222,75.59523809523809,0.0,21.575000000000003,10.912698412698413,50.0,97.61904761904762,2.1825396825396823,86.70634920634922,98.9354,263.326,31.37
2022-10-18,50.0,18.452380952380953,28.76984126984127,74.60317460317461,1.7857142857142856,99.8015873015873,98.21428571428571,33.92857142857143,54.96031746031746,0.0,23.75,18.452380952380953,50.0,91.26984126984127,19.246031746031747,99.8015873015873,99.276,265.408,30.5
2022-10-19,50.0,0.992063492063492,23.214285714285715,62.89682539682539,2.976190476190476,99.8015873015873,98.21428571428571,37.89682539682539,70.03968253968253,0.0,23.099999999999994,14.087301587301587,50.0,23.214285714285715,8.928571428571429,98.61111111111111,99.9118,264.44,30.76
2022-10-20,50.0,17.658730158730158,26.58730158730159,42.65873015873016,2.976190476190476,99.8015873015873,98.21428571428571,44.642857142857146,80.55555555555556,0.0,25.049999999999997,10.912698412698413,50.0,24.00793650793651,6.547619047619048,98.21428571428571,100.531,263.091,29.98
2022-10-21,50.0,1.3888888888888888,62.89682539682539,69.04761904761905,8.531746031746032,99.8015873015873,96.62698412698413,48.214285714285715,64.0873015873016,0.0,25.775000000000006,3.373015873015873,52.26051859818006,95.83333333333334,17.658730158730158,75.1984126984127,104.268,269.26,29.69
2022-10-24,50.0,7.738095238095238,79.56349206349206,75.59523809523809,13.293650793650794,99.8015873015873,97.81746031746032,55.75396825396825,54.563492063492056,0.0,25.375,15.277777777777779,50.0,80.75396825396825,25.595238095238095,96.23015873015873,104.719,272.222,29.85
2022-10-25,50.0,6.547619047619048,95.43650793650794,95.43650793650794,17.658730158730158,99.4047619047619,95.83333333333334,38.69047619047619,44.24603174603175,0.0,28.849999999999994,8.134920634920634,50.0,90.27777777777779,33.92857142857143,91.86507936507937,107.11,277.854,28.46
2022-10-26,50.0,10.515873015873016,96.62698412698413,89.88095238095238,19.642857142857142,98.61111111111111,95.03968253968253,29.96031746031746,47.42063492063492,0.0,31.799999999999997,72.42063492063492,57.67921609654325,57.341269841269835,18.452380952380953,91.07142857142857,106.055,271.714,27.28
2022-10-27,52.304668187365266,3.373015873015873,92.26190476190477,87.89682539682539,22.42063492063492,97.81746031746032,94.64285714285714,6.944444444444445,51.78571428571429,0.0,31.525000000000006,79.96031746031747,59.118469784793035,58.53174603174603,14.484126984126986,96.23015873015873,104.174,266.767,27.39
2022-10-28,55.411920729199444,50.99206349206349,99.8015873015873,96.62698412698413,24.00793650793651,99.0079365079365,94.64285714285714,11.706349206349206,43.452380952380956,0.0,35.625,79.16666666666666,65.61725696140411,92.06349206349206,26.785714285714285,77.57936507936508,108.258,274.93,25.75
2022-10-31,56.28114505814318,1.3888888888888888,95.43650793650794,93.05555555555556,25.198412698412696,99.8015873015873,89.88095238095238,11.30952380952381,41.86507936507937,0.0,35.30000000000001,6.547619047619048,51.65293291003768,28.373015873015873,28.76984126984127,66.86507936507937,105.9,271.734,25.88
2022-11-01,51.79459137955106,3.7698412698412698,89.0873015873016,94.84126984126983,21.626984126984127,99.4047619047619,88.29365079365078,0.5952380952380952,42.65873015873016,0.0,35.47500000000001,25.992063492063494,50.0,60.71428571428571,22.42063492063492,80.75396825396825,106.753,268.957,25.81
2022-11-02,49.49066945959105,8.134920634920634,81.94444444444444,76.19047619047619,18.055555555555554,98.61111111111111,88.29365079365078,0.5952380952380952,54.96031746031746,0.0,35.349999999999994,7.341269841269842,48.66472804271165,6.944444444444445,5.357142857142857,92.65873015873017,103.383,259.738,25.86
2022-11-03,49.84841417742046,12.5,89.0873015873016,73.01587301587301,12.896825396825399,98.21428571428571,85.9126984126984,0.1984126984126984,61.70634920634921,0.0,36.75,6.15079365079365,50.0,44.24603174603175,0.992063492063492,89.0873015873016,101.997,254.664,25.3
2022-11-04,51.075157463552834,43.05555555555556,81.54761904761905,78.37301587301587,11.30952380952381,99.0079365079365,90.67460317460318,1.7857142857142856,52.57936507936508,0.0,38.625,18.055555555555554,58.84937296924254,76.78571428571429,15.674603174603174,98.21428571428571,106.717,258.76,24.55
2022-11-07,50.0,13.690476190476192,79.96031746031747,81.15079365079364,8.928571428571429,99.8015873015873,93.84920634920636,1.7857142857142856,48.214285714285715,0.0,39.125,9.722222222222223,50.0,72.81746031746032,17.658730158730158,83.53174603174604,109.023,261.605,24.35
2022-11-08,50.0,28.76984126984127,74.40476190476191,81.54761904761905,10.119047619047619,99.0079365079365,95.03968253968253,3.7698412698412698,56.15079365079365,0.0,36.150000000000006,18.849206349206348,50.0,71.62698412698413,29.96031746031746,95.03968253968253,111.424,263.512,25.54
2022-11-09,50.0,6.15079365079365,56.547619047619044,72.42063492063492,8.134920634920634,97.42063492063492,94.64285714285714,5.357142857142857,67.26190476190477,0.0,34.775000000000006,43.05555555555556,50.0,7.738095238095238,3.373015873015873,87.5,107.862,257.431,26.09
2022-11-10,51.60025848626985,49.801587301587304,70.83333333333334,96.23015873015873,19.642857142857142,97.02380952380952,89.0873015873016,3.7698412698412698,49.404761904761905,0.0,41.175,33.13492063492063,76.62248208976212,97.81746031746032,37.5,48.61111111111111,119.024,276.426,23.53
2022-11-11,51.9087996761037,10.515873015873016,60.11904761904761,90.87301587301587,29.96031746031746,97.81746031746032,85.11904761904762,1.7857142857142856,50.595238095238095,0.0,43.7,6.15079365079365,73.0791233565265,63.29365079365079,54.166666666666664,85.9126984126984,122.666,281.52,22.52
2022-11-14,53.86366023890897,12.896825396825399,58.13492063492064,85.31746031746032,33.53174603174603,97.81746031746032,85.9126984126984,4.9603174603174605,55.35714285714286,0.0,40.675,14.880952380952381,50.0,22.42063492063492,37.89682539682539,89.0873015873016,121.323,279.056,23.73
2022-11-15,55.97313332730721,18.055555555555554,67.26190476190477,87.3015873015873,37.10317460317461,97.02380952380952,87.5,1.3888888888888888,47.42063492063492,0.0,38.650000000000006,15.277777777777779,51.528010851171615,75.9920634920635,39.08730158730159,97.02380952380952,124.839,282.918,24.54
2022-11-16,53.44924961366715,24.801587301587304,74.8015873015873,82.73809523809523,41.46825396825397,93.05555555555556,88.29365079365078,4.9603174603174605,54.166666666666664,0.0,39.725,6.15079365079365,50.0,30.555555555555557,22.023809523809522,92.65873015873017,119.685,279.056,24.11
2022-11-17,50.0,38.2936507936508,71.62698412698413,80.35714285714286,39.88095238095239,93.84920634920636,94.64285714285714,7.738095238095238,41.86507936507937,0.0,40.175,14.484126984126986,50.0,34.32539682539682,26.38888888888889,93.05555555555556,120.623,278.44,23.93
2022-11-18,50.0,16.071428571428573,69.64285714285714,83.53174603174604,33.53174603174603,96.23015873015873,89.88095238095238,4.9603174603174605,14.880952380952381,0.0,42.199999999999996,3.373015873015873,50.0,75.39682539682539,37.89682539682539,46.230158730158735,120.892,278.45,23.12
2022-11-21,50.0,5.357142857142857,64.48412698412699,82.34126984126983,28.76984126984127,95.83333333333333,88.69047619047619,4.9603174603174605,12.896825396825399,0.0,44.1,8.928571428571429,50.0,54.166666666666664,16.46825396825397,84.72222222222221,118.887,275.585,22.36
2022-11-22,50.0,8.928571428571429,68.84920634920636,89.48412698412699,30.753968253968257,95.83333333333333,80.35714285714286,8.134920634920634,12.5,0.0,46.775000000000006,0.5952380952380952,50.0,86.70634920634922,45.43650793650794,63.29365079365079,122.429,279.555,21.29
2022-11-23,50.0,65.67460317460318,90.27777777777779,92.85714285714286,36.7063492063492,94.24603174603175,76.38888888888889,11.706349206349206,18.055555555555554,0.0,49.125,43.452380952380956,50.0,70.83333333333334,43.84920634920635,72.81746031746032,123.909,282.36,20.35
2022-11-25,50.0,51.78571428571429,79.56349206349206,92.65873015873017,39.88095238095239,92.65873015873015,65.27777777777779,9.722222222222223,4.563492063492063,0.0,48.75,24.00793650793651,50.0,66.07142857142857,39.48412698412698,56.15079365079365,122.257,280.503,20.5
2022-11-28,50.0,15.674603174603174,62.5,72.02380952380952,36.7063492063492,91.07142857142857,66.86507936507937,13.293650793650794,8.928571428571429,0.0,44.474999999999994,2.976190476190476,50.0,7.341269841269842,24.00793650793651,47.023809523809526,119.202,276.387,22.21
2022-11-29,50.0,16.46825396825397,74.40476190476191,72.42063492063492,37.89682539682539,91.46825396825398,68.05555555555556,5.357142857142857,4.563492063492063,0.0,45.275,4.9603174603174605,50.0,53.769841269841265,17.261904761904763,89.0873015873016,118.741,274.295,21.89
2022-11-30,50.0,2.976190476190476,78.76984126984127,97.42063492063492,40.27777777777778,99.4047619047619,58.13492063492064,16.46825396825397,0.1984126984126984,0.0,48.550000000000004,0.5952380952380952,77.38034393654682,97.42063492063492,54.166666666666664,28.76984126984127,125.864,286.799,20.58
2022-12-01,50.0,13.293650793650794,86.30952380952381,90.27777777777779,44.642857142857146,95.43650793650794,51.78571428571429,7.738095238095238,1.3888888888888888,0.0,50.8,6.15079365079365,50.0,51.587301587301596,62.5,63.69047619047619,124.959,287.151,19.84
2022-12-02,50.0,7.341269841269842,89.88095238095238,83.92857142857143,44.24603174603175,92.65873015873015,50.198412698412696,13.690476190476192,2.1825396825396823,0.0,54.7,5.753968253968254,50.0,49.2063492063492,37.5,48.214285714285715,123.548,286.007,19.06
2022-12-05,50.0,4.166666666666666,65.27777777777779,62.5,48.214285714285715,92.26190476190476,49.404761904761905,20.833333333333336,10.119047619047619,0.0,48.125,2.976190476190476,50.0,3.373015873015873,39.88095238095239,44.24603174603175,121.985,281.207,20.75
2022-12-06,50.0,3.7698412698412698,50.595238095238095,46.62698412698413,48.61111111111111,87.89682539682539,43.05555555555556,24.404761904761905,22.817460317460316,0.0,44.574999999999996,2.579365079365079,50.0,21.23015873015873,22.817460317460316,50.99206349206349,119.419,275.38,22.17
2022-12-07,50.0,2.1825396825396823,37.10317460317461,40.07936507936508,38.69047619047619,86.30952380952381,62.5,31.547619047619047,35.91269841269841,0.0,43.3,1.3888888888888888,50.0,47.42063492063492,16.865079365079367,93.45238095238095,119.163,274.256,22.68
2022-12-08,50.0,33.13492063492063,37.5,47.61904761904761,31.150793650793652,87.89682539682539,73.21428571428571,29.96031746031746,50.198412698412696,0.0,44.275000000000006,13.293650793650794,50.0,71.62698412698413,41.07142857142857,95.03968253968253,122.608,277.502,22.29
2022-12-09,50.0,27.18253968253968,16.071428571428573,35.51587301587302,25.595238095238095,88.2936507936508,75.59523809523809,26.38888888888889,80.35714285714286,0.0,42.925000000000004,25.595238095238095,50.0,22.42063492063492,12.5,60.912698412698404,121.473,275.732,22.83
2022-12-12,50.0,25.595238095238095,49.404761904761905,59.32539682539682,20.436507936507937,92.26190476190476,71.62698412698413,41.46825396825397,18.253968253968253,0.0,37.5,10.912698412698413,50.0,92.26190476190477,17.658730158730158,32.34126984126984,123.623,279.193,25.0
2022-12-13,50.0,35.51587301587302,54.563492063492056,62.89682539682539,27.976190476190478,89.08730158730158,77.18253968253968,33.13492063492063,16.46825396825397,0.0,43.625,28.76984126984127,54.201681731275876,68.45238095238095,56.15079365079365,70.43650793650794,125.748,282.194,22.55
2022-12-14,50.0,18.055555555555554,31.547619047619047,58.53174603174603,35.91269841269841,87.89682539682539,70.03968253968253,44.24603174603175,20.03968253968254,0.0,47.15,14.484126984126986,50.0,27.976190476190478,46.230158730158735,68.45238095238095,123.861,280.102,21.14
2022-12-15,50.0,20.03968253968254,15.674603174603174,26.785714285714285,30.357142857142854,83.92857142857143,46.62698412698413,27.976190476190478,37.10317460317461,0.0,42.925000000000004,11.30952380952381,50.0,6.944444444444445,18.452380952380953,37.10317460317461,118.621,270.697,22.83
2022-12-16,44.819085336102056,0.992063492063492,10.119047619047619,12.896825396825399,31.547619047619047,83.13492063492063,39.88095238095239,25.992063492063494,60.912698412698404,0.0,43.449999999999996,0.5952380952380952,37.53502709577029,15.873015873015872,14.880952380952381,20.436507936507937,117.723,268.116,22.62
2022-12-19,42.24813249218004,46.62698412698413,12.5,9.722222222222223,27.18253968253968,83.92857142857143,43.05555555555556,19.642857142857142,51.78571428571429,0.0,43.949999999999996,18.452380952380953,50.0,22.023809523809522,6.944444444444445,47.817460317460316,116.266,264.349,22.42
2022-12-20,48.048818788660284,47.817460317460316,19.642857142857142,11.706349206349206,17.658730158730158,86.30952380952381,39.88095238095239,22.023809523809522,41.86507936507937,0.0,46.3,25.595238095238095,50.0,54.563492063492056,16.071428571428573,52.182539682539684,115.557,264.143,21.48
2022-12-21,50.0,47.023809523809526,42.26190476190476,27.579365079365083,12.896825396825399,88.2936507936508,36.7063492063492,7.738095238095238,28.373015873015873,0.0,49.825,25.595238095238095,50.0,92.65873015873017,24.00793650793651,46.230158730158735,118.159,267.975,20.07
2022-12-22,50.0,94.24603174603175,17.261904761904763,16.865079365079367,13.293650793650794,85.51587301587301,41.46825396825397,3.373015873015873,32.73809523809524,0.0,45.075,62.5,50.0,16.071428571428573,22.817460317460316,63.69047619047619,113.384,261.419,21.97
2022-12-23,50.0,92.26190476190477,43.05555555555556,29.563492063492063,10.912698412698413,89.08730158730158,66.07142857142857,0.1984126984126984,24.404761904761905,0.0,47.824999999999996,89.48412698412699,50.0,79.56349206349206,4.9603174603174605,96.62698412698413,113.482,262.007,20.87
2022-12-27,50.0,88.69047619047619,28.76984126984127,31.944444444444443,6.15079365079365,93.45238095238095,78.76984126984127,0.1984126984126984,22.42063492063492,0.0,45.875,80.75396825396825,50.0,60.71428571428571,1.7857142857142856,89.48412698412699,111.433,258.302,21.65
2022-12-28,50.0,93.84920634920636,10.515873015873016,15.079365079365079,2.976190476190476,90.27777777777777,81.54761904761905,2.579365079365079,39.08730158730159,0.0,44.65,91.86507936507937,50.0,4.9603174603174605,2.976190476190476,76.78571428571429,109.79,254.892,22.14
2022-12-29,50.0,97.81746031746032,30.357142857142854,36.507936507936506,2.1825396825396823,95.43650793650794,83.13492063492063,3.7698412698412698,20.03968253968254,0.0,46.4,97.02380952380952,50.0,95.23809523809523,13.690476190476192,55.35714285714286,113.293,261.105,21.44
2022-12-30,50.0,66.86507936507937,41.07142857142857,32.34126984126984,1.7857142857142856,97.02380952380952,78.37301587301587,12.103174603174603,22.023809523809522,0.0,45.824999999999996,77.97619047619048,50.0,27.579365079365083,11.30952380952381,33.53174603174603,113.189,260.948,21.67
2023-01-03,50.0,43.05555555555556,50.99206349206349,36.30952380952381,4.166666666666666,97.42063492063492,68.05555555555556,13.293650793650794,26.785714285714285,0.0,42.75,45.03968253968254,50.0,53.37301587301587,29.166666666666668,68.05555555555556,112.086,259.184,22.9
2023-01-04,50.0,22.817460317460316,74.8015873015873,58.92857142857143,7.738095238095238,93.84920634920636,62.10317460317461,8.134920634920634,42.26190476190476,0.0,44.974999999999994,19.642857142857142,50.0,80.75396825396825,12.896825396825399,78.76984126984127,114.972,260.419,22.01
2023-01-05,50.0,20.03968253968254,63.29365079365079,43.25396825396825,9.722222222222223,88.69047619047619,58.92857142857143,6.547619047619048,58.13492063492064,0.0,43.849999999999994,9.722222222222223,50.0,24.6031746031746,5.753968253968254,68.84920634920636,113.033,256.342,22.46
2023-01-06,50.0,37.89682539682539,66.07142857142857,70.43650793650794,10.119047619047619,86.30952380952381,61.70634920634921,4.563492063492063,21.428571428571427,0.0,47.175000000000004,26.38888888888889,50.0,94.64285714285714,18.849206349206348,58.92857142857143,118.293,263.418,21.13
2023-01-09,50.0,24.801587301587304,78.76984126984127,69.64285714285714,14.880952380952381,84.72222222222223,75.59523809523809,5.357142857142857,12.103174603174603,0.0,45.075,4.9603174603174605,50.0,55.35714285714286,22.023809523809522,79.16666666666666,120.472,265.123,21.97
2023-01-10,50.0,12.896825396825399,75.1984126984127,72.42063492063492,13.293650793650794,95.03968253968254,78.37301587301587,6.547619047619048,11.706349206349206,0.0,48.550000000000004,24.00793650793651,50.0,70.43650793650794,22.023809523809522,75.9920634920635,122.03,267.367,20.58
2023-01-11,50.0,27.579365079365083,81.54761904761905,83.13492063492063,17.658730158730158,94.64285714285714,68.45238095238095,8.134920634920634,9.722222222222223,0.0,47.275,15.674603174603174,50.0,78.37301587301587,36.7063492063492,43.05555555555556,123.604,271.993,21.09
2023-01-12,50.0,40.67460317460318,96.23015873015873,81.94444444444444,25.198412698412696,84.72222222222223,77.97619047619048,2.579365079365079,7.738095238095238,0.0,55.85000000000001,27.976190476190478,50.0,60.11904761904761,35.51587301587302,93.84920634920636,125.107,273.463,18.83
2023-01-13,50.0,25.198412698412696,89.0873015873016,85.31746031746032,27.976190476190478,91.86507936507937,78.76984126984127,0.992063492063492,16.46825396825397,0.0,58.24999999999999,21.23015873015873,50.0,64.88095238095238,33.92857142857143,64.0873015873016,125.624,275.344,18.35
2023-01-17,50.0,8.134920634920634,92.65873015873017,80.35714285714286,29.563492063492063,95.83333333333333,69.64285714285714,0.5952380952380952,11.30952380952381,0.0,53.2,11.706349206349206,50.0,40.67460317460318,36.30952380952381,53.769841269841265,125.767,275.903,19.36
2023-01-18,50.0,11.30952380952381,78.37301587301587,65.27777777777779,29.166666666666668,77.97619047619048,60.11904761904761,0.1984126984126984,34.72222222222222,0.0,49.15,8.928571428571429,50.0,9.722222222222223,18.849206349206348,41.07142857142857,125.107,272.316,20.34
2023-01-19,50.0,4.9603174603174605,54.166666666666664,57.341269841269835,23.61111111111111,77.57936507936508,66.07142857142857,4.9603174603174605,68.84920634920636,0.0,48.7,14.484126984126986,50.0,25.198412698412696,12.5,58.92857142857143,121.597,269.641,20.52
2023-01-20,50.0,1.3888888888888888,81.15079365079364,65.67460317460318,21.626984126984127,85.91269841269842,38.2936507936508,1.3888888888888888,38.2936507936508,0.0,50.74999999999999,27.18253968253968,51.44928038650444,91.07142857142857,25.992063492063494,22.023809523809522,125.403,277.02,19.85
2023-01-23,50.0,75.9920634920635,76.78571428571429,70.43650793650794,25.198412698412696,96.62698412698413,37.89682539682539,0.992063492063492,22.023809523809522,0.0,50.95,74.8015873015873,50.0,75.59523809523809,47.023809523809526,60.912698412698404,131.7,283.174,19.81
2023-01-24,50.0,50.595238095238095,73.61111111111111,70.43650793650794,27.976190476190478,89.88095238095238,38.69047619047619,1.3888888888888888,41.86507936507937,0.0,54.0,67.65873015873017,50.0,47.817460317460316,44.642857142857146,56.94444444444444,130.705,282.596,19.2
2023-01-25,50.0,68.84920634920636,66.86507936507937,68.05555555555556,35.51587301587302,90.27777777777777,43.05555555555556,0.1984126984126984,51.388888888888886,0.0,54.60000000000001,78.76984126984127,50.0,56.15079365079365,49.007936507936506,70.83333333333334,131.06,281.969,19.08
2023-01-26,50.0,87.89682539682539,65.27777777777779,72.02380952380952,48.214285714285715,97.81746031746032,51.78571428571429,4.166666666666666,65.27777777777779,0.0,56.35,58.92857142857143,50.0,70.43650793650794,62.10317460317461,75.59523809523809,133.268,287.466,18.73
2023-01-27,50.0,98.61111111111111,61.30952380952381,69.84126984126983,56.94444444444444,98.21428571428571,68.45238095238095,21.626984126984127,65.67460317460318,0.0,57.44999999999999,97.81746031746032,54.893584630661444,51.78571428571429,56.94444444444444,66.46825396825396,132.419,290.328,18.51
2023-01-30,50.0,84.72222222222221,43.05555555555556,60.912698412698404,54.96031746031746,97.42063492063492,66.46825396825396,31.150793650793652,71.62698412698413,0.0,50.3,76.38888888888889,50.0,18.849206349206348,37.89682539682539,50.99206349206349,128.903,284.458,19.94
2023-01-31,50.0,25.198412698412696,66.07142857142857,73.61111111111111,59.32539682539682,98.61111111111111,53.37301587301587,21.23015873015873,63.69047619047619,0.0,53.00000000000001,16.46825396825397,55.73514496971549,93.45238095238095,60.51587301587301,24.404761904761905,131.307,288.721,19.4
2023-02-01,50.14159271969901,83.53174603174604,89.0873015873016,75.9920634920635,63.29365079365079,95.83333333333333,56.94444444444444,23.214285714285715,61.30952380952381,0.0,60.64999999999999,78.76984126984127,66.56634820478428,72.81746031746032,61.70634920634921,81.54761904761905,138.154,294.895,17.87
2023-02-02,65.03759958870002,41.46825396825397,97.02380952380952,70.43650793650794,63.69047619047619,98.61111111111111,52.57936507936508,55.35714285714286,68.45238095238095,0.0,56.35,95.43650793650794,83.79737729341491,64.88095238095238,65.27777777777779,62.5,141.355,305.478,18.73
2023-02-03,66.57881128721678,87.10317460317461,78.76984126984127,61.70634920634921,61.30952380952381,99.8015873015873,53.37301587301587,58.53174603174603,58.53174603174603,0.0,58.35000000000001,99.40476190476191,72.25444037653425,25.198412698412696,53.37301587301587,70.03968253968253,138.596,300.049,18.33
2023-02-06,62.30144807943573,75.1984126984127,61.70634920634921,58.13492063492064,65.27777777777779,99.8015873015873,66.46825396825396,68.84920634920636,56.94444444444444,0.0,52.85,88.29365079365078,50.0,32.34126984126984,55.35714285714286,82.34126984126983,136.345,297.511,19.43
2023-02-07,64.77269609845959,94.64285714285714,68.84920634920636,62.5,66.07142857142857,99.8015873015873,82.34126984126983,77.97619047619048,63.69047619047619,0.0,56.7,98.21428571428571,56.92878666564919,67.65873015873017,74.40476190476191,80.75396825396825,140.681,303.675,18.66
2023-02-08,60.21003028993501,83.92857142857143,52.976190476190474,56.547619047619044,66.07142857142857,99.4047619047619,73.61111111111111,68.84920634920636,75.59523809523809,0.0,51.85000000000001,99.40476190476191,51.34071104817328,22.023809523809522,58.13492063492064,43.84920634920635,137.656,298.276,19.63
2023-02-09,51.69587914494856,66.46825396825396,39.88095238095239,49.801587301587304,64.88095238095238,99.0079365079365,76.78571428571429,68.84920634920636,83.92857142857143,0.0,48.224999999999994,99.0079365079365,55.08763743484569,25.992063492063494,50.99206349206349,68.45238095238095,138.008,295.639,20.71
2023-02-10,50.0,78.76984126984127,42.26190476190476,52.57936507936508,59.72222222222222,99.4047619047619,77.97619047619048,72.81746031746032,69.64285714285714,0.0,48.675,91.07142857142857,50.0,64.28571428571429,31.944444444444443,75.1984126984127,135.812,293.699,20.53
2023-02-13,50.0,88.69047619047619,69.24603174603175,65.67460317460318,61.70634920634921,99.8015873015873,64.88095238095238,79.56349206349206,73.61111111111111,0.0,49.15,93.84920634920636,50.0,87.10317460317461,64.48412698412699,37.10317460317461,137.809,298.403,20.34
2023-02-14,50.0,99.8015873015873,45.83333333333333,57.738095238095234,58.53174603174603,99.8015873015873,67.65873015873017,79.96031746031747,80.35714285714286,0.0,55.45,99.40476190476191,50.0,35.714285714285715,64.0873015873016,90.67460317460318,140.31,300.608,18.91
2023-02-15,50.0,93.84920634920636,44.642857142857146,60.51587301587301,60.912698412698404,99.8015873015873,72.42063492063492,66.07142857142857,70.43650793650794,0.0,58.849999999999994,90.27777777777779,50.0,67.26190476190477,67.26190476190477,60.51587301587301,140.883,302.911,18.23
2023-02-16,50.0,98.21428571428571,25.198412698412696,49.404761904761905,61.30952380952381,99.4047619047619,72.42063492063492,65.67460317460318,86.30952380952381,0.0,49.574999999999996,93.05555555555556,50.0,14.484126984126986,53.37301587301587,67.65873015873017,137.429,297.227,20.17
2023-02-17,50.0,78.37301587301587,37.89682539682539,47.42063492063492,66.46825396825396,98.61111111111111,59.72222222222222,58.92857142857143,85.11904761904762,0.0,49.95,72.81746031746032,50.0,50.198412698412696,48.61111111111111,32.34126984126984,135.288,295.13,20.02
2023-02-21,50.0,66.07142857142857,26.38888888888889,24.404761904761905,57.341269841269835,99.0079365079365,56.15079365079365,52.57936507936508,93.05555555555556,0.0,42.824999999999996,54.96031746031746,50.0,7.341269841269842,37.5,30.753968253968257,130.907,288.143,22.87
2023-02-22,50.0,90.67460317460318,14.087301587301587,23.61111111111111,51.388888888888886,98.21428571428571,40.67460317460318,60.51587301587301,93.45238095238095,0.0,44.275000000000006,75.1984126984127,50.0,43.05555555555556,43.05555555555556,51.78571428571429,130.279,288.358,22.29
2023-02-23,50.0,95.83333333333334,31.944444444444443,25.992063492063494,45.03968253968254,97.42063492063492,31.150793650793652,64.88095238095238,93.05555555555556,0.0,47.15,89.48412698412699,50.0,62.10317460317461,50.99206349206349,22.42063492063492,134.563,290.877,21.14
2023-02-24,50.0,71.23015873015873,31.150793650793652,18.849206349206348,41.07142857142857,97.42063492063492,23.61111111111111,60.51587301587301,95.43650793650794,0.0,45.824999999999996,63.69047619047619,50.0,21.626984126984127,31.547619047619047,13.690476190476192,132.153,286.006,21.67
2023-02-27,50.0,76.78571428571429,25.198412698412696,19.246031746031747,39.08730158730159,97.02380952380952,21.23015873015873,62.5,95.43650793650794,0.0,47.625,62.89682539682539,50.0,52.976190476190474,42.65873015873016,16.071428571428573,132.852,288.054,20.95
2023-02-28,50.0,11.706349206349206,10.119047619047619,16.865079365079367,37.5,95.83333333333333,19.642857142857142,64.88095238095238,96.62698412698413,0.0,48.25,12.103174603174603,49.40336767352765,42.857142857142854,30.753968253968257,4.563492063492063,133.307,287.682,20.7
2023-03-01,50.0,70.03968253968253,10.912698412698413,18.452380952380953,36.30952380952381,99.0079365079365,11.706349206349206,60.11904761904761,91.46825396825396,0.0,48.550000000000004,59.32539682539682,50.0,36.7063492063492,35.11904761904761,15.277777777777779,133.343,285.369,20.58
2023-03-02,50.0,92.26190476190477,12.103174603174603,29.166666666666668,34.32539682539682,99.8015873015873,13.293650793650794,68.84920634920636,90.27777777777779,0.0,52.050000000000004,73.21428571428571,50.0,74.0079365079365,43.84920634920635,27.579365079365083,134.41,287.731,19.59
2023-03-03,50.0,74.40476190476191,40.27777777777778,39.08730158730159,45.43650793650794,99.4047619047619,11.30952380952381,61.30952380952381,89.48412698412699,0.0,57.550000000000004,75.1984126984127,50.0,88.88888888888889,72.81746031746032,8.531746031746032,136.482,293.679,18.49
2023-03-06,50.0,62.89682539682539,35.91269841269841,37.89682539682539,47.817460317460316,99.4047619047619,13.293650793650794,75.59523809523809,89.0873015873016,0.0,56.95,58.13492063492064,50.0,34.32539682539682,57.738095238095234,20.833333333333336,134.895,294.013,18.61
2023-03-07,50.0,54.96031746031746,35.11904761904761,27.18253968253968,49.801587301587304,97.81746031746032,16.071428571428573,75.1984126984127,92.26190476190477,0.0,52.050000000000004,58.92857142857143,50.0,6.746031746031746,40.27777777777778,13.690476190476192,133.473,290.406,19.59
2023-03-08,50.0,91.07142857142857,41.07142857142857,30.753968253968257,53.37301587301587,98.21428571428571,20.833333333333336,66.46825396825396,83.53174603174604,0.0,54.45,73.61111111111111,50.0,57.738095238095234,43.452380952380956,40.67460317460318,137.022,291.857,19.11
2023-03-09,50.0,51.78571428571429,15.277777777777779,12.103174603174603,49.007936507936506,92.26190476190476,20.03968253968254,77.18253968253968,81.54761904761905,0.0,43.475,51.78571428571429,50.0,3.373015873015873,31.547619047619047,24.00793650793651,134.299,286.8,22.61
2023-03-10,50.0,26.38888888888889,13.690476190476192,6.944444444444445,36.30952380952381,85.51587301587301,21.626984126984127,86.30952380952381,83.92857142857143,0.0,38.0,35.91269841269841,34.45849124783413,9.722222222222223,20.436507936507937,30.357142857142854,131.704,282.772,24.8
2023-03-13,49.230005926698624,32.73809523809524,10.119047619047619,9.722222222222223,29.166666666666668,68.84920634920636,24.00793650793651,94.64285714285714,84.72222222222221,0.0,33.7,18.849206349206348,28.330166794232547,43.452380952380956,25.198412698412696,42.65873015873016,131.743,284.869,26.52
2023-03-14,41.453112820958495,6.547619047619048,24.404761904761905,23.61111111111111,31.150793650793652,86.7063492063492,23.61111111111111,96.62698412698413,66.46825396825396,0.0,40.675,20.436507936507937,31.77350565433317,84.32539682539682,50.198412698412696,7.341269841269842,135.594,291.416,23.73
2023-03-15,31.803511827014468,5.753968253968254,20.03968253968254,21.626984126984127,34.32539682539682,69.64285714285714,20.03968253968254,99.8015873015873,83.92857142857143,0.0,34.64999999999999,27.579365079365083,27.114846162809602,28.373015873015873,60.11904761904761,19.246031746031747,134.013,292.944,26.14
2023-03-16,32.57231488099786,30.753968253968257,26.785714285714285,32.34126984126984,47.023809523809526,84.32539682539682,18.452380952380953,99.8015873015873,83.13492063492063,0.0,42.525000000000006,64.48412698412699,32.751060369397884,83.53174603174604,74.0079365079365,5.357142857142857,139.247,300.667,22.99
2023-03-17,28.506565495041734,10.119047619047619,6.547619047619048,26.785714285714285,57.738095238095234,64.48412698412699,10.912698412698413,99.8015873015873,79.56349206349206,0.0,36.224999999999994,1.3888888888888888,28.506565495041734,10.515873015873016,62.5,1.7857142857142856,138.385,299.246,25.51
2023-03-20,35.23803135352379,42.26190476190476,16.071428571428573,34.72222222222222,70.03968253968253,72.02380952380952,5.753968253968254,99.40476190476191,37.89682539682539,0.0,39.625,55.75396825396825,47.40240036692908,86.30952380952381,73.21428571428571,12.896825396825399,139.849,300.308,24.15
2023-03-21,51.678763201742285,63.29365079365079,44.24603174603175,38.2936507936508,77.18253968253968,88.2936507936508,5.753968253968254,99.0079365079365,24.801587301587304,0.0,46.550000000000004,79.56349206349206,50.600100873021,75.9920634920635,84.72222222222221,8.531746031746032,140.125,304.597,21.38
2023-03-22,44.342377627619726,95.43650793650794,20.03968253968254,25.595238095238095,77.97619047619048,70.43650793650794,6.547619047619048,99.8015873015873,33.13492063492063,0.0,44.349999999999994,96.62698412698413,48.55143002059829,1.7857142857142856,66.46825396825396,30.357142857142854,138.733,300.455,22.26
2023-03-23,43.50338240249391,50.198412698412696,38.2936507936508,29.166666666666668,75.1984126984127,64.88095238095238,11.706349206349206,99.8015873015873,33.13492063492063,0.0,43.475,84.32539682539682,46.207558255262946,41.07142857142857,43.84920634920635,23.214285714285715,142.513,304.018,22.61
2023-03-24,50.16735440586836,35.11904761904761,59.72222222222222,36.7063492063492,75.9920634920635,65.27777777777777,17.658730158730158,99.40476190476191,36.7063492063492,0.0,45.650000000000006,49.404761904761905,50.0,70.23809523809523,64.88095238095238,16.46825396825397,140.041,305.137,21.74
2023-03-27,50.0,43.452380952380956,72.81746031746032,39.88095238095239,76.38888888888889,82.73809523809524,18.849206349206348,99.0079365079365,25.992063492063494,0.0,48.5,39.48412698412698,50.0,71.23015873015873,76.38888888888889,18.452380952380953,138.398,303.046,20.6
2023-03-28,50.0,61.30952380952381,64.48412698412699,45.03968253968254,66.46825396825396,84.32539682539682,20.03968253968254,98.61111111111111,30.357142857142854,0.0,50.150000000000006,43.452380952380956,50.0,62.10317460317461,59.72222222222222,26.785714285714285,137.361,301.437,19.97
2023-03-29,50.0,90.67460317460318,86.30952380952381,59.72222222222222,65.67460317460318,89.48412698412699,18.849206349206348,98.61111111111111,19.642857142857142,0.0,54.39999999999999,53.37301587301587,50.0,92.06349206349206,66.46825396825396,14.484126984126986,141.776,306.933,19.12
2023-03-30,50.0,73.61111111111111,82.73809523809523,69.04761904761905,77.57936507936508,89.88095238095238,18.055555555555554,98.21428571428571,12.103174603174603,0.0,54.900000000000006,61.30952380952381,50.0,72.22222222222221,81.94444444444444,18.849206349206348,144.111,309.838,19.02
2023-03-31,50.0,85.11904761904762,99.40476190476191,95.43650793650794,78.37301587301587,89.48412698412699,9.722222222222223,97.81746031746032,12.896825396825399,0.0,56.50000000000001,70.43650793650794,51.38530666600653,93.84920634920636,67.26190476190477,0.992063492063492,145.004,314.991,18.7
2023-04-03,50.0,47.817460317460316,95.83333333333334,98.21428571428571,79.56349206349206,86.30952380952381,10.515873015873016,98.61111111111111,9.325396825396826,0.0,57.24999999999999,46.62698412698413,50.0,46.82539682539682,87.5,20.436507936507937,143.752,314.226,18.55
2023-04-04,50.0,34.72222222222222,78.37301587301587,76.5873015873016,82.34126984126983,78.37301587301587,10.119047619047619,99.8015873015873,16.46825396825397,0.0,55.0,29.166666666666668,50.0,24.206349206349206,72.81746031746032,26.38888888888889,141.072,313.165,19.0
2023-04-05,50.0,34.32539682539682,93.45238095238095,71.62698412698413,82.73809523809523,68.45238095238095,11.30952380952381,99.8015873015873,30.357142857142854,0.0,54.60000000000001,33.53174603174603,50.0,44.24603174603175,70.43650793650794,18.452380952380953,138.626,310.074,19.08
2023-04-06,50.0,42.26190476190476,95.83333333333334,69.64285714285714,81.15079365079364,71.23015873015873,11.706349206349206,99.8015873015873,22.42063492063492,0.0,58.00000000000001,68.45238095238095,50.0,52.77777777777778,69.64285714285714,20.436507936507937,137.912,312.164,18.4
2023-04-10,50.0,92.26190476190477,95.03968253968253,81.94444444444444,87.10317460317461,85.11904761904762,18.452380952380953,99.0079365079365,36.30952380952381,0.0,55.150000000000006,83.13492063492063,50.0,67.65873015873017,91.86507936507937,6.944444444444445,140.348,311.988,18.97
2023-04-11,50.0,52.57936507936508,94.64285714285714,83.13492063492063,85.51587301587301,85.51587301587301,14.484126984126986,98.61111111111111,35.51587301587302,0.0,54.49999999999999,44.642857142857146,50.0,69.24603174603175,84.32539682539682,6.15079365079365,139.611,309.985,19.1
2023-04-12,50.0,73.61111111111111,87.10317460317461,74.0079365079365,86.30952380952381,82.73809523809524,14.087301587301587,98.61111111111111,46.230158730158735,0.0,54.55,69.64285714285714,50.0,37.5,76.78571428571429,19.642857142857142,137.058,307.247,19.09
2023-04-13,50.0,48.214285714285715,81.94444444444444,84.72222222222221,85.11904761904762,89.88095238095238,4.563492063492063,99.40476190476191,49.801587301587304,0.0,61.0,43.452380952380956,50.0,75.9920634920635,67.26190476190477,0.992063492063492,138.186,313.264,17.8
2023-04-14,50.0,10.515873015873016,66.86507936507937,74.0079365079365,85.9126984126984,90.67460317460318,3.373015873015873,99.8015873015873,54.166666666666664,0.0,64.65,49.007936507936506,50.0,34.32539682539682,70.43650793650794,11.706349206349206,137.971,312.675,17.07
2023-04-17,50.0,13.293650793650794,61.30952380952381,85.51587301587301,83.13492063492063,91.86507936507937,3.373015873015873,98.61111111111111,51.78571428571429,0.0,65.25,32.34126984126984,50.0,74.0079365079365,89.88095238095238,6.547619047619048,137.971,312.94,16.95
2023-04-18,50.0,14.484126984126986,64.48412698412699,87.89682539682539,88.29365079365078,91.46825396825398,2.579365079365079,97.81746031746032,46.62698412698413,0.0,65.85000000000001,42.65873015873016,50.0,50.99206349206349,93.05555555555556,3.373015873015873,138.567,312.959,16.83
2023-04-19,50.0,29.563492063492063,74.0079365079365,77.97619047619048,85.51587301587301,91.86507936507937,1.3888888888888888,98.61111111111111,36.7063492063492,0.0,67.69999999999999,52.57936507936508,50.0,48.214285714285715,71.23015873015873,15.277777777777779,137.051,312.812,16.46
2023-04-20,50.0,89.0873015873016,68.45238095238095,66.66666666666666,83.13492063492063,89.48412698412699,4.166666666666666,96.62698412698413,31.547619047619047,0.0,64.14999999999999,69.64285714285714,50.0,33.53174603174603,60.912698412698404,8.531746031746032,136.924,310.427,17.17
2023-04-21,50.0,20.833333333333336,66.86507936507937,61.904761904761905,81.54761904761905,89.48412698412699,0.5952380952380952,96.62698412698413,49.801587301587304,0.0,66.15,22.42063492063492,50.0,49.801587301587304,62.5,1.3888888888888888,135.919,310.751,16.77
2023-04-24,50.0,51.388888888888886,64.48412698412699,58.53174603174603,76.38888888888889,88.69047619047619,0.5952380952380952,96.62698412698413,56.94444444444444,0.0,65.55,56.15079365079365,50.0,61.30952380952381,61.30952380952381,4.166666666666666,135.31,310.103,16.89
2023-04-25,50.0,49.404761904761905,45.03968253968254,44.047619047619044,68.05555555555556,75.1984126984127,0.1984126984126984,97.02380952380952,77.97619047619048,0.0,56.199999999999996,35.11904761904761,50.0,16.46825396825397,65.67460317460318,3.373015873015873,130.764,304.254,18.76
2023-04-26,50.0,64.0873015873016,39.88095238095239,32.34126984126984,61.70634920634921,75.9920634920635,0.1984126984126984,99.8015873015873,87.10317460317461,0.0,55.8,83.92857142857143,51.813709955859075,20.03968253968254,46.62698412698413,9.325396825396826,131.462,306.099,18.84
2023-04-27,50.0,44.24603174603175,41.07142857142857,47.817460317460316,63.29365079365079,88.69047619047619,0.1984126984126984,99.8015873015873,75.59523809523809,0.0,64.85,90.27777777777779,56.35469938487532,84.72222222222221,68.05555555555556,2.976190476190476,132.016,314.422,17.03
2023-04-28,50.0,39.48412698412698,54.96031746031746,52.976190476190474,64.0873015873016,87.10317460317461,0.1984126984126984,98.21428571428571,64.48412698412699,0.0,71.1,52.976190476190474,50.86289439287758,79.36507936507937,64.0873015873016,0.992063492063492,134.397,316.591,15.78
2023-05-01,50.0,56.94444444444444,47.023809523809526,52.57936507936508,70.43650793650794,90.67460317460318,0.1984126984126984,99.0079365079365,57.738095238095234,0.0,69.60000000000001,66.46825396825396,50.0,52.57936507936508,87.5,4.563492063492063,135.613,316.228,16.08
2023-05-02,50.0,26.38888888888889,37.5,39.08730158730159,69.64285714285714,80.75396825396825,0.1984126984126984,99.8015873015873,83.92857142857143,0.0,61.099999999999994,24.404761904761905,50.0,17.46031746031746,63.69047619047619,0.5952380952380952,134.644,313.47,17.78
2023-05-03,50.0,26.785714285714285,29.563492063492063,35.11904761904761,80.35714285714286,70.83333333333333,1.7857142857142856,99.40476190476191,86.70634920634922,0.0,58.300000000000004,42.26190476190476,49.952367675278424,29.166666666666668,81.15079365079364,20.03968253968254,133.099,311.418,18.34
2023-05-04,50.0,27.18253968253968,27.579365079365083,34.32539682539682,72.81746031746032,62.89682539682539,2.1825396825396823,99.0079365079365,85.11904761904762,0.0,49.775,8.134920634920634,50.0,30.357142857142854,45.03968253968254,8.531746031746032,132.352,310.319,20.09
2023-05-05,50.0,87.89682539682539,44.642857142857146,47.42063492063492,72.42063492063492,81.94444444444444,2.1825396825396823,98.61111111111111,65.67460317460318,0.0,64.05,68.84920634920636,50.0,90.67460317460318,63.69047619047619,0.5952380952380952,135.297,316.915,17.19
2023-05-08,50.0,82.73809523809523,38.2936507936508,47.023809523809526,71.62698412698413,86.7063492063492,1.3888888888888888,98.21428571428571,62.89682539682539,0.0,65.1,65.67460317460318,50.0,44.642857142857146,85.11904761904762,3.373015873015873,135.867,317.7,16.98
2023-05-09,50.0,42.65873015873016,44.642857142857146,43.452380952380956,74.8015873015873,86.30952380952381,2.976190476190476,94.24603174603175,72.81746031746032,0.0,61.449999999999996,32.34126984126984,50.0,38.69047619047619,71.62698412698413,3.373015873015873,133.555,315.688,17.71
2023-05-10,50.0,81.54761904761905,54.96031746031746,44.24603174603175,80.75396825396825,80.35714285714286,0.1984126984126984,98.61111111111111,62.89682539682539,0.0,65.29999999999998,88.29365079365078,50.0,53.37301587301587,96.23015873015873,6.547619047619048,134.915,319.123,16.94
2023-05-11,50.0,27.976190476190478,35.91269841269841,39.682539682539684,84.32539682539682,75.9920634920635,0.1984126984126984,99.40476190476191,58.53174603174603,0.0,65.35,89.48412698412699,50.0,31.150793650793652,68.45238095238095,6.15079365079365,134.031,320.164,16.93
2023-05-12,50.0,86.70634920634922,23.214285714285715,39.88095238095239,88.29365079365078,81.54761904761905,0.992063492063492,99.0079365079365,60.11904761904761,0.0,64.85,86.30952380952381,50.0,49.404761904761905,86.30952380952381,2.1825396825396823,133.907,319.015,17.03
2023-05-15,50.0,60.11904761904761,29.563492063492063,44.642857142857146,89.0873015873016,85.51587301587301,4.563492063492063,96.23015873015873,74.0079365079365,0.0,64.4,31.944444444444443,50.0,65.27777777777779,87.89682539682539,18.452380952380953,137.543,320.743,17.12
2023-05-16,50.0,87.10317460317461,26.38888888888889,31.349206349206348,86.70634920634922,86.30952380952381,5.753968253968254,99.8015873015873,77.18253968253968,0.0,60.05000000000001,85.51587301587301,50.0,11.706349206349206,60.51587301587301,7.738095238095238,137.286,321.106,17.99
2023-05-17,50.0,84.72222222222221,45.03968253968254,41.86507936507937,84.32539682539682,89.08730158730158,4.563492063492063,99.8015873015873,72.81746031746032,0.0,65.65,58.92857142857143,50.0,75.9920634920635,88.69047619047619,2.976190476190476,140.677,324.992,16.87
2023-05-18,50.0,93.45238095238095,60.912698412698404,48.214285714285715,93.05555555555556,93.05555555555556,4.563492063492063,99.8015873015873,50.595238095238095,0.0,69.75,89.48412698412699,53.296065362309925,68.05555555555556,93.05555555555556,5.357142857142857,145.122,331.029,16.05
2023-05-19,50.0,82.73809523809523,38.69047619047619,47.42063492063492,92.65873015873017,95.83333333333333,0.1984126984126984,99.8015873015873,49.007936507936506,0.0,65.95000000000002,74.40476190476191,50.340832724525555,38.2936507936508,84.32539682539682,0.1984126984126984,144.375,330.283,16.81
2023-05-22,50.0,84.72222222222221,43.05555555555556,49.007936507936506,97.02380952380952,96.23015873015873,0.1984126984126984,99.0079365079365,25.198412698412696,0.0,63.949999999999996,85.9126984126984,50.0,56.15079365079365,99.0079365079365,1.3888888888888888,144.874,331.392,17.21
2023-05-23,50.0,91.07142857142857,37.5,33.92857142857143,97.42063492063492,91.86507936507937,0.1984126984126984,98.61111111111111,33.13492063492063,0.0,57.349999999999994,66.46825396825396,52.654939269904624,18.055555555555554,84.32539682539682,1.3888888888888888,143.084,327.191,18.53
2023-05-24,50.534695672681664,99.0079365079365,21.23015873015873,26.38888888888889,98.21428571428571,91.07142857142857,0.5952380952380952,99.40476190476191,44.642857142857146,0.0,49.925,88.29365079365078,51.52182614532473,14.880952380952381,91.86507936507937,6.547619047619048,140.524,325.513,20.03
2023-05-25,51.15873776659068,99.8015873015873,26.785714285714285,28.373015873015873,98.21428571428571,98.61111111111111,0.992063492063492,99.8015873015873,37.5,0.0,54.3,99.8015873015873,53.12177586528548,43.84920634920635,95.43650793650794,15.277777777777779,149.883,333.433,19.14
2023-05-26,53.27649220465354,99.8015873015873,34.72222222222222,35.51587301587302,98.61111111111111,99.0079365079365,2.976190476190476,99.8015873015873,29.563492063492063,0.0,60.25,98.21428571428571,55.19804402392404,67.26190476190477,99.8015873015873,16.071428571428573,159.679,341.953,17.95
2023-05-30,55.26975678101532,99.0079365079365,25.198412698412696,33.730158730158735,99.8015873015873,94.64285714285714,8.928571428571429,99.8015873015873,29.166666666666668,0.0,62.699999999999996,97.42063492063492,55.83336713192604,43.84920634920635,99.8015873015873,19.246031746031747,159.545,343.503,17.46
2023-05-31,59.96684979974499,77.57936507936508,35.11904761904761,28.76984126984127,99.8015873015873,88.69047619047619,7.341269841269842,99.8015873015873,35.91269841269841,0.0,60.29999999999999,18.849206349206348,60.4757953214341,36.30952380952381,96.62698412698413,0.5952380952380952,155.449,341.55,17.94
2023-06-01,69.22276496580386,98.61111111111111,35.11904761904761,33.13492063492063,99.8015873015873,88.69047619047619,5.753968253968254,99.8015873015873,37.5,0.0,71.75,89.88095238095238,64.71868614536447,75.59523809523809,99.40476190476191,3.7698412698412698,158.123,345.496,15.65
2023-06-02,78.35281495495022,93.45238095238095,43.84920634920635,62.10317460317461,99.8015873015873,97.02380952380952,2.579365079365079,97.81746031746032,24.404761904761905,0.0,77.0,79.56349206349206,71.78177629586304,90.67460317460318,99.8015873015873,3.7698412698412698,157.751,348.087,14.6
2023-06-05,68.99361365757,98.61111111111111,44.047619047619044,57.738095238095234,99.8015873015873,96.23015873015873,2.579365079365079,97.42063492063492,25.992063492063494,0.0,76.35,95.43650793650794,56.88414818156467,38.88888888888889,98.61111111111111,16.071428571428573,155.309,348.332,14.73
2023-06-06,69.21821176584604,94.64285714285714,48.214285714285715,62.10317460317461,99.40476190476191,97.42063492063492,1.7857142857142856,97.02380952380952,15.674603174603174,0.0,80.19999999999999,89.48412698412699,53.5653696036185,65.27777777777779,98.61111111111111,7.738095238095238,157.184,348.274,13.96
2023-06-07,63.41795076255367,98.21428571428571,67.26190476190477,72.42063492063492,99.8015873015873,99.4047619047619,4.166666666666666,93.84920634920636,14.484126984126986,0.0,80.3,97.81746031746032,67.3278172099203,66.46825396825396,97.02380952380952,6.15079365079365,156.952,342.365,13.94
2023-06-08,61.097383676701426,98.61111111111111,81.15079365079364,72.42063492063492,99.0079365079365,97.81746031746032,5.753968253968254,94.24603174603175,8.531746031746032,0.0,81.75,95.83333333333334,53.94369833138976,53.769841269841265,97.81746031746032,11.30952380952381,158.559,346.615,13.65
2023-06-09,59.58350154321493,99.40476190476191,81.54761904761905,72.42063492063492,97.81746031746032,99.0079365079365,4.166666666666666,93.05555555555556,6.15079365079365,0.0,80.85,99.8015873015873,55.03874823406146,44.642857142857146,98.21428571428571,2.1825396825396823,158.977,347.94,13.83
2023-06-12,61.42294114957986,98.21428571428571,80.35714285714286,79.76190476190477,98.21428571428571,99.8015873015873,1.7857142857142856,89.88095238095238,5.357142857142857,0.0,74.95,93.05555555555556,59.538744671298645,66.46825396825396,98.61111111111111,0.992063492063492,164.097,353.819,15.01
2023-06-13,65.1097778883341,98.21428571428571,93.45238095238095,87.5,99.8015873015873,99.8015873015873,2.1825396825396823,85.51587301587301,8.134920634920634,0.0,76.95,98.21428571428571,71.25196402180322,80.75396825396825,99.8015873015873,9.722222222222223,166.295,356.538,14.61
2023-06-14,66.61458398961422,97.42063492063492,94.24603174603175,81.94444444444444,99.8015873015873,99.4047619047619,2.976190476190476,80.75396825396825,10.515873015873016,0.0,80.6,96.62698412698413,79.04175250217119,44.642857142857146,99.8015873015873,20.436507936507937,168.655,359.129,13.88
2023-06-15,71.28263927361763,97.42063492063492,96.62698412698413,98.61111111111111,99.8015873015873,99.0079365079365,1.7857142857142856,79.96031746031747,8.134920634920634,0.0,77.5,95.43650793650794,75.62050205550148,87.5,99.0079365079365,2.976190476190476,167.261,363.408,14.5
2023-06-16,75.90661511171602,87.5,83.92857142857143,97.81746031746032,99.8015873015873,99.0079365079365,0.5952380952380952,77.97619047619048,7.341269841269842,0.0,82.30000000000001,56.15079365079365,77.9791443206533,41.66666666666667,99.0079365079365,0.1984126984126984,165.717,361.121,13.54
2023-06-20,74.86757060180227,94.64285714285714,75.1984126984127,80.75396825396825,99.8015873015873,98.21428571428571,0.5952380952380952,79.56349206349206,16.46825396825397,0.0,80.6,89.0873015873016,66.61457773832204,15.674603174603174,97.42063492063492,1.3888888888888888,164.375,360.604,13.88
2023-06-21,72.07306578358694,97.81746031746032,70.43650793650794,78.37301587301587,99.0079365079365,97.81746031746032,0.1984126984126984,79.16666666666666,19.246031746031747,0.0,84.0,99.40476190476191,65.402094791214,51.388888888888886,97.42063492063492,4.563492063492063,160.368,355.69,13.2
2023-06-22,77.12133627825965,97.81746031746032,56.15079365079365,65.67460317460318,98.21428571428571,98.61111111111111,0.1984126984126984,79.16666666666666,16.46825396825397,0.0,85.45,99.40476190476191,51.874746747345135,34.92063492063492,98.21428571428571,9.325396825396826,161.116,359.887,12.91
2023-06-23,78.02700820629727,71.62698412698413,43.452380952380956,52.57936507936508,97.81746031746032,97.42063492063492,0.1984126984126984,77.18253968253968,22.817460317460316,0.0,82.8,48.214285714285715,79.27265301546605,15.674603174603174,97.81746031746032,2.1825396825396823,158.278,356.319,13.44
2023-06-26,65.38217708866544,96.23015873015873,50.198412698412696,56.15079365079365,97.02380952380952,95.83333333333333,2.976190476190476,72.81746031746032,24.00793650793651,0.0,78.75,99.40476190476191,53.76914273033524,65.67460317460318,98.61111111111111,4.9603174603174605,158.791,351.543,14.25
2023-06-27,63.22498862120577,93.05555555555556,59.32539682539682,67.65873015873017,98.21428571428571,97.81746031746032,4.166666666666666,72.81746031746032,23.015873015873016,0.0,81.3,94.24603174603175,54.60425529775312,84.32539682539682,98.61111111111111,10.515873015873016,164.339,357.587,13.74
2023-06-28,61.498633858740895,95.03968253968253,43.452380952380956,60.51587301587301,99.0079365079365,97.02380952380952,5.753968253968254,75.1984126984127,29.166666666666668,0.0,82.85,95.03968253968253,55.208782859087755,41.86507936507937,98.61111111111111,19.642857142857142,163.072,358.285,13.43
2023-06-29,61.768245528697285,88.69047619047619,55.35714285714286,68.84920634920636,98.61111111111111,99.8015873015873,6.547619047619048,73.61111111111111,40.27777777777778,0.0,82.30000000000001,79.96031746031747,50.0,77.97619047619048,96.62698412698413,14.484126984126986,163.117,357.567,13.54
2023-06-30,52.53710945486417,86.70634920634922,54.166666666666664,79.16666666666666,99.0079365079365,99.4047619047619,4.563492063492063,74.40476190476191,42.65873015873016,0.0,82.05,75.9920634920635,65.82673040891463,86.5079365079365,99.0079365079365,0.5952380952380952,165.638,363.081,13.59
2023-07-03,50.0,96.62698412698413,64.88095238095238,93.05555555555556,99.8015873015873,99.8015873015873,5.357142857142857,73.61111111111111,55.158730158730165,0.0,82.15,98.61111111111111,50.0,61.30952380952381,99.8015873015873,5.753968253968254,167.111,363.936,13.57
2023-07-05,50.0,72.42063492063492,72.81746031746032,81.94444444444444,99.8015873015873,99.8015873015873,4.9603174603174605,72.81746031746032,63.69047619047619,0.0,79.1,84.72222222222221,50.0,31.547619047619047,98.61111111111111,10.912698412698413,163.418,363.926,14.18
2023-07-06,50.0,68.45238095238095,52.57936507936508,53.57142857142857,99.40476190476191,99.8015873015873,3.373015873015873,70.43650793650794,68.45238095238095,0.0,72.80000000000001,81.94444444444444,50.0,10.515873015873016,97.02380952380952,4.9603174603174605,161.357,361.155,15.44
2023-07-07,50.0,69.64285714285714,62.89682539682539,52.976190476190474,99.8015873015873,99.4047619047619,0.5952380952380952,68.84920634920636,63.69047619047619,0.0,75.85,74.8015873015873,50.0,49.007936507936506,97.02380952380952,1.3888888888888888,161.426,359.956,14.83
2023-07-10,50.0,90.27777777777779,83.92857142857143,66.86507936507937,99.0079365079365,99.0079365079365,1.7857142857142856,59.72222222222222,50.198412698412696,0.0,74.65,93.45238095238095,50.0,74.40476190476191,95.83333333333334,5.357142857142857,164.786,360.074,15.07
2023-07-11,50.0,70.43650793650794,89.0873015873016,84.72222222222221,97.81746031746032,99.0079365079365,2.976190476190476,61.30952380952381,51.78571428571429,0.0,75.8,66.46825396825396,50.0,83.13492063492063,99.40476190476191,11.30952380952381,164.793,361.853,14.84
2023-07-12,50.0,86.30952380952381,83.13492063492063,85.9126984126984,99.40476190476191,97.81746031746032,2.976190476190476,68.45238095238095,52.182539682539684,0.0,82.30000000000001,81.54761904761905,55.97111974787963,64.48412698412699,99.40476190476191,10.912698412698413,167.862,366.423,13.54
2023-07-13,50.0,72.02380952380952,92.65873015873017,88.69047619047619,99.0079365079365,96.62698412698413,1.7857142857142856,68.84920634920636,44.24603174603175,15.65352383475854,81.95,88.69047619047619,54.71302313479973,69.64285714285714,95.43650793650794,4.563492063492063,171.33,372.644,13.61
2023-07-14,51.17818320815709,89.88095238095238,75.9920634920635,79.16666666666666,99.8015873015873,97.81746031746032,6.547619047619048,68.45238095238095,56.547619047619044,15.31807419636461,83.3,99.0079365079365,59.50401121246719,31.547619047619047,97.42063492063492,8.531746031746032,169.188,372.565,13.34
2023-07-17,51.55018785040635,91.46825396825396,63.69047619047619,76.78571428571429,99.8015873015873,97.02380952380952,9.722222222222223,68.05555555555556,49.801587301587304,30.0948430775086,82.6,93.05555555555556,50.516729283468784,54.96031746031746,99.40476190476191,20.436507936507937,173.237,376.045,13.48
2023-07-18,56.38652788852543,86.70634920634922,64.0873015873016,73.21428571428571,99.8015873015873,97.81746031746032,7.738095238095238,70.03968253968253,58.53174603174603,43.156147985094215,83.5,95.43650793650794,63.68541690398305,63.29365079365079,99.8015873015873,5.357142857142857,173.557,379.121,13.3
2023-07-19,60.986119918844835,88.29365079365078,75.59523809523809,84.72222222222221,99.8015873015873,96.23015873015873,10.119047619047619,68.84920634920636,56.547619047619044,42.782482565111394,81.2,97.42063492063492,68.11225175809554,61.70634920634921,99.40476190476191,20.833333333333336,171.496,379.033,13.76
2023-07-20,63.725726869933574,89.0873015873016,91.86507936507937,83.53174603174604,99.8015873015873,97.81746031746032,13.293650793650794,64.88095238095238,47.817460317460316,5.679204839986459,80.05,96.62698412698413,67.75705923732666,53.37301587301587,94.64285714285714,23.61111111111111,165.26,370.295,13.99
2023-07-21,68.98307983997582,94.24603174603175,93.45238095238095,81.54761904761905,99.0079365079365,97.42063492063492,12.5,64.0873015873016,40.27777777777778,0.9616789127017652,82.0,95.83333333333334,71.27870809969382,58.92857142857143,94.24603174603175,5.753968253968254,166.752,369.184,13.6
2023-07-24,73.60896903891395,73.61111111111111,87.5,75.39682539682539,97.81746031746032,98.21428571428571,8.134920634920634,64.88095238095238,38.2936507936508,3.466935705769192,80.45,81.94444444444444,50.0,56.94444444444444,95.83333333333334,3.373015873015873,166.745,369.774,13.91
2023-07-25,74.63381363244243,51.78571428571429,78.76984126984127,73.61111111111111,97.42063492063492,99.8015873015873,10.515873015873016,66.07142857142857,37.10317460317461,14.107907779374221,80.7,73.21428571428571,50.0,59.12698412698413,97.81746031746032,8.531746031746032,169.55,372.28,13.86
2023-07-26,69.2627279430419,41.07142857142857,71.23015873015873,67.65873015873017,97.02380952380952,98.61111111111111,11.706349206349206,62.89682539682539,22.817460317460316,8.851114711887027,84.05,87.5,62.736557820262675,48.61111111111111,97.81746031746032,27.579365079365083,167.209,371.042,13.19
2023-07-27,66.53377386001469,44.642857142857146,49.007936507936506,52.182539682539684,97.02380952380952,99.8015873015873,12.896825396825399,61.30952380952381,20.833333333333336,5.09747572024016,77.95,69.24603174603175,66.89516782416803,22.817460317460316,95.03968253968253,25.992063492063494,170.353,370.158,14.41
2023-07-28,56.46253644218973,70.83333333333334,65.67460317460318,51.388888888888886,97.42063492063492,99.4047619047619,14.484126984126986,61.70634920634921,33.53174603174603,33.725342328478995,83.35,70.03968253968253,56.052216668082444,68.05555555555556,94.24603174603175,11.706349206349206,174.073,376.9,13.33
2023-07-31,56.12002386705757,22.023809523809522,70.03968253968253,59.32539682539682,98.21428571428571,99.4047619047619,15.277777777777779,61.70634920634921,36.30952380952381,34.55759712753202,81.85,11.706349206349206,50.0,62.10317460317461,97.81746031746032,4.166666666666666,174.794,377.096,13.63
2023-08-01,53.99291862779424,39.88095238095239,57.341269841269835,49.801587301587304,96.23015873015873,99.8015873015873,17.658730158730158,62.10317460317461,43.84920634920635,30.84642011542858,80.35,35.51587301587302,50.0,33.92857142857143,91.46825396825396,17.658730158730158,174.905,376.222,13.93
2023-08-02,52.369551809697505,87.10317460317461,42.65873015873016,43.452380952380956,92.26190476190477,99.4047619047619,13.690476190476192,52.976190476190474,37.89682539682539,0.0,69.55,74.8015873015873,55.695238560150145,23.809523809523807,88.69047619047619,14.880952380952381,168.211,367.966,16.09
2023-08-03,51.361788084416645,80.75396825396825,37.10317460317461,37.5,91.07142857142857,99.8015873015873,16.46825396825397,54.96031746031746,42.65873015873016,0.0,70.4,60.11904761904761,50.92601589740332,41.07142857142857,85.11904761904762,35.91269841269841,167.78,367.376,15.92
2023-08-04,51.734094888922755,94.24603174603175,27.579365079365083,31.547619047619047,89.48412698412699,97.42063492063492,14.484126984126986,54.563492063492056,45.83333333333333,0.0,64.5,89.0873015873016,56.58956057790647,28.76984126984127,87.10317460317461,8.134920634920634,167.516,365.656,17.1
2023-08-07,50.84734568290959,87.89682539682539,37.10317460317461,41.46825396825397,86.70634920634922,99.0079365079365,21.23015873015873,53.37301587301587,52.57936507936508,0.0,71.15,86.30952380952381,50.0,84.32539682539682,86.30952380952381,18.452380952380953,169.279,368.752,15.77
2023-08-08,51.174630487355735,58.13492063492064,25.992063492063494,35.91269841269841,86.30952380952381,96.62698412698413,21.626984126984127,55.35714285714286,60.51587301587301,0.0,70.05,71.62698412698413,50.0,25.992063492063494,89.88095238095238,23.61111111111111,166.585,365.617,15.99
2023-08-09,50.0,81.94444444444444,20.833333333333336,27.579365079365083,84.72222222222221,95.03968253968254,21.626984126984127,52.976190476190474,62.10317460317461,0.0,70.19999999999999,85.9126984126984,50.0,38.2936507936508,84.32539682539682,9.722222222222223,163.529,361.597,15.96
2023-08-10,50.0,83.53174603174604,30.357142857142854,28.373015873015873,85.9126984126984,97.42063492063492,14.880952380952381,49.801587301587304,62.89682539682539,0.0,70.75,87.10317460317461,50.0,44.642857142857146,87.10317460317461,22.817460317460316,162.869,362.265,15.85
2023-08-11,50.0,90.27777777777779,24.801587301587304,27.976190476190478,84.32539682539682,99.4047619047619,22.817460317460316,47.817460317460316,58.13492063492064,0.0,75.8,92.65873015873017,50.0,54.761904761904766,83.92857142857143,31.547619047619047,158.921,359.956,14.84
2023-08-14,50.0,87.10317460317461,17.261904761904763,31.150793650793652,83.53174603174604,99.4047619047619,28.76984126984127,51.388888888888886,56.547619047619044,0.0,75.9,96.62698412698413,50.0,46.62698412698413,77.18253968253968,39.08730158730159,163.506,363.995,14.82
2023-08-15,50.0,75.1984126984127,10.515873015873016,21.626984126984127,82.34126984126983,99.0079365079365,23.61111111111111,57.738095238095234,74.0079365079365,0.0,67.69999999999999,95.03968253968253,50.0,8.134920634920634,79.96031746031747,6.944444444444445,160.776,360.133,16.46
2023-08-16,50.0,72.42063492063492,10.515873015873016,14.087301587301587,79.56349206349206,99.4047619047619,22.42063492063492,49.404761904761905,69.24603174603175,0.0,66.1,95.83333333333334,50.0,22.42063492063492,77.97619047619048,8.531746031746032,157.664,356.319,16.78
2023-08-17,50.0,55.75396825396825,6.944444444444445,8.928571428571429,78.76984126984127,98.61111111111111,13.293650793650794,51.388888888888886,82.34126984126983,0.0,60.55,83.53174603174604,46.244797616904336,24.00793650793651,77.57936507936508,2.1825396825396823,156.123,352.427,17.89
2023-08-18,50.0,79.16666666666666,12.896825396825399,9.722222222222223,78.37301587301587,97.81746031746032,6.15079365079365,49.404761904761905,85.51587301587301,0.0,63.49999999999999,90.67460317460318,44.28096716145025,62.10317460317461,78.37301587301587,4.9603174603174605,156.962,351.985,17.3
2023-08-21,50.0,83.92857142857143,6.15079365079365,11.706349206349206,78.37301587301587,99.8015873015873,1.7857142857142856,54.166666666666664,83.92857142857143,0.0,64.35000000000001,99.8015873015873,44.03136955284152,46.62698412698413,81.15079365079364,16.46825396825397,161.472,357.656,17.13
2023-08-22,50.0,93.05555555555556,7.738095238095238,10.515873015873016,78.76984126984127,99.4047619047619,6.15079365079365,57.738095238095234,85.51587301587301,0.0,65.15,99.40476190476191,50.0,37.5,81.54761904761905,24.801587301587304,160.048,357.145,16.97
2023-08-23,49.778025379058704,86.30952380952381,16.865079365079367,21.23015873015873,79.16666666666666,96.62698412698413,6.944444444444445,59.72222222222222,67.65873015873017,0.0,70.1,99.40476190476191,48.74214381466599,83.92857142857143,83.53174603174604,14.087301587301587,163.32,362.776,15.98
2023-08-24,46.646934196300165,96.62698412698413,10.515873015873016,9.722222222222223,79.56349206349206,95.03968253968254,11.30952380952381,51.388888888888886,66.07142857142857,0.0,64.0,99.8015873015873,37.40334738610061,13.690476190476192,78.37301587301587,10.912698412698413,157.922,355.022,17.2
2023-08-25,49.518478126614895,97.81746031746032,15.277777777777779,22.817460317460316,78.76984126984127,97.42063492063492,16.865079365079367,45.83333333333333,55.35714285714286,0.0,71.6,98.61111111111111,50.0,77.97619047619048,75.1984126984127,26.785714285714285,158.601,357.774,15.68
2023-08-28,50.0,95.83333333333334,31.547619047619047,31.349206349206348,81.15079365079364,96.62698412698413,20.03968253968254,41.46825396825397,52.57936507936508,0.0,74.6,98.21428571428571,50.0,85.31746031746032,85.9126984126984,25.198412698412696,160.61,360.467,15.08
2023-08-29,50.0,94.64285714285714,64.0873015873016,52.182539682539684,81.94444444444444,94.64285714285714,12.5,42.65873015873016,25.198412698412696,0.0,77.75,98.21428571428571,50.0,88.29365079365078,84.32539682539682,2.976190476190476,164.829,368.339,14.45
2023-08-30,50.0,97.81746031746032,80.75396825396825,53.769841269841265,82.73809523809523,96.62698412698413,12.896825396825399,40.67460317460318,17.658730158730158,6.095332239512707,80.6,97.81746031746032,50.0,65.67460317460318,92.26190476190477,19.246031746031747,165.606,370.393,13.88
2023-08-31,50.0,89.0873015873016,87.10317460317461,52.182539682539684,83.92857142857143,93.05555555555556,13.690476190476192,41.86507936507937,25.595238095238095,10.812858166797579,82.15,68.05555555555556,51.1922244056104,33.730158730158735,93.45238095238095,12.103174603174603,166.752,371.504,13.57
2023-09-01,50.0,93.45238095238095,87.5,54.166666666666664,87.5,98.61111111111111,12.896825396825399,49.404761904761905,56.547619047619044,9.14410237073735,84.55,85.11904761904762,50.0,66.86507936507937,83.53174603174604,26.785714285714285,167.186,371.111,13.09
2023-09-05,50.0,81.15079365079364,76.38888888888889,42.26190476190476,86.70634920634922,99.8015873015873,8.531746031746032,53.769841269841265,72.02380952380952,11.148307805191331,79.95,69.64285714285714,50.0,13.293650793650794,79.16666666666666,10.119047619047619,167.131,371.583,14.01
2023-09-06,50.0,83.92857142857143,77.18253968253968,39.48412698412698,83.13492063492063,99.4047619047619,10.119047619047619,54.166666666666664,79.56349206349206,0.0,77.75,77.57936507936508,50.0,40.27777777777778,75.9920634920635,7.341269841269842,165.922,368.31,14.45
2023-09-07,50.0,86.30952380952381,61.70634920634921,39.285714285714285,81.94444444444444,98.21428571428571,6.547619047619048,64.88095238095238,86.30952380952381,0.0,78.0,79.16666666666666,49.85520518831317,42.26190476190476,75.9920634920635,4.166666666666666,162.125,365.676,14.4
2023-09-08,50.0,83.53174603174604,77.57936507936508,39.88095238095239,80.35714285714286,97.81746031746032,5.753968253968254,62.10317460317461,85.51587301587301,0.0,80.8,80.75396825396825,50.0,54.166666666666664,81.15079365079364,8.531746031746032,161.286,366.187,13.84
2023-09-11,50.0,93.84920634920636,70.03968253968253,45.43650793650794,80.35714285714286,99.8015873015873,1.3888888888888888,62.89682539682539,82.34126984126983,6.553921618582725,81.0,95.83333333333334,50.0,62.698412698412696,88.69047619047619,4.563492063492063,161.194,370.501,13.8
2023-09-12,50.0,92.26190476190477,49.801587301587304,47.42063492063492,81.54761904761905,98.21428571428571,0.992063492063492,56.94444444444444,83.92857142857143,0.0,78.85,85.11904761904762,50.0,38.69047619047619,84.72222222222221,1.7857142857142856,159.826,366.393,14.23
2023-09-13,50.0,76.78571428571429,32.73809523809524,40.67460317460318,81.94444444444444,97.02380952380952,1.7857142857142856,64.0873015873016,93.05555555555556,0.0,82.6,75.9920634920635,50.0,37.5,77.97619047619048,16.865079365079367,160.646,367.789,13.48
2023-09-14,50.0,66.46825396825396,42.26190476190476,53.37301587301587,81.94444444444444,99.8015873015873,0.1984126984126984,59.32539682539682,77.18253968253968,7.806550015116527,85.9,65.27777777777779,50.0,87.5,74.40476190476191,1.3888888888888888,161.795,370.796,12.82
2023-09-15,57.99816300228971,34.72222222222222,33.92857142857143,44.24603174603175,81.15079365079364,99.4047619047619,0.1984126984126984,57.341269841269835,94.64285714285714,0.0,81.05000000000001,30.357142857142854,63.67061903228241,12.5,78.37301587301587,0.1984126984126984,157.126,364.447,13.79
2023-09-18,56.9570597622002,87.5,25.198412698412696,40.67460317460318,78.37301587301587,98.61111111111111,0.1984126984126984,60.11904761904761,95.43650793650794,0.0,80.0,79.96031746031747,50.0,46.82539682539682,73.21428571428571,4.563492063492063,157.661,364.827,14.0
2023-09-19,53.51370258240076,74.8015873015873,36.7063492063492,32.34126984126984,74.0079365079365,99.8015873015873,0.992063492063492,57.738095238095234,92.65873015873017,0.0,79.45,64.88095238095238,50.0,35.714285714285715,73.21428571428571,10.119047619047619,156.332,364.049,14.11
2023-09-20,51.17503525628488,81.94444444444444,30.753968253968257,24.801587301587304,75.59523809523809,97.02380952380952,0.1984126984126984,56.94444444444444,95.43650793650794,0.0,74.3,82.73809523809523,50.0,27.579365079365083,83.53174603174604,8.134920634920634,153.765,358.803,15.14
2023-09-21,42.87800006023801,80.75396825396825,13.690476190476192,12.103174603174603,72.02380952380952,99.4047619047619,0.5952380952380952,48.214285714285715,96.23015873015873,0.0,62.300000000000004,74.0079365079365,44.47545799065192,4.563492063492063,68.05555555555556,2.1825396825396823,150.928,352.228,17.54
2023-09-22,50.0,80.35714285714286,10.515873015873016,8.134920634920634,70.83333333333334,96.62698412698413,2.1825396825396823,47.817460317460316,92.26190476190477,0.0,64.0,83.13492063492063,50.0,33.53174603174603,68.84920634920636,2.579365079365079,152.185,352.277,17.2
2023-09-25,50.0,75.9920634920635,9.722222222222223,10.515873015873016,69.64285714285714,99.8015873015873,2.579365079365079,62.10317460317461,95.03968253968253,0.0,65.5,79.16666666666666,50.0,61.30952380952381,68.45238095238095,16.46825396825397,153.299,353.951,16.9
2023-09-26,50.0,71.23015873015873,3.373015873015873,3.373015873015873,70.43650793650794,99.4047619047619,2.579365079365079,63.29365079365079,98.61111111111111,0.0,55.3,67.65873015873017,50.0,6.944444444444445,74.8015873015873,3.7698412698412698,150.515,348.636,18.94
2023-09-27,50.0,66.46825396825396,4.166666666666666,4.563492063492063,68.05555555555556,99.4047619047619,3.373015873015873,59.32539682539682,96.23015873015873,0.0,58.900000000000006,78.76984126984127,45.25095273915811,47.42063492063492,71.62698412698413,18.055555555555554,151.842,349.453,18.22
2023-09-28,50.0,79.56349206349206,2.579365079365079,11.706349206349206,70.43650793650794,99.4047619047619,6.547619047619048,62.10317460317461,95.83333333333334,0.0,63.3,67.65873015873017,50.0,77.97619047619048,79.56349206349206,33.53174603174603,154.654,352.376,17.34
2023-09-29,50.0,73.61111111111111,6.944444444444445,5.357142857142857,71.62698412698413,98.61111111111111,12.5,58.13492063492064,98.61111111111111,0.0,62.4,70.03968253968253,47.82113357415617,31.547619047619047,77.57936507936508,14.484126984126986,155.214,352.632,17.52
2023-10-02,50.0,62.10317460317461,1.3888888888888888,2.579365079365079,77.97619047619048,99.8015873015873,15.674603174603174,68.84920634920636,99.8015873015873,0.0,61.95,66.07142857142857,50.0,18.849206349206348,81.54761904761905,35.51587301587302,155.997,355.575,17.61
2023-10-03,50.0,55.75396825396825,0.5952380952380952,0.1984126984126984,77.97619047619048,99.8015873015873,22.817460317460316,66.46825396825396,99.8015873015873,0.0,51.099999999999994,49.801587301587304,50.0,12.896825396825399,74.40476190476191,16.865079365079367,152.77,349.334,19.78
2023-10-04,50.0,64.88095238095238,5.357142857142857,2.1825396825396823,80.75396825396825,99.4047619047619,30.753968253968257,66.07142857142857,94.64285714285714,0.0,57.10000000000001,66.07142857142857,50.0,80.35714285714286,85.11904761904762,48.61111111111111,154.798,354.088,18.58
2023-10-05,50.0,55.75396825396825,14.880952380952381,4.563492063492063,79.16666666666666,98.61111111111111,33.13492063492063,71.62698412698413,93.84920634920636,0.0,57.550000000000004,60.11904761904761,50.0,41.46825396825397,73.61111111111111,40.67460317460318,154.048,353.045,18.49
2023-10-06,50.0,59.32539682539682,36.30952380952381,19.246031746031747,78.76984126984127,99.8015873015873,34.32539682539682,78.76984126984127,92.26190476190477,0.0,62.75000000000001,58.92857142857143,40.983153582717264,85.51587301587301,76.38888888888889,16.071428571428573,157.357,358.96,17.45
2023-10-09,50.0,55.35714285714286,40.27777777777778,25.595238095238095,81.94444444444444,99.8015873015873,29.563492063492063,80.35714285714286,91.46825396825396,0.0,61.50000000000001,68.05555555555556,50.0,71.62698412698413,91.46825396825396,20.03968253968254,156.964,360.791,17.7
2023-10-10,50.0,65.67460317460318,66.46825396825396,40.67460317460318,85.51587301587301,98.61111111111111,35.11904761904761,76.78571428571429,86.30952380952381,0.0,64.85,64.0873015873016,50.0,80.35714285714286,93.84920634920636,32.73809523809524,158.976,362.789,17.03
2023-10-11,50.0,42.26190476190476,74.0079365079365,49.007936507936506,87.10317460317461,97.02380952380952,35.91269841269841,76.78571428571429,81.54761904761905,0.0,69.55,71.62698412698413,50.0,62.10317460317461,87.5,51.78571428571429,160.172,365.378,16.09
2023-10-12,50.0,73.21428571428571,47.42063492063492,32.53968253968254,87.89682539682539,99.0079365079365,40.67460317460318,77.97619047619048,87.89682539682539,0.0,66.54999999999998,72.81746031746032,45.09830043153829,8.928571428571429,82.34126984126983,54.166666666666664,160.582,364.108,16.69
2023-10-13,50.0,44.24603174603175,48.214285714285715,29.166666666666668,88.29365079365078,96.23015873015873,46.62698412698413,75.59523809523809,89.0873015873016,0.0,53.4,55.35714285714286,49.56442210507869,37.5,77.57936507936508,40.27777777777778,156.21,359.531,19.32
2023-10-16,50.0,45.83333333333333,78.76984126984127,49.801587301587304,86.30952380952381,99.4047619047619,44.642857142857146,71.62698412698413,73.21428571428571,0.0,63.949999999999996,45.83333333333333,50.0,94.24603174603175,83.53174603174604,16.071428571428573,158.422,363.596,17.21
2023-10-17,50.0,86.30952380952381,94.24603174603175,56.547619047619044,83.13492063492063,99.8015873015873,48.214285714285715,69.24603174603175,71.23015873015873,0.0,60.6,84.32539682539682,44.71736815605975,67.26190476190477,82.73809523809523,52.182539682539684,157.266,362.405,17.88
2023-10-18,48.74785334019558,60.912698412698404,72.42063492063492,36.30952380952381,82.73809523809523,99.8015873015873,45.03968253968254,78.37301587301587,87.89682539682539,0.0,53.900000000000006,68.05555555555556,44.793705993444775,6.944444444444445,86.30952380952381,35.91269841269841,154.431,357.651,19.22
2023-10-19,47.36746933063292,66.86507936507937,56.15079365079365,21.626984126984127,81.15079365079364,99.8015873015873,43.05555555555556,80.35714285714286,93.45238095238095,0.0,46.50000000000001,79.96031746031747,43.155420259645595,6.944444444444445,77.57936507936508,48.214285714285715,152.052,354.305,21.4
2023-10-20,44.083572901881304,48.214285714285715,26.38888888888889,11.30952380952381,78.76984126984127,98.61111111111111,31.150793650793652,79.16666666666666,96.62698412698413,0.0,45.724999999999994,50.198412698412696,38.678441972735826,6.944444444444445,66.07142857142857,4.563492063492063,149.853,349.019,21.71
2023-10-23,39.99205618388902,65.27777777777779,12.5,7.738095238095238,77.97619047619048,97.02380952380952,44.24603174603175,80.75396825396825,97.42063492063492,0.0,49.074999999999996,72.81746031746032,44.86078560794301,22.023809523809522,75.59523809523809,56.15079365079365,149.001,350.073,20.37
2023-10-24,48.13768641058971,31.547619047619047,10.912698412698413,18.452380952380953,77.57936507936508,97.02380952380952,43.05555555555556,81.15079365079364,91.46825396825396,0.0,55.150000000000006,50.198412698412696,48.70202386192616,74.40476190476191,81.15079365079364,47.42063492063492,151.023,353.478,18.97
2023-10-25,41.19306096017637,27.976190476190478,2.976190476190476,11.30952380952381,73.61111111111111,98.21428571428571,43.84920634920635,78.37301587301587,89.0873015873016,0.0,49.525,80.75396825396825,37.36989362505913,20.436507936507937,72.81746031746032,39.48412698412698,144.918,344.826,20.19
2023-10-26,32.71583882372494,33.53174603174603,9.722222222222223,14.087301587301587,68.05555555555556,93.45238095238095,39.88095238095239,65.27777777777779,87.10317460317461,0.0,48.3,71.23015873015873,24.363760939887314,45.43650793650794,58.13492063492064,39.08730158730159,144.056,338.252,20.68
2023-10-27,32.54938453144162,36.30952380952381,4.166666666666666,5.357142857142857,63.29365079365079,92.26190476190476,50.595238095238095,72.81746031746032,94.24603174603175,0.0,46.825,55.35714285714286,31.586591953865973,12.103174603174603,54.563492063492056,39.88095238095239,145.606,339.876,21.27
2023-10-30,35.837150841981774,42.65873015873016,2.976190476190476,14.087301587301587,61.70634920634921,95.03968253968254,50.198412698412696,76.38888888888889,85.51587301587301,0.0,51.25,43.05555555555556,40.3476123572742,87.89682539682539,62.5,51.388888888888886,143.656,343.704,19.75
2023-10-31,45.231892165211136,32.73809523809524,8.134920634920634,23.214285714285715,59.32539682539682,93.84920634920636,46.230158730158735,78.76984126984127,70.43650793650794,0.0,59.3,29.166666666666668,46.14554157067966,90.27777777777779,69.24603174603175,34.32539682539682,144.97,345.348,18.14
2023-11-01,47.25684327846405,64.0873015873016,21.626984126984127,30.357142857142854,62.5,91.07142857142857,50.99206349206349,81.94444444444444,56.547619047619044,0.0,65.65,50.198412698412696,46.95391799633125,65.67460317460318,85.9126984126984,54.563492063492056,148.382,351.342,16.87
2023-11-02,57.48542848704932,50.198412698412696,52.57936507936508,57.341269841269835,69.24603174603175,90.67460317460318,45.43650793650794,78.76984126984127,22.817460317460316,0.0,71.69999999999999,25.992063492063494,59.756868855533256,94.24603174603175,82.34126984126983,20.03968253968254,151.754,357.72,15.66
2023-11-03,55.96857920121044,66.07142857142857,87.89682539682539,76.38888888888889,75.9920634920635,88.69047619047619,39.08730158730159,70.43650793650794,20.03968253968254,0.0,75.45,33.92857142857143,56.137900596989454,89.88095238095238,77.18253968253968,20.436507936507937,155.742,361.923,14.91
2023-11-06,53.44645605031646,72.42063492063492,89.48412698412699,70.83333333333334,81.15079365079364,93.45238095238095,33.13492063492063,77.18253968253968,18.849206349206348,0.0,75.55,48.214285714285715,50.0,25.595238095238095,85.11904761904762,35.51587301587302,155.453,363.4,14.89
2023-11-07,52.18458568579355,67.65873015873017,77.18253968253968,71.62698412698413,83.13492063492063,89.08730158730158,34.72222222222222,83.13492063492063,14.087301587301587,0.0,75.95,52.976190476190474,50.177128569118395,41.46825396825397,75.1984126984127,37.89682539682539,156.443,366.835,14.81
2023-11-08,50.56020318348826,45.43650793650794,86.70634920634922,68.05555555555556,79.56349206349206,85.91269841269842,36.30952380952381,85.11904761904762,17.261904761904763,0.0,77.75,39.48412698412698,50.0,44.24603174603175,77.18253968253968,59.32539682539682,156.6,367.071,14.45
2023-11-09,50.04049859403121,76.38888888888889,76.98412698412699,56.94444444444444,77.18253968253968,89.48412698412699,49.404761904761905,86.30952380952381,23.61111111111111,0.0,73.55000000000001,71.62698412698413,50.13949515721863,21.23015873015873,72.42063492063492,58.53174603174603,155.85,364.246,15.29
2023-11-10,50.51019576073088,86.30952380952381,98.21428571428571,69.24603174603175,81.94444444444444,91.86507936507937,54.563492063492056,85.51587301587301,17.658730158730158,14.766068462299012,79.15,72.81746031746032,55.61215336803969,91.07142857142857,93.45238095238095,45.83333333333333,162.135,372.435,14.17
2023-11-13,50.0,76.38888888888889,89.0873015873016,68.05555555555556,86.30952380952381,94.24603174603175,58.13492063492064,82.73809523809523,12.103174603174603,9.836232637296671,76.2,72.42063492063492,50.0,37.5,95.83333333333334,65.67460317460318,160.556,371.274,14.76
2023-11-14,54.82294822876828,73.61111111111111,91.07142857142857,96.23015873015873,90.27777777777779,86.7063492063492,56.547619047619044,72.81746031746032,3.373015873015873,43.77184668847521,79.2,49.801587301587304,67.61852516223516,97.81746031746032,96.23015873015873,19.642857142857142,166.494,379.266,14.16
2023-11-15,61.91913818302463,73.61111111111111,89.48412698412699,98.21428571428571,91.86507936507937,94.24603174603175,55.35714285714286,69.64285714285714,1.3888888888888888,44.982013105465406,79.1,55.35714285714286,73.7012747777386,59.72222222222222,95.83333333333334,46.230158730158735,167.703,379.551,14.18
2023-11-16,63.805899283418235,71.62698412698413,68.45238095238095,94.64285714285714,93.84920634920636,88.69047619047619,53.769841269841265,76.78571428571429,2.1825396825396823,46.36202744062965,78.4,46.230158730158735,68.45957319917719,44.24603174603175,83.13492063492063,50.99206349206349,167.785,379.876,14.32
2023-11-17,64.97482356571479,76.38888888888889,62.10317460317461,95.83333333333334,95.03968253968253,88.2936507936508,35.51587301587302,64.0873015873016,2.579365079365079,46.73993905856702,81.0,69.24603174603175,52.92611494962243,68.84920634920636,96.23015873015873,3.373015873015873,168.964,379.965,13.8
2023-11-20,69.98488187999308,83.53174603174604,78.37301587301587,96.62698412698413,97.02380952380952,89.08730158730158,20.833333333333336,68.45238095238095,1.7857142857142856,66.38285079539796,82.95,73.61111111111111,50.180043980900834,71.23015873015873,99.0079365079365,20.03968253968254,171.455,384.591,13.41
2023-11-21,62.189708698090726,93.05555555555556,79.96031746031747,94.24603174603175,97.02380952380952,86.30952380952381,33.53174603174603,65.27777777777779,7.341269841269842,56.892598367421876,83.25,85.9126984126984,50.0,45.43650793650794,95.43650793650794,66.46825396825396,168.25,382.356,13.35
2023-11-22,50.0,99.40476190476191,92.26190476190477,99.0079365079365,97.02380952380952,89.88095238095238,39.08730158730159,68.84920634920636,1.3888888888888888,63.537898165982234,85.75,99.0079365079365,50.0,83.92857142857143,94.64285714285714,51.78571428571429,168.787,383.921,12.85
2023-11-24,50.0,94.64285714285714,99.40476190476191,99.8015873015873,97.81746031746032,92.65873015873015,25.992063492063494,61.30952380952381,5.753968253968254,61.240705072677926,87.69999999999999,96.23015873015873,50.0,81.94444444444444,86.70634920634922,16.865079365079367,168.909,383.38,12.46
2023-11-27,50.0,78.76984126984127,92.26190476190477,95.43650793650794,95.43650793650794,84.32539682539682,33.92857142857143,62.5,11.706349206349206,59.81822875797026,86.55,68.84920634920636,50.0,30.158730158730158,90.67460317460318,17.658730158730158,168.673,383.045,12.69
2023-11-28,50.0,81.54761904761905,92.65873015873017,93.45238095238095,92.65873015873017,82.73809523809524,41.86507936507937,62.10317460317461,22.023809523809522,64.0814115041391,86.55,58.92857142857143,50.0,41.86507936507937,93.05555555555556,33.53174603174603,167.686,384.049,12.69
2023-11-29,50.0,82.34126984126983,80.75396825396825,84.72222222222221,93.45238095238095,78.37301587301587,42.65873015873016,54.96031746031746,28.76984126984127,62.493333469211734,85.1,30.753968253968257,67.26056347374063,58.13492063492064,97.81746031746032,70.03968253968253,169.505,383.675,12.98
2023-11-30,50.0,29.166666666666668,88.69047619047619,91.86507936507937,92.26190476190477,80.75396825396825,27.579365079365083,50.99206349206349,22.42063492063492,58.399998641216754,85.4,4.563492063492063,91.50835994850323,83.53174603174604,91.07142857142857,16.46825396825397,168.322,382.711,12.92
2023-12-01,70.4581116613012,57.738095238095234,98.61111111111111,97.02380952380952,95.03968253968253,72.81746031746032,31.150793650793652,45.03968253968254,24.00793650793651,63.03684680736878,86.85,20.03968253968254,64.23884571626564,91.07142857142857,93.84920634920636,28.76984126984127,169.112,383.803,12.63
2023-12-04,70.98678632637476,38.69047619047619,94.64285714285714,93.25396825396825,98.21428571428571,74.4047619047619,35.51587301587302,29.166666666666668,14.880952380952381,47.90764349601379,84.6,22.817460317460316,62.70628559896159,48.61111111111111,96.23015873015873,30.753968253968257,167.218,380.24,13.08
2023-12-05,71.52561175559588,62.89682539682539,77.57936507936508,80.75396825396825,98.21428571428571,67.65873015873015,33.13492063492063,45.83333333333333,14.880952380952381,51.96276254241952,85.75,51.388888888888886,50.0,12.103174603174603,95.43650793650794,26.38888888888889,166.267,381.195,12.85
2023-12-06,66.83746502843596,36.30952380952381,80.75396825396825,77.18253968253968,97.42063492063492,64.0873015873016,20.833333333333336,38.69047619047619,18.849206349206348,42.59989605307426,85.15,24.801587301587304,50.0,52.182539682539684,93.84920634920636,34.72222222222222,165.242,378.99,12.97
2023-12-07,55.141845132941484,54.96031746031746,72.42063492063492,79.16666666666666,98.21428571428571,66.07142857142857,22.817460317460316,39.88095238095239,16.865079365079367,65.08776041932055,84.7,61.70634920634921,57.92122088047743,67.26190476190477,95.03968253968253,19.246031746031747,169.672,384.286,13.06
2023-12-08,50.792716627036576,64.0873015873016,64.88095238095238,78.96825396825396,99.0079365079365,73.21428571428572,22.023809523809522,35.51587301587302,22.023809523809522,72.35725131717062,88.25,46.230158730158735,50.0,62.89682539682539,95.43650793650794,25.992063492063494,171.013,385.998,12.35
2023-12-11,54.61363413035761,82.34126984126983,85.9126984126984,89.88095238095238,99.8015873015873,74.4047619047619,24.801587301587304,33.13492063492063,17.261904761904763,86.35696597266828,86.85,62.10317460317461,71.11087132375755,82.73809523809523,99.8015873015873,37.89682539682539,176.846,389.295,12.63
2023-12-12,57.914358499381954,74.40476190476191,91.07142857142857,87.10317460317461,99.8015873015873,73.61111111111111,17.658730158730158,29.563492063492063,14.484126984126986,99.52442582911272,89.65,61.30952380952381,58.51166857480701,61.70634920634921,99.40476190476191,11.706349206349206,178.12,392.396,12.07
2023-12-13,64.08450599678505,58.53174603174603,98.61111111111111,97.81746031746032,99.8015873015873,66.07142857142857,23.214285714285715,25.198412698412696,22.023809523809522,100.0,89.05,33.13492063492063,78.58736365684096,95.43650793650794,99.8015873015873,51.78571428571429,180.863,397.386,12.19
2023-12-14,76.99206832192053,32.73809523809524,96.23015873015873,94.64285714285714,99.8015873015873,61.30952380952381,17.658730158730158,18.055555555555554,13.293650793650794,98.55723821842383,87.6,6.15079365079365,83.49277587589091,66.46825396825396,99.40476190476191,9.325396825396826,185.877,397.042,12.48
2023-12-15,83.79351518646232,11.30952380952381,72.42063492063492,84.72222222222221,99.8015873015873,60.51587301587302,6.15079365079365,22.023809523809522,15.277777777777779,100.0,88.60000000000001,4.166666666666666,84.06494904338169,20.436507936507937,97.81746031746032,0.1984126984126984,186.568,398.961,12.28
2023-12-18,85.52595608443782,57.738095238095234,77.18253968253968,91.86507936507937,99.8015873015873,62.5,2.976190476190476,24.801587301587304,10.912698412698413,100.0,87.2,37.10317460317461,63.66382926324532,58.13492063492064,99.0079365079365,3.7698412698412698,186.051,401.474,12.56
2023-12-19,84.52765993102985,42.65873015873016,97.81746031746032,95.43650793650794,99.8015873015873,62.5,4.563492063492063,27.18253968253968,8.531746031746032,100.0,87.35000000000001,28.373015873015873,50.0,84.72222222222221,99.0079365079365,37.10317460317461,187.043,403.525,12.53
2023-12-20,77.49315747507495,34.32539682539682,81.94444444444444,71.62698412698413,98.21428571428571,56.547619047619044,2.1825396825396823,29.166666666666668,8.134920634920634,75.2349090308325,81.65,39.88095238095239,62.87654210857941,0.5952380952380952,96.23015873015873,8.134920634920634,181.499,397.529,13.67
2023-12-21,77.21039775982864,67.26190476190477,90.67460317460318,81.54761904761905,97.81746031746032,59.72222222222222,2.976190476190476,24.404761904761905,4.166666666666666,94.3415319166512,81.75,35.51587301587302,50.0,95.43650793650794,97.02380952380952,15.674603174603174,186.523,402.155,13.65
2023-12-22,50.0,64.0873015873016,94.24603174603175,83.92857142857143,97.81746031746032,60.51587301587302,9.325396825396826,22.023809523809522,5.753968253968254,96.82382338971146,84.85000000000001,40.67460317460318,50.0,76.78571428571429,98.61111111111111,33.92857142857143,187.12,402.756,13.03
2023-12-26,50.0,86.70634920634922,96.23015873015873,90.27777777777779,99.40476190476191,60.91269841269841,14.484126984126986,20.436507936507937,0.992063492063492,100.0,85.05,64.0873015873016,50.0,87.10317460317461,99.8015873015873,15.674603174603174,190.427,405.222,12.99
2023-12-27,50.0,79.56349206349206,96.03174603174604,86.70634920634922,99.8015873015873,55.357142857142854,14.880952380952381,22.023809523809522,2.1825396825396823,100.0,87.85,77.57936507936508,50.0,60.71428571428571,98.61111111111111,39.88095238095239,190.916,406.047,12.43
2023-12-28,50.0,87.10317460317461,86.70634920634922,93.25396825396825,99.8015873015873,58.13492063492063,7.738095238095238,23.214285714285715,4.9603174603174605,99.18728620085831,87.64999999999999,89.48412698412699,50.0,68.45238095238095,98.21428571428571,0.992063492063492,190.558,405.849,12.47
2023-12-29,50.0,87.10317460317461,69.24603174603175,89.0873015873016,99.40476190476191,59.72222222222222,3.7698412698412698,23.61111111111111,2.579365079365079,91.9795820024119,87.75,87.10317460317461,50.0,20.03968253968254,90.67460317460318,0.992063492063492,189.159,404.093,12.45
2024-01-02,50.0,54.563492063492056,81.94444444444444,80.75396825396825,99.0079365079365,58.13492063492063,0.1984126984126984,8.928571428571429,2.1825396825396823,63.912223626000454,84.0,35.91269841269841,56.66470194691553,45.03968253968254,96.23015873015873,2.579365079365079,182.346,397.255,13.2
2024-01-03,50.0,35.11904761904761,60.51587301587301,47.817460317460316,95.03968253968253,52.976190476190474,0.1984126984126984,12.5,12.103174603174603,46.65642154725915,79.80000000000001,21.23015873015873,50.0,12.896825396825399,87.89682539682539,14.880952380952381,178.429,393.051,14.04
2024-01-04,50.0,38.2936507936508,45.83333333333333,44.642857142857146,94.24603174603175,56.547619047619044,0.1984126984126984,9.325396825396826,16.071428571428573,38.35278510451577,79.35,24.00793650793651,50.0,48.214285714285715,85.51587301587301,21.23015873015873,176.928,391.028,14.13
2024-01-05,50.0,63.29365079365079,74.40476190476191,44.24603174603175,93.05555555555556,61.7063492063492,6.547619047619048,7.738095238095238,17.658730158730158,40.25732653280703,83.25,42.26190476190476,50.0,54.563492063492056,85.11904761904762,60.11904761904761,177.91,391.492,13.35
2024-01-08,50.0,68.84920634920636,70.03968253968253,56.547619047619044,93.45238095238095,63.69047619047619,14.484126984126986,7.738095238095238,17.658730158730158,73.46776768863371,84.6,68.45238095238095,55.93261349955667,90.27777777777779,94.64285714285714,37.10317460317461,183.705,399.583,13.08
2024-01-09,50.0,82.73809523809523,48.61111111111111,48.61111111111111,93.84920634920636,64.0873015873016,37.89682539682539,10.119047619047619,32.34126984126984,76.71041365490507,86.2,78.76984126984127,50.0,20.436507936507937,99.40476190476191,72.42063492063492,183.768,400.373,12.76
2024-01-10,50.0,64.48412698412699,42.26190476190476,49.404761904761905,94.64285714285714,66.86507936507937,54.166666666666664,16.46825396825397,40.67460317460318,87.84623454920234,86.55,63.29365079365079,50.0,55.35714285714286,99.0079365079365,56.94444444444444,183.15,403.086,12.69
2024-01-11,50.0,68.84920634920636,36.30952380952381,42.26190476190476,95.03968253968253,60.91269841269841,67.65873015873017,16.071428571428573,54.563492063492056,91.29000665768578,87.8,72.81746031746032,50.0,41.07142857142857,90.27777777777779,66.07142857142857,183.827,403.925,12.44
2024-01-12,50.0,27.18253968253968,31.547619047619047,42.26190476190476,95.43650793650794,59.72222222222222,65.27777777777779,9.325396825396826,44.24603174603175,92.13966199315186,86.5,43.452380952380956,50.0,52.182539682539684,90.67460317460318,50.198412698412696,183.016,404.132,12.7
2024-01-16,50.0,61.70634920634921,31.150793650793652,33.53174603174603,95.83333333333334,67.26190476190476,68.05555555555556,14.087301587301587,45.43650793650794,91.9795820024119,80.8,56.94444444444444,54.680895461837494,19.246031746031747,94.64285714285714,44.642857142857146,185.61,404.093,13.84
2024-01-17,50.0,64.48412698412699,19.246031746031747,21.626984126984127,92.65873015873017,68.84920634920636,61.70634920634921,20.436507936507937,72.02380952380952,82.62105946684315,76.05000000000001,52.182539682539684,50.0,13.690476190476192,85.51587301587301,56.94444444444444,183.909,401.813,14.79
2024-01-18,50.177709884318084,81.54761904761905,40.27777777777778,34.12698412698413,91.86507936507937,74.0079365079365,56.94444444444444,33.13492063492063,70.03968253968253,100.0,79.35,66.86507936507937,54.79816687658829,70.43650793650794,92.26190476190477,37.89682539682539,189.98,407.517,14.13
2024-01-19,54.48176223807088,88.69047619047619,46.62698412698413,45.43650793650794,92.65873015873017,79.16666666666666,34.72222222222222,31.944444444444443,43.05555555555556,100.0,83.5,70.43650793650794,62.28119262640201,81.34920634920636,99.40476190476191,9.325396825396826,197.41,415.598,13.3
2024-01-22,65.28533714992702,85.11904761904762,52.57936507936508,50.99206349206349,96.62698412698413,76.38888888888889,37.89682539682539,22.023809523809522,28.373015873015873,100.0,84.05,54.166666666666664,68.10390995771496,75.0,99.8015873015873,64.88095238095238,198.057,416.141,13.19
2024-01-23,60.840282961920664,29.166666666666668,43.84920634920635,48.214285714285715,99.40476190476191,79.96031746031746,54.166666666666664,27.18253968253968,18.849206349206348,100.0,87.25,21.23015873015873,50.0,50.595238095238095,99.0079365079365,79.56349206349206,199.371,417.868,12.55
2024-01-24,64.84165770333237,83.92857142857143,43.84920634920635,41.86507936507937,99.8015873015873,82.73809523809524,69.64285714285714,31.150793650793652,21.626984126984127,100.0,84.3,79.56349206349206,67.0982840207981,19.841269841269842,97.42063492063492,87.10317460317461,202.273,420.187,13.14
2024-01-25,66.59013778902475,84.72222222222221,47.817460317460316,56.94444444444444,99.8015873015873,81.54761904761905,75.1984126984127,25.595238095238095,17.261904761904763,100.0,82.75,59.32539682539682,69.30983250853701,83.92857142857143,95.83333333333334,72.02380952380952,201.712,420.7,13.45
2024-01-26,62.24682400298848,61.70634920634921,52.57936507936508,53.769841269841265,99.8015873015873,81.94444444444444,79.56349206349206,26.38888888888889,15.277777777777779,90.06814040091913,83.7,44.24603174603175,53.649715762480014,52.38095238095239,99.0079365079365,52.976190476190474,196.274,418.193,13.26
2024-01-29,62.584430552609575,62.10317460317461,61.30952380952381,65.27777777777779,99.0079365079365,78.37301587301587,77.18253968253968,44.24603174603175,12.5,100.0,82.0,47.023809523809526,53.432117423438974,78.37301587301587,99.0079365079365,29.96031746031746,198.317,422.476,13.6
2024-01-30,66.88190819263701,61.30952380952381,74.40476190476191,61.70634920634921,98.61111111111111,75.5952380952381,72.42063492063492,32.34126984126984,10.119047619047619,88.90666767658585,83.44999999999999,68.05555555555556,65.77851550030779,54.563492063492056,97.81746031746032,46.62698412698413,195.253,419.664,13.31
2024-01-31,63.78089080908572,23.214285714285715,69.84126984126983,48.214285714285715,97.81746031746032,66.46825396825398,41.07142857142857,17.261904761904763,23.214285714285715,56.47879011667736,78.25,31.547619047619047,67.67379781730202,5.357142857142857,90.27777777777779,16.071428571428573,192.426,411.444,14.35
2024-02-01,69.93995169783985,25.198412698412696,78.76984126984127,60.912698412698404,97.42063492063492,59.32539682539682,32.73809523809524,25.992063492063494,19.246031746031747,75.59230189012713,80.6,43.05555555555556,71.29641099701263,87.6984126984127,92.26190476190477,43.05555555555556,193.378,416.289,13.88
2024-02-02,79.5943304056488,49.404761904761905,63.29365079365079,53.769841269841265,95.83333333333334,79.56349206349206,27.579365079365083,35.11904761904761,33.13492063492063,100.0,80.75,99.0079365079365,85.3532271332345,44.24603174603175,91.46825396825396,33.13492063492063,195.847,423.324,13.85
2024-02-05,80.0943443496565,75.9920634920635,44.44444444444444,44.642857142857146,93.45238095238095,89.48412698412699,41.86507936507937,48.214285714285715,63.29365079365079,97.82672373879096,81.65,95.03968253968253,81.01092336538207,9.325396825396826,93.84920634920636,79.56349206349206,198.523,422.772,13.67
2024-02-06,77.20788781186779,89.0873015873016,47.61904761904761,54.166666666666664,91.46825396825396,82.73809523809524,60.51587301587301,49.007936507936506,67.26190476190477,94.48413035877947,84.7,87.10317460317461,73.52759380833012,72.42063492063492,92.65873015873017,85.11904761904762,196.209,421.923,13.06
2024-02-07,79.13799541045663,68.84920634920636,63.49206349206349,55.35714285714286,93.84920634920636,87.10317460317461,67.26190476190477,47.023809523809526,61.70634920634921,100.0,85.85,45.83333333333333,72.19318821418199,66.86507936507937,95.43650793650794,33.53174603174603,199.21,426.265,12.83
2024-02-08,75.92048954900064,32.34126984126984,54.166666666666664,56.74603174603175,96.62698412698413,91.46825396825398,72.42063492063492,36.30952380952381,61.70634920634921,100.0,86.05000000000001,16.46825396825397,58.07359510542643,53.769841269841265,97.42063492063492,63.69047619047619,202.634,427.054,12.79
2024-02-09,70.95474196644251,81.94444444444444,58.13492063492064,56.15079365079365,97.81746031746032,94.24603174603175,76.38888888888889,36.7063492063492,59.72222222222222,100.0,85.35,39.08730158730159,54.74158394861108,65.27777777777779,99.40476190476191,54.96031746031746,206.67,431.258,12.93
2024-02-12,63.73177809706611,94.24603174603175,54.563492063492056,65.67460317460318,98.21428571428571,93.84920634920636,79.16666666666666,24.00793650793651,46.62698412698413,93.48031418161143,80.35,80.75396825396825,62.22279149299291,64.48412698412699,98.21428571428571,90.27777777777779,206.295,429.571,13.93
2024-02-13,62.13257850894932,88.69047619047619,37.5,44.642857142857146,99.0079365079365,97.42063492063492,62.5,19.246031746031747,69.64285714285714,67.58707471320338,70.75,55.35714285714286,73.61286785075083,4.166666666666666,91.86507936507937,24.801587301587304,202.056,422.871,15.85
2024-02-14,61.836114804865154,80.75396825396825,62.10317460317461,49.404761904761905,99.40476190476191,97.02380952380952,74.8015873015873,16.071428571428573,65.27777777777779,85.39544000729657,78.1,69.64285714285714,67.51744991120043,85.71428571428571,96.23015873015873,72.02380952380952,206.62,427.479,14.38
2024-02-15,66.85360076217725,83.92857142857143,62.5,65.67460317460318,99.8015873015873,96.62698412698413,79.16666666666666,24.404761904761905,68.84920634920636,90.31515550629412,79.95,82.34126984126983,75.20309104802652,88.4920634920635,99.8015873015873,83.53174603174604,206.423,428.752,14.01
2024-02-16,66.75333772859042,85.9126984126984,57.341269841269835,58.92857142857143,98.21428571428571,98.21428571428571,79.56349206349206,25.992063492063494,73.61111111111111,75.28934728940294,78.8,88.69047619047619,71.26842165544457,23.214285714285715,92.26190476190477,58.13492063492064,205.255,424.864,14.24
2024-02-20,67.47022035684736,91.46825396825396,65.67460317460318,55.158730158730165,96.23015873015873,95.03968253968254,68.05555555555556,12.896825396825399,73.21428571428571,62.8953743080321,72.9,80.35714285714286,68.44621032091705,29.96031746031746,91.46825396825396,60.912698412698404,201.8,421.657,15.42
2024-02-21,63.43885445726697,93.84920634920636,61.70634920634921,60.51587301587301,95.03968253968253,98.21428571428571,79.56349206349206,18.055555555555554,70.83333333333334,56.375688489643714,73.3,88.69047619047619,57.039399953806516,64.0873015873016,88.69047619047619,70.83333333333334,201.337,419.97,15.34
2024-02-22,76.12304013713319,99.8015873015873,68.05555555555556,71.23015873015873,96.23015873015873,99.4047619047619,83.53174603174604,29.563492063492063,66.07142857142857,100.0,77.30000000000001,98.21428571428571,81.4888537869227,80.55555555555556,98.21428571428571,87.89682539682539,211.26,432.264,14.54
2024-02-23,73.46237857547926,99.0079365079365,74.8015873015873,72.81746031746032,95.43650793650794,98.21428571428571,83.92857142857143,23.214285714285715,62.89682539682539,95.0917340637511,81.25,97.42063492063492,66.64649206193222,69.64285714285714,97.81746031746032,86.30952380952381,208.981,430.991,13.75
2024-02-26,69.94361137241856,83.92857142857143,57.738095238095234,65.07936507936508,99.0079365079365,98.21428571428571,85.9126984126984,25.595238095238095,71.62698412698413,94.22035299415775,81.3,70.03968253968253,52.13233580711393,22.817460317460316,99.40476190476191,72.81746031746032,211.043,430.765,13.74
2024-02-27,59.78565231667487,77.57936507936508,56.547619047619044,70.63492063492063,99.8015873015873,98.21428571428571,87.10317460317461,24.00793650793651,69.24603174603175,98.21482550786862,82.85,41.07142857142857,50.0,60.11904761904761,97.02380952380952,70.43650793650794,210.833,431.801,13.43
2024-02-28,54.452633976303964,37.89682539682539,80.35714285714286,70.03968253968253,99.8015873015873,97.02380952380952,84.72222222222221,16.865079365079367,67.26190476190477,89.34678807395467,80.8,29.96031746031746,50.0,47.023809523809526,97.02380952380952,43.452380952380956,208.462,429.501,13.84
2024-02-29,60.86685194034175,63.29365079365079,71.23015873015873,75.1984126984127,99.8015873015873,97.81746031746032,70.03968253968253,8.134920634920634,61.30952380952381,100.0,83.0,32.73809523809524,85.66164087464264,66.26984126984127,98.21428571428571,29.563492063492063,214.11,433.182,13.4
2024-03-01,62.480806235655606,92.65873015873017,58.92857142857143,74.40476190476191,99.8015873015873,97.02380952380952,68.84920634920636,24.801587301587304,56.94444444444444,100.0,84.45,66.86507936507937,71.58445313695734,60.51587301587301,97.81746031746032,84.32539682539682,223.222,439.704,13.11
2024-03-04,68.66584050569483,93.45238095238095,76.78571428571429,78.37301587301587,99.8015873015873,97.81746031746032,87.5,21.23015873015873,58.53174603174603,94.05660777856623,82.55,90.27777777777779,76.2297758740156,58.92857142857143,99.8015873015873,99.0079365079365,225.415,438.136,13.49
2024-03-05,70.2546656879828,87.10317460317461,72.81746031746032,65.67460317460318,99.8015873015873,90.27777777777777,89.88095238095238,34.72222222222222,70.43650793650794,64.24488595358093,77.69999999999999,70.83333333333334,69.62498696193153,22.61904761904762,98.21428571428571,84.32539682539682,220.995,430.271,14.46
2024-03-06,73.26001006508895,95.03968253968253,80.35714285714286,74.0079365079365,99.8015873015873,90.27777777777777,94.64285714285714,39.08730158730159,62.5,74.49420519258409,77.5,75.1984126984127,70.14383646785214,78.76984126984127,97.02380952380952,98.61111111111111,226.426,432.975,14.5
2024-03-07,72.60442664172534,93.84920634920636,78.37301587301587,78.17460317460318,99.8015873015873,91.46825396825398,99.0079365079365,27.976190476190478,51.388888888888886,99.40490269211409,77.80000000000001,81.94444444444444,68.43130172325297,77.18253968253968,99.0079365079365,98.61111111111111,234.192,439.547,14.44
2024-03-08,70.03359705161503,99.8015873015873,64.88095238095238,76.38888888888889,99.8015873015873,89.08730158730158,99.8015873015873,26.38888888888889,48.214285714285715,75.35463251035536,76.3,99.8015873015873,72.18354405227615,41.07142857142857,99.40476190476191,99.8015873015873,224.716,433.202,14.74
2024-03-11,64.76751422598468,83.53174603174604,79.56349206349206,76.19047619047619,98.21428571428571,90.27777777777777,99.40476190476191,15.277777777777779,51.78571428571429,69.25583271170312,73.9,87.5,56.80988997985823,51.19047619047619,96.23015873015873,91.86507936507937,221.731,431.593,15.22
2024-03-12,69.47817735328319,93.84920634920636,77.97619047619048,85.11904761904762,99.0079365079365,97.02380952380952,99.40476190476191,34.32539682539682,47.817460317460316,92.707215156863,80.8,91.07142857142857,61.82201515661697,57.341269841269835,99.0079365079365,89.0873015873016,226.331,437.78,13.84
2024-03-13,73.37391635972078,86.30952380952381,79.56349206349206,77.57936507936508,99.40476190476191,97.42063492063492,98.61111111111111,38.2936507936508,57.341269841269835,79.95242253879886,81.25,65.67460317460318,66.2040033659414,49.801587301587304,99.40476190476191,95.83333333333334,220.815,434.415,13.75
2024-03-14,69.44766478583027,83.13492063492063,50.99206349206349,57.14285714285714,96.62698412698413,99.8015873015873,93.84920634920636,47.023809523809526,71.62698412698413,75.80190309844794,78.0,75.9920634920635,71.56922821701176,13.293650793650794,84.32539682539682,12.896825396825399,217.042,433.32,14.4
2024-03-15,66.32647176328356,16.071428571428573,40.67460317460318,47.42063492063492,95.03968253968253,99.4047619047619,59.72222222222222,48.214285714285715,81.94444444444444,56.27740479959241,77.95,3.7698412698412698,68.56297474455528,37.5,83.13492063492063,1.7857142857142856,215.486,428.169,14.41
2024-03-18,74.42388805266395,85.51587301587301,41.86507936507937,50.198412698412696,94.24603174603175,99.8015873015873,22.023809523809522,58.53174603174603,80.35714285714286,71.75751566205136,78.35,91.07142857142857,65.5019198142479,60.51587301587301,89.88095238095238,6.15079365079365,215.318,432.253,14.33
2024-03-19,80.8172619090608,89.0873015873016,65.67460317460318,60.71428571428571,89.88095238095238,99.4047619047619,19.246031746031747,54.563492063492056,68.45238095238095,75.83980738557437,80.9,79.16666666666666,58.583803545446166,81.15079365079364,86.30952380952381,72.42063492063492,213.516,433.33,13.82
2024-03-20,83.76635528105646,78.37301587301587,66.86507936507937,74.40476190476191,87.10317460317461,99.4047619047619,17.261904761904763,51.78571428571429,62.10317460317461,95.31503011116577,84.8,42.65873015873016,50.0,83.53174603174604,96.62698412698413,89.88095238095238,217.15,438.468,13.04
2024-03-21,75.31687109944735,90.67460317460318,69.24603174603175,82.93650793650794,93.45238095238095,99.8015873015873,37.5,49.404761904761905,60.912698412698404,100.0,85.4,52.182539682539684,67.23448971558622,80.35714285714286,98.61111111111111,90.67460317460318,222.036,440.543,12.92
2024-03-22,54.126425003403114,95.83333333333334,53.769841269841265,65.67460317460318,95.03968253968253,97.81746031746032,51.78571428571429,50.198412698412696,53.769841269841265,100.0,84.7,79.96031746031747,50.0,14.285714285714285,97.81746031746032,6.547619047619048,222.302,441.047,13.06
2024-03-25,51.25902064870794,89.48412698412699,45.43650793650794,55.952380952380956,96.62698412698413,98.21428571428571,81.94444444444444,52.182539682539684,69.64285714285714,93.95000230512088,84.05,77.97619047619048,50.0,25.198412698412696,99.40476190476191,77.57936507936508,221.435,439.446,13.19
2024-03-26,50.0,83.13492063492063,36.30952380952381,51.388888888888886,99.8015873015873,97.42063492063492,62.5,54.166666666666664,73.01587301587301,88.57642533940067,83.8,67.26190476190477,50.0,37.10317460317461,99.40476190476191,13.293650793650794,219.768,438.024,13.24
2024-03-27,50.0,84.32539682539682,54.563492063492056,78.37301587301587,99.40476190476191,96.23015873015873,23.214285714285715,48.214285714285715,56.15079365079365,94.21452437797639,86.10000000000001,55.75396825396825,50.0,95.83333333333334,94.64285714285714,5.753968253968254,222.529,439.516,12.78
2024-03-28,50.0,43.84920634920635,86.30952380952381,84.92063492063492,99.0079365079365,95.83333333333333,4.563492063492063,42.65873015873016,51.388888888888886,91.14984721960828,84.95,19.642857142857142,50.0,74.8015873015873,97.42063492063492,0.1984126984126984,222.766,438.705,13.01
2024-04-01,50.0,79.56349206349206,76.78571428571429,65.67460317460318,99.8015873015873,99.8015873015873,9.325396825396826,50.198412698412696,66.07142857142857,94.66043301507548,81.75,73.61111111111111,50.0,15.674603174603174,99.0079365079365,58.13492063492064,225.113,439.634,13.65
2024-04-02,50.0,40.27777777777778,48.61111111111111,42.65873015873016,97.81746031746032,99.8015873015873,3.373015873015873,50.99206349206349,81.54761904761905,80.32333666631133,76.95,25.198412698412696,50.0,10.515873015873016,89.88095238095238,10.912698412698413,221.642,435.84,14.61
2024-04-03,50.0,42.65873015873016,37.89682539682539,40.67460317460318,95.03968253968253,99.8015873015873,6.547619047619048,56.547619047619044,79.96031746031747,84.01908791277715,78.35,12.896825396825399,50.0,54.96031746031746,87.89682539682539,44.642857142857146,222.263,436.818,14.33
2024-04-04,50.0,64.0873015873016,17.261904761904763,23.61111111111111,93.45238095238095,98.61111111111111,10.119047619047619,47.42063492063492,68.45238095238095,58.7799032756145,68.25,47.023809523809526,54.2122859654326,2.976190476190476,84.32539682539682,25.198412698412696,215.972,430.139,16.35
2024-04-05,50.0,74.40476190476191,16.865079365079367,36.507936507936506,89.88095238095238,99.8015873015873,35.51587301587302,53.769841269841265,50.79365079365079,77.93508023710251,69.85,64.0873015873016,50.0,79.16666666666666,73.21428571428571,72.02380952380952,218.536,435.208,16.03
2024-04-08,50.0,33.13492063492063,26.785714285714285,38.88888888888889,85.51587301587301,99.8015873015873,37.5,51.78571428571429,45.83333333333333,78.41877774175231,74.05000000000001,14.880952380952381,50.0,50.99206349206349,92.26190476190477,71.62698412698413,219.098,435.336,15.19
2024-04-09,50.0,68.45238095238095,36.30952380952381,44.44444444444444,85.11904761904762,98.61111111111111,51.388888888888886,48.214285714285715,61.30952380952381,84.50656430418212,75.1,53.769841269841265,50.0,63.29365079365079,89.0873015873016,51.388888888888886,221.454,436.947,14.98
2024-04-10,50.0,43.05555555555556,26.38888888888889,14.484126984126986,82.73809523809523,99.8015873015873,70.43650793650794,51.388888888888886,76.78571428571429,70.09389022031641,71.0,20.03968253968254,50.0,4.9603174603174605,79.56349206349206,87.89682539682539,217.412,433.133,15.8
2024-04-11,50.0,68.45238095238095,12.103174603174603,14.484126984126986,83.92857142857143,99.8015873015873,86.30952380952381,58.92857142857143,78.76984126984127,96.22867101843244,75.45,54.563492063492056,50.0,41.86507936507937,86.70634920634922,74.8015873015873,222.322,440.049,14.91
2024-04-12,50.0,55.75396825396825,2.579365079365079,4.166666666666666,89.0873015873016,99.0079365079365,78.37301587301587,58.92857142857143,86.30952380952381,69.71978043156385,63.45,25.595238095238095,49.35103675753551,1.3888888888888888,82.73809523809523,44.642857142857146,215.025,433.034,17.31
2024-04-15,50.0,58.92857142857143,0.5952380952380952,0.5952380952380952,79.96031746031747,99.4047619047619,74.40476190476191,51.78571428571429,89.48412698412699,42.79899118839183,53.849999999999994,39.48412698412698,49.05652112948223,4.166666666666666,71.23015873015873,57.738095238095234,212.304,425.91,19.23
2024-04-16,50.0,19.642857142857142,2.976190476190476,0.992063492063492,75.9920634920635,99.4047619047619,88.69047619047619,52.182539682539684,85.51587301587301,42.95014665859474,58.00000000000001,16.865079365079367,50.0,22.023809523809522,65.27777777777779,91.86507936507937,213.911,425.95,18.4
2024-04-17,50.0,46.230158730158735,0.5952380952380952,0.5952380952380952,70.83333333333334,98.21428571428571,85.51587301587301,43.452380952380956,78.76984126984127,23.311272192457132,58.949999999999996,28.76984126984127,50.0,30.753968253968257,61.70634920634921,81.15079365079364,207.423,420.753,18.21
2024-04-18,50.0,38.69047619047619,7.341269841269842,1.7857142857142856,67.65873015873017,98.21428571428571,92.65873015873017,33.53174603174603,84.32539682539682,14.238165093515928,60.0,19.246031746031747,50.0,47.023809523809526,58.53174603174603,96.23015873015873,203.745,418.352,18.0
2024-04-19,44.74060071306367,69.64285714285714,5.753968253968254,8.134920634920634,64.0873015873016,97.02380952380952,94.64285714285714,4.9603174603174605,83.53174603174604,0.0,56.449999999999996,85.51587301587301,14.140459407252273,64.88095238095238,53.37301587301587,69.64285714285714,195.62,409.696,18.71
2024-04-22,45.10541179170805,52.182539682539684,11.30952380952381,13.293650793650794,59.32539682539682,97.81746031746032,94.24603174603175,10.119047619047619,81.54761904761905,0.0,65.29999999999998,47.817460317460316,45.94448405598667,92.26190476190477,53.769841269841265,50.198412698412696,198.845,413.816,16.94
2024-04-23,46.39026117067319,28.76984126984127,13.690476190476192,19.642857142857142,59.32539682539682,98.21428571428571,90.67460317460318,8.134920634920634,68.84920634920636,20.435539371843156,71.55000000000001,12.896825396825399,50.0,86.30952380952381,65.27777777777779,74.40476190476191,202.996,419.992,15.69
2024-04-24,42.00416861433872,26.785714285714285,26.785714285714285,19.642857142857142,60.912698412698404,99.0079365079365,95.83333333333334,1.7857142857142856,61.30952380952381,25.81289522431853,70.14999999999999,42.26190476190476,36.87104229267962,52.976190476190474,64.48412698412699,98.21428571428571,205.629,421.415,15.97
2024-04-25,31.317764656839433,23.214285714285715,22.817460317460316,25.198412698412696,61.30952380952381,99.8015873015873,93.45238095238095,2.976190476190476,74.8015873015873,18.119081790980708,73.15,82.34126984126983,24.785514536853228,30.753968253968257,60.11904761904761,83.13492063492063,209.445,419.379,15.37
2024-04-26,41.249270221641254,50.198412698412696,40.27777777777778,31.150793650793652,64.88095238095238,99.8015873015873,93.45238095238095,11.30952380952381,67.65873015873017,42.576036869842184,74.85000000000001,90.27777777777779,37.24291200986254,47.817460317460316,72.81746031746032,73.21428571428571,213.872,425.851,15.03
2024-04-29,41.54495669601985,80.75396825396825,66.46825396825396,40.27777777777778,67.26190476190477,99.0079365079365,97.02380952380952,5.753968253968254,70.43650793650794,49.109732069371105,76.65,95.03968253968253,41.90095851934533,76.78571428571429,70.83333333333334,81.54761904761905,215.499,427.58,14.67
2024-04-30,32.396420883897804,31.547619047619047,54.96031746031746,25.595238095238095,65.27777777777779,97.42063492063492,87.10317460317461,7.738095238095238,80.35714285714286,18.640568163181367,71.75,30.357142857142854,30.06482100097037,2.579365079365079,56.15079365079365,9.722222222222223,211.002,419.517,15.65
2024-05-01,28.5709856453173,64.0873015873016,59.72222222222222,24.404761904761905,63.69047619047619,95.03968253968254,87.89682539682539,15.277777777777779,65.27777777777779,7.179204635031174,73.05,50.99206349206349,24.513420797093364,41.86507936507937,47.023809523809526,98.21428571428571,203.873,416.484,15.39
2024-05-02,41.027150212693655,35.11904761904761,72.81746031746032,33.53174603174603,60.912698412698404,94.64285714285714,83.92857142857143,14.484126984126986,71.62698412698413,27.26776662502326,76.6,6.547619047619048,44.121236346247564,77.97619047619048,47.023809523809526,71.23015873015873,208.458,421.8,14.68
2024-05-03,42.61101323936084,51.78571428571429,83.13492063492063,44.642857142857146,58.13492063492064,93.05555555555556,75.1984126984127,5.753968253968254,51.388888888888886,59.301389647815164,82.55,37.89682539682539,45.12874206150455,79.96031746031747,64.48412698412699,42.65873015873016,213.152,430.277,13.49
2024-05-06,48.329415768122985,47.817460317460316,79.16666666666666,57.738095238095234,54.96031746031746,94.64285714285714,64.0873015873016,3.373015873015873,33.53174603174603,77.1112829244955,82.55,22.023809523809522,50.0,85.51587301587301,64.88095238095238,47.023809523809526,217.579,434.99,13.49
2024-05-07,49.3682527960699,14.880952380952381,64.88095238095238,62.89682539682539,60.51587301587301,93.45238095238095,82.73809523809523,6.15079365079365,38.2936507936508,77.37580499735101,83.85,21.23015873015873,50.0,64.88095238095238,72.42063492063492,62.10317460317461,215.657,435.06,13.23
2024-05-08,50.0,5.753968253968254,62.10317460317461,64.88095238095238,63.69047619047619,93.84920634920636,66.07142857142857,4.166666666666666,39.48412698412698,76.40463110129603,85.0,3.373015873015873,50.0,43.05555555555556,60.11904761904761,77.97619047619048,215.864,434.803,13.0
2024-05-09,50.0,21.626984126984127,89.48412698412699,73.61111111111111,64.88095238095238,93.45238095238095,62.10317460317461,3.373015873015873,33.92857142857143,79.98701574510946,86.55,4.166666666666666,50.0,91.07142857142857,53.769841269841265,60.51587301587301,215.055,435.751,12.69
2024-05-10,50.0,20.03968253968254,91.07142857142857,76.38888888888889,65.67460317460318,95.83333333333333,65.67460317460318,1.3888888888888888,33.13492063492063,83.87171132932906,87.25,10.515873015873016,50.0,56.547619047619044,69.64285714285714,49.007936507936506,217.165,436.779,12.55
2024-05-13,50.0,10.119047619047619,75.59523809523809,74.0079365079365,67.26190476190477,95.03968253968254,58.53174603174603,7.341269841269842,41.46825396825397,87.68082917844708,82.0,11.30952380952381,50.0,30.753968253968257,71.62698412698413,27.976190476190478,217.619,437.787,13.6
2024-05-14,50.0,28.373015873015873,97.42063492063492,76.19047619047619,63.69047619047619,94.64285714285714,42.65873015873016,5.357142857142857,25.595238095238095,98.31839539399026,82.9,6.944444444444445,50.0,62.698412698412696,50.595238095238095,21.23015873015873,221.238,440.602,13.42
2024-05-15,50.0,74.0079365079365,99.40476190476191,77.97619047619048,66.86507936507937,90.67460317460318,41.07142857142857,11.706349206349206,29.563492063492063,100.0,87.75,44.24603174603175,55.454809377833556,78.76984126984127,76.38888888888889,73.21428571428571,227.45,447.489,12.45
2024-05-16,50.0,14.484126984126986,95.43650793650794,75.9920634920635,70.43650793650794,91.07142857142857,42.65873015873016,24.404761904761905,39.88095238095239,96.61444191924282,87.9,8.928571428571429,50.0,33.92857142857143,87.89682539682539,64.0873015873016,226.335,446.58,12.42
2024-05-17,50.0,37.10317460317461,91.07142857142857,74.40476190476191,72.81746031746032,95.43650793650794,22.023809523809522,25.198412698412696,35.51587301587302,95.80622838401248,90.05,13.690476190476192,50.0,56.15079365079365,74.40476190476191,4.166666666666666,225.054,446.363,11.99
2024-05-20,50.0,58.92857142857143,75.9920634920635,68.84920634920636,74.8015873015873,96.23015873015873,47.42063492063492,33.53174603174603,36.30952380952381,100.0,89.25,12.103174603174603,50.0,37.10317460317461,78.76984126984127,97.02380952380952,230.003,449.475,12.15
2024-05-21,50.0,77.57936507936508,63.29365079365079,68.65079365079364,79.96031746031747,95.03968253968254,60.912698412698404,44.24603174603175,41.86507936507937,100.0,90.7,38.69047619047619,50.0,43.452380952380956,86.70634920634922,53.37301587301587,229.264,450.355,11.86
2024-05-22,50.0,86.70634920634922,53.37301587301587,57.738095238095234,82.34126984126983,95.03968253968254,68.84920634920636,27.579365079365083,57.738095238095234,99.67063020654079,88.55000000000001,40.67460317460318,50.0,22.817460317460316,79.96031746031747,91.86507936507937,231.956,450.266,12.29
2024-05-23,50.0,99.40476190476191,26.38888888888889,31.944444444444443,77.97619047619048,95.83333333333333,94.64285714285714,49.404761904761905,81.15079365079364,92.17284142509801,86.15,94.24603174603175,73.51202008371575,3.373015873015873,64.0873015873016,99.40476190476191,230.654,448.24,12.77
2024-05-24,50.0,95.03968253968253,31.150793650793652,34.32539682539682,72.81746031746032,97.02380952380952,97.81746031746032,47.42063492063492,71.23015873015873,100.0,90.35,49.007936507936506,50.0,77.18253968253968,53.769841269841265,97.02380952380952,235.229,452.479,11.93
2024-05-28,50.0,97.02380952380952,25.595238095238095,22.22222222222222,71.23015873015873,99.8015873015873,97.81746031746032,70.83333333333334,87.5,100.0,85.4,78.37301587301587,60.78092281667131,16.071428571428573,70.03968253968253,99.8015873015873,239.203,454.188,12.92
2024-05-29,50.0,89.88095238095238,13.690476190476192,14.087301587301587,66.07142857142857,99.8015873015873,98.61111111111111,75.59523809523809,92.65873015873017,88.2537627590338,78.6,60.51587301587301,54.31050918262653,2.579365079365079,63.29365079365079,88.29365079365078,234.263,450.987,14.28
2024-05-30,50.42585432467027,97.42063492063492,12.896825396825399,15.277777777777779,62.10317460317461,98.21428571428571,97.42063492063492,66.86507936507937,92.65873015873017,70.5224855493026,77.65,66.86507936507937,67.74393019459464,74.8015873015873,52.182539682539684,73.21428571428571,232.636,446.155,14.47
2024-05-31,74.73918067337856,37.5,20.833333333333336,29.563492063492063,62.10317460317461,95.83333333333333,95.43650793650794,58.92857142857143,81.94444444444444,67.47675705508152,85.4,2.1825396825396823,84.35211944931993,89.88095238095238,65.67460317460318,21.23015873015873,230.743,445.325,12.92
2024-06-03,73.06258632439844,74.40476190476191,15.277777777777779,22.023809523809522,64.0873015873016,86.7063492063492,96.23015873015873,75.1984126984127,87.89682539682539,76.25065684988007,84.45,20.833333333333336,55.7940487810065,20.833333333333336,69.64285714285714,97.42063492063492,231.118,447.716,13.11
2024-06-04,66.20772803796397,56.547619047619044,15.277777777777779,19.642857142857142,60.912698412698404,83.13492063492063,96.62698412698413,83.13492063492063,84.32539682539682,80.74952809556105,84.2,7.341269841269842,50.0,35.11904761904761,48.61111111111111,99.8015873015873,229.313,448.942,13.16
2024-06-05,73.25659574688434,97.81746031746032,18.849206349206348,24.801587301587304,62.10317460317461,83.92857142857143,96.62698412698413,90.67460317460318,86.30952380952381,100.0,86.85,70.83333333333334,58.38181877171974,71.23015873015873,67.26190476190477,97.81746031746032,239.341,457.992,12.63
2024-06-06,72.02149802518515,96.23015873015873,20.436507936507937,23.61111111111111,63.69047619047619,81.94444444444444,99.8015873015873,91.46825396825396,87.10317460317461,99.42502634689386,87.1,89.88095238095238,56.71243522692809,27.579365079365083,62.10317460317461,99.40476190476191,237.379,457.834,12.58
2024-06-07,50.0,75.59523809523809,27.579365079365083,19.642857142857142,63.29365079365079,93.45238095238095,99.8015873015873,96.23015873015873,89.48412698412699,97.95120147659033,88.89999999999999,41.07142857142857,50.0,26.38888888888889,62.10317460317461,96.62698412698413,236.669,457.429,12.22
2024-06-10,50.0,65.27777777777779,24.00793650793651,23.214285714285715,62.5,97.42063492063492,99.8015873015873,97.02380952380952,86.70634920634922,100.0,86.3,33.53174603174603,50.0,57.14285714285714,63.69047619047619,96.23015873015873,240.081,459.277,12.74
2024-06-11,50.0,72.02380952380952,26.38888888888889,16.46825396825397,65.27777777777779,91.07142857142857,99.0079365079365,96.23015873015873,94.24603174603175,100.0,85.75,40.27777777777778,50.0,22.817460317460316,69.24603174603175,95.03968253968253,240.279,462.429,12.85
2024-06-12,50.0,95.43650793650794,42.26190476190476,28.76984126984127,66.46825396825396,85.51587301587301,99.0079365079365,99.8015873015873,84.72222222222221,100.0,89.80000000000001,78.76984126984127,68.59408694960462,58.53174603174603,75.59523809523809,98.21428571428571,247.051,468.485,12.04
2024-06-13,50.0,97.02380952380952,31.547619047619047,25.595238095238095,71.23015873015873,82.34126984126985,98.21428571428571,98.21428571428571,74.8015873015873,100.0,90.3,79.56349206349206,53.31419133866949,24.00793650793651,85.11904761904762,96.23015873015873,249.737,471.025,11.94
2024-06-14,50.0,93.84920634920636,14.880952380952381,17.261904761904763,77.18253968253968,79.16666666666666,97.81746031746032,99.8015873015873,74.0079365079365,100.0,86.7,79.56349206349206,50.0,15.674603174603174,85.51587301587301,94.24603174603175,248.838,473.465,12.66
2024-06-17,50.35336529929473,98.61111111111111,26.785714285714285,27.579365079365083,81.54761904761905,87.10317460317461,95.83333333333334,99.40476190476191,68.05555555555556,100.0,86.25,75.1984126984127,60.24759367954712,77.97619047619048,89.48412698412699,64.88095238095238,252.768,479.265,12.75
2024-06-18,52.06773085409566,95.43650793650794,33.53174603174603,37.10317460317461,88.69047619047619,82.34126984126985,94.64285714285714,99.0079365079365,66.86507936507937,100.0,88.5,60.912698412698404,59.608866910209244,66.86507936507937,83.92857142857143,90.67460317460318,255.986,479.413,12.3
2024-06-20,56.32868358526626,99.40476190476191,29.96031746031746,42.65873015873016,83.13492063492063,82.73809523809524,92.65873015873017,98.61111111111111,70.83333333333334,87.15442982703149,83.6,83.92857142857143,73.70574698887872,53.17460317460318,57.341269841269835,76.78571428571429,249.036,475.718,13.28
2024-06-21,76.2837678220281,82.34126984126983,37.10317460317461,47.42063492063492,75.1984126984127,81.94444444444444,88.29365079365078,98.61111111111111,72.81746031746032,82.72192591078392,84.0,31.944444444444443,77.84960930929788,54.563492063492056,43.84920634920635,11.706349206349206,246.607,474.443,13.2
2024-06-24,79.9382595279354,84.32539682539682,49.404761904761905,62.10317460317461,69.24603174603175,81.54761904761905,87.5,93.45238095238095,49.007936507936506,63.94201520053332,83.35,66.07142857142857,67.37158268904894,74.40476190476191,69.24603174603175,93.84920634920636,239.568,469.041,13.33
2024-06-25,77.95785245696727,81.15079365079364,36.30952380952381,42.65873015873016,63.69047619047619,80.75396825396825,89.88095238095238,98.21428571428571,57.341269841269835,82.58981991171134,85.8,53.769841269841265,56.61243813297566,15.079365079365079,67.65873015873017,90.67460317460318,243.25,474.405,12.84
2024-06-26,78.10649385397585,84.72222222222221,35.51587301587302,35.714285714285715,60.51587301587301,91.46825396825398,89.88095238095238,99.8015873015873,61.30952380952381,85.99676409831733,87.25,71.23015873015873,53.88081295891716,20.833333333333336,70.03968253968253,93.45238095238095,242.302,475.385,12.55
2024-06-27,81.23141539958347,84.32539682539682,34.72222222222222,39.285714285714285,60.51587301587301,88.69047619047619,90.27777777777779,99.8015873015873,79.16666666666666,90.26239727889453,88.8,36.30952380952381,50.0,54.96031746031746,61.70634920634921,88.29365079365078,241.058,476.612,12.24
2024-06-28,77.01780376079869,6.547619047619048,39.08730158730159,41.86507936507937,64.88095238095238,94.64285714285714,92.26190476190477,99.40476190476191,79.56349206349206,81.66160144454416,87.8,0.1984126984126984,84.81973639760685,47.817460317460316,69.24603174603175,49.404761904761905,243.497,474.138,12.44
2024-07-01,71.27433144004769,91.07142857142857,39.48412698412698,27.77777777777778,62.5,99.4047619047619,92.65873015873017,99.8015873015873,81.15079365079364,91.32967469245366,88.89999999999999,76.38888888888889,50.0,15.674603174603174,53.769841269841265,97.81746031746032,243.487,476.919,12.22
2024-07-02,71.5068584390904,95.83333333333334,39.08730158730159,36.30952380952381,64.48412698412699,98.61111111111111,92.26190476190477,99.8015873015873,52.182539682539684,100.0,89.85000000000001,91.46825396825396,50.0,74.40476190476191,75.9920634920635,88.69047619047619,246.913,481.926,12.03
2024-07-03,57.00212363125508,99.8015873015873,34.32539682539682,35.11904761904761,74.0079365079365,95.43650793650794,92.65873015873017,99.8015873015873,50.99206349206349,100.0,89.55,99.8015873015873,50.0,44.047619047619044,97.42063492063492,95.03968253968253,251.03,485.944,12.09
2024-07-05,57.23286438861415,90.67460317460318,31.944444444444443,33.13492063492063,77.57936507936508,88.69047619047619,92.26190476190477,99.8015873015873,36.30952380952381,100.0,87.6,94.24603174603175,50.0,39.88095238095239,83.13492063492063,84.32539682539682,251.524,491.011,12.48
2024-07-08,50.0,98.21428571428571,31.150793650793652,38.69047619047619,85.9126984126984,89.48412698412699,96.62698412698413,99.40476190476191,42.26190476190476,100.0,88.15,93.45238095238095,50.0,49.60317460317461,95.43650793650794,97.02380952380952,256.292,492.179,12.37
2024-07-09,50.0,98.21428571428571,19.642857142857142,35.11904761904761,92.26190476190477,93.05555555555556,96.62698412698413,99.8015873015873,50.99206349206349,100.0,87.45,91.86507936507937,50.0,28.968253968253972,93.84920634920636,99.40476190476191,256.174,492.604,12.51
2024-07-10,50.0,97.02380952380952,40.27777777777778,53.37301587301587,95.43650793650794,93.84920634920636,98.21428571428571,99.8015873015873,38.69047619047619,100.0,85.75,90.67460317460318,50.0,89.88095238095238,95.83333333333334,96.23015873015873,262.118,497.741,12.85
2024-07-11,50.0,95.83333333333334,59.32539682539682,77.18253968253968,93.05555555555556,78.76984126984127,99.0079365079365,95.83333333333334,8.928571428571429,63.44819226599102,85.4,95.43650793650794,76.12407112651277,87.10317460317461,92.26190476190477,99.8015873015873,253.498,486.825,12.92
2024-07-12,50.90607648958043,78.37301587301587,75.1984126984127,87.89682539682539,92.26190476190477,78.76984126984127,99.8015873015873,93.05555555555556,8.134920634920634,73.02479267999495,87.69999999999999,74.40476190476191,50.0,91.86507936507937,78.37301587301587,90.67460317460318,256.589,489.685,12.46
2024-07-15,50.918342464932785,72.42063492063492,79.56349206349206,79.56349206349206,91.86507936507937,86.7063492063492,99.8015873015873,92.65873015873017,5.357142857142857,77.43136825510986,84.4,60.11904761904761,50.0,54.166666666666664,89.88095238095238,99.8015873015873,256.875,491.001,13.12
2024-07-16,50.0,20.833333333333336,98.61111111111111,91.86507936507937,90.27777777777779,82.34126984126985,99.8015873015873,87.10317460317461,0.1984126984126984,78.06087905155495,84.05,17.261904761904763,50.0,97.42063492063492,85.11904761904762,99.40476190476191,258.465,491.189,13.19
2024-07-17,55.48425966231575,65.27777777777779,93.45238095238095,80.35714285714286,88.69047619047619,74.4047619047619,99.8015873015873,76.78571428571429,4.166666666666666,29.77941004123288,77.6,42.26190476190476,66.94390671790089,37.89682539682539,75.1984126984127,97.02380952380952,240.081,476.77,14.48
2024-07-18,51.61698334262009,57.738095238095234,85.51587301587301,71.62698412698413,78.76984126984127,74.8015873015873,99.40476190476191,80.75396825396825,5.357142857142857,22.22528048389304,70.35,39.08730158730159,57.21087166303553,12.103174603174603,53.37301587301587,98.61111111111111,240.802,474.514,15.93
2024-07-19,51.20338154469329,49.404761904761905,72.02380952380952,65.07936507936508,72.81746031746032,76.38888888888889,98.61111111111111,81.54761904761905,7.738095238095238,8.141650644277476,67.4,18.849206349206348,50.13992808659224,18.849206349206348,49.404761904761905,83.53174603174604,233.437,470.308,16.52
2024-07-22,52.98307735011664,79.96031746031747,88.29365079365078,75.59523809523809,67.65873015873017,84.72222222222223,97.81746031746032,91.07142857142857,8.134920634920634,31.604321658586798,75.45,41.07142857142857,50.0,88.69047619047619,71.23015873015873,97.81746031746032,243.112,477.315,14.91
2024-07-23,51.65499427275038,30.753968253968257,87.89682539682539,70.03968253968253,64.0873015873016,82.73809523809524,97.42063492063492,91.46825396825396,11.706349206349206,25.968860645730807,76.39999999999999,13.293650793650794,50.0,27.976190476190478,72.42063492063492,99.0079365079365,239.489,475.632,14.72
2024-07-24,49.70372596974303,71.62698412698413,55.35714285714286,50.595238095238095,60.51587301587301,73.21428571428572,96.62698412698413,81.54761904761905,27.976190476190478,0.0,59.800000000000004,40.67460317460318,44.85560547462907,20.03968253968254,62.89682539682539,83.13492063492063,226.753,458.571,18.04
2024-07-25,47.02687412894561,67.65873015873017,46.62698412698413,52.182539682539684,57.738095238095234,70.03968253968254,97.02380952380952,78.37301587301587,27.579365079365083,0.0,57.699999999999996,15.277777777777779,38.78557785479484,53.769841269841265,48.214285714285715,99.0079365079365,221.698,453.514,18.46
2024-07-26,49.406635337817505,14.484126984126986,50.198412698412696,61.70634920634921,62.89682539682539,68.05555555555556,97.81746031746032,76.38888888888889,25.198412698412696,0.0,68.05,10.119047619047619,50.0,96.62698412698413,65.27777777777779,96.23015873015873,226.456,458.166,16.39
2024-07-29,50.03669018369583,52.57936507936508,47.817460317460316,61.70634920634921,57.341269841269835,67.65873015873015,99.0079365079365,69.64285714285714,27.579365079365083,0.0,67.0,21.626984126984127,50.0,47.42063492063492,53.769841269841265,99.40476190476191,225.982,459.086,16.6
2024-07-30,48.12411390122246,74.0079365079365,39.48412698412698,60.11904761904761,50.595238095238095,67.26190476190476,99.0079365079365,67.26190476190477,32.34126984126984,0.0,61.55,50.198412698412696,47.47380672031291,68.05555555555556,37.89682539682539,98.61111111111111,217.778,452.782,17.69
2024-07-31,51.27643320921265,62.89682539682539,43.84920634920635,63.69047619047619,50.198412698412696,65.27777777777777,99.8015873015873,73.61111111111111,24.801587301587304,0.0,68.2,34.72222222222222,52.861897616445205,56.94444444444444,59.72222222222222,97.42063492063492,232.39,466.181,16.36
2024-08-01,43.74050459165531,56.94444444444444,47.023809523809526,48.61111111111111,51.388888888888886,56.94444444444444,99.40476190476191,70.83333333333334,30.357142857142854,0.0,57.05,60.912698412698404,36.44788858193334,20.833333333333336,48.61111111111111,97.42063492063492,215.645,454.89,18.59
2024-08-02,23.681674729296066,68.05555555555556,45.43650793650794,32.142857142857146,42.26190476190476,35.912698412698404,99.8015873015873,71.62698412698413,41.86507936507937,0.0,41.525,37.89682539682539,18.920570660224,13.293650793650794,30.357142857142854,97.02380952380952,204.183,444.093,23.39
2024-08-05,9.954013552262012,54.563492063492056,18.055555555555554,14.484126984126986,35.11904761904761,23.214285714285708,96.23015873015873,63.29365079365079,75.9920634920635,0.0,3.575000000000003,43.452380952380956,8.555027126140168,0.5952380952380952,22.023809523809522,77.97619047619048,200.579,430.852,38.57
2024-08-06,10.946601908427851,28.76984126984127,33.13492063492063,17.658730158730158,30.357142857142854,39.087301587301596,93.84920634920636,56.547619047619044,77.57936507936508,0.0,30.724999999999994,27.976190476190478,24.241375726835393,89.0873015873016,21.626984126984127,81.15079365079364,202.396,434.969,27.71
2024-08-07,10.318563771493892,38.2936507936508,31.547619047619047,15.277777777777779,27.976190476190478,41.46825396825397,91.46825396825396,59.32539682539682,85.11904761904762,0.0,30.375,13.293650793650794,31.865044981542468,19.246031746031747,16.865079365079367,91.46825396825396,196.758,430.258,27.85
2024-08-08,20.39785170615241,37.5,45.23809523809524,30.357142857142854,26.38888888888889,50.992063492063494,89.88095238095238,60.51587301587301,74.8015873015873,0.0,40.525000000000006,24.404761904761905,50.0,99.40476190476191,25.198412698412696,91.07142857142857,210.334,443.42,23.79
2024-08-09,37.031665848622964,31.547619047619047,33.92857142857143,33.13492063492063,25.595238095238095,48.21428571428571,88.69047619047619,67.65873015873017,79.16666666666666,0.0,49.074999999999996,30.753968253968257,50.0,58.92857142857143,27.976190476190478,95.03968253968253,209.09,445.736,20.37
2024-08-12,50.0,32.34126984126984,26.38888888888889,24.801587301587304,27.18253968253968,45.833333333333336,91.07142857142857,71.23015873015873,85.11904761904762,0.0,48.224999999999994,33.92857142857143,50.0,21.23015873015873,35.11904761904761,91.46825396825396,210.294,446.696,20.71
2024-08-13,50.0,86.70634920634922,34.32539682539682,36.7063492063492,28.373015873015873,45.833333333333336,91.07142857142857,74.0079365079365,74.40476190476191,0.0,59.4,61.70634920634921,50.0,94.64285714285714,49.404761904761905,80.35714285714286,218.834,457.78,18.12
2024-08-14,50.0,55.75396825396825,35.51587301587302,46.230158730158735,36.30952380952381,45.436507936507944,92.65873015873017,75.9920634920635,68.05555555555556,0.0,69.05,41.86507936507937,50.0,60.51587301587301,62.89682539682539,95.43650793650794,218.282,457.928,16.19
2024-08-15,50.0,75.9920634920635,56.94444444444444,72.02380952380952,42.65873015873016,57.34126984126984,89.88095238095238,73.61111111111111,47.817460317460316,5.42604821918767,73.85,29.563492063492063,50.0,93.05555555555556,64.48412698412699,75.9920634920635,228.777,469.497,15.23
2024-08-16,50.0,68.05555555555556,83.92857142857143,77.97619047619048,54.166666666666664,55.357142857142854,85.51587301587301,72.42063492063492,41.86507936507937,7.445170614168258,76.0,50.198412698412696,50.0,64.88095238095238,69.24603174603175,69.24603174603175,228.293,470.1,14.8
2024-08-19,50.0,91.46825396825396,99.8015873015873,94.64285714285714,64.48412698412699,55.75396825396825,85.51587301587301,77.97619047619048,35.11904761904761,28.125269969723288,76.75,77.18253968253968,50.0,92.65873015873017,74.8015873015873,92.26190476190477,232.173,476.276,14.65
2024-08-20,50.0,79.96031746031747,93.84920634920636,85.9126984126984,66.46825396825396,52.976190476190474,90.67460317460318,79.16666666666666,36.7063492063492,24.7768082865051,70.6,62.89682539682539,50.0,23.214285714285715,59.72222222222222,97.02380952380952,229.102,475.276,15.88
2024-08-21,50.0,66.07142857142857,99.8015873015873,95.43650793650794,70.03968253968253,50.595238095238095,89.0873015873016,66.86507936507937,32.73809523809524,32.20034783819965,68.65,42.65873015873016,50.0,89.88095238095238,73.21428571428571,92.65873015873017,232.351,477.493,16.27
2024-08-22,50.0,86.30952380952381,93.84920634920636,88.29365079365078,63.69047619047619,53.769841269841265,91.46825396825396,62.89682539682539,31.547619047619047,6.849144434555399,62.24999999999999,88.29365079365078,50.0,30.357142857142854,39.48412698412698,84.72222222222221,224.413,469.922,17.55
2024-08-23,50.0,84.32539682539682,98.21428571428571,99.40476190476191,58.92857142857143,52.57936507936508,94.64285714285714,47.817460317460316,12.5,23.91625363391817,70.7,59.72222222222222,50.0,95.03968253968253,50.595238095238095,93.05555555555556,230.425,475.019,15.86
2024-08-26,50.0,84.32539682539682,99.40476190476191,99.20634920634922,52.182539682539684,52.57936507936508,95.03968253968253,47.023809523809526,13.690476190476192,8.473148350916038,69.25,64.88095238095238,50.0,44.24603174603175,49.007936507936506,94.24603174603175,224.64,470.407,16.15
2024-08-27,50.0,82.34126984126983,95.43650793650794,98.21428571428571,50.99206349206349,53.769841269841265,93.45238095238095,35.91269841269841,10.515873015873016,13.177737015837673,72.85000000000001,56.94444444444444,50.0,41.07142857142857,50.595238095238095,89.0873015873016,227.128,471.812,15.43
2024-08-28,50.0,96.62698412698413,89.88095238095238,94.24603174603175,46.62698412698413,52.57936507936508,93.45238095238095,20.03968253968254,7.738095238095238,0.0,64.45,93.05555555555556,50.0,30.158730158730158,54.166666666666664,92.65873015873017,223.03,466.459,17.11
2024-08-29,50.0,91.86507936507937,84.32539682539682,95.43650793650794,45.03968253968254,55.75396825396825,95.83333333333334,36.30952380952381,8.928571428571429,0.0,71.75,72.81746031746032,50.0,70.03968253968253,31.944444444444443,96.62698412698413,222.389,465.776,15.65
2024-08-30,50.0,50.99206349206349,91.07142857142857,99.8015873015873,44.642857142857146,60.91269841269841,91.07142857142857,40.67460317460318,12.5,11.553733099476855,75.0,3.373015873015873,50.0,97.42063492063492,48.214285714285715,43.84920634920635,228.204,471.327,15.0
2024-09-03,50.0,52.57936507936508,63.69047619047619,68.45238095238095,40.67460317460318,43.452380952380956,89.0873015873016,18.452380952380953,20.436507936507937,0.0,48.2,21.626984126984127,57.08347495055518,15.674603174603174,37.10317460317461,89.88095238095238,210.788,457.018,20.72
2024-09-04,50.0,41.86507936507937,74.40476190476191,66.07142857142857,28.76984126984127,37.10317460317461,91.07142857142857,9.325396825396826,21.23015873015873,0.0,46.7,16.46825396825397,50.0,39.08730158730159,6.547619047619048,90.67460317460318,211.479,455.83,21.32
2024-09-05,50.0,27.976190476190478,41.07142857142857,52.57936507936508,22.42063492063492,31.944444444444443,87.89682539682539,6.547619047619048,31.944444444444443,0.0,50.50000000000001,22.817460317460316,50.0,12.103174603174603,16.46825396825397,88.29365079365078,210.344,456.256,19.9
2024-09-06,50.0,53.769841269841265,30.753968253968257,25.396825396825395,21.23015873015873,23.611111111111114,84.32539682539682,1.7857142857142856,42.26190476190476,0.0,44.050000000000004,50.99206349206349,50.0,6.15079365079365,14.484126984126986,84.32539682539682,201.34,444.034,22.38
2024-09-09,50.0,8.134920634920634,28.76984126984127,40.27777777777778,16.865079365079367,24.801587301587304,92.26190476190477,0.992063492063492,33.13492063492063,0.0,52.75,2.976190476190476,50.0,92.26190476190477,6.547619047619048,86.30952380952381,205.318,449.744,19.45
2024-09-10,50.0,25.992063492063494,30.555555555555557,38.2936507936508,11.706349206349206,21.626984126984127,91.46825396825396,4.9603174603174605,36.7063492063492,0.0,54.60000000000001,15.674603174603174,50.0,48.214285714285715,12.5,87.89682539682539,207.481,453.9,19.08
2024-09-11,50.0,74.0079365079365,30.753968253968257,37.89682539682539,18.452380952380953,25.198412698412696,84.72222222222221,4.9603174603174605,32.73809523809524,0.0,61.55,46.230158730158735,50.0,41.66666666666667,40.67460317460318,76.38888888888889,217.117,463.757,17.69
2024-09-12,50.0,52.976190476190474,47.023809523809526,45.03968253968254,20.03968253968254,33.13492063492063,80.35714285714286,6.547619047619048,35.91269841269841,1.4480757395245605,64.65,32.73809523809524,50.0,79.16666666666666,30.753968253968257,73.21428571428571,216.159,468.309,17.07
2024-09-13,50.0,20.03968253968254,52.976190476190474,58.53174603174603,21.23015873015873,33.13492063492063,80.35714285714286,0.1984126984126984,27.579365079365083,8.473148350916038,67.2,5.357142857142857,50.0,93.84920634920636,35.91269841269841,83.53174603174604,220.019,470.407,16.56
2024-09-16,50.0,43.452380952380956,49.404761904761905,68.25396825396825,28.373015873015873,29.96031746031747,81.15079365079364,0.1984126984126984,17.658730158730158,1.515044973188869,64.3,4.563492063492063,50.0,81.94444444444444,50.99206349206349,88.29365079365078,217.087,468.329,17.14
2024-09-17,50.0,22.817460317460316,62.10317460317461,67.26190476190477,35.91269841269841,32.341269841269835,77.57936507936508,0.1984126984126984,24.404761904761905,2.3421150089439458,61.95,3.7698412698412698,50.0,50.198412698412696,37.10317460317461,75.59523809523809,217.353,468.576,17.61
2024-09-18,50.0,45.43650793650794,59.72222222222222,64.0873015873016,36.7063492063492,37.5,82.73809523809523,0.1984126984126984,32.34126984126984,0.0,58.849999999999994,17.261904761904763,50.0,31.150793650793652,42.65873015873016,93.45238095238095,214.954,466.548,18.23
2024-09-19,50.0,39.88095238095239,86.70634920634922,75.59523809523809,36.30952380952381,46.230158730158735,78.76984126984127,1.3888888888888888,30.357142857142854,35.04988873061823,68.35000000000001,13.690476190476192,51.74623789067533,73.21428571428571,27.18253968253968,45.03968253968254,224.107,478.344,16.33
2024-09-20,60.23838178468586,34.72222222222222,93.05555555555556,66.07142857142857,38.2936507936508,44.64285714285714,71.62698412698413,1.7857142857142856,37.5,31.999440137206552,69.25,14.484126984126986,72.37947168864963,26.38888888888889,47.817460317460316,14.087301587301587,220.829,477.433,16.15
2024-09-23,57.52161575149544,23.214285714285715,89.0873015873016,77.97619047619048,37.5,48.611111111111114,65.67460317460318,2.1825396825396823,40.67460317460318,36.23859262816082,70.55,5.753968253968254,50.0,73.01587301587301,45.03968253968254,32.73809523809524,221.688,478.699,15.89
2024-09-24,63.312524699629854,45.03968253968254,87.5,74.0079365079365,41.07142857142857,49.00793650793651,65.27777777777779,1.7857142857142856,30.357142857142854,43.97019065471122,73.05,31.944444444444443,50.0,41.86507936507937,43.452380952380956,72.42063492063492,224.373,481.008,15.39
2024-09-25,61.03669394857306,21.626984126984127,79.56349206349206,57.341269841269835,42.65873015873016,53.769841269841265,58.92857142857143,1.3888888888888888,34.72222222222222,45.463604565426735,72.95,11.706349206349206,50.0,16.46825396825397,45.03968253968254,75.59523809523809,225.919,481.454,15.41
2024-09-26,65.21229666199595,45.03968253968254,74.40476190476191,63.49206349206349,51.78571428571429,55.357142857142854,68.84920634920636,0.992063492063492,33.92857142857143,57.5749904736266,73.15,17.261904761904763,50.0,66.86507936507937,68.05555555555556,95.83333333333334,233.995,485.071,15.37
2024-09-27,50.0,32.34126984126984,58.92857142857143,69.64285714285714,49.007936507936506,49.404761904761905,76.38888888888889,0.992063492063492,30.753968253968257,48.54753777567047,65.19999999999999,6.944444444444445,50.0,66.07142857142857,40.27777777777778,85.9126984126984,230.284,482.375,16.96
2024-09-30,50.0,16.071428571428573,49.007936507936506,79.16666666666666,43.84920634920635,55.357142857142854,75.1984126984127,0.1984126984126984,18.849206349206348,52.930674119003044,66.35,4.166666666666666,50.0,60.51587301587301,22.023809523809522,24.00793650793651,228.216,483.684,16.73
2024-10-01,50.0,41.07142857142857,38.2936507936508,65.67460317460318,34.72222222222222,40.67460317460318,75.59523809523809,0.1984126984126984,30.753968253968257,30.36539083579621,53.69999999999999,23.61111111111111,50.0,19.841269841269842,19.642857142857142,72.02380952380952,221.822,476.945,19.26
2024-10-02,50.0,19.246031746031747,41.46825396825397,54.563492063492056,27.976190476190478,49.00793650793651,79.16666666666666,0.1984126984126984,36.7063492063492,32.62225401028524,55.50000000000001,6.547619047619048,50.0,34.32539682539682,14.484126984126986,87.5,224.811,477.619,18.9
2024-10-03,50.0,31.547619047619047,17.261904761904763,39.08730158730159,20.436507936507937,55.75396825396825,76.78571428571429,0.1984126984126984,43.05555555555556,31.426853189376242,48.775000000000006,22.023809523809522,50.0,9.722222222222223,33.13492063492063,91.07142857142857,225.613,477.262,20.49
2024-10-04,50.0,44.642857142857146,34.32539682539682,48.61111111111111,21.23015873015873,65.67460317460318,81.54761904761905,0.5952380952380952,40.67460317460318,50.43941862668868,53.949999999999996,45.83333333333333,50.0,77.18253968253968,43.05555555555556,95.43650793650794,228.701,482.94,19.21
2024-10-07,50.0,52.57936507936508,12.896825396825399,27.976190476190478,27.18253968253968,67.26190476190476,84.32539682539682,0.1984126984126984,50.198412698412696,33.11782633940137,43.4,58.13492063492064,50.0,7.738095238095238,47.817460317460316,60.11904761904761,228.077,477.767,22.64
2024-10-08,50.0,48.61111111111111,16.071428571428573,33.92857142857143,29.96031746031746,67.65873015873015,83.92857142857143,1.3888888888888888,57.341269841269835,57.01244891084599,46.449999999999996,17.658730158730158,50.0,63.69047619047619,39.48412698412698,69.64285714285714,230.324,484.903,21.42
2024-10-09,50.0,45.83333333333333,40.27777777777778,43.84920634920635,42.65873015873016,68.84920634920636,80.75396825396825,4.9603174603174605,69.64285714285714,69.786830232323,47.85,18.849206349206348,50.0,80.75396825396825,53.769841269841265,75.1984126984127,232.729,488.718,20.86
2024-10-10,50.0,75.1984126984127,22.42063492063492,32.34126984126984,47.42063492063492,72.42063492063491,74.40476190476191,6.547619047619048,85.11904761904762,67.92843399813702,47.675,45.43650793650794,50.0,18.849206349206348,53.769841269841265,74.40476190476191,231.096,488.163,20.93
2024-10-11,50.0,27.976190476190478,33.53174603174603,50.595238095238095,49.404761904761905,73.61111111111111,67.26190476190477,4.9603174603174605,66.07142857142857,70.4833102624324,48.849999999999994,35.11904761904761,50.0,95.43650793650794,57.738095238095234,65.27777777777779,233.035,488.926,20.46
2024-10-14,50.0,40.67460317460318,44.642857142857146,65.47619047619048,54.563492063492056,77.57936507936508,68.45238095238095,7.738095238095238,63.29365079365079,84.22204854867638,51.5,33.92857142857143,50.0,85.11904761904762,68.84920634920636,74.40476190476191,237.331,493.029,19.7
2024-10-15,50.0,52.976190476190474,49.801587301587304,62.5,54.563492063492056,66.86507936507937,73.61111111111111,9.325396825396826,58.92857142857143,62.15568605626897,48.4,19.246031746031747,50.0,36.507936507936506,44.642857142857146,82.73809523809523,225.019,486.439,20.64
2024-10-16,50.0,29.563492063492063,67.65873015873017,71.23015873015873,58.92857142857143,66.86507936507937,75.59523809523809,8.134920634920634,50.99206349206349,62.35324529557875,52.10000000000001,1.7857142857142856,50.0,75.59523809523809,64.88095238095238,83.53174603174604,225.019,486.498,19.58
2024-10-17,50.0,10.912698412698413,82.73809523809523,60.51587301587301,66.46825396825396,76.38888888888889,82.73809523809523,9.325396825396826,50.99206349206349,63.481676882823265,54.45,4.166666666666666,50.0,35.51587301587302,76.78571428571429,94.24603174603175,226.79,486.835,19.11
2024-10-18,50.0,0.1984126984126984,77.97619047619048,66.46825396825396,66.86507936507937,77.97619047619048,78.76984126984127,9.722222222222223,54.166666666666664,74.16661811397228,59.849999999999994,1.7857142857142856,50.0,60.912698412698404,61.30952380952381,31.944444444444443,226.998,490.026,18.03
2024-10-21,50.0,8.531746031746032,74.40476190476191,45.83333333333333,62.10317460317461,93.45238095238095,73.61111111111111,13.293650793650794,62.10317460317461,77.32086901956379,58.15,10.119047619047619,50.0,5.357142857142857,52.976190476190474,58.53174603174603,226.573,490.968,18.37
2024-10-22,50.0,10.119047619047619,56.547619047619044,36.507936507936506,60.11904761904761,94.64285714285714,68.05555555555556,34.32539682539682,52.976190476190474,79.11229602008547,59.0,2.1825396825396823,50.0,24.00793650793651,37.89682539682539,66.46825396825396,225.731,491.503,18.2
2024-10-23,50.0,33.92857142857143,32.34126984126984,28.57142857142857,52.182539682539684,95.43650793650794,64.48412698412699,31.944444444444443,60.11904761904761,53.89168262208671,53.80000000000001,22.42063492063492,50.0,22.817460317460316,31.547619047619047,67.26190476190477,223.712,483.971,19.24
2024-10-24,50.0,54.166666666666664,44.24603174603175,25.198412698412696,41.07142857142857,91.86507936507937,60.11904761904761,45.83333333333333,71.62698412698413,67.03104626703436,54.60000000000001,48.214285714285715,50.0,41.66666666666667,29.166666666666668,75.1984126984127,224.959,487.895,19.08
2024-10-25,50.0,68.05555555555556,14.484126984126986,15.277777777777779,34.72222222222222,97.02380952380952,64.48412698412699,51.78571428571429,79.96031746031747,76.98602285124193,49.175000000000004,63.29365079365079,50.0,16.46825396825397,33.13492063492063,70.03968253968253,227.216,490.868,20.33
2024-10-28,50.0,13.690476190476192,11.30952380952381,26.785714285714285,29.166666666666668,98.61111111111111,67.26190476190477,58.53174603174603,68.84920634920636,77.2538997858993,50.99999999999999,18.849206349206348,50.0,73.21428571428571,28.76984126984127,75.9920634920635,227.355,490.948,19.8
2024-10-29,50.0,2.1825396825396823,8.928571428571429,17.261904761904763,28.76984126984127,99.0079365079365,65.27777777777779,52.182539682539684,79.16666666666666,93.04859354563924,53.300000000000004,8.928571428571429,50.0,19.642857142857142,34.32539682539682,54.96031746031746,232.946,495.665,19.34
2024-10-30,50.0,0.992063492063492,4.166666666666666,16.865079365079367,27.579365079365083,98.61111111111111,66.86507936507937,50.99206349206349,68.05555555555556,80.50525608030406,49.125,50.595238095238095,58.243252875149196,36.7063492063492,27.579365079365083,70.03968253968253,224.732,491.919,20.35
2024-10-31,50.0,6.15079365079365,2.579365079365079,4.9603174603174605,33.13492063492063,81.15079365079364,65.67460317460318,31.944444444444443,66.07142857142857,38.92740735978497,42.1,22.817460317460316,51.31890161727998,11.30952380952381,58.92857142857143,72.02380952380952,216.013,479.502,23.16
2024-11-01,50.0,12.896825396825399,2.1825396825396823,6.547619047619048,25.595238095238095,96.23015873015873,64.0873015873016,50.595238095238095,47.817460317460316,50.804400950159504,45.300000000000004,15.277777777777779,49.921585306806406,39.08730158730159,9.325396825396826,62.5,218.309,483.049,21.88
2024-11-04,50.0,1.3888888888888888,4.9603174603174605,5.357142857142857,21.23015873015873,86.30952380952381,61.70634920634921,49.801587301587304,54.563492063492056,46.09311536187165,45.05,2.976190476190476,50.0,45.43650793650794,6.944444444444445,68.45238095238095,217.052,481.642,21.98
2024-11-05,50.0,4.9603174603174605,17.658730158730158,20.833333333333336,14.880952380952381,85.91269841269842,63.29365079365079,46.230158730158735,36.30952380952381,66.66606394356373,48.775000000000006,2.976190476190476,50.0,98.21428571428571,11.30952380952381,64.88095238095238,219.585,487.786,20.49
2024-11-06,55.97341798537717,0.5952380952380952,34.32539682539682,47.023809523809526,23.214285714285715,99.8015873015873,61.30952380952381,43.05555555555556,34.72222222222222,100.0,68.65,1.3888888888888888,73.99491631414219,72.42063492063492,76.78571428571429,61.30952380952381,225.989,501.036,16.27
2024-11-07,53.26943047092049,3.7698412698412698,36.30952380952381,49.007936507936506,30.357142857142854,99.4047619047619,59.72222222222222,48.61111111111111,35.11904761904761,100.0,74.0,6.15079365079365,67.91647898064429,50.0,79.56349206349206,68.05555555555556,230.7,508.925,15.2
2024-11-08,56.441660388926806,43.05555555555556,58.13492063492064,52.976190476190474,41.86507936507937,99.4047619047619,58.13492063492064,31.944444444444443,26.38888888888889,100.0,75.30000000000001,42.65873015873016,64.02008437589953,66.46825396825396,38.69047619047619,45.03968253968254,228.978,509.519,14.94
2024-11-11,62.96468421181915,64.48412698412699,50.595238095238095,55.158730158730165,56.15079365079365,99.4047619047619,63.29365079365079,18.452380952380953,35.11904761904761,99.02849550262096,75.15,83.92857142857143,64.624163790932,60.51587301587301,56.15079365079365,87.10317460317461,223.247,509.222,14.97
2024-11-12,70.59471018623461,33.13492063492063,48.61111111111111,52.38095238095239,60.51587301587301,99.8015873015873,62.89682539682539,24.00793650793651,42.26190476190476,96.01257918415862,76.44999999999999,52.57936507936508,56.30936208017592,15.674603174603174,26.38888888888889,61.70634920634921,220.813,508.3,14.71
2024-11-13,54.79932846998573,42.65873015873016,50.39682539682539,50.595238095238095,43.05555555555556,99.8015873015873,64.0873015873016,20.833333333333336,59.72222222222222,93.8733066545769,79.9,45.43650793650794,50.0,42.26190476190476,9.325396825396826,67.26190476190477,216.121,507.646,14.02
2024-11-14,51.07471883909078,26.38888888888889,52.182539682539684,46.62698412698413,24.801587301587304,99.0079365079365,63.69047619047619,24.404761904761905,70.43650793650794,82.33301080692434,78.44999999999999,28.76984126984127,51.40540155881102,12.896825396825399,16.865079365079367,66.46825396825396,215.993,504.118,14.31
2024-11-15,50.5819435606675,10.515873015873016,46.230158730158735,39.08730158730159,22.023809523809522,98.21428571428571,56.94444444444444,13.293650793650794,89.0873015873016,43.044322194069345,69.3,33.13492063492063,51.78277947950519,23.214285714285715,32.73809523809524,12.5,209.035,492.107,16.14
2024-11-18,50.96467515126737,31.547619047619047,52.976190476190474,43.452380952380956,18.849206349206348,98.21428571428571,51.388888888888886,10.119047619047619,77.57936507936508,54.22807262012469,72.1,66.46825396825396,52.39382352351532,69.24603174603175,31.150793650793652,56.547619047619044,211.737,495.526,15.58
2024-11-19,50.60054838333698,18.849206349206348,27.976190476190478,41.07142857142857,17.658730158730158,97.42063492063492,49.404761904761905,19.642857142857142,88.69047619047619,65.3791124570429,68.25,12.896825396825399,50.0,29.563492063492063,16.071428571428573,36.7063492063492,212.143,498.935,16.35
2024-11-20,51.03375209342847,13.690476190476192,22.023809523809522,42.26190476190476,18.849206349206348,98.21428571428571,49.404761904761905,21.626984126984127,81.15079365079364,64.44031854880137,64.2,29.563492063492063,50.0,57.738095238095234,18.055555555555554,68.05555555555556,210.52,498.648,17.16
2024-11-21,52.85977601283769,29.96031746031746,38.88888888888889,63.49206349206349,18.055555555555554,99.0079365079365,51.78571428571429,15.277777777777779,77.97619047619048,70.30859824003949,65.65,51.78571428571429,62.39236272229667,96.62698412698413,15.277777777777779,83.53174603174604,213.855,500.442,16.87
2024-11-22,50.0,25.992063492063494,46.62698412698413,74.20634920634922,20.03968253968254,98.21428571428571,58.13492063492064,11.706349206349206,71.23015873015873,72.9319874888539,73.8,8.928571428571429,50.0,79.96031746031747,50.99206349206349,56.15079365079365,213.944,501.244,15.24
2024-11-25,61.705543657696566,1.7857142857142856,51.78571428571429,91.46825396825396,30.357142857142854,94.24603174603175,61.30952380952381,7.738095238095238,56.15079365079365,75.52593720744451,77.0,0.1984126984126984,78.35879133565662,81.74603174603175,70.03968253968253,69.64285714285714,216.032,502.037,14.6
2024-11-26,61.041669229379586,6.944444444444445,70.03968253968253,87.5,44.642857142857146,95.83333333333333,58.13492063492064,13.293650793650794,55.35714285714286,84.34471203887064,79.5,3.373015873015873,50.0,50.79365079365079,68.84920634920636,20.833333333333336,213.231,504.733,14.1
2024-11-27,51.745099214217035,50.595238095238095,71.62698412698413,89.88095238095238,55.75396825396825,93.45238095238095,60.51587301587301,14.880952380952381,55.75396825396825,71.34552391569304,79.5,7.341269841269842,50.0,42.65873015873016,61.70634920634921,73.21428571428571,210.371,500.759,14.1
2024-11-29,50.0,24.801587301587304,88.29365079365078,94.64285714285714,67.65873015873017,90.27777777777777,49.007936507936506,19.642857142857142,57.738095238095234,85.73818313612121,82.45,10.515873015873016,50.0,57.14285714285714,60.51587301587301,26.38888888888889,213.182,505.159,13.51
2024-12-02,50.0,43.84920634920635,88.29365079365078,91.86507936507937,70.83333333333334,85.11904761904762,54.563492063492056,35.51587301587302,38.69047619047619,100.0,83.3,12.5,50.0,24.00793650793651,60.51587301587301,85.11904761904762,218.784,510.659,13.34
2024-12-03,50.0,10.912698412698413,72.42063492063492,66.86507936507937,73.21428571428571,89.88095238095238,65.27777777777779,49.007936507936506,45.83333333333333,100.0,83.5,4.563492063492063,50.0,18.849206349206348,86.70634920634922,91.86507936507937,217.547,512.225,13.3
2024-12-04,50.0,40.27777777777778,79.16666666666666,48.214285714285715,72.81746031746032,88.2936507936508,68.45238095238095,52.57936507936508,47.817460317460316,100.0,82.75,14.087301587301587,54.37117455920402,39.48412698412698,62.5,39.48412698412698,220.427,518.557,13.45
2024-12-05,50.0,17.658730158730158,62.301587301587304,33.53174603174603,66.07142857142857,83.53174603174602,68.05555555555556,64.48412698412699,36.7063492063492,95.38141419361796,82.30000000000001,5.753968253968254,50.0,23.809523809523807,23.61111111111111,72.02380952380952,216.26,517.12,13.54
2024-12-06,50.0,31.944444444444443,32.34126984126984,29.563492063492063,62.89682539682539,81.54761904761905,74.0079365079365,65.27777777777779,50.595238095238095,100.0,86.15,22.817460317460316,50.0,31.150793650793652,50.595238095238095,55.75396825396825,217.566,521.748,12.77
2024-12-09,50.0,17.658730158730158,15.674603174603174,14.880952380952381,60.51587301587301,86.7063492063492,67.26190476190477,62.5,61.70634920634921,87.02119286194326,79.05000000000001,12.103174603174603,57.74761605242037,31.150793650793652,54.96031746031746,66.86507936507937,216.517,517.685,14.19
2024-12-10,50.03433284145334,20.436507936507937,5.753968253968254,7.341269841269842,50.198412698412696,88.69047619047619,52.182539682539684,58.92857142857143,71.62698412698413,81.38628865531507,79.1,20.833333333333336,52.57496310900087,15.277777777777779,60.51587301587301,49.801587301587304,211.371,515.921,14.18
2024-12-11,51.448232619848845,8.531746031746032,4.166666666666666,10.119047619047619,44.24603174603175,93.45238095238095,64.48412698412699,64.0873015873016,72.42063492063492,100.0,82.1,35.51587301587302,62.18219203755203,40.87301587301587,30.753968253968257,75.59523809523809,216.686,525.158,13.58
2024-12-12,50.53820216790878,35.91269841269841,3.373015873015873,8.531746031746032,44.24603174603175,94.64285714285714,61.70634920634921,68.84920634920636,89.88095238095238,89.24133308451941,80.4,38.69047619047619,50.0,22.817460317460316,25.198412698412696,69.24603174603175,215.003,521.768,13.92
2024-12-13,51.84942231625672,90.27777777777779,1.7857142857142856,4.166666666666666,47.42063492063492,97.81746031746032,70.43650793650794,78.76984126984127,98.61111111111111,100.0,80.94999999999999,85.9126984126984,53.61077690316788,18.055555555555554,67.65873015873017,79.96031746031747,221.001,525.762,13.81
2024-12-16,60.63359556883404,79.56349206349206,2.1825396825396823,2.976190476190476,56.547619047619044,97.81746031746032,66.46825396825396,85.51587301587301,98.61111111111111,100.0,76.55,81.15079365079364,79.86146700836954,29.166666666666668,78.76984126984127,47.023809523809526,225.098,533.333,14.69
2024-12-17,65.01854029665542,64.48412698412699,0.992063492063492,2.579365079365079,53.769841269841265,97.42063492063492,54.166666666666664,88.69047619047619,99.40476190476191,92.6624954140597,70.65,77.57936507936508,76.25192003073914,7.341269841269842,46.62698412698413,10.912698412698413,221.914,530.985,15.87
2024-12-18,43.74397055206884,68.45238095238095,0.1984126984126984,0.5952380952380952,45.43650793650794,96.23015873015873,41.46825396825397,85.9126984126984,99.8015873015873,32.79683299802059,30.94999999999999,70.03968253968253,41.926576522502245,0.1984126984126984,8.928571428571429,5.753968253968254,213.706,511.828,27.62
2024-12-19,41.648182488630894,38.69047619047619,0.5952380952380952,0.1984126984126984,33.92857142857143,99.4047619047619,25.992063492063494,87.10317460317461,99.40476190476191,25.67495354684599,39.775,26.38888888888889,41.571910182591,31.150793650793652,4.166666666666666,9.325396825396826,210.118,509.549,24.09
2024-12-20,48.78493260835888,4.166666666666666,2.976190476190476,2.579365079365079,23.214285714285715,99.0079365079365,6.944444444444445,87.10317460317461,99.40476190476191,39.58121223825782,58.2,19.246031746031747,48.78493260835888,99.0079365079365,26.785714285714285,2.579365079365079,212.943,513.999,18.36
2024-12-23,52.50329379767167,56.547619047619044,4.563492063492063,2.976190476190476,19.642857142857142,99.8015873015873,4.9603174603174605,88.69047619047619,99.0079365079365,55.22809701756069,66.1,59.32539682539682,50.0,50.99206349206349,68.84920634920636,27.579365079365083,219.386,519.006,16.78
2024-12-24,61.51827431504253,96.62698412698413,14.087301587301587,3.7698412698412698,27.579365079365083,99.8015873015873,4.9603174603174605,88.29365079365078,98.21428571428571,77.22186076366296,78.65,98.61111111111111,50.0,99.8015873015873,72.81746031746032,12.5,221.646,526.044,14.27
2024-12-26,53.817139044567256,82.73809523809523,15.277777777777779,4.563492063492063,40.67460317460318,99.4047619047619,6.944444444444445,89.0873015873016,98.21428571428571,76.10311006444391,76.35,91.86507936507937,50.0,55.75396825396825,56.547619047619044,17.658730158730158,221.577,525.686,14.73
2024-12-27,49.824691207924694,85.11904761904762,9.722222222222223,3.373015873015873,55.75396825396825,99.4047619047619,7.738095238095238,90.27777777777779,98.21428571428571,54.265596415997805,70.25,94.24603174603175,50.0,1.3888888888888888,33.13492063492063,15.277777777777779,219.703,518.698,15.95
2024-12-30,50.0,58.53174603174603,6.15079365079365,2.579365079365079,57.738095238095234,98.21428571428571,14.087301587301587,87.89682539682539,99.40476190476191,32.70933294333321,63.00000000000001,53.769841269841265,50.0,0.992063492063492,32.34126984126984,24.404761904761905,215.381,511.8,17.4
2024-12-31,50.0,64.88095238095238,7.738095238095238,2.1825396825396823,47.023809523809526,95.43650793650794,14.087301587301587,87.10317460317461,97.81746031746032,19.121824451140323,63.24999999999999,76.38888888888889,50.0,55.75396825396825,28.76984126984127,28.76984126984127,213.607,507.452,17.35
2025-01-02,50.0,75.9920634920635,12.5,3.7698412698412698,36.7063492063492,93.05555555555556,35.51587301587302,85.51587301587301,97.02380952380952,16.021822513639098,60.35,88.69047619047619,50.0,28.373015873015873,33.53174603174603,82.34126984126983,214.925,506.46,17.93
2025-01-03,50.0,78.76984126984127,44.24603174603175,6.944444444444445,39.88095238095239,98.21428571428571,47.42063492063492,84.72222222222221,87.89682539682539,41.9218387011495,69.35000000000001,80.35714285714286,50.0,90.27777777777779,63.29365079365079,89.88095238095238,220.526,514.748,16.13
2025-01-06,50.0,54.96031746031746,49.007936507936506,8.928571428571429,39.48412698412698,98.21428571428571,58.53174603174603,88.29365079365078,89.48412698412699,60.40935025584403,69.80000000000001,56.547619047619044,41.17303750916841,38.2936507936508,30.753968253968257,60.51587301587301,226.91,520.664,16.04
2025-01-07,50.0,60.51587301587301,21.626984126984127,9.126984126984127,31.944444444444443,98.21428571428571,64.0873015873016,82.73809523809523,71.23015873015873,31.374957109348294,60.9,60.11904761904761,41.79938332170097,31.150793650793652,10.119047619047619,38.69047619047619,223.817,511.373,17.82
2025-01-08,50.0,22.023809523809522,24.00793650793651,15.277777777777779,20.436507936507937,98.21428571428571,73.21428571428571,76.38888888888889,66.07142857142857,31.653082283176488,61.50000000000001,21.626984126984127,50.0,59.32539682539682,6.15079365079365,66.07142857142857,221.587,511.462,17.7
2025-01-10,50.0,1.3888888888888888,5.753968253968254,6.547619047619048,22.42063492063492,98.61111111111111,66.07142857142857,76.78571428571429,91.46825396825396,6.590566619104162,52.300000000000004,6.15079365079365,32.051204419157784,3.373015873015873,49.801587301587304,62.5,216.293,503.442,19.54
2025-01-13,49.84984474155759,2.976190476190476,7.738095238095238,9.722222222222223,12.896825396825399,99.8015873015873,50.595238095238095,71.23015873015873,74.0079365079365,1.5343134589460128,54.04999999999999,4.563492063492063,50.0,79.16666666666666,18.849206349206348,54.563492063492056,215.629,501.824,19.19
2025-01-14,50.0,2.976190476190476,27.579365079365083,27.976190476190478,14.880952380952381,99.4047619047619,52.57936507936508,70.43650793650794,70.03968253968253,0.04681252925789654,56.449999999999996,21.626984126984127,50.0,85.51587301587301,46.230158730158735,64.88095238095238,217.047,501.348,18.71
2025-01-15,50.0,1.7857142857142856,67.65873015873017,50.198412698412696,17.261904761904763,97.02380952380952,50.99206349206349,73.61111111111111,59.72222222222222,36.09058505661557,69.39999999999999,4.166666666666666,44.533165281004074,82.73809523809523,18.452380952380953,35.91269841269841,221.26,512.882,16.12
2025-01-16,50.0,13.690476190476192,76.19047619047619,67.26190476190477,25.198412698412696,95.43650793650794,47.817460317460316,68.45238095238095,41.86507936507937,24.859328037080232,67.0,11.30952380952381,50.0,83.13492063492063,18.055555555555554,58.92857142857143,221.587,509.288,16.6
2025-01-17,50.0,12.5,91.46825396825396,81.15079365079364,16.071428571428573,95.83333333333333,37.5,73.61111111111111,38.2936507936508,51.72184482615315,70.14999999999999,23.61111111111111,44.036873367272754,73.61111111111111,15.674603174603174,2.976190476190476,227.733,517.884,15.97
2025-01-21,54.80684229308607,10.912698412698413,92.65873015873017,95.03968253968253,28.373015873015873,95.03968253968254,40.27777777777778,69.64285714285714,25.595238095238095,61.21560075975058,74.7,17.658730158730158,72.73506489973144,94.64285714285714,64.48412698412699,71.62698412698413,230.419,520.922,15.06
2025-01-22,65.24464680110141,23.214285714285715,88.4920634920635,85.11904761904762,34.32539682539682,97.42063492063492,36.7063492063492,75.1984126984127,33.53174603174603,82.02811376757111,74.5,34.72222222222222,69.89063439762754,25.0,59.72222222222222,33.53174603174603,233.75,527.582,15.1
2025-01-23,60.133719684648796,0.992063492063492,94.84126984126983,89.88095238095238,34.72222222222222,99.8015873015873,31.944444444444443,70.03968253968253,20.03968253968254,85.53436595897867,74.9,0.992063492063492,50.0,68.45238095238095,21.626984126984127,16.46825396825397,233.313,528.704,15.02
2025-01-24,57.995933651999806,6.944444444444445,92.65873015873017,91.26984126984127,45.43650793650794,99.4047619047619,36.30952380952381,62.10317460317461,13.690476190476192,76.19686012303775,75.75,24.801587301587304,50.0,42.65873015873016,59.72222222222222,69.24603174603175,228.625,525.716,14.85
2025-01-27,47.4075699533622,81.94444444444444,98.61111111111111,91.86507936507937,42.65873015873016,91.46825396825398,46.62698412698413,53.37301587301587,10.515873015873016,28.36558022848778,60.50000000000001,88.69047619047619,46.28987556199739,71.62698412698413,9.325396825396826,65.27777777777779,210.693,510.41,17.9
2025-01-28,54.76383481223269,74.8015873015873,95.83333333333334,78.37301587301587,27.976190476190478,93.45238095238095,43.452380952380956,68.84920634920636,12.103174603174603,51.94059496287179,67.95,68.84920634920636,55.37523607155667,18.849206349206348,17.261904761904763,62.89682539682539,211.635,517.954,16.41
2025-01-29,59.65673548978016,56.547619047619044,85.9126984126984,70.23809523809523,23.61111111111111,93.05555555555556,69.64285714285714,58.13492063492064,10.119047619047619,48.89996806248011,67.2,71.23015873015873,55.77246199668423,34.32539682539682,44.24603174603175,96.62698412698413,212.507,516.981,16.56
2025-01-30,75.24882155248424,59.32539682539682,88.69047619047619,83.73015873015873,35.51587301587302,92.26190476190476,85.9126984126984,52.182539682539684,10.515873015873016,55.78747236717021,70.8,83.53174603174604,73.33421897030534,92.65873015873017,62.5,86.70634920634922,216.829,519.185,15.84
2025-01-31,75.69440485995031,39.88095238095239,60.912698412698404,68.84920634920636,15.674603174603174,93.05555555555556,79.96031746031747,49.801587301587304,10.515873015873016,53.42809589255991,67.85,64.48412698412699,73.18206305142184,9.523809523809524,6.547619047619048,34.72222222222222,216.224,518.43,16.43
2025-02-03,70.11118853262386,35.51587301587302,41.86507936507937,54.96031746031746,14.880952380952381,88.69047619047619,79.96031746031747,51.388888888888886,17.46031746031746,40.46246278903922,56.89999999999999,56.94444444444444,67.73351107063876,25.198412698412696,8.531746031746032,66.46825396825396,212.328,514.281,18.62
2025-02-04,64.13971425622978,4.563492063492063,25.992063492063494,53.37301587301587,12.896825396825399,88.69047619047619,80.35714285714286,72.02380952380952,8.531746031746032,60.19060011912538,63.949999999999996,33.13492063492063,59.40099920819601,46.230158730158735,7.738095238095238,66.86507936507937,214.509,520.594,17.21
2025-02-05,63.26476221589391,2.579365079365079,42.65873015873016,58.92857142857143,13.293650793650794,82.73809523809524,72.81746031746032,64.88095238095238,7.738095238095238,67.5749797343625,71.15,29.96031746031746,59.097821205665454,75.59523809523809,54.563492063492056,78.37301587301587,218.663,522.957,15.77
2025-02-06,69.3502206876131,26.38888888888889,36.7063492063492,50.99206349206349,11.706349206349206,85.91269841269842,63.29365079365079,72.42063492063492,10.119047619047619,76.10311006444391,72.5,20.03968253968254,64.35661534887424,48.41269841269841,52.57936507936508,61.70634920634921,218.375,525.686,15.5
2025-02-07,60.90618547914975,42.26190476190476,27.18253968253968,41.86507936507937,16.071428571428573,86.30952380952381,70.43650793650794,69.24603174603175,30.753968253968257,55.38434711521722,67.30000000000001,53.37301587301587,58.81219786715299,12.5,17.261904761904763,62.10317460317461,214.975,519.056,16.54
2025-02-10,64.63484315689593,24.00793650793651,21.23015873015873,40.27777777777778,29.96031746031746,89.88095238095238,79.96031746031747,71.62698412698413,50.99206349206349,75.01873438670934,70.94999999999999,15.277777777777779,53.851274514972616,57.936507936507944,49.404761904761905,89.48412698412699,217.78,525.339,15.81
2025-02-11,56.25151332626554,26.785714285714285,31.547619047619047,37.5,26.38888888888889,92.26190476190476,75.1984126984127,69.64285714285714,56.15079365079365,71.10935694334806,69.9,39.88095238095239,52.287139021804464,45.43650793650794,4.9603174603174605,42.26190476190476,217.979,524.088,16.02
2025-02-12,53.55436154619194,6.547619047619048,25.198412698412696,27.18253968253968,13.690476190476192,96.23015873015873,66.46825396825396,74.0079365079365,71.62698412698413,72.07185754491094,70.55,6.15079365079365,61.23178248596655,17.063492063492063,11.30952380952381,54.166666666666664,218.216,524.396,15.89
2025-02-13,54.240913473679605,7.738095238095238,22.023809523809522,33.92857142857143,10.515873015873016,92.26190476190476,64.0873015873016,81.15079365079364,64.0873015873016,95.64687227929554,74.5,8.531746031746032,67.81183658945434,86.70634920634922,30.357142857142854,53.769841269841265,220.893,531.94,15.1
2025-02-14,53.430274158342556,11.30952380952381,34.32539682539682,30.753968253968257,18.849206349206348,86.7063492063492,72.81746031746032,78.37301587301587,64.48412698412699,100.0,76.15,6.15079365079365,59.52853932872931,34.72222222222222,58.13492063492064,82.34126984126983,221.121,534.173,14.77
2025-02-18,59.862722565287356,12.103174603174603,52.182539682539684,41.07142857142857,25.198412698412696,95.03968253968254,68.05555555555556,71.23015873015873,54.166666666666664,100.0,73.25,5.357142857142857,67.54526435298487,78.76984126984127,71.23015873015873,81.94444444444444,224.779,535.384,15.35
2025-02-19,58.8679891195403,49.801587301587304,56.15079365079365,44.642857142857146,47.42063492063492,93.84920634920636,76.78571428571429,69.24603174603175,47.023809523809526,100.0,73.65,26.785714285714285,57.47995603996007,57.738095238095234,58.92857142857143,74.0079365079365,228.516,535.533,15.27
2025-02-20,53.74532861433219,19.246031746031747,40.27777777777778,39.08730158730159,54.166666666666664,89.48412698412699,75.59523809523809,75.9920634920635,44.24603174603175,92.92605061997406,71.69999999999999,7.341269841269842,52.7849879439906,35.51587301587302,27.579365079365083,46.62698412698413,229.051,533.26,15.66
2025-02-21,39.023854132197975,3.7698412698412698,25.595238095238095,24.801587301587304,48.61111111111111,77.57936507936508,56.15079365079365,74.8015873015873,66.07142857142857,58.48061650729274,58.949999999999996,2.976190476190476,33.57362997715145,6.547619047619048,12.103174603174603,4.166666666666666,222.023,522.192,18.21
2025-02-24,35.12764685184579,16.46825396825397,40.27777777777778,27.579365079365083,21.23015873015873,75.1984126984127,38.2936507936508,64.48412698412699,59.72222222222222,39.297235962427465,55.1,10.912698412698413,33.81296370062773,52.182539682539684,3.373015873015873,31.150793650793652,216.809,516.028,18.98
2025-02-25,41.4607840404975,13.293650793650794,39.88095238095239,30.357142857142854,7.341269841269842,61.7063492063492,30.753968253968257,61.30952380952381,56.94444444444444,19.065056059414953,52.85,21.626984126984127,40.627689800546044,57.738095238095234,12.103174603174603,36.30952380952381,212.338,509.527,19.43
2025-02-26,33.873836861851146,40.67460317460318,37.5,27.77777777777778,4.563492063492063,52.182539682539684,31.150793650793652,72.81746031746032,79.56349206349206,22.89613027270644,54.49999999999999,48.214285714285715,38.04040532816711,33.92857142857143,2.976190476190476,76.78571428571429,216.036,510.758,19.1
2025-02-27,24.269716687469263,60.51587301587301,38.69047619047619,18.849206349206348,3.7698412698412698,49.00793650793651,33.13492063492063,72.02380952380952,89.88095238095238,0.0,47.175000000000004,47.023809523809526,30.435498863743916,24.404761904761905,10.515873015873016,57.738095238095234,203.457,496.573,21.13
2025-02-28,31.582655125588182,8.928571428571429,45.83333333333333,37.301587301587304,3.7698412698412698,46.62698412698413,39.48412698412698,83.92857142857143,87.5,3.15567232395888,51.85000000000001,12.103174603174603,30.59158723996961,98.61111111111111,12.5,24.404761904761905,206.698,504.415,19.63
2025-03-03,22.254182677574995,26.785714285714285,39.48412698412698,24.404761904761905,2.976190476190476,28.373015873015873,51.388888888888886,67.26190476190477,91.26984126984127,0.0,43.05,21.23015873015873,24.99143819817298,16.865079365079367,0.1984126984126984,70.03968253968253,199.392,493.377,22.78
2025-03-04,17.08014090691332,8.134920634920634,14.087301587301587,11.706349206349206,2.1825396825396823,28.769841269841265,47.023809523809526,78.37301587301587,96.23015873015873,0.0,41.224999999999994,11.30952380952381,17.3556208993241,4.9603174603174605,5.753968253968254,25.198412698412696,200.503,491.888,23.51
2025-03-05,19.628267890605393,6.547619047619048,18.849206349206348,18.055555555555554,3.7698412698412698,38.29365079365079,42.65873015873016,73.21428571428571,94.64285714285714,0.0,45.175,8.928571428571429,30.302851560852872,84.72222222222221,8.531746031746032,71.62698412698413,204.825,498.3,21.93
2025-03-06,9.324011406463406,14.087301587301587,14.484126984126986,13.293650793650794,4.166666666666666,30.35714285714286,41.07142857142857,61.70634920634921,95.83333333333334,0.0,37.824999999999996,12.5,18.438133331986123,15.674603174603174,14.484126984126986,54.166666666666664,196.31,484.592,24.87
2025-03-07,12.819727105070207,2.1825396825396823,37.5,22.023809523809522,4.9603174603174605,37.89682539682539,58.13492063492064,49.404761904761905,84.32539682539682,0.0,41.574999999999996,4.563492063492063,12.819727105070207,72.81746031746032,18.849206349206348,67.65873015873017,202.069,488.156,23.37
2025-03-10,5.042146816019752,3.373015873015873,20.833333333333336,17.658730158730158,8.134920634920634,20.03968253968253,41.46825396825397,31.150793650793652,74.40476190476191,0.0,30.349999999999994,9.722222222222223,6.49827161550089,14.087301587301587,24.404761904761905,27.976190476190478,192.721,469.237,27.86
2025-03-11,3.6834681257712987,14.484126984126986,12.896825396825399,7.738095238095238,7.738095238095238,22.420634920634924,49.404761904761905,31.150793650793652,80.35714285714286,0.0,32.69999999999999,18.849206349206348,6.708221227761747,10.515873015873016,1.7857142857142856,42.26190476190476,190.441,468.115,26.92
2025-03-12,3.964897055318424,28.373015873015873,12.5,5.357142857142857,8.134920634920634,26.388888888888886,57.341269841269835,35.51587301587302,87.5,0.0,39.425,29.563492063492063,12.165482195261689,32.34126984126984,10.912698412698413,85.9126984126984,194.367,473.396,24.23
2025-03-13,3.5105251773647907,25.198412698412696,8.531746031746032,5.357142857142857,6.944444444444445,18.849206349206355,56.15079365079365,33.92857142857143,77.18253968253968,0.0,38.35,19.246031746031747,19.07026777106311,8.928571428571429,7.341269841269842,49.007936507936506,193.395,464.879,24.66
2025-03-14,7.295038894177871,17.261904761904763,9.325396825396826,8.928571428571429,4.563492063492063,26.785714285714292,50.595238095238095,29.563492063492063,50.99206349206349,0.0,45.575,19.642857142857142,29.47943427382574,99.0079365079365,2.579365079365079,53.37301587301587,199.363,476.115,21.77
2025-03-17,16.432204009519246,11.30952380952381,32.73809523809524,23.214285714285715,6.15079365079365,27.97619047619048,74.8015873015873,14.880952380952381,36.7063492063492,0.0,48.724999999999994,24.00793650793651,31.151772304810265,99.40476190476191,51.78571428571429,92.26190476190477,202.654,479.202,20.51
2025-03-18,25.186361907258494,8.928571428571429,42.26190476190476,17.261904761904763,7.341269841269842,25.198412698412696,66.86507936507937,12.896825396825399,38.69047619047619,0.0,45.75,41.86507936507937,39.7387210894678,17.658730158730158,4.9603174603174605,18.849206349206348,199.965,471.033,21.7
2025-03-19,29.864012403402924,7.738095238095238,42.26190476190476,25.992063492063494,5.753968253968254,25.198412698412696,46.62698412698413,12.103174603174603,29.96031746031746,0.0,50.50000000000001,29.563492063492063,29.50120181607684,83.13492063492063,5.357142857142857,31.150793650793652,201.593,477.336,19.9
2025-03-20,34.70873482829289,10.515873015873016,45.83333333333333,26.190476190476193,5.753968253968254,22.420634920634924,37.89682539682539,8.134920634920634,25.198412698412696,0.0,50.99999999999999,24.404761904761905,38.66647404920532,25.595238095238095,7.341269841269842,30.357142857142854,199.985,475.718,19.8
2025-03-21,16.88578815235936,0.1984126984126984,22.023809523809522,14.087301587301587,7.738095238095238,23.214285714285708,26.38888888888889,8.531746031746032,27.579365079365083,0.0,53.599999999999994,0.1984126984126984,10.03457190801992,17.261904761904763,8.134920634920634,2.976190476190476,197.891,477.287,19.28
2025-03-24,23.44026766776503,56.15079365079365,58.13492063492064,49.801587301587304,2.579365079365079,41.46825396825397,12.896825396825399,9.325396825396826,4.166666666666666,0.0,62.6,54.166666666666664,31.593487825567397,94.24603174603175,8.134920634920634,21.23015873015873,203.766,487.76,17.48
2025-03-25,28.453568200906926,12.896825396825399,65.27777777777779,52.182539682539684,6.547619047619048,37.10317460317461,14.880952380952381,10.912698412698413,3.7698412698412698,0.0,64.25,24.00793650793651,47.605952022322995,39.285714285714285,20.833333333333336,34.32539682539682,202.665,490.544,17.15
2025-03-26,22.97810752088994,47.42063492063492,72.42063492063492,52.182539682539684,4.563492063492063,35.51587301587301,20.436507936507937,7.738095238095238,5.357142857142857,0.0,58.35000000000001,54.563492063492056,40.72382795493237,47.42063492063492,2.1825396825396823,64.0873015873016,196.987,481.517,18.33
2025-03-27,30.108068343807687,48.61111111111111,76.38888888888889,41.86507936507937,2.1825396825396823,38.29365079365079,28.76984126984127,6.944444444444445,7.341269841269842,0.0,56.55,48.61111111111111,49.09123154870187,33.53174603174603,0.1984126984126984,81.15079365079364,193.107,478.774,18.69
2025-03-28,45.13349501359174,22.023809523809522,39.08730158730159,18.452380952380953,0.992063492063492,20.03968253968253,43.84920634920635,3.7698412698412698,22.42063492063492,0.0,45.875,42.65873015873016,38.4210743426838,5.753968253968254,6.944444444444445,40.67460317460318,187.271,466.168,21.65
2025-03-31,37.48295322273741,7.341269841269842,27.976190476190478,41.86507936507937,0.5952380952380952,18.055555555555557,39.88095238095239,4.166666666666666,10.912698412698413,0.0,44.3,22.42063492063492,22.256030339057137,85.11904761904762,1.7857142857142856,15.674603174603174,186.764,466.149,22.28
2025-04-01,41.425363038353126,18.452380952380953,49.007936507936506,45.83333333333333,0.1984126984126984,17.658730158730165,62.10317460317461,6.547619047619048,8.134920634920634,0.0,45.575,34.32539682539682,49.729221990684835,65.67460317460318,0.1984126984126984,82.73809523809523,186.864,469.906,21.77
2025-04-02,41.0460766100075,65.27777777777779,51.78571428571429,63.29365079365079,0.1984126984126984,19.246031746031747,62.10317460317461,6.15079365079365,3.373015873015873,0.0,46.224999999999994,83.53174603174604,45.368660315521126,87.5,1.3888888888888888,63.69047619047619,188.065,473.336,21.51
2025-04-03,18.58370587928861,10.119047619047619,41.07142857142857,10.912698412698413,0.1984126984126984,2.5793650793650755,33.92857142857143,10.119047619047619,21.626984126984127,0.0,24.950000000000003,2.976190476190476,10.688511545287831,6.547619047619048,0.1984126984126984,18.055555555555554,169.087,447.997,30.02
2025-04-04,1.9593215296448179,4.563492063492063,22.023809523809522,0.1984126984126984,0.1984126984126984,0.19841269841269593,29.96031746031746,10.515873015873016,51.388888888888886,0.0,0.0,12.103174603174603,1.5703281817067065,0.1984126984126984,0.1984126984126984,29.563492063492063,156.453,420.172,45.31
2025-04-07,2.650848632919491,21.23015873015873,8.134920634920634,0.1984126984126984,0.1984126984126984,0.5952380952380878,35.51587301587302,10.912698412698413,70.43650793650794,0.0,0.0,36.7063492063492,3.0281327075575746,23.61111111111111,0.5952380952380952,29.96031746031746,160.065,421.186,46.98
2025-04-08,2.2614441597925676,19.642857142857142,4.563492063492063,0.1984126984126984,0.1984126984126984,1.3888888888888857,28.76984126984127,10.515873015873016,78.37301587301587,0.0,0.0,29.563492063492063,4.543765554543519,4.563492063492063,0.1984126984126984,65.67460317460318,153.703,413.601,52.33
2025-04-09,36.20285893823436,45.83333333333333,14.880952380952381,8.134920634920634,0.5952380952380952,21.626984126984127,27.579365079365083,35.51587301587302,54.96031746031746,0.0,15.950000000000017,56.15079365079365,36.312796317212566,99.8015873015873,36.7063492063492,47.42063492063492,182.248,463.246,33.62
2025-04-10,15.752689682109306,34.32539682539682,7.738095238095238,3.7698412698412698,1.3888888888888888,16.46825396825396,38.69047619047619,25.595238095238095,77.18253968253968,0.0,0.0,51.388888888888886,18.4815590301484,4.166666666666666,3.7698412698412698,62.5,167.35,443.543,40.72
2025-04-11,15.184076263999138,18.849206349206348,29.96031746031746,8.928571428571429,2.1825396825396823,23.214285714285708,64.0873015873016,26.785714285714285,41.86507936507937,0.0,6.099999999999994,23.61111111111111,21.668013477991202,94.64285714285714,2.1825396825396823,87.89682539682539,170.973,451.714,37.56
2025-04-14,16.68093608887596,37.10317460317461,35.11904761904761,14.880952380952381,2.976190476190476,20.436507936507937,86.30952380952381,32.34126984126984,41.07142857142857,0.0,22.775000000000006,39.08730158730159,33.68325676780345,93.84920634920636,10.912698412698413,97.02380952380952,172.105,454.776,30.89
2025-04-15,21.369472683147468,4.563492063492063,22.817460317460316,13.293650793650794,5.357142857142857,20.03968253968253,90.27777777777779,39.88095238095239,62.10317460317461,0.0,24.700000000000003,28.76984126984127,50.0,35.51587301587302,10.515873015873016,83.13492063492063,172.809,455.283,30.12
2025-04-16,19.00008674693803,50.595238095238095,5.753968253968254,8.134920634920634,4.166666666666666,9.325396825396822,92.26190476190477,19.642857142857142,89.88095238095238,0.0,18.400000000000006,68.05555555555556,26.453617802319055,3.373015873015873,2.976190476190476,64.0873015873016,166.14,441.555,32.64
2025-04-17,30.724377914821133,0.5952380952380952,18.849206349206348,10.714285714285714,3.373015873015873,13.293650793650784,86.30952380952381,25.992063492063494,91.86507936507937,0.0,25.875,32.73809523809524,29.735884474555537,82.34126984126983,0.992063492063492,25.198412698412696,165.306,441.475,29.65
2025-04-21,35.611546540295535,1.7857142857142856,20.03968253968254,4.9603174603174605,3.373015873015873,11.706349206349216,76.78571428571429,16.865079365079367,97.42063492063492,0.0,15.449999999999989,22.023809523809522,38.52566369669138,1.3888888888888888,2.579365079365079,42.26190476190476,162.418,430.55,33.82
2025-04-22,37.42154267971403,1.7857142857142856,60.912698412698404,19.841269841269842,2.579365079365079,20.833333333333343,52.57936507936508,21.626984126984127,93.84920634920636,0.0,23.575000000000003,20.833333333333336,32.46102429988295,99.40476190476191,2.579365079365079,39.08730158730159,165.574,441.853,30.57
2025-04-23,30.501918166305092,7.738095238095238,85.11904761904762,44.642857142857146,2.579365079365079,22.420634920634924,43.452380952380956,15.277777777777779,77.57936507936508,0.0,28.875,16.865079365079367,20.502901841333337,78.37301587301587,5.357142857142857,68.45238095238095,171.777,451.873,28.45
2025-04-24,36.56170534334767,7.341269841269842,77.57936507936508,78.76984126984127,2.976190476190476,22.817460317460316,56.94444444444444,16.865079365079367,51.78571428571429,0.0,33.825,2.1825396825396823,34.22461062045161,89.48412698412699,6.944444444444445,88.29365079365078,181.663,464.588,26.47
2025-04-25,39.67103045413093,30.753968253968257,88.29365079365078,75.1984126984127,5.753968253968254,23.214285714285708,77.57936507936508,29.563492063492063,55.75396825396825,0.0,37.9,77.57936507936508,39.11270777597585,37.89682539682539,13.293650793650794,85.51587301587301,183.429,469.767,24.84
2025-04-28,46.97524548835919,33.13492063492063,82.73809523809523,85.51587301587301,6.547619047619048,21.230158730158735,89.88095238095238,41.07142857142857,47.42063492063492,0.0,37.125,55.35714285714286,49.49088290398125,71.23015873015873,6.944444444444445,94.64285714285714,183.102,469.618,25.15
2025-04-29,47.39376120746341,10.515873015873016,75.59523809523809,95.83333333333334,6.944444444444445,20.833333333333343,93.05555555555556,27.579365079365083,35.51587301587302,0.0,39.574999999999996,13.690476190476192,50.0,79.56349206349206,6.547619047619048,77.18253968253968,181.147,472.72,24.17
2025-04-30,46.55855006201413,5.357142857142857,85.11904761904762,95.03968253968253,7.738095238095238,16.46825396825396,90.67460317460318,28.373015873015873,30.357142857142854,0.0,38.25,22.42063492063492,42.128177728055306,64.88095238095238,8.134920634920634,30.357142857142854,182.467,472.66,24.7
2025-05-01,46.107248128390594,17.261904761904763,95.03968253968253,91.86507936507937,8.134920634920634,24.007936507936506,85.51587301587301,44.24603174603175,39.08730158730159,0.0,38.5,73.61111111111111,43.36378490458969,38.2936507936508,8.531746031746032,68.45238095238095,182.219,478.833,24.6
2025-05-02,68.14845765469609,20.436507936507937,97.42063492063492,98.61111111111111,8.134920634920634,33.53174603174604,83.13492063492063,37.89682539682539,21.626984126984127,0.0,43.3,63.69047619047619,72.04812624165557,98.21428571428571,14.880952380952381,75.59523809523809,188.61,485.941,22.68
2025-05-05,70.46970524623754,5.753968253968254,99.8015873015873,95.23809523809523,9.325396825396826,34.722222222222214,77.97619047619048,35.11904761904761,19.246031746031747,0.0,40.9,49.007936507936506,50.0,31.944444444444443,20.03968253968254,75.59523809523809,187.161,483.058,23.64
2025-05-06,71.33922166266494,4.166666666666666,88.29365079365078,88.69047619047619,9.325396825396826,27.579365079365076,75.59523809523809,29.166666666666668,27.18253968253968,0.0,38.099999999999994,12.896825396825399,50.0,15.277777777777779,3.373015873015873,70.83333333333334,185.375,478.565,24.76
2025-05-07,66.0620757302434,8.928571428571429,87.10317460317461,85.51587301587301,10.119047619047619,27.182539682539684,87.89682539682539,29.563492063492063,33.13492063492063,0.0,41.125,51.78571428571429,74.57691105711942,77.18253968253968,15.674603174603174,86.30952380952381,188.62,480.444,23.55
2025-05-08,55.07664309071922,2.579365079365079,82.34126984126983,89.88095238095238,10.515873015873016,36.70634920634921,85.51587301587301,20.833333333333336,24.00793650793651,0.0,43.8,15.277777777777779,61.722430409478946,73.61111111111111,12.103174603174603,58.53174603174603,190.308,485.404,22.48
2025-05-09,50.0,18.055555555555554,83.53174603174604,84.72222222222221,11.30952380952381,35.912698412698404,90.27777777777779,24.00793650793651,18.452380952380953,0.0,45.25,25.198412698412696,50.0,43.84920634920635,18.452380952380953,88.69047619047619,192.491,485.086,21.9
2025-05-12,66.05512080657782,3.7698412698412698,89.88095238095238,91.46825396825396,12.5,66.86507936507937,84.72222222222221,25.198412698412696,13.690476190476192,4.506351616053461,58.05,6.944444444444445,87.34168547147871,88.69047619047619,25.595238095238095,58.13492063492064,206.317,504.849,18.39
2025-05-13,78.29323026698768,32.34126984126984,79.96031746031747,84.52380952380952,20.03968253968254,72.02380952380952,75.1984126984127,26.38888888888889,14.880952380952381,28.451343490192578,58.900000000000006,83.53174603174604,87.54636217820378,49.801587301587304,37.10317460317461,23.214285714285715,212.163,512.543,18.22
2025-05-14,81.16896769775596,37.5,68.84920634920636,75.1984126984127,25.992063492063494,75.5952380952381,50.595238095238095,33.53174603174603,13.293650793650794,38.01191211995024,56.89999999999999,64.88095238095238,85.13265145122783,18.452380952380953,51.78571428571429,15.674603174603174,213.186,515.615,18.62
2025-05-15,84.1903974207341,1.7857142857142856,79.56349206349206,91.26984126984127,26.785714285714285,70.43650793650794,24.404761904761905,23.61111111111111,10.515873015873016,39.77339709535501,60.85000000000001,66.86507936507937,82.66233496617616,76.78571428571429,22.817460317460316,5.753968253968254,211.816,516.181,17.83
2025-05-16,90.85224269569903,0.992063492063492,78.37301587301587,97.42063492063492,28.373015873015873,70.43650793650794,5.753968253968254,18.055555555555554,7.738095238095238,46.76643020442563,63.800000000000004,80.35714285714286,78.57739043032467,95.83333333333334,42.65873015873016,0.992063492063492,211.538,518.428,17.24
2025-05-19,83.41825264160002,12.103174603174603,83.13492063492063,97.81746031746032,27.579365079365083,73.61111111111111,2.579365079365079,26.38888888888889,9.722222222222223,48.31317584537263,59.3,59.72222222222222,50.0,50.595238095238095,14.087301587301587,5.357142857142857,210.267,518.925,18.14
2025-05-20,72.2098241920898,22.817460317460316,85.51587301587301,95.83333333333334,26.785714285714285,74.0079365079365,0.992063492063492,24.801587301587304,12.103174603174603,42.92913166259913,59.550000000000004,70.43650793650794,50.0,23.61111111111111,25.992063492063494,3.373015873015873,209.96,517.195,18.09
2025-05-21,64.06020534227433,18.055555555555554,55.75396825396825,61.70634920634921,21.626984126984127,75.9920634920635,0.1984126984126984,34.32539682539682,36.7063492063492,20.562007072081986,47.824999999999996,69.64285714285714,74.12800669847076,0.992063492063492,12.103174603174603,6.15079365079365,206.119,510.008,20.87
2025-05-22,55.33596254726078,17.261904761904763,35.91269841269841,54.96031746031746,15.674603174603174,73.21428571428572,1.3888888888888888,37.10317460317461,30.357142857142854,23.531011783276266,49.3,57.341269841269835,51.067192509452155,31.944444444444443,7.341269841269842,10.119047619047619,204.213,510.962,20.28
2025-05-23,50.0,62.89682539682539,27.579365079365083,47.42063492063492,10.119047619047619,67.26190476190476,3.7698412698412698,40.27777777777778,38.2936507936508,8.804250469469926,44.275000000000006,40.27777777777778,50.0,25.595238095238095,4.563492063492063,27.579365079365083,201.047,506.23,22.29
2025-05-27,50.0,57.341269841269835,35.11904761904761,76.19047619047619,10.912698412698413,67.26190476190476,4.166666666666666,46.62698412698413,16.46825396825397,45.870126895385674,55.199999999999996,37.5,65.50075753226879,99.0079365079365,21.626984126984127,5.753968253968254,207.727,518.14,18.96
2025-05-28,50.0,75.59523809523809,16.865079365079367,57.341269841269835,13.690476190476192,68.45238095238095,4.563492063492063,50.198412698412696,30.357142857142854,38.72148557294,53.45000000000001,69.64285714285714,50.0,6.15079365079365,47.42063492063492,3.7698412698412698,206.684,515.843,19.31
2025-05-29,50.0,80.75396825396825,41.46825396825397,64.48412698412699,19.642857142857142,65.67460317460318,5.753968253968254,56.547619047619044,16.865079365079367,41.87722014018412,54.1,75.59523809523809,58.17823276479726,73.21428571428571,54.96031746031746,19.642857142857142,207.528,516.857,19.18
2025-05-30,68.89991550848879,22.42063492063492,25.198412698412696,58.13492063492064,25.198412698412696,62.5,5.753968253968254,50.99206349206349,38.2936507936508,39.34080626217242,57.15,9.325396825396826,81.13727087369736,50.99206349206349,19.642857142857142,3.7698412698412698,203.409,516.042,18.57
2025-06-02,67.03893911327695,23.61111111111111,12.5,51.388888888888886,29.166666666666668,68.45238095238095,3.373015873015873,63.29365079365079,33.13492063492063,52.025987816499416,58.2,35.11904761904761,50.0,44.642857142857146,20.436507936507937,6.15079365079365,206.476,520.118,18.36
2025-06-03,69.69737400468173,34.32539682539682,16.46825396825397,67.65873015873017,31.547619047619047,71.62698412698413,3.7698412698412698,56.15079365079365,10.119047619047619,64.68004772815108,61.55,31.150793650793652,61.036117350140835,75.1984126984127,43.84920634920635,9.325396825396826,212.024,524.184,17.69
2025-06-04,69.83873291446795,59.72222222222222,18.452380952380953,54.166666666666664,32.73809523809524,58.13492063492063,6.15079365079365,57.341269841269835,25.992063492063494,69.22691972296752,61.95,54.96031746031746,50.0,33.53174603174603,68.45238095238095,16.46825396825397,215.181,525.645,17.61
2025-06-05,71.37280432873393,94.24603174603175,42.26190476190476,41.07142857142857,30.753968253968257,60.11904761904761,4.563492063492063,58.13492063492064,30.357142857142854,56.91208571647298,57.599999999999994,98.61111111111111,74.95791989355382,30.952380952380953,27.18253968253968,10.119047619047619,214.277,521.688,18.48
2025-06-06,51.57141258798066,78.76984126984127,64.48412698412699,62.89682539682539,32.34126984126984,77.18253968253968,4.9603174603174605,61.70634920634921,19.642857142857142,72.78412348071926,66.15,87.10317460317461,50.0,89.0873015873016,33.13492063492063,4.166666666666666,215.716,526.788,16.77
2025-06-09,54.5232203666665,64.88095238095238,72.81746031746032,57.341269841269835,37.89682539682539,74.8015873015873,8.134920634920634,75.9920634920635,19.642857142857142,75.19605078803107,64.2,70.43650793650794,57.14960638602124,50.595238095238095,47.42063492063492,20.833333333333336,220.798,527.563,17.16
2025-06-10,53.30370893359324,37.89682539682539,60.51587301587301,68.45238095238095,45.03968253968254,74.8015873015873,7.738095238095238,72.02380952380952,6.15079365079365,86.05750408160334,65.25,53.769841269841265,58.212076492074644,67.65873015873017,77.18253968253968,6.944444444444445,225.622,531.053,16.95
2025-06-11,54.44160170184115,52.57936507936508,68.45238095238095,58.92857142857143,50.99206349206349,68.05555555555556,7.738095238095238,62.89682539682539,5.753968253968254,80.48673004277983,63.69999999999999,44.24603174603175,53.03156941554238,23.61111111111111,83.92857142857143,16.865079365079367,224.868,529.263,17.26
2025-06-12,50.0,51.78571428571429,62.89682539682539,64.48412698412699,60.51587301587301,62.5,5.753968253968254,67.26190476190477,4.166666666666666,84.3551502272813,59.900000000000006,40.27777777777778,50.0,62.89682539682539,53.37301587301587,8.531746031746032,225.175,530.506,18.02
2025-06-13,50.29445128070583,57.341269841269835,41.46825396825397,25.198412698412696,62.89682539682539,63.69047619047619,9.722222222222223,69.64285714285714,33.92857142857143,63.62813620573643,47.95,39.88095238095239,53.238964087764074,3.7698412698412698,41.86507936507937,20.03968253968254,219.309,523.846,20.82
2025-06-16,50.0,44.24603174603175,56.94444444444444,50.198412698412696,57.341269841269835,74.0079365079365,4.166666666666666,76.78571428571429,32.73809523809524,86.30336505873574,54.45,24.404761904761905,51.38332532090454,77.97619047619048,29.166666666666668,1.3888888888888888,226.236,531.132,19.11
2025-06-17,50.0,37.5,20.03968253968254,23.61111111111111,44.642857142857146,60.91269841269841,3.373015873015873,84.72222222222221,45.83333333333333,70.18546631735725,46.0,3.7698412698412698,50.0,7.341269841269842,37.5,1.3888888888888888,224.445,525.953,21.6
2025-06-18,50.0,14.087301587301587,27.18253968253968,31.547619047619047,33.92857142857143,58.92857142857143,1.7857142857142856,81.15079365079364,45.43650793650794,69.90848369754991,49.65,10.515873015873016,52.27683007222499,45.43650793650794,34.72222222222222,3.7698412698412698,225.36,525.864,20.14
2025-06-20,61.24588193379367,2.579365079365079,42.26190476190476,33.92857142857143,33.92857142857143,56.547619047619044,0.1984126984126984,72.81746031746032,45.03968253968254,63.22355485096159,48.449999999999996,0.5952380952380952,65.4062081983185,60.912698412698404,52.182539682539684,0.5952380952380952,223.918,523.716,20.62
2025-06-23,66.37870968489217,69.24603174603175,38.69047619047619,54.96031746031746,33.92857142857143,55.75396825396825,0.1984126984126984,67.65873015873017,16.865079365079367,79.9856715957123,50.85000000000001,75.1984126984127,65.12569364342502,84.32539682539682,43.05555555555556,10.912698412698413,225.311,529.102,19.83
2025-06-24,75.67341948751236,45.83333333333333,54.166666666666664,73.61111111111111,43.452380952380956,56.547619047619044,0.992063492063492,68.45238095238095,33.13492063492063,100.0,62.6,34.32539682539682,69.28699672942471,81.54761904761905,75.1984126984127,11.706349206349206,233.855,537.193,17.48
2025-06-25,68.05546411756254,71.23015873015873,29.96031746031746,52.57936507936508,64.0873015873016,54.56349206349206,1.3888888888888888,73.61111111111111,49.801587301587304,100.0,66.19999999999999,83.53174603174604,57.13820674415263,14.285714285714285,94.24603174603175,3.7698412698412698,235.954,538.566,16.76
2025-06-26,75.45310780330311,36.7063492063492,58.92857142857143,63.095238095238095,77.57936507936508,53.769841269841265,0.1984126984126984,87.10317460317461,45.03968253968254,100.0,67.05,30.357142857142854,64.16620932039042,80.55555555555556,83.13492063492063,0.1984126984126984,237.804,543.602,16.59
2025-06-27,74.72662388796624,13.293650793650794,62.10317460317461,69.24603174603175,81.54761904761905,64.0873015873016,0.992063492063492,85.11904761904762,28.373015873015873,100.0,68.4,25.595238095238095,77.77350645236018,69.44444444444444,77.18253968253968,1.7857142857142856,237.595,545.463,16.32
2025-06-30,77.60607465727804,24.404761904761905,84.72222222222221,79.56349206349206,91.86507936507937,51.785714285714285,0.1984126984126984,90.67460317460318,8.928571428571429,100.0,66.35,41.07142857142857,73.24046285101082,73.80952380952381,92.65873015873017,0.1984126984126984,237.436,548.996,16.73
2025-07-01,76.08257827354468,37.5,84.32539682539682,94.64285714285714,88.69047619047619,57.73809523809524,0.1984126984126984,72.81746031746032,11.30952380952381,85.95011014045056,65.85000000000001,41.46825396825397,72.1058623035872,76.38888888888889,52.57936507936508,8.928571428571429,236.362,544.368,16.83
2025-07-02,75.55199680112153,35.91269841269841,96.62698412698413,87.10317460317461,73.21428571428571,66.86507936507937,0.5952380952380952,74.40476190476191,16.46825396825397,97.46203372459304,66.8,18.849206349206348,60.88537980316837,57.936507936507944,29.563492063492063,10.119047619047619,240.858,548.16,16.64
2025-07-03,71.73025512764161,71.62698412698413,97.81746031746032,91.46825396825396,76.78571428571429,75.9920634920635,1.3888888888888888,85.11904761904762,25.992063492063494,100.0,68.10000000000001,50.595238095238095,50.0,73.61111111111111,91.86507936507937,14.880952380952381,242.052,553.554,16.38
2025-07-07,54.133834293153555,47.817460317460316,92.26190476190477,79.96031746031747,75.59523809523809,77.97619047619048,4.563492063492063,82.34126984126983,4.9603174603174605,87.44476600295565,61.050000000000004,19.246031746031747,50.0,7.738095238095238,75.1984126984127,18.452380952380953,237.516,549.384,17.79
2025-07-08,50.0,23.214285714285715,80.95238095238095,79.76190476190477,60.51587301587301,77.97619047619048,10.515873015873016,75.9920634920635,0.5952380952380952,88.37210702719766,65.95000000000002,1.7857142857142856,55.463748663393666,50.198412698412696,43.452380952380956,18.055555555555554,242.052,549.692,16.81
2025-07-09,50.0,18.055555555555554,75.1984126984127,81.15079365079364,58.92857142857143,72.81746031746032,9.325396825396826,74.8015873015873,0.5952380952380952,100.0,70.3,19.246031746031747,50.0,61.70634920634921,46.230158730158735,7.341269841269842,242.828,553.584,15.94
2025-07-10,50.0,31.547619047619047,92.26190476190477,81.94444444444444,70.83333333333334,75.5952380952381,11.706349206349206,62.89682539682539,0.1984126984126984,97.60048459974793,71.1,12.103174603174603,53.34914264238854,70.83333333333334,67.65873015873017,12.896825396825399,245.245,552.787,15.78
2025-07-11,50.0,28.373015873015873,70.03968253968253,65.87301587301587,50.99206349206349,80.35714285714286,8.928571428571429,48.214285714285715,4.9603174603174605,93.85519331001873,68.0,41.86507936507937,50.0,8.531746031746032,36.30952380952381,4.563492063492063,244.867,551.543,16.4
2025-07-14,50.0,16.071428571428573,67.26190476190477,71.82539682539682,43.84920634920635,81.54761904761905,8.134920634920634,59.72222222222222,2.579365079365079,99.87957262734002,64.0,2.579365079365079,50.0,58.730158730158735,51.388888888888886,18.055555555555554,242.539,553.544,17.2
2025-07-15,50.0,34.72222222222222,32.34126984126984,33.730158730158735,48.61111111111111,86.7063492063492,7.738095238095238,68.84920634920636,17.261904761904763,100.0,63.10000000000001,31.150793650793652,61.58389276460753,2.976190476190476,55.35714285714286,12.896825396825399,244.956,554.051,17.38
2025-07-16,50.0,11.30952380952381,29.166666666666668,42.857142857142854,58.53174603174603,84.32539682539682,8.531746031746032,73.21428571428571,22.023809523809522,100.0,64.2,10.515873015873016,58.62510504106281,70.03968253968253,77.18253968253968,11.30952380952381,244.29,554.619,17.16
2025-07-17,50.66471173001802,1.7857142857142856,41.46825396825397,55.35714285714286,49.801587301587304,88.2936507936508,6.15079365079365,70.43650793650794,13.690476190476192,100.0,67.4,1.7857142857142856,63.693061638371354,79.16666666666666,45.03968253968254,2.579365079365079,245.225,559.107,16.52
2025-07-18,58.30756642033447,0.992063492063492,27.579365079365083,51.98412698412699,47.023809523809526,83.53174603174602,3.7698412698412698,86.30952380952381,9.722222222222223,98.39923306272341,67.95,17.658730158730158,67.53819577626165,50.198412698412696,30.753968253968257,1.7857142857142856,245.424,558.57,16.41
2025-07-21,60.13031706549552,5.357142857142857,40.27777777777778,39.285714285714285,41.07142857142857,76.38888888888889,2.1825396825396823,98.61111111111111,19.246031746031747,100.0,66.75,4.563492063492063,50.0,29.563492063492063,35.91269841269841,2.976190476190476,245.643,561.466,16.65
2025-07-22,58.87217256498944,4.166666666666666,56.94444444444444,67.26190476190477,37.5,74.4047619047619,3.373015873015873,90.27777777777779,3.373015873015873,91.37377270692537,67.5,3.7698412698412698,62.275197658410036,85.11904761904762,29.166666666666668,24.404761904761905,242.251,558.56,16.5
2025-07-23,58.734416150836694,3.7698412698412698,60.912698412698404,78.37301587301587,33.92857142857143,82.73809523809524,3.7698412698412698,91.07142857142857,9.325396825396826,98.9343373715713,73.15,0.992063492063492,64.09152472334986,70.63492063492063,67.65873015873017,13.293650793650794,240.778,561.107,15.37
2025-07-24,61.24236335924903,10.119047619047619,44.24603174603175,67.26190476190477,33.92857142857143,87.5,2.1825396825396823,90.27777777777779,32.73809523809524,100.0,73.05,26.785714285714285,66.34199209952695,39.48412698412698,45.43650793650794,0.992063492063492,240.281,562.302,15.39
2025-07-25,56.392316081741555,37.10317460317461,70.83333333333334,71.23015873015873,45.03968253968254,83.92857142857143,3.7698412698412698,85.9126984126984,58.53174603174603,100.0,75.35,49.007936507936506,50.0,68.45238095238095,78.76984126984127,3.373015873015873,240.261,563.655,14.93
2025-07-28,56.861987761875085,37.10317460317461,56.15079365079365,56.15079365079365,68.45238095238095,88.2936507936508,5.753968253968254,79.16666666666666,66.07142857142857,100.0,74.85000000000001,24.404761904761905,50.0,17.658730158730158,95.83333333333334,16.071428571428573,244.449,565.417,15.03
2025-07-29,56.04870629202538,6.944444444444445,73.61111111111111,52.976190476190474,79.96031746031747,74.4047619047619,4.9603174603174605,81.94444444444444,73.21428571428571,97.41783497843187,70.1,10.515873015873016,61.076202430851666,48.41269841269841,67.65873015873017,16.46825396825397,244.887,564.541,15.98
2025-07-30,57.99544546736929,12.103174603174603,59.72222222222222,32.34126984126984,85.11904761904762,79.56349206349206,5.357142857142857,89.48412698412699,89.48412698412699,99.64627876416877,72.6,10.515873015873016,61.95509465120931,22.817460317460316,85.51587301587301,14.880952380952381,246.637,565.297,15.48
2025-07-31,58.353384129413065,38.2936507936508,28.76984126984127,23.61111111111111,91.46825396825396,69.64285714285714,8.134920634920634,97.02380952380952,93.05555555555556,90.81798625321372,66.4,60.912698412698404,62.23366578952752,15.277777777777779,85.9126984126984,5.357142857142857,238.759,562.302,16.72
2025-08-01,46.64452871764194,41.07142857142857,15.674603174603174,19.642857142857142,82.34126984126983,43.452380952380956,8.928571428571429,71.62698412698413,93.05555555555556,58.166568509023705,49.050000000000004,64.88095238095238,46.44013452785364,12.896825396825399,35.11904761904761,4.563492063492063,235.984,551.225,20.38
2025-08-04,60.59427929555555,36.30952380952381,46.230158730158735,31.547619047619047,64.48412698412699,45.436507936507944,4.166666666666666,85.51587301587301,92.65873015873017,88.14739092268753,62.4,52.976190476190474,55.2239073024168,93.45238095238095,37.10317460317461,2.976190476190476,239.127,561.396,17.52
2025-08-05,57.71967881174016,21.23015873015873,22.023809523809522,26.785714285714285,53.37301587301587,43.84920634920635,5.753968253968254,86.30952380952381,91.07142857142857,76.91084633111457,60.74999999999999,16.46825396825397,54.7036182527347,38.69047619047619,39.88095238095239,22.817460317460316,237.466,557.584,17.85
2025-08-06,58.35587245556843,68.05555555555556,14.087301587301587,27.579365079365083,41.46825396825397,47.817460317460316,7.341269841269842,99.0079365079365,88.29365079365078,97.59469559634738,66.15,61.30952380952381,55.747209835293404,43.84920634920635,47.817460317460316,22.42063492063492,235.676,564.601,16.77
2025-08-07,54.64636379301278,49.801587301587304,15.277777777777779,30.357142857142854,41.07142857142857,49.801587301587304,14.087301587301587,99.40476190476191,85.51587301587301,100.0,67.15,53.769841269841265,54.52489022979675,45.03968253968254,84.72222222222221,35.91269841269841,239.565,566.511,16.57
2025-08-08,57.106193501472035,70.43650793650794,12.896825396825399,34.12698412698413,45.43650793650794,60.91269841269841,15.277777777777779,99.8015873015873,84.32539682539682,100.0,74.25,72.02380952380952,52.45258005803017,59.72222222222222,47.817460317460316,9.325396825396826,241.584,571.796,15.15
2025-08-11,55.50485446658433,80.35714285714286,14.484126984126986,29.96031746031746,64.0873015873016,60.11904761904761,20.833333333333336,99.8015873015873,85.11904761904762,95.06817116594023,68.75,54.96031746031746,51.520388376485194,23.61111111111111,87.10317460317461,22.42063492063492,241.127,570.104,16.25
2025-08-12,56.74395992375075,57.341269841269835,30.158730158730158,49.404761904761905,79.16666666666666,66.46825396825398,25.595238095238095,99.0079365079365,79.16666666666666,100.0,76.35,25.595238095238095,53.233405442894195,87.5,92.26190476190477,44.642857142857146,248.836,577.27,14.73
2025-08-13,55.4793142840647,61.30952380952381,60.51587301587301,64.0873015873016,87.10317460317461,62.10317460317461,25.198412698412696,90.27777777777779,67.65873015873017,100.0,77.55,25.198412698412696,61.05149830175762,88.29365079365078,83.53174603174604,14.880952380952381,252.536,577.558,14.49
2025-08-14,51.63450166016711,63.29365079365079,59.72222222222222,50.0,83.92857142857143,68.05555555555556,20.436507936507937,91.07142857142857,70.83333333333334,98.70720054666947,75.85,34.32539682539682,50.0,13.690476190476192,62.10317460317461,19.246031746031747,252.794,577.11,14.83
2025-08-15,52.580493344510586,45.83333333333333,67.26190476190477,38.2936507936508,85.11904761904762,72.42063492063491,17.658730158730158,94.64285714285714,84.72222222222221,91.38614649957235,74.55,58.92857142857143,58.77367737133601,35.11904761904761,48.61111111111111,3.373015873015873,247.005,574.573,15.09
2025-08-18,50.06803932288175,31.150793650793652,44.24603174603175,38.69047619047619,71.62698412698413,72.42063492063491,15.277777777777779,97.42063492063492,89.0873015873016,90.72531820757985,75.05,39.88095238095239,50.0,41.86507936507937,41.07142857142857,10.119047619047619,247.731,574.344,14.99
2025-08-19,50.782805653519354,85.11904761904762,59.523809523809526,51.78571428571429,53.37301587301587,63.69047619047619,4.563492063492063,83.53174603174604,83.13492063492063,68.23695628837288,72.15,61.70634920634921,52.45279104769397,70.23809523809523,38.2936507936508,4.166666666666666,243.852,566.551,15.57
2025-08-20,50.357483580448,91.46825396825396,61.70634920634921,57.53968253968254,41.07142857142857,62.10317460317461,2.976190476190476,78.76984126984127,79.56349206349206,58.529417536132,71.55000000000001,84.32539682539682,52.50238506313597,50.595238095238095,50.595238095238095,7.341269841269842,242.45,563.187,15.69
2025-08-21,50.0,41.46825396825397,50.595238095238095,49.007936507936506,35.91269841269841,64.48412698412699,2.1825396825396823,66.46825396825396,58.13492063492064,51.00636357445204,67.0,24.404761904761905,50.0,21.626984126984127,37.10317460317461,20.436507936507937,241.077,560.58,16.6
2025-08-22,50.0,56.15079365079365,65.67460317460318,86.30952380952381,37.10317460317461,62.5,8.928571428571429,58.53174603174603,26.785714285714285,75.9620101646355,78.9,44.642857142857146,52.53692627982126,92.26190476190477,60.51587301587301,22.023809523809522,247.771,569.228,14.22
2025-08-25,50.0,74.8015873015873,58.13492063492064,67.46031746031747,57.341269841269835,62.5,5.357142857142857,66.86507936507937,37.89682539682539,71.2236693111341,76.05000000000001,75.59523809523809,50.0,8.134920634920634,93.84920634920636,3.373015873015873,247.194,567.586,14.79
2025-08-26,50.0,37.10317460317461,42.65873015873016,68.84920634920636,77.18253968253968,61.7063492063492,5.753968253968254,66.07142857142857,56.94444444444444,77.80020938734006,76.9,12.103174603174603,55.118175401153024,55.952380952380956,97.02380952380952,4.9603174603174605,249.522,569.865,14.62
2025-08-27,50.0,73.21428571428571,32.34126984126984,75.9920634920635,91.07142857142857,59.32539682539682,6.547619047619048,59.32539682539682,39.88095238095239,80.32809403269162,75.75,71.23015873015873,50.0,69.44444444444444,98.21428571428571,9.722222222222223,250.009,570.741,14.85
2025-08-28,50.0,93.45238095238095,45.03968253968254,68.45238095238095,98.61111111111111,58.13492063492063,1.3888888888888888,63.29365079365079,49.007936507936506,90.63874681561548,77.85,73.61111111111111,50.0,40.67460317460318,94.64285714285714,2.976190476190476,251.213,574.314,14.43
2025-08-29,50.0,91.86507936507937,52.57936507936508,67.65873015873017,99.8015873015873,57.34126984126984,1.3888888888888888,58.13492063492064,47.023809523809526,71.45452635637199,73.2,70.03968253968253,50.0,54.96031746031746,94.24603174603175,3.373015873015873,244.021,567.666,15.36
2025-09-02,50.0,35.11904761904761,39.48412698412698,42.26190476190476,99.8015873015873,51.785714285714285,1.7857142857142856,52.976190476190474,55.75396825396825,57.72718930393134,64.14999999999999,25.992063492063494,50.0,11.30952380952381,94.24603174603175,8.928571428571429,241.544,562.909,17.17
2025-09-03,50.0,29.563492063492063,22.42063492063492,39.88095238095239,98.21428571428571,45.03968253968254,1.7857142857142856,64.0873015873016,69.84126984126983,70.50512675783209,68.25,93.05555555555556,50.95532954547627,40.67460317460318,74.0079365079365,3.373015873015873,240.4,567.337,16.35
2025-09-04,50.0,55.75396825396825,40.67460317460318,52.182539682539684,97.02380952380952,38.69047619047619,0.5952380952380952,59.72222222222222,50.99206349206349,85.32614906208536,73.5,32.73809523809524,50.0,79.76190476190477,87.89682539682539,1.7857142857142856,242.877,572.473,15.3
2025-09-05,50.0,97.42063492063492,52.976190476190474,44.24603174603175,97.81746031746032,32.73809523809523,2.976190476190476,58.92857142857143,47.023809523809526,87.7097480541636,74.1,95.43650793650794,61.55689275963502,55.35714285714286,98.61111111111111,18.055555555555554,245.742,573.299,15.18
2025-09-08,52.36769221664639,9.325396825396826,29.96031746031746,48.41269841269841,98.21428571428571,29.166666666666657,2.579365079365079,58.92857142857143,62.5,95.7782017852176,74.45,19.642857142857142,55.23094792049783,45.03968253968254,97.02380952380952,2.1825396825396823,247.532,576.095,15.11
2025-09-09,52.090481632536324,18.452380952380953,45.43650793650794,30.753968253968257,99.0079365079365,32.341269841269835,0.5952380952380952,66.86507936507937,67.65873015873017,100.0,74.80000000000001,51.388888888888886,50.0,36.11111111111111,98.61111111111111,0.992063492063492,247.741,577.727,15.04
2025-09-10,55.09719110430544,99.0079365079365,36.7063492063492,25.992063492063494,99.8015873015873,29.563492063492063,1.3888888888888888,74.40476190476191,79.16666666666666,100.0,73.25,96.23015873015873,58.97646928988303,35.51587301587302,98.21428571428571,7.341269841269842,252.108,577.916,15.35
2025-09-11,57.89524914262173,89.0873015873016,49.404761904761905,61.904761904761905,99.40476190476191,29.563492063492063,1.3888888888888888,58.13492063492064,49.801587301587304,100.0,76.44999999999999,41.86507936507937,57.65779804058799,93.84920634920636,83.92857142857143,1.7857142857142856,253.839,581.28,14.71
2025-09-12,57.26767295937485,99.0079365079365,32.73809523809524,43.452380952380956,99.8015873015873,33.53174603174604,0.1984126984126984,72.81746031746032,64.48412698412699,100.0,76.2,95.83333333333334,55.75599698382488,9.722222222222223,99.8015873015873,0.1984126984126984,254.287,583.848,14.76
2025-09-15,60.40895255947966,93.45238095238095,24.404761904761905,31.944444444444443,99.0079365079365,33.92857142857143,0.1984126984126984,85.11904761904762,43.84920634920635,100.0,71.55000000000001,93.45238095238095,59.29654541571847,35.51587301587302,88.69047619047619,1.3888888888888888,256.435,588.844,15.69
2025-09-16,60.30610035660658,64.48412698412699,32.93650793650794,22.61904761904762,98.21428571428571,32.341269841269835,0.1984126984126984,88.29365079365078,70.83333333333334,98.59045859344745,68.2,68.84920634920636,57.40512395993213,28.76984126984127,95.43650793650794,1.7857142857142856,257.752,588.346,16.36
2025-09-17,61.101433478657526,87.89682539682539,43.452380952380956,28.968253968253972,96.23015873015873,33.92857142857143,0.1984126984126984,80.75396825396825,45.03968253968254,95.26756379165494,71.4,74.0079365079365,63.199342167537694,61.30952380952381,70.43650793650794,3.373015873015873,257.702,587.172,15.72
2025-09-18,63.78842728788441,94.24603174603175,36.507936507936506,39.682539682539684,96.23015873015873,42.261904761904766,0.5952380952380952,77.97619047619048,44.642857142857146,100.0,71.5,43.452380952380956,69.26169613498357,67.46031746031747,83.92857142857143,3.7698412698412698,266.713,592.466,15.7
2025-09-19,78.7140336211045,7.738095238095238,29.96031746031746,32.34126984126984,93.45238095238095,51.785714285714285,0.1984126984126984,95.83333333333334,50.198412698412696,100.0,72.75,40.67460317460318,80.7028844346875,41.46825396825397,93.84920634920636,0.1984126984126984,265.008,596.477,15.45
2025-09-22,73.84145712027949,97.42063492063492,31.150793650793652,31.746031746031743,94.24603174603175,56.94444444444444,0.1984126984126984,97.42063492063492,64.88095238095238,100.0,69.5,92.65873015873017,69.58043074133592,49.007936507936506,94.64285714285714,0.992063492063492,268.966,600.008,16.1
2025-09-23,73.24486970487429,84.72222222222221,39.88095238095239,41.46825396825397,95.03968253968253,46.62698412698413,0.1984126984126984,89.88095238095238,74.40476190476191,88.93070314618029,66.8,61.70634920634921,63.94692182292458,56.547619047619044,99.0079365079365,1.7857142857142856,268.647,596.023,16.64
2025-09-24,68.37760123776417,85.9126984126984,40.27777777777778,31.547619047619047,97.02380952380952,51.785714285714285,0.1984126984126984,72.02380952380952,62.10317460317461,83.1168917747761,69.1,35.51587301587302,54.09282822325752,36.7063492063492,84.72222222222221,4.166666666666666,268.238,593.93,16.18
2025-09-25,63.89468088408862,92.65873015873017,10.119047619047619,21.23015873015873,92.65873015873017,52.57936507936508,0.1984126984126984,80.35714285714286,79.36507936507937,76.00587547721572,66.30000000000001,72.81746031746032,58.630616760601306,10.515873015873016,51.388888888888886,3.373015873015873,267.381,591.37,16.74
2025-09-26,57.61193445015495,87.10317460317461,40.476190476190474,44.642857142857146,93.05555555555556,60.51587301587302,2.1825396825396823,68.45238095238095,70.43650793650794,82.75856321915714,73.55000000000001,72.42063492063492,50.0,93.05555555555556,94.24603174603175,8.531746031746032,267.969,593.801,15.29
2025-09-29,56.80642354589692,54.96031746031746,56.15079365079365,47.817460317460316,87.89682539682539,52.182539682539684,3.373015873015873,68.05555555555556,74.40476190476191,90.39735025755216,69.39999999999999,21.23015873015873,58.98447908058394,64.88095238095238,64.88095238095238,2.1825396825396823,268.068,596.551,16.12
2025-09-30,60.38213506459615,24.801587301587304,70.83333333333334,57.14285714285714,81.94444444444444,45.833333333333336,3.373015873015873,91.86507936507937,79.96031746031747,94.93617862872922,68.6,20.03968253968254,70.18100411432734,63.888888888888886,75.9920634920635,1.3888888888888888,270.251,598.185,16.28
2025-10-01,64.037521418074,54.96031746031746,62.5,50.99206349206349,81.54761904761905,40.67460317460318,3.7698412698412698,92.65873015873017,76.78571428571429,100.0,68.55000000000001,17.261904761904763,71.89853341219542,39.285714285714285,81.15079365079364,6.547619047619048,275.455,601.054,16.29
2025-10-02,61.38227216459367,85.9126984126984,56.15079365079365,52.976190476190474,87.5,35.11904761904762,5.753968253968254,85.9126984126984,80.35714285714286,100.0,66.85,61.70634920634921,60.80837608906794,58.13492063492064,84.72222222222221,18.849206349206348,280.788,603.525,16.63
2025-10-03,64.25478059652849,87.89682539682539,69.44444444444444,61.50793650793651,85.11904761904762,43.05555555555556,6.15079365079365,75.1984126984127,66.86507936507937,92.98289217513792,66.75,87.5,57.69142837942184,67.65873015873017,88.69047619047619,22.42063492063492,279.063,600.984,16.65
2025-10-06,66.08905689577126,95.83333333333334,68.65079365079364,52.57936507936508,91.86507936507937,56.94444444444444,11.30952380952381,90.27777777777779,72.42063492063492,100.0,68.14999999999999,94.64285714285714,68.82314499570624,45.23809523809524,97.02380952380952,41.07142857142857,287.436,605.498,16.37
2025-10-07,61.875240896670924,95.03968253968253,57.738095238095234,42.46031746031746,93.45238095238095,45.03968253968254,15.674603174603174,86.70634920634922,78.76984126984127,91.22485403199757,63.800000000000004,76.38888888888889,54.44188399951813,31.150793650793652,83.92857142857143,14.484126984126986,281.007,602.31,17.24
2025-10-08,58.55744326457392,95.83333333333334,65.27777777777779,44.642857142857146,96.62698412698413,47.42063492063492,20.436507936507937,95.03968253968253,77.18253968253968,100.0,68.5,69.64285714285714,51.475421252512746,55.55555555555556,92.26190476190477,16.071428571428573,290.606,609.214,16.3
2025-10-09,54.3667184337291,88.29365079365078,65.27777777777779,29.96031746031746,97.42063492063492,47.023809523809526,15.674603174603174,95.43650793650794,76.78571428571429,97.98374079825246,67.85,84.32539682539682,50.0,10.119047619047619,91.86507936507937,10.912698412698413,289.26,608.477,16.43
2025-10-10,48.50247436913333,97.02380952380952,17.261904761904763,11.30952380952381,93.05555555555556,18.849206349206355,15.674603174603174,89.0873015873016,92.65873015873017,40.19616533216022,45.85,93.05555555555556,47.455423928039565,4.9603174603174605,62.89682539682539,23.61111111111111,271.119,587.354,21.66
2025-10-13,51.42535378961393,93.05555555555556,21.23015873015873,18.055555555555554,83.92857142857143,24.007936507936506,11.30952380952381,78.76984126984127,64.0873015873016,74.29748276741265,54.849999999999994,72.02380952380952,50.0,77.57936507936508,55.35714285714286,16.071428571428573,283.957,599.819,19.03
2025-10-14,51.27262854588554,75.1984126984127,31.944444444444443,26.984126984126984,78.37301587301587,22.02380952380952,12.5,55.35714285714286,62.10317460317461,63.36536367625592,47.975,43.452380952380956,50.0,86.11111111111111,58.53174603174603,25.198412698412696,278.136,595.823,20.81
2025-10-15,52.80259783582361,81.54761904761905,36.7063492063492,27.579365079365083,74.0079365079365,25.198412698412696,16.071428571428573,65.27777777777779,70.83333333333334,74.8692577649232,48.4,71.23015873015873,51.92906084803443,49.2063492063492,68.05555555555556,27.579365079365083,286.719,600.028,20.64
2025-10-16,50.09949101710724,70.03968253968253,18.849206349206348,17.261904761904763,66.07142857142857,18.055555555555557,19.246031746031747,75.59523809523809,79.56349206349206,68.79038673875951,36.725,25.992063492063494,50.10707128507731,12.5,65.27777777777779,17.261904761904763,288.054,597.806,25.31
2025-10-17,50.09366318179808,72.02380952380952,22.023809523809522,24.801587301587304,63.29365079365079,22.02380952380952,16.46825396825397,64.48412698412699,59.72222222222222,79.53100224223326,48.05,61.70634920634921,50.30036813473178,76.38888888888889,57.341269841269835,18.849206349206348,287.247,601.732,20.78
2025-10-20,50.269065895313965,84.32539682539682,48.41269841269841,49.60317460317461,75.59523809523809,23.214285714285708,15.674603174603174,92.65873015873017,62.89682539682539,100.0,58.849999999999994,58.13492063492064,50.0,90.87301587301587,90.67460317460318,13.293650793650794,292.031,609.314,18.23
2025-10-21,50.18697711968169,19.246031746031747,60.912698412698404,62.10317460317461,82.34126984126983,21.230158730158735,12.103174603174603,81.54761904761905,64.48412698412699,99.56508466898838,60.64999999999999,8.134920634920634,50.0,63.29365079365079,95.03968253968253,10.515873015873016,290.397,609.155,17.87
2025-10-22,51.28035970747464,53.769841269841265,51.388888888888886,40.67460317460318,82.73809523809523,18.055555555555557,12.896825396825399,74.40476190476191,70.03968253968253,83.51151185322064,56.99999999999999,33.13492063492063,54.8403842599651,29.563492063492063,72.81746031746032,39.08730158730159,283.22,603.286,18.6
2025-10-23,50.312673844091755,79.96031746031747,73.61111111111111,56.547619047619044,86.30952380952381,25.198412698412696,13.690476190476192,79.56349206349206,61.30952380952381,97.38503738083595,63.49999999999999,32.73809523809524,50.43774338172845,60.912698412698404,79.56349206349206,21.626984126984127,290.128,608.358,17.3
2025-10-24,50.0,89.0873015873016,85.9126984126984,58.92857142857143,90.27777777777779,29.166666666666657,12.5,79.16666666666666,48.214285714285715,100.0,68.14999999999999,60.51587301587301,50.0,54.96031746031746,82.34126984126983,10.119047619047619,294.912,614.854,16.37
2025-10-27,53.99994302257732,92.26190476190477,84.72222222222221,69.64285714285714,97.02380952380952,30.753968253968253,12.896825396825399,95.03968253968253,41.86507936507937,100.0,71.05,76.78571428571429,62.93004837530807,69.64285714285714,99.8015873015873,15.674603174603174,303.106,625.804,15.79
2025-10-28,59.47115687734944,93.84920634920636,58.13492063492064,41.46825396825397,99.40476190476191,30.753968253968253,11.706349206349206,99.0079365079365,43.05555555555556,100.0,67.89999999999999,93.45238095238095,65.96566445038906,8.134920634920634,99.40476190476191,5.357142857142857,303.475,630.616,16.42
2025-10-29,62.80569804356379,76.78571428571429,39.08730158730159,20.436507936507937,99.8015873015873,53.37301587301587,10.912698412698413,99.8015873015873,48.61111111111111,100.0,65.39999999999999,89.88095238095238,68.25844688791999,12.5,99.8015873015873,27.976190476190478,308.608,633.456,16.92
2025-10-30,60.27332599726036,67.65873015873017,54.563492063492056,18.253968253968253,99.8015873015873,50.198412698412696,12.103174603174603,99.0079365079365,46.62698412698413,74.51809333771125,65.44999999999999,99.0079365079365,60.852104926683474,41.46825396825397,93.84920634920636,34.32539682539682,304.432,623.771,16.91
2025-10-31,62.79203828077238,56.547619047619044,39.48412698412698,23.214285714285715,99.8015873015873,41.46825396825397,14.087301587301587,98.61111111111111,54.166666666666664,82.43498101420342,62.8,97.81746031746032,62.6762732284577,54.96031746031746,97.42063492063492,15.277777777777779,305.568,626.78,17.44
2025-11-03,62.328776547244175,61.70634920634921,12.896825396825399,20.833333333333336,99.40476190476191,48.611111111111114,18.849206349206348,99.8015873015873,52.57936507936508,90.32555799718779,64.14999999999999,87.10317460317461,60.5297276090197,28.76984126984127,97.02380952380952,31.150793650793652,307.392,629.779,17.17
2025-11-04,56.62891858578709,71.23015873015873,9.722222222222223,16.071428571428573,98.21428571428571,30.35714285714286,29.166666666666668,96.23015873015873,56.547619047619044,56.692598486187784,55.0,77.97619047619048,55.669841003162574,37.10317460317461,69.64285714285714,28.76984126984127,295.311,616.996,19.0
2025-11-05,54.664841007056296,72.81746031746032,15.674603174603174,22.61904761904762,97.42063492063492,50.198412698412696,33.53174603174603,93.05555555555556,50.39682539682539,67.25634192956308,59.94999999999999,62.89682539682539,53.84284259171598,66.86507936507937,97.81746031746032,43.452380952380956,304.491,621.011,18.01
2025-11-06,49.16242208879987,85.51587301587301,8.134920634920634,21.23015873015873,95.03968253968253,29.166666666666657,33.92857142857143,75.9920634920635,59.72222222222222,36.822762749109586,52.5,85.51587301587301,49.19388041410316,19.642857142857142,75.9920634920635,41.46825396825397,296.547,609.444,19.5
2025-11-07,66.97472545569835,83.13492063492063,14.880952380952381,30.753968253968257,94.64285714285714,29.563492063492063,40.27777777777778,46.62698412698413,46.62698412698413,31.763216387562625,54.60000000000001,89.48412698412699,65.6875424827544,87.89682539682539,96.62698412698413,53.37301587301587,293.437,607.521,19.08
2025-11-10,66.63016882302206,82.73809523809523,14.484126984126986,38.095238095238095,95.03968253968253,45.833333333333336,39.48412698412698,83.13492063492063,55.35714285714286,67.1274195313749,61.99999999999999,82.73809523809523,59.491364645334535,68.84920634920636,97.42063492063492,26.38888888888889,301.033,620.962,17.6
2025-11-11,64.53077804001664,76.78571428571429,47.817460317460316,51.98412698412699,97.81746031746032,48.21428571428571,44.642857142857146,93.45238095238095,58.333333333333336,62.77563082518747,63.599999999999994,65.27777777777779,50.0,71.23015873015873,98.61111111111111,53.37301587301587,294.204,619.308,17.28
2025-11-12,61.46469028785155,68.05555555555556,71.62698412698413,55.55555555555556,97.81746031746032,35.51587301587301,47.817460317460316,75.59523809523809,45.03968253968254,61.489037912656755,62.449999999999996,76.78571428571429,55.69225881424798,63.29365079365079,97.81746031746032,54.96031746031746,298.71,618.819,17.51
2025-11-13,56.96004263533931,85.51587301587301,58.13492063492064,34.32539682539682,98.21428571428571,29.96031746031747,49.801587301587304,63.69047619047619,48.214285714285715,28.248107734922723,50.0,80.75396825396825,59.785924607582345,12.103174603174603,97.02380952380952,47.817460317460316,288.453,606.185,20.0
2025-11-14,53.66346820890021,84.32539682539682,46.230158730158735,27.579365079365083,97.81746031746032,35.11904761904762,50.595238095238095,71.62698412698413,56.547619047619044,29.45576856693009,50.85000000000001,84.32539682539682,55.477757226641266,28.373015873015873,89.48412698412699,57.738095238095234,287.596,606.644,19.83
2025-11-17,47.02181180321004,60.11904761904761,28.76984126984127,14.087301587301587,96.23015873015873,28.769841269841265,53.37301587301587,96.62698412698413,81.94444444444444,15.824198260547359,44.050000000000004,81.94444444444444,46.1930985658424,7.341269841269842,66.07142857142857,58.53174603174603,282.652,601.463,22.38
2025-11-18,41.94469534126104,63.29365079365079,34.32539682539682,14.484126984126986,94.64285714285714,24.801587301587304,54.96031746031746,89.48412698412699,84.72222222222221,0.0,38.275,80.35714285714286,41.13409864604203,46.230158730158735,88.29365079365078,68.45238095238095,276.093,594.14,24.69
2025-11-19,45.961618591560566,52.57936507936508,20.03968253968254,13.293650793650794,87.89682539682539,27.579365079365076,54.563492063492056,96.62698412698413,81.74603174603175,5.889280392008267,40.85,93.45238095238095,46.10499307943415,32.73809523809524,70.03968253968253,42.26190476190476,280.708,597.687,23.66
2025-11-20,33.61847962406931,91.46825396825396,19.642857142857142,10.912698412698413,72.42063492063492,17.658730158730165,51.78571428571429,96.62698412698413,96.23015873015873,0.0,33.94999999999999,95.03968253968253,32.121690960278684,17.261904761904763,27.18253968253968,12.896825396825399,267.241,583.538,26.42
2025-11-21,33.41884269064167,75.1984126984127,24.801587301587304,35.51587301587302,37.10317460317461,17.658730158730165,50.99206349206349,76.78571428571429,73.21428571428571,0.0,41.425,90.67460317460318,32.16150374775194,96.23015873015873,2.976190476190476,53.37301587301587,269.962,587.922,23.43
2025-11-24,33.160698460099226,18.055555555555554,20.03968253968254,37.89682539682539,23.61111111111111,21.230158730158735,41.86507936507937,93.05555555555556,72.42063492063492,19.755015870610304,48.7,55.35714285714286,33.302802270562516,54.96031746031746,4.166666666666666,28.373015873015873,281.794,602.957,20.52
2025-11-25,37.502316544184104,75.9920634920635,30.357142857142854,73.21428571428571,14.087301587301587,23.214285714285708,35.51587301587302,85.9126984126984,52.976190476190474,29.534700647453427,57.2,98.21428571428571,40.34988998981304,93.05555555555556,11.706349206349206,35.11904761904761,282.672,606.674,18.56
2025-11-26,42.16290416155594,75.59523809523809,42.65873015873016,81.94444444444444,8.928571428571429,24.801587301587304,34.72222222222222,77.97619047619048,38.2936507936508,43.637232367625494,64.05,85.51587301587301,50.0,79.96031746031747,11.30952380952381,39.08730158730159,290.457,612.034,17.19
2025-11-28,52.49667866413471,74.40476190476191,76.78571428571429,90.67460317460318,12.5,30.753968253968253,30.753968253968257,87.10317460317461,31.547619047619047,56.692598486187784,68.25,91.86507936507937,50.0,86.30952380952381,77.97619047619048,2.976190476190476,295.789,616.996,16.35
2025-12-01,49.45797201203477,48.214285714285715,73.21428571428571,77.97619047619048,15.277777777777779,33.13492063492063,20.436507936507937,91.07142857142857,27.18253968253968,51.241022791375016,63.800000000000004,57.341269841269835,50.0,14.087301587301587,16.071428571428573,25.992063492063494,295.969,614.924,17.24
2025-12-02,50.0,70.43650793650794,81.54761904761905,74.8015873015873,25.198412698412696,33.92857142857143,22.42063492063492,81.94444444444444,29.563492063492063,63.901728507320584,67.05,45.83333333333333,49.51840331039232,39.88095238095239,43.84920634920635,33.53174603174603,301.87,619.736,16.59
2025-12-03,50.0,56.15079365079365,85.9126984126984,78.57142857142857,29.96031746031746,31.944444444444443,28.373015873015873,70.83333333333334,33.53174603174603,67.88516750439909,69.60000000000001,54.96031746031746,53.32192714670655,70.43650793650794,52.976190476190474,51.78571428571429,308.369,621.25,16.08
2025-12-04,50.0,24.801587301587304,89.88095238095238,75.59523809523809,45.43650793650794,43.05555555555556,25.595238095238095,80.35714285714286,31.547619047619047,66.36704048899999,71.1,41.07142857142857,51.69880931566215,52.976190476190474,55.35714285714286,30.357142857142854,305.299,620.673,15.78
2025-12-05,51.571830852807935,28.373015873015873,95.83333333333334,70.83333333333334,30.357142857142854,52.182539682539684,29.166666666666668,72.42063492063492,37.10317460317461,73.0236459464692,72.95,31.944444444444443,51.29846896536308,55.35714285714286,23.214285714285715,5.357142857142857,308.409,623.203,15.41
2025-12-08,53.25173987614362,44.642857142857146,81.15079365079364,60.51587301587301,35.11904761904761,56.547619047619044,31.150793650793652,64.48412698412699,35.51587301587302,69.87951807228914,66.69999999999999,34.72222222222222,55.87595100425951,20.03968253968254,29.166666666666668,33.53174603174603,311.758,622.008,16.66
2025-12-09,50.08033796230944,8.531746031746032,77.18253968253968,49.007936507936506,29.96031746031746,60.11904761904761,20.833333333333336,56.547619047619044,34.72222222222222,71.89754826433608,65.35,6.547619047619048,50.0,37.698412698412696,20.436507936507937,12.5,311.18,622.775,16.93
2025-12-10,51.2241317639831,6.547619047619048,74.8015873015873,66.86507936507937,27.579365079365083,50.992063492063494,15.277777777777779,56.94444444444444,47.42063492063492,78.60940617817178,71.15,5.357142857142857,53.83837925994702,87.5,27.579365079365083,35.51587301587302,315.317,625.326,15.77
2025-12-11,52.12294112645865,43.05555555555556,74.8015873015873,81.54761904761905,27.579365079365083,55.75396825396825,15.277777777777779,27.18253968253968,26.38888888888889,73.28675288154702,75.75,36.30952380952381,53.590653510183145,79.96031746031747,55.75396825396825,29.96031746031746,313.512,623.303,14.85
2025-12-12,55.26589793400481,88.69047619047619,51.388888888888886,75.9920634920635,29.563492063492063,60.91269841269841,25.595238095238095,20.833333333333336,24.404761904761905,41.9322994283212,71.3,81.15079365079364,57.74396755000707,35.11904761904761,38.69047619047619,26.785714285714285,298.521,611.386,15.74
2025-12-15,55.506595557801184,72.02380952380952,72.22222222222221,76.38888888888889,25.198412698412696,54.56349206349206,16.865079365079367,19.642857142857142,16.071428571428573,33.86017866013308,67.5,65.27777777777779,57.03397242784823,59.32539682539682,10.912698412698413,16.071428571428573,297.055,608.318,16.5
2025-12-16,60.58314099263786,56.547619047619044,60.912698412698404,64.0873015873016,24.404761904761905,46.230158730158735,14.484126984126986,22.817460317460316,27.579365079365083,37.030617227821104,67.6,63.29365079365079,57.47396962756911,14.484126984126986,14.484126984126986,4.9603174603174605,295.684,609.523,16.48
2025-12-17,59.53706018044619,71.62698412698413,48.61111111111111,59.32539682539682,20.03968253968254,36.30952380952381,11.706349206349206,20.833333333333336,39.88095238095239,7.3047957027271515,61.89999999999999,82.34126984126983,60.16244117588528,48.214285714285715,11.706349206349206,21.626984126984127,284.733,598.225,17.62
2025-12-18,61.99504110004705,77.57936507936508,50.99206349206349,60.11904761904761,10.912698412698413,35.11904761904762,6.944444444444445,18.849206349206348,35.11904761904761,30.110904835274077,65.65,74.40476190476191,60.990220903184465,54.563492063492056,2.579365079365079,5.357142857142857,291.531,606.893,16.87
2025-12-19,79.55821174239765,63.29365079365079,54.166666666666664,53.37301587301587,9.722222222222223,53.37301587301587,5.357142857142857,20.833333333333336,38.2936507936508,50.925294469281646,75.45,31.547619047619047,80.7846935574349,58.92857142857143,28.373015873015873,0.5952380952380952,299.288,614.804,14.91
2025-12-22,77.22712815755018,63.29365079365079,81.15079365079364,71.23015873015873,15.277777777777779,64.0873015873016,2.976190476190476,23.214285714285715,32.73809523809524,58.6790558460255,79.6,61.70634920634921,50.0,88.69047619047619,48.61111111111111,2.976190476190476,303.311,617.751,14.08
2025-12-23,70.91450413211523,74.0079365079365,81.15079365079364,65.27777777777779,18.055555555555554,68.45238095238095,1.7857142857142856,27.976190476190478,31.944444444444443,66.29073947782736,80.0,76.38888888888889,50.0,36.904761904761905,40.27777777777778,0.5952380952380952,304.429,620.644,14.0
2025-12-24,62.68592292210896,91.46825396825396,80.35714285714286,74.0079365079365,29.166666666666668,65.67460317460318,0.1984126984126984,25.595238095238095,18.055555555555554,71.06876141884109,82.64999999999999,93.05555555555556,50.0,86.30952380952381,61.30952380952381,1.3888888888888888,305.607,622.46,13.47
2025-12-26,50.16882432068529,98.21428571428571,69.64285714285714,74.8015873015873,52.57936507936508,63.2936507936508,0.1984126984126984,28.76984126984127,32.73809523809524,70.96351864480978,82.0,98.21428571428571,50.0,51.388888888888886,75.1984126984127,3.373015873015873,305.507,622.42,13.6
2025-12-29,50.0,66.86507936507937,67.26190476190477,76.38888888888889,59.72222222222222,52.57936507936508,0.992063492063492,28.373015873015873,33.13492063492063,63.03610669091474,79.0,68.05555555555556,50.0,30.952380952380953,52.976190476190474,4.166666666666666,304.788,619.407,14.2
2025-12-30,50.0,70.03968253968253,54.166666666666664,70.43650793650794,58.13492063492064,56.94444444444444,0.5952380952380952,28.373015873015873,43.05555555555556,59.25789110319685,78.35,77.57936507936508,50.0,26.58730158730159,44.642857142857146,3.373015873015873,304.389,617.971,14.33
2025-12-31,50.0,80.75396825396825,30.753968253968257,24.00793650793651,60.51587301587301,52.976190476190474,0.992063492063492,28.373015873015873,68.45238095238095,45.818388859420935,75.25,76.78571428571429,50.0,0.5952380952380952,47.023809523809526,0.992063492063492,300.625,612.863,14.95
2026-01-02,50.0,92.26190476190477,46.230158730158735,55.75396825396825,61.70634920634921,59.32539682539682,4.563492063492063,24.404761904761905,49.007936507936506,42.692678470696116,77.45,88.69047619047619,50.0,68.84920634920636,70.03968253968253,38.2936507936508,313.143,611.675,14.51
2026-01-05,50.0,38.69047619047619,58.13492063492064,65.27777777777779,59.32539682539682,62.10317460317461,9.325396825396826,25.992063492063494,49.404761904761905,55.47704444612825,75.5,11.706349206349206,53.51187682440855,71.62698412698413,63.29365079365079,35.51587301587302,317.506,616.534,14.9
2026-01-06,50.0,77.97619047619048,71.62698412698413,83.92857142857143,57.341269841269835,69.64285714285714,12.103174603174603,16.865079365079367,27.976190476190478,69.72954711929482,76.25,47.023809523809526,55.31817540462719,83.92857142857143,50.595238095238095,46.62698412698413,327.778,621.951,14.75
2026-01-07,50.0,34.32539682539682,21.626984126984127,52.976190476190474,53.769841269841265,56.547619047619044,14.880952380952381,23.61111111111111,44.642857142857146,71.30555766041094,73.1,10.119047619047619,52.704101070123386,8.531746031746032,28.373015873015873,10.515873015873016,324.324,622.55,15.38
2026-01-08,52.958066356729184,37.10317460317461,49.007936507936506,79.16666666666666,50.595238095238095,70.03968253968254,34.32539682539682,16.46825396825397,27.976190476190478,61.98631001995405,72.75,6.547619047619048,52.18973743290342,74.0079365079365,37.89682539682539,36.7063492063492,319.023,619.008,15.45
2026-01-09,52.72827192223502,69.64285714285714,28.76984126984127,80.75396825396825,42.26190476190476,73.61111111111111,29.166666666666668,13.293650793650794,19.642857142857142,78.20948363685346,77.55,10.119047619047619,50.0,56.94444444444444,49.404761904761905,31.150793650793652,328.207,625.174,14.49
2026-01-12,51.41062355874743,13.293650793650794,25.595238095238095,74.40476190476191,39.08730158730159,76.38888888888889,21.23015873015873,17.261904761904763,7.341269841269842,79.57237756055659,74.4,3.7698412698412698,50.253188843877744,45.83333333333333,46.62698412698413,14.484126984126986,329.774,625.692,15.12
2026-01-13,50.56366608485828,33.92857142857143,38.2936507936508,71.23015873015873,37.5,73.21428571428572,16.46825396825397,11.30952380952381,12.5,77.13337627238498,70.1,20.03968253968254,53.820403464039465,52.77777777777778,40.27777777777778,25.198412698412696,332.719,624.765,15.98
2026-01-14,50.68586114980078,19.246031746031747,60.11904761904761,76.78571428571429,39.88095238095239,57.73809523809524,17.261904761904763,13.690476190476192,19.246031746031747,59.57098835593949,66.25,2.1825396825396823,55.1175793485135,65.07936507936508,38.69047619047619,12.103174603174603,331.322,618.09,16.75
2026-01-15,50.61944375731454,57.341269841269835,87.10317460317461,80.95238095238095,48.214285714285715,69.64285714285714,15.674603174603174,8.928571428571429,15.674603174603174,65.42511766142151,70.8,10.119047619047619,52.82191044998845,65.67460317460318,66.86507936507937,32.73809523809524,336.632,620.315,15.84
2026-01-16,61.07413344847609,18.055555555555554,81.54761904761905,72.61904761904762,50.595238095238095,82.73809523809524,10.515873015873016,8.134920634920634,10.119047619047619,64.05959266836746,70.7,74.8015873015873,70.51122108282964,41.07142857142857,53.769841269841265,4.563492063492063,341.873,619.796,15.86
2026-01-20,52.50575288415919,47.023809523809526,53.57142857142857,41.86507936507937,49.801587301587304,80.75396825396825,10.515873015873016,5.357142857142857,37.5,29.411040387966885,49.775,16.46825396825397,52.940276505689695,6.15079365079365,46.62698412698413,10.912698412698413,336.762,606.627,20.09
2026-01-21,54.399357764516786,68.84920634920636,58.13492063492064,63.29365079365079,56.547619047619044,81.54761904761905,10.912698412698413,2.1825396825396823,44.24603174603175,50.98844013370029,65.5,37.5,54.44402129512101,91.86507936507937,60.11904761904761,28.373015873015873,347.533,614.828,16.9
2026-01-22,53.777944031150994,33.92857142857143,78.76984126984127,63.49206349206349,62.10317460317461,84.32539682539682,14.484126984126986,6.944444444444445,50.99206349206349,62.74668906232896,71.8,22.42063492063492,51.82185118253474,58.13492063492064,57.738095238095234,36.7063492063492,348.063,619.297,15.64
2026-01-23,51.16620661790795,52.182539682539684,58.333333333333336,53.17460317460318,48.214285714285715,81.94444444444444,15.674603174603174,10.912698412698413,45.03968253968254,67.89306071245163,69.55,58.13492063492064,50.392642429144885,24.404761904761905,30.753968253968257,43.84920634920635,344.109,621.253,16.09
2026-01-26,51.436489418572165,27.579365079365083,62.10317460317461,58.53174603174603,34.72222222222222,81.15079365079364,22.023809523809522,14.880952380952381,49.801587301587304,75.08377324812864,69.25,5.753968253968254,50.0,67.26190476190477,13.293650793650794,22.42063492063492,342.472,623.986,16.15
2026-01-27,52.25415495436536,36.7063492063492,60.912698412698404,53.37301587301587,34.72222222222222,86.7063492063492,28.373015873015873,16.46825396825397,54.96031746031746,89.96773256548212,68.25,4.9603174603174605,51.77959601660423,41.86507936507937,43.05555555555556,31.944444444444443,350.468,629.643,16.35
2026-01-28,52.457879946869575,75.9920634920635,49.404761904761905,37.5,32.73809523809524,88.69047619047619,43.84920634920635,10.912698412698413,70.43650793650794,95.45351216185485,68.25,13.690476190476192,55.36579425020822,28.76984126984127,40.27777777777778,61.70634920634921,359.832,631.728,16.35
2026-01-29,55.2543511532073,87.89682539682539,42.26190476190476,43.452380952380956,26.785714285714285,86.30952380952381,44.24603174603175,2.1825396825396823,47.42063492063492,85.50543894656194,65.6,90.67460317460318,57.446350407306056,58.53174603174603,22.023809523809522,37.89682539682539,360.501,627.947,16.88
2026-01-30,59.243237167456364,71.62698412698413,28.373015873015873,43.05555555555556,20.03968253968254,87.5,43.84920634920635,0.1984126984126984,27.18253968253968,65.66191390299136,62.8,61.30952380952381,60.254934767874474,42.65873015873016,8.928571428571429,44.24603174603175,345.697,620.405,17.44
2026-02-02,61.80905549605076,63.29365079365079,41.86507936507937,48.61111111111111,22.817460317460316,79.56349206349206,47.42063492063492,1.7857142857142856,21.626984126984127,76.87026933730718,68.3,34.32539682539682,59.924041942690536,63.888888888888886,20.833333333333336,29.96031746031746,352.076,624.665,16.34
2026-02-03,51.96470206190359,83.53174603174604,72.81746031746032,48.80952380952381,24.00793650793651,70.43650793650794,45.43650793650794,0.5952380952380952,27.976190476190478,51.61726570853647,60.0,14.484126984126986,51.91453945606776,57.341269841269835,51.78571428571429,29.166666666666668,345.038,615.067,18.0
2026-02-04,43.76237294724988,49.801587301587304,64.88095238095238,65.87301587301587,18.055555555555554,68.84920634920636,50.198412698412696,0.1984126984126984,18.849206349206348,23.349056603773523,56.8,8.134920634920634,43.86504993577252,78.37301587301587,16.865079365079367,70.43650793650794,329.804,604.323,18.64
2026-02-05,36.95531165291058,45.43650793650794,48.01587301587302,56.74603174603175,16.46825396825397,33.13492063492063,52.182539682539684,0.5952380952380952,20.03968253968254,0.45875325200182004,45.575,52.57936507936508,37.70685748360709,23.214285714285715,11.706349206349206,55.75396825396825,330.254,595.623,21.77
2026-02-06,51.22073745201275,88.29365079365078,80.75396825396825,77.77777777777779,24.801587301587304,50.992063492063494,53.37301587301587,0.992063492063492,14.087301587301587,33.586547447652386,61.199999999999996,67.26190476190477,51.06750680950069,90.67460317460318,40.27777777777778,52.57936507936508,347.903,608.214,17.76
2026-02-09,49.87142621431763,70.03968253968253,76.78571428571429,72.22222222222221,27.976190476190478,58.53174603174603,51.388888888888886,1.3888888888888888,15.277777777777779,45.84469955292872,63.2,27.976190476190478,49.917384503667925,51.78571428571429,29.563492063492063,18.849206349206348,352.155,612.873,17.36
2026-02-10,46.85499662978951,32.73809523809524,81.15079365079364,77.97619047619048,19.246031746031747,37.5,50.198412698412696,1.7857142857142856,20.436507936507937,38.36193831931502,61.050000000000004,1.3888888888888888,48.101914265555784,63.29365079365079,21.23015873015873,19.642857142857142,350.818,610.029,17.79
2026-02-11,48.25342405123645,29.96031746031746,87.10317460317461,77.77777777777779,20.03968253968254,44.64285714285714,45.03968253968254,0.992063492063492,25.198412698412696,42.668998846539246,61.75000000000001,2.579365079365079,48.50175238518387,58.13492063492064,19.642857142857142,63.69047619047619,359.572,611.666,17.65
2026-02-12,41.46985438234197,16.071428571428573,78.37301587301587,56.15079365079365,25.992063492063494,19.246031746031747,28.76984126984127,1.7857142857142856,50.198412698412696,9.935865053505388,47.95,1.3888888888888888,40.97535318711542,18.650793650793652,23.61111111111111,20.436507936507937,350.888,599.225,20.82
2026-02-13,41.269768788468305,39.88095238095239,87.5,63.69047619047619,15.277777777777779,16.865079365079367,27.976190476190478,0.1984126984126984,46.62698412698413,13.295740614449336,48.5,2.1825396825396823,43.72367161549343,80.35714285714286,5.753968253968254,52.182539682539684,354.042,600.502,20.6
2026-02-17,42.78298165713042,45.83333333333333,84.32539682539682,63.49206349206349,10.515873015873016,17.658730158730165,49.801587301587304,1.7857142857142856,31.547619047619047,11.667108686317656,49.275000000000006,11.30952380952381,45.97282401861974,44.047619047619044,9.325396825396826,64.88095238095238,353.483,599.883,20.29
2026-02-18,56.80164497847021,51.388888888888886,85.9126984126984,75.59523809523809,8.928571428571429,23.611111111111114,53.37301587301587,0.992063492063492,18.849206349206348,23.45429937780484,51.9,5.753968253968254,50.0,68.05555555555556,7.738095238095238,32.34126984126984,357.296,604.363,19.62
2026-02-19,49.510095464152194,34.72222222222222,73.4126984126984,62.89682539682539,7.341269841269842,20.436507936507937,51.388888888888886,0.1984126984126984,11.30952380952381,17.363373830752803,49.425,0.5952380952380952,50.0,30.753968253968257,14.087301587301587,56.15079365079365,355.22,602.048,20.23
2026-02-20,50.08922160801609,53.769841269841265,86.30952380952381,68.05555555555556,6.547619047619048,26.388888888888886,56.547619047619044,3.7698412698412698,10.912698412698413,31.381711331699897,54.55,27.579365079365083,50.222016559481894,71.23015873015873,11.30952380952381,42.26190476190476,358.804,607.376,19.09
2026-02-23,49.28183645831358,70.43650793650794,59.72222222222222,46.82539682539682,8.134920634920634,16.46825396825396,48.214285714285715,2.579365079365079,16.071428571428573,11.956526314903233,47.474999999999994,4.563492063492063,46.971223324192025,21.23015873015873,16.46825396825397,22.817460317460316,356.198,599.993,21.01
2026-02-24,49.63216318348543,90.67460317460318,74.8015873015873,55.158730158730165,10.515873015873016,18.849206349206355,31.547619047619047,2.976190476190476,10.912698412698413,28.913768280669778,52.25,40.67460317460318,48.013681190821345,78.17460317460318,15.674603174603174,26.785714285714285,361.409,606.438,19.55
2026-02-25,49.49810507440813,87.10317460317461,68.45238095238095,54.166666666666664,14.087301587301587,24.404761904761912,25.198412698412696,6.944444444444445,39.08730158730159,52.03823680466096,60.35,24.00793650793651,48.75060199373938,50.99206349206349,24.404761904761905,15.674603174603174,367.359,615.227,17.93
2026-02-26,47.306567106688775,95.43650793650794,77.18253968253968,70.03968253968253,15.674603174603174,18.45238095238095,20.436507936507937,0.992063492063492,29.96031746031746,32.51044008318373,56.85000000000001,59.72222222222222,45.751595539416314,74.40476190476191,21.626984126984127,37.89682539682539,356.178,607.805,18.63
2026-02-27,44.06066174241293,37.89682539682539,87.5,62.5,14.484126984126986,13.69047619047619,18.849206349206348,0.5952380952380952,61.70634920634921,27.390379126569215,50.7,8.531746031746032,42.09302820922458,56.547619047619044,6.15079365079365,30.357142857142854,351.676,605.859,19.86
2026-03-02,45.731769042167315,42.65873015873016,75.9920634920635,55.75396825396825,9.722222222222223,13.69047619047619,24.00793650793651,1.7857142857142856,74.0079365079365,29.48997246849041,46.4,5.753968253968254,47.21414865626489,42.26190476190476,2.976190476190476,47.023809523809526,351.437,606.657,21.44
2026-03-03,38.393160361860666,45.03968253968254,56.94444444444444,25.198412698412696,6.944444444444445,12.5,45.83333333333333,2.976190476190476,91.86507936507937,12.403808104535512,41.075,2.976190476190476,41.31145147087855,11.706349206349206,3.373015873015873,77.57936507936508,334.197,600.163,23.57
2026-03-04,46.65760985029674,74.40476190476191,50.99206349206349,28.373015873015873,3.7698412698412698,16.46825396825396,56.94444444444444,3.373015873015873,80.75396825396825,36.47283052545608,47.125,28.373015873015873,48.84535613010251,57.738095238095234,2.579365079365079,44.642857142857146,340.945,609.311,21.15
2026-03-05,46.04355075802371,51.388888888888886,39.285714285714285,16.46825396825397,2.1825396825396823,18.055555555555557,61.30952380952381,4.9603174603174605,85.9126984126984,31.642187197426974,40.625,4.9603174603174605,45.90790106972738,11.904761904761903,1.3888888888888888,65.67460317460318,337.172,607.475,23.75
2026-03-06,46.97294603095158,64.0873015873016,10.912698412698413,9.325396825396826,2.1825396825396823,15.674603174603178,69.64285714285714,7.341269841269842,93.84920634920636,7.599475470014176,26.275000000000006,10.119047619047619,46.67762369250784,15.674603174603174,0.992063492063492,78.76984126984127,322.946,598.337,29.49
2026-03-09,41.89924133027673,41.86507936507937,18.452380952380953,8.928571428571429,1.3888888888888888,16.07142857142857,77.97619047619048,8.531746031746032,93.05555555555556,28.624350652084196,36.25,2.1825396825396823,40.22322229516157,48.214285714285715,1.3888888888888888,84.32539682539682,335.784,606.328,25.5
2026-03-10,40.889736865491244,71.23015873015873,5.357142857142857,6.547619047619048,0.5952380952380952,18.849206349206355,79.96031746031747,10.912698412698413,94.24603174603175,28.65066134559197,37.675,11.706349206349206,47.85205178129468,17.261904761904763,2.579365079365079,87.10317460317461,338.22,606.338,24.93
2026-03-11,43.42657434319556,53.769841269841265,1.7857142857142856,5.357142857142857,0.5952380952380952,23.214285714285708,81.94444444444444,11.30952380952381,91.86507936507937,28.440175797529726,39.425,22.023809523809522,50.0,21.03174603174603,3.7698412698412698,77.57936507936508,341.494,606.258,24.23
2026-03-12,41.188822062845304,20.03968253968254,0.1984126984126984,3.373015873015873,2.1825396825396823,23.214285714285708,81.54761904761905,11.706349206349206,93.45238095238095,1.0638992026806036,31.775000000000006,1.7857142857142856,37.055183030599885,7.738095238095238,8.134920634920634,49.801587301587304,329.615,595.853,27.29
2026-03-13,45.63149536653726,55.75396825396825,0.1984126984126984,4.166666666666666,3.373015873015873,20.833333333333343,81.15079365079364,12.896825396825399,96.23015873015873,0.0,32.025000000000006,42.26190476190476,50.0,51.388888888888886,4.9603174603174605,72.02380952380952,330.743,592.321,27.19
2026-03-16,50.0,86.70634920634922,1.3888888888888888,4.166666666666666,4.563492063492063,19.64285714285714,77.18253968253968,16.46825396825397,98.61111111111111,9.251787022303109,41.224999999999994,61.70634920634921,48.49683009619317,87.6984126984127,4.166666666666666,53.769841269841265,337.241,598.965,23.51
2026-03-17,50.0,75.9920634920635,4.563492063492063,5.753968253968254,4.9603174603174605,18.055555555555557,61.30952380952381,17.261904761904763,95.43650793650794,16.945033803979026,44.074999999999996,35.11904761904761,50.0,68.25396825396825,4.9603174603174605,10.515873015873016,339.866,601.889,22.37
2026-03-18,49.45560303983547,78.37301587301587,1.3888888888888888,2.1825396825396823,4.9603174603174605,18.055555555555557,56.94444444444444,19.246031746031747,99.0079365079365,0.0,37.275,35.11904761904761,47.93129155137478,3.7698412698412698,3.7698412698412698,67.65873015873017,337.909,593.498,25.09
2026-03-19,49.89075519890336,68.45238095238095,2.976190476190476,2.579365079365079,4.563492063492063,15.674603174603178,58.13492063492064,14.484126984126986,95.83333333333334,0.0,39.85,42.26190476190476,37.87382707827358,34.32539682539682,5.357142857142857,52.976190476190474,339.816,591.623,24.06
2026-03-20,19.425571628193783,16.865079365079367,2.579365079365079,1.7857142857142856,5.357142857142857,28.373015873015873,27.18253968253968,20.436507936507937,98.21428571428571,0.0,33.05,0.5952380952380952,12.863255294732937,8.531746031746032,10.912698412698413,5.357142857142857,332.135,580.689,26.78
2026-03-23,25.877301781620154,68.84920634920636,4.563492063492063,2.579365079365079,6.547619047619048,24.404761904761912,27.976190476190478,16.865079365079367,95.83333333333334,0.0,34.625,37.5,33.73120352713918,87.89682539682539,7.341269841269842,58.13492063492064,336.211,587.354,26.15
2026-03-24,20.429802789501622,58.53174603174603,9.325396825396826,4.166666666666666,6.547619047619048,31.944444444444443,49.801587301587304,11.706349206349206,93.05555555555556,0.0,32.625,24.404761904761905,43.443711930703984,58.92857142857143,5.357142857142857,66.07142857142857,340.636,583.339,26.95
2026-03-25,20.4900069966167,82.73809523809523,27.579365079365083,6.15079365079365,5.357142857142857,24.007936507936506,37.10317460317461,13.690476190476192,94.24603174603175,0.0,36.675000000000004,47.817460317460316,50.0,70.83333333333334,1.3888888888888888,36.7063492063492,344.861,587.174,25.33
2026-03-26,17.382750978683482,82.34126984126983,41.86507936507937,3.373015873015873,5.753968253968254,29.166666666666657,31.944444444444443,7.738095238095238,96.62698412698413,0.0,31.400000000000006,76.78571428571429,40.480133060764075,23.61111111111111,6.944444444444445,39.88095238095239,328.479,573.16,27.44
2026-03-27,40.73058150100898,46.62698412698413,17.658730158730158,2.1825396825396823,2.976190476190476,19.246031746031747,56.547619047619044,6.547619047619048,99.40476190476191,0.0,22.375,61.70634920634921,38.37109315581125,8.531746031746032,1.3888888888888888,43.84920634920635,323.115,561.962,31.05
2026-03-30,41.95184904800445,61.30952380952381,7.738095238095238,3.373015873015873,0.5952380952380952,10.912698412698404,61.30952380952381,6.547619047619048,98.21428571428571,0.0,23.474999999999994,53.769841269841265,27.910394195586665,54.563492063492056,0.992063492063492,75.59523809523809,309.441,557.667,30.61
2026-03-31,38.52085459656602,42.65873015873016,17.261904761904763,15.674603174603174,0.5952380952380952,10.515873015873012,50.595238095238095,9.325396825396826,87.5,0.0,36.875,56.94444444444444,25.954211207543555,94.64285714285714,2.976190476190476,34.32539682539682,328.289,576.546,25.25
2026-04-01,34.06253848739592,57.341269841269835,52.182539682539684,25.198412698412696,1.7857142857142856,13.69047619047619,58.53174603174603,10.912698412698413,74.40476190476191,0.0,38.650000000000006,50.99206349206349,35.74016601503845,64.0873015873016,8.928571428571429,55.35714285714286,338.158,583.668,24.54
2026-04-02,40.8272843777886,87.10317460317461,64.88095238095238,37.89682539682539,0.5952380952380952,12.5,79.56349206349206,9.722222222222223,36.7063492063492,0.0,40.324999999999996,59.32539682539682,50.0,63.69047619047619,1.3888888888888888,94.64285714285714,339.227,584.337,23.87
2026-04-06,48.350043006268,89.88095238095238,88.29365079365078,57.341269841269835,1.7857142857142856,18.055555555555557,87.89682539682539,12.103174603174603,50.595238095238095,0.0,39.574999999999996,49.404761904761905,50.0,69.84126984126983,8.928571428571429,95.03968253968253,343.712,587.854,24.17
2026-04-07,50.0,73.21428571428571,71.62698412698413,40.87301587301587,5.357142857142857,16.865079365079367,88.69047619047619,15.674603174603174,61.30952380952381,0.0,35.55,47.42063492063492,50.0,29.96031746031746,9.722222222222223,95.43650793650794,347.368,587.943,25.78
2026-04-08,50.0,56.94444444444444,83.92857142857143,90.67460317460318,9.722222222222223,25.992063492063494,90.27777777777779,19.246031746031747,47.023809523809526,26.245863958980493,47.400000000000006,27.976190476190478,50.61143717578514,95.03968253968253,22.817460317460316,79.16666666666666,369.982,605.424,21.04
2026-04-09,50.0,94.64285714285714,81.94444444444444,88.69047619047619,10.912698412698413,29.96031746031747,92.26190476190477,17.658730158730158,24.00793650793651,37.02272401976875,52.55000000000001,40.27777777777778,50.0,61.30952380952381,16.865079365079367,91.07142857142857,378.203,609.52,19.49
2026-04-10,50.0,99.40476190476191,77.57936507936508,75.1984126984127,14.087301587301587,32.73809523809523,92.65873015873017,29.563492063492063,56.547619047619044,39.33543397910291,53.849999999999994,55.35714285714286,50.0,12.896825396825399,23.214285714285715,99.0079365079365,386.164,610.399,19.23
2026-04-13,50.0,95.83333333333334,95.83333333333334,87.5,14.484126984126986,35.912698412698404,92.26190476190477,25.198412698412696,50.198412698412696,55.945374790566845,54.39999999999999,36.7063492063492,50.0,81.15079365079364,16.071428571428573,91.07142857142857,392.897,616.712,19.12
2026-04-14,54.161915560338834,97.02380952380952,96.23015873015873,88.29365079365078,21.23015873015873,37.10317460317461,89.88095238095238,33.92857142857143,43.05555555555556,85.408089380583,58.2,84.72222222222221,60.7200855342061,58.333333333333336,40.27777777777778,85.51587301587301,400.788,627.91,18.36
2026-04-15,51.514364037558046,97.02380952380952,82.73809523809523,87.89682539682539,24.00793650793651,51.785714285714285,91.46825396825396,39.48412698412698,41.46825396825397,100.0,59.14999999999999,90.67460317460318,68.0346989927367,35.51587301587302,31.150793650793652,88.29365079365078,401.407,636.7,18.17
2026-04-16,52.79099696067202,94.24603174603175,82.34126984126983,89.48412698412699,27.579365079365083,62.89682539682539,91.86507936507937,43.84920634920635,43.452380952380956,100.0,60.29999999999999,52.182539682539684,53.11934954428049,64.0873015873016,32.34126984126984,93.45238095238095,405.492,639.767,17.94
2026-04-17,66.22668999171589,71.23015873015873,90.27777777777779,95.03968253968253,28.373015873015873,56.94444444444444,89.48412698412699,44.24603174603175,37.10317460317461,100.0,62.6,52.57936507936508,86.19800075075085,91.07142857142857,32.34126984126984,91.46825396825396,415.241,648.137,17.48
2026-04-20,65.07270671466298,81.54761904761905,86.30952380952381,93.45238095238095,29.96031746031746,53.37301587301587,89.88095238095238,39.48412698412698,35.11904761904761,94.71048044883533,55.64999999999999,30.753968253968257,50.0,54.96031746031746,24.801587301587304,93.45238095238095,417.079,646.08,18.87
2026-04-21,61.3806833880832,47.817460317460316,81.94444444444444,80.95238095238095,26.785714285714285,60.51587301587302,93.45238095238095,43.05555555555556,26.785714285714285,88.38980030456533,52.5,2.579365079365079,50.0,17.658730158730158,20.436507936507937,97.42063492063492,420.226,643.622,19.5
2026-04-22,57.21415236724498,91.86507936507937,54.761904761904766,69.84126984126983,26.785714285714285,75.5952380952381,96.23015873015873,57.341269841269835,50.198412698412696,100.0,55.39999999999999,31.944444444444443,55.73432624063063,34.32539682539682,31.150793650793652,99.0079365079365,431.283,654.39,18.92
2026-04-23,61.670668622944056,96.62698412698413,51.78571428571429,70.83333333333334,27.579365079365083,81.94444444444444,99.8015873015873,49.007936507936506,50.0,90.61212223088154,53.45000000000001,21.626984126984127,72.44359350566165,53.769841269841265,34.72222222222222,99.8015873015873,440.503,650.704,19.31
2026-04-24,54.02728137581771,99.8015873015873,58.53174603174603,53.37301587301587,29.166666666666668,81.15079365079364,99.8015873015873,54.166666666666664,53.57142857142857,100.0,56.449999999999996,92.26190476190477,78.19096963072394,20.833333333333336,43.05555555555556,99.40476190476191,461.08,663.151,18.71
2026-04-27,66.20443980645418,97.81746031746032,36.30952380952381,41.07142857142857,35.11904761904761,90.67460317460318,99.8015873015873,54.96031746031746,61.30952380952381,100.0,59.900000000000006,85.9126984126984,68.1567819518101,36.7063492063492,54.96031746031746,99.8015873015873,454.897,663.5,18.02
2026-04-28,68.11708092021516,95.43650793650794,26.38888888888889,40.67460317460318,38.2936507936508,89.48412698412699,99.8015873015873,47.42063492063492,58.53174603174603,83.24039186134122,60.85000000000001,61.30952380952381,70.45476878088809,37.10317460317461,35.91269841269841,99.8015873015873,438.215,656.828,17.83
2026-04-29,71.82627709932109,84.32539682539682,17.658730158730158,24.00793650793651,38.2936507936508,95.43650793650794,99.8015873015873,46.62698412698413,61.70634920634921,93.32579753830682,55.95,44.642857142857146,80.78064719135025,18.055555555555554,31.547619047619047,98.21428571428571,449.483,660.843,18.81
2026-04-30,83.91122439991732,91.46825396825396,30.357142857142854,53.57142857142857,38.69047619047619,76.38888888888889,99.0079365079365,45.43650793650794,47.023809523809526,100.0,65.55,95.03968253968253,94.40309493248843,87.5,38.69047619047619,91.46825396825396,460.92,667.007,16.89
2026-05-01,83.63117097270933,97.02380952380952,6.15079365079365,42.06349206349206,36.7063492063492,77.18253968253968,98.21428571428571,50.198412698412696,52.182539682539684,100.0,65.05000000000001,96.23015873015873,68.9762473086237,21.23015873015873,33.13492063492063,93.05555555555556,465.225,673.41,16.99
2026-05-04,81.76851923140883,96.62698412698413,2.976190476190476,20.833333333333336,32.73809523809524,88.69047619047619,97.42063492063492,54.563492063492056,68.84920634920636,96.85926849913123,58.550000000000004,70.83333333333334,63.40521331729968,15.674603174603174,28.76984126984127,92.65873015873017,461.539,672.141,18.29
2026-05-05,85.3620469955253,99.8015873015873,9.722222222222223,23.809523809523807,33.53174603174603,89.88095238095238,96.62698412698413,66.86507936507937,66.07142857142857,100.0,63.10000000000001,90.67460317460318,83.11683766247609,71.62698412698413,40.67460317460318,97.81746031746032,482.186,680.861,17.38
2026-05-06,87.90320774351862,99.0079365079365,18.055555555555554,31.944444444444443,36.30952380952381,85.11904761904762,96.62698412698413,96.62698412698413,67.65873015873017,100.0,63.05,81.54761904761905,90.44217859715145,70.83333333333334,49.801587301587304,98.21428571428571,506.299,695.006,17.39
2026-05-07,83.09802889643149,97.81746031746032,9.325396825396826,19.246031746031747,37.89682539682539,93.05555555555556,97.42063492063492,98.21428571428571,72.81746031746032,98.01200757019855,64.60000000000001,44.642857142857146,85.19949104858588,20.436507936507937,45.03968253968254,98.61111111111111,491.805,694.177,17.08
2026-05-08,88.82668231268778,99.8015873015873,13.690476190476192,16.071428571428573,38.69047619047619,93.05555555555556,97.81746031746032,99.8015873015873,84.32539682539682,100.0,64.05,97.81746031746032,87.73297295176698,30.357142857142854,33.92857142857143,95.43650793650794,519.713,710.449,17.19
2026-05-11,91.53355748011933,99.40476190476191,12.896825396825399,16.26984126984127,47.42063492063492,96.23015873015873,98.21428571428571,99.8015873015873,80.35714285714286,100.0,58.10000000000001,97.42063492063492,87.64530954581028,34.32539682539682,64.88095238095238,97.02380952380952,532.159,712.507,18.38
2026-05-12,88.60166706329937,99.0079365079365,16.071428571428573,19.642857142857142,49.404761904761905,97.81746031746032,99.0079365079365,99.8015873015873,80.35714285714286,85.86212720249297,60.05000000000001,95.83333333333334,81.76086530524631,48.61111111111111,57.341269841269835,99.8015873015873,515.408,706.463,17.99
2026-05-13,85.74135248870007,98.21428571428571,16.865079365079367,15.277777777777779,50.198412698412696,99.8015873015873,99.0079365079365,99.8015873015873,85.11904761904762,100.0,60.64999999999999,85.11904761904762,78.04814657184983,21.626984126984127,52.182539682539684,97.42063492063492,527.694,713.925,17.87
2026-05-14,82.28379016222875,98.21428571428571,7.738095238095238,14.484126984126986,51.78571428571429,99.8015873015873,97.81746031746032,99.8015873015873,75.59523809523809,100.0,63.69999999999999,74.0079365079365,61.87642021512043,66.86507936507937,54.166666666666664,95.83333333333334,529.432,718.999,17.26
2026-05-15,73.63971779917442,96.62698412698413,6.15079365079365,9.722222222222223,49.404761904761905,99.8015873015873,97.81746031746032,99.8015873015873,85.11904761904762,74.85392886499123,57.85,77.57936507936508,74.15084683267008,12.5,29.563492063492063,94.24603174603175,507.947,708.151,18.43
2026-05-18,71.78718053102328,95.03968253968253,29.166666666666668,21.825396825396826,38.69047619047619,99.8015873015873,98.61111111111111,99.0079365079365,74.8015873015873,67.7931865459248,60.9,70.03968253968253,70.73083238406458,81.54761904761905,23.61111111111111,98.61111111111111,495.311,705.105,17.82
2026-05-19,71.20812122058136,92.65873015873017,12.5,12.896825396825399,30.357142857142854,99.8015873015873,97.81746031746032,99.0079365079365,85.51587301587301,57.71899543671124,59.70000000000001,74.40476190476191,74.67611588558209,23.809523809523807,16.071428571428573,99.0079365079365,496.18,700.759,18.06
2026-05-20,70.32290341593162,93.45238095238095,16.865079365079367,26.785714285714285,27.579365079365083,98.61111111111111,97.81746031746032,98.21428571428571,69.64285714285714,84.62677509519003,62.8,67.26190476190477,71.686856665323,80.55555555555556,34.32539682539682,97.02380952380952,519.723,712.367,17.44
2026-05-21,73.7979483096382,97.81746031746032,31.547619047619047,35.91269841269841,29.166666666666668,98.61111111111111,99.0079365079365,97.42063492063492,65.67460317460318,87.77467006212801,66.19999999999999,82.73809523809523,66.01497150397036,60.317460317460316,58.13492063492064,96.62698412698413,524.118,713.725,16.76
2026-05-22,67.5869661907231,98.61111111111111,55.952380952380956,60.11904761904761,32.73809523809524,99.0079365079365,99.40476190476191,97.02380952380952,45.83333333333333,94.79136966810788,66.5,71.62698412698413,50.0,81.15079365079364,52.57936507936508,94.64285714285714,536.724,716.752,16.7
2026-05-26,69.66617468678658,99.40476190476191,62.10317460317461,65.07936507936508,47.42063492063492,97.42063492063492,99.0079365079365,97.02380952380952,45.83333333333333,100.0,64.94999999999999,97.42063492063492,78.81323268064081,45.23809523809524,91.86507936507937,97.81746031746032,569.447,729.478,17.01
2026-05-27,70.32749133277814,98.21428571428571,56.94444444444444,45.43650793650794,69.24603174603175,97.02380952380952,99.8015873015873,95.83333333333334,53.769841269841265,98.10595156171044,68.55000000000001,94.24603174603175,78.01032270264703,38.69047619047619,84.32539682539682,99.8015873015873,563.344,728.649,16.29
2026-05-28,71.66050879538464,95.83333333333334,67.26190476190477,42.65873015873016,75.9920634920635,96.62698412698413,99.40476190476191,99.0079365079365,62.89682539682539,100.0,71.3,59.72222222222222,80.05605484010738,39.48412698412698,76.78571428571429,94.64285714285714,568.828,734.792,15.74
2026-05-29,87.3513522047743,93.84920634920636,50.595238095238095,33.13492063492063,80.35714285714286,96.62698412698413,97.42063492063492,99.40476190476191,65.67460317460318,100.0,73.4,32.34126984126984,88.61215734248822,25.992063492063494,81.94444444444444,89.88095238095238,568.438,737.499,15.32
2026-06-01,88.30999111448452,99.0079365079365,62.89682539682539,26.38888888888889,81.94444444444444,91.86507936507937,96.62698412698413,99.40476190476191,65.67460317460318,100.0,69.75,73.61111111111111,84.8415968572061,29.563492063492063,67.26190476190477,92.65873015873017,571.285,741.924,16.05
2026-06-02,91.40582618529078,99.8015873015873,45.83333333333333,35.91269841269841,82.34126984126983,91.07142857142857,97.81746031746032,98.61111111111111,38.69047619047619,100.0,71.15,82.34126984126983,85.79706885341872,48.61111111111111,96.62698412698413,99.0079365079365,604.338,745.34,15.77
2026-06-03,84.87194686636188,97.81746031746032,48.61111111111111,33.13492063492063,80.75396825396825,91.07142857142857,92.65873015873017,97.02380952380952,49.404761904761905,95.64628223361154,69.7,92.26190476190477,80.4261209710488,27.18253968253968,68.05555555555556,93.84920634920636,614.986,743.393,16.06
2026-06-04,78.63299586878401,97.42063492063492,50.198412698412696,69.24603174603175,81.54761904761905,90.27777777777777,93.45238095238095,94.64285714285714,16.071428571428573,87.60520925573122,73.0,95.83333333333334,73.1573631926819,85.51587301587301,85.11904761904762,96.62698412698413,602.041,739.797,15.4
2026-06-05,57.81573094595701,98.61111111111111,39.08730158730159,65.67460317460318,74.0079365079365,88.69047619047619,94.24603174603175,90.67460317460318,10.912698412698413,8.198495541184665,46.224999999999994,97.81746031746032,57.81573094595701,39.88095238095239,35.91269841269841,88.29365079365078,539.161,704.286,21.51
2026-06-08,52.06274821712001,96.62698412698413,15.674603174603174,43.84920634920635,66.07142857142857,89.88095238095238,97.81746031746032,90.27777777777779,16.865079365079367,32.78906270963582,55.39999999999999,96.23015873015873,51.384095124041565,21.23015873015873,24.801587301587304,98.61111111111111,570.806,715.283,18.92
2026-06-09,47.1006769486077,99.40476190476191,31.547619047619047,74.8015873015873,47.42063492063492,87.10317460317461,96.23015873015873,69.64285714285714,5.753968253968254,14.38582839151706,50.64999999999999,97.81746031746032,47.276393497176926,87.5,28.373015873015873,97.02380952380952,561.506,707.053,19.87
2026-06-10,34.734092468202206,93.05555555555556,20.833333333333336,46.62698412698413,29.166666666666668,80.35714285714286,99.0079365079365,54.563492063492056,9.325396825396826,0.0,44.45,75.1984126984127,38.56768359726354,20.03968253968254,8.134920634920634,99.0079365079365,540.9,692.928,22.22
2026-06-11,44.435755916619456,96.23015873015873,35.11904761904761,74.20634920634922,22.42063492063492,72.42063492063491,95.03968253968253,56.94444444444444,3.7698412698412698,35.13474834751016,52.79999999999999,87.10317460317461,45.04001771752956,73.61111111111111,43.84920634920635,89.0873015873016,586.268,716.332,19.44
2026-06-12,43.312872588303,95.03968253968253,70.83333333333334,90.27777777777779,27.976190476190478,82.73809523809524,97.02380952380952,66.46825396825396,2.976190476190476,44.56221321812865,61.6,87.89682539682539,46.95403096954116,93.45238095238095,77.57936507936508,90.27777777777779,595.578,720.548,17.68
2026-06-15,66.17768325017893,91.07142857142857,79.96031746031747,89.0873015873016,43.452380952380956,89.48412698412699,89.0873015873016,86.30952380952381,3.373015873015873,95.17669788284527,69.0,65.67460317460318,64.69951929838592,50.198412698412696,96.62698412698413,82.73809523809523,628.039,743.183,16.2
2026-06-16,59.8845369488226,92.26190476190477,81.54761904761905,83.73015873015873,56.547619047619044,81.15079365079364,87.10317460317461,83.13492063492063,4.563492063492063,63.59156000393542,67.95,64.0873015873016,57.61801892234099,55.35714285714286,74.40476190476191,83.92857142857143,590.854,729.058,16.41
2026-06-17,56.45207016237222,89.48412698412699,60.11904761904761,34.72222222222222,72.42063492063492,83.53174603174602,84.72222222222221,87.10317460317461,6.944444444444445,47.17399665477046,57.8,50.595238095238095,57.09326968161418,0.992063492063492,52.182539682539684,80.75396825396825,599.338,721.716,18.44
2026-06-18,59.937632520225215,92.65873015873017,41.46825396825397,34.32539682539682,80.35714285714286,85.11904761904762,83.92857142857143,91.86507936507937,7.738095238095238,87.62757041529133,68.0,43.84920634920635,60.099879581779916,50.99206349206349,89.88095238095238,79.96031746031747,639.032,739.807,16.4
2026-06-22,54.915364035065664,91.07142857142857,47.817460317460316,35.714285714285715,87.10317460317461,88.2936507936508,83.13492063492063,88.69047619047619,4.761904761904762,83.47510308494557,63.599999999999994,62.89682539682539,54.204708993851355,50.99206349206349,97.42063492063492,86.30952380952381,654.582,737.95,17.28
2026-06-23,36.25074617158418,95.43650793650794,65.67460317460318,41.46825396825397,80.35714285714286,78.76984126984127,84.32539682539682,79.16666666666666,6.547619047619048,29.13748535344031,52.55000000000001,71.23015873015873,38.55141812693663,58.92857142857143,75.9920634920635,89.88095238095238,602.996,713.65,19.49
2026-06-24,29.95667491539614,88.29365079365078,54.96031746031746,60.71428571428571,74.0079365079365,57.34126984126984,84.32539682539682,74.8015873015873,5.357142857142857,22.362054006672594,56.85000000000001,74.8015873015873,34.74790800334925,72.42063492063492,37.5,85.51587301587301,601.107,710.62,18.63
2026-06-25,31.358882925580115,99.8015873015873,78.76984126984127,63.29365079365079,80.75396825396825,54.96031746031746,85.9126984126984,64.48412698412699,7.341269841269842,35.24208191339964,55.55,98.61111111111111,32.99276569704321,68.45238095238095,85.9126984126984,93.84920634920636,624.791,716.38,18.89
2026-06-26,21.61747686678911,90.27777777777779,78.37301587301587,70.43650793650794,70.43650793650794,40.67460317460318,86.30952380952381,52.57936507936508,4.166666666666666,13.193978586953467,57.95,97.81746031746032,21.61747686678911,73.61111111111111,37.5,81.15079365079364,589.554,706.52,18.41
2026-06-29,32.552229573395934,95.03968253968253,49.801587301587304,75.59523809523809,62.5,59.72222222222222,86.30952380952381,86.30952380952381,2.1825396825396823,52.460174774823145,61.75000000000001,82.34126984126983,36.055797932151776,38.2936507936508,62.89682539682539,87.89682539682539,613.949,724.08,17.65
2026-06-30,37.216263032439684,87.10317460317461,37.89682539682539,71.62698412698413,64.88095238095238,37.10317460317461,84.72222222222221,91.86507936507937,3.7698412698412698,80.00912335310056,67.75,56.547619047619044,39.390015877126054,30.357142857142854,86.70634920634922,78.37301587301587,640.341,736.4,16.45
2026-07-01,34.87350433883629,86.70634920634922,45.83333333333333,74.0079365079365,75.9920634920635,43.84920634920635,85.11904761904762,84.32539682539682,13.690476190476192,54.89754116689459,67.05,68.84920634920636,38.701433853089966,66.07142857142857,95.43650793650794,90.27777777777779,599.308,725.17,16.59
2026-07-02,40.29750696296877,94.64285714285714,88.69047619047619,83.92857142857143,74.8015873015873,45.833333333333336,85.11904761904762,57.341269841269835,19.642857142857142,26.789563599610073,69.25,87.10317460317461,42.793584009839876,84.72222222222221,73.21428571428571,95.03968253968253,565.95,712.6,16.15
2026-07-06,46.012059174112885,78.37301587301587,84.72222222222221,83.92857142857143,79.16666666666666,56.94444444444444,85.9126984126984,78.76984126984127,26.38888888888889,49.64266867022662,72.15,42.65873015873016,48.976915704353566,34.72222222222222,64.48412698412699,82.34126984126983,581.13,722.82,15.57
2026-07-07,60.3650358634285,87.5,86.70634920634922,81.15079365079364,79.56349206349206,70.03968253968254,87.89682539682539,72.81746031746032,35.51587301587302,19.70107601899779,69.35000000000001,62.89682539682539,55.08594927460157,60.51587301587301,67.65873015873017,94.24603174603175,551.329,709.43,16.13
2026-07-08,54.70512952309409,84.32539682539682,62.10317460317461,52.976190476190474,68.84920634920636,69.64285714285714,91.46825396825396,80.35714285714286,44.24603174603175,24.195669090616345,65.5,57.341269841269835,50.0,4.9603174603174605,30.357142857142854,97.02380952380952,561.663,711.44,16.9
2026-07-09,55.58903921223741,88.69047619047619,58.53174603174603,58.92857142857143,62.89682539682539,73.21428571428572,90.27777777777779,82.34126984126983,74.8015873015873,50.67128200999981,70.8,79.56349206349206,51.97766002894554,69.24603174603175,66.46825396825396,88.29365079365078,581.32,723.28,15.84
2026-07-10,50.0,87.10317460317461,66.07142857142857,70.43650793650794,57.341269841269835,80.75396825396825,87.5,73.21428571428571,67.26190476190477,55.657820591944564,74.85000000000001,97.02380952380952,50.0,79.56349206349206,44.24603174603175,83.92857142857143,580.96,725.51,15.03
2026-07-13,50.0,83.13492063492063,55.75396825396825,73.01587301587301,54.166666666666664,85.91269841269842,88.29365079365078,43.05555555555556,55.75396825396825,24.866503877424936,64.2,68.45238095238095,50.0,57.738095238095234,52.976190476190474,85.9126984126984,553.248,711.74,17.16
2026-07-14,50.0,87.10317460317461,52.182539682539684,54.563492063492056,54.563492063492056,81.15079365079364,87.89682539682539,63.69047619047619,72.81746031746032,42.64362572785572,67.5,27.18253968253968,50.0,26.785714285714285,68.05555555555556,92.26190476190477,567.549,719.69,16.5
2026-07-15,50.0,92.65873015873017,61.30952380952381,36.7063492063492,67.26190476190477,77.57936507936508,85.9126984126984,55.75396825396825,78.37301587301587,38.283199613599145,71.65,82.73809523809523,51.12728025531016,47.42063492063492,97.42063492063492,89.88095238095238,554.907,717.74,15.67
2026-07-16,50.0,78.37301587301587,74.0079365079365,77.18253968253968,69.64285714285714,77.18253968253968,85.51587301587301,31.150793650793652,60.11904761904761,11.897031332456882,66.35,46.230158730158735,51.39849637041584,87.89682539682539,75.1984126984127,85.51587301587301,530.153,705.94,16.73
2026-07-17,50.863399313715256,79.56349206349206,31.547619047619047,55.35714285714286,70.03968253968253,64.48412698412699,85.9126984126984,31.547619047619047,74.40476190476191,0.0,56.15,66.07142857142857,53.75695377049071,12.103174603174603,45.03968253968254,84.72222222222221,521.469,695.33,18.77
2026-07-20,49.20933067693969,73.21428571428571,22.42063492063492,36.507936507936506,65.27777777777779,74.0079365079365,84.32539682539682,33.92857142857143,85.51587301587301,0.0,56.75000000000001,36.7063492063492,50.0,15.674603174603174,31.150793650793652,75.59523809523809,523.797,696.06,18.65
2026-07-21,51.053052197740215,83.13492063492063,18.452380952380953,30.357142857142854,62.5,88.69047619047619,81.94444444444444,43.05555555555556,86.30952380952381,18.672462679224612,64.75,53.769841269841265,50.0,39.08730158730159,54.563492063492056,83.53174603174604,552.329,708.97,17.05
2026-07-22,50.22290733197102,75.1984126984127,36.7063492063492,22.817460317460316,49.801587301587304,91.07142857142857,79.56349206349206,41.86507936507937,81.15079365079364,10.57772291839963,66.8,40.67460317460318,50.0,43.452380952380956,43.452380952380956,85.9126984126984,555.157,705.35,16.64
2026-07-23,50.02777678277882,66.07142857142857,22.817460317460316,18.849206349206348,46.62698412698413,89.88095238095238,77.97619047619048,28.373015873015873,77.57936507936508,0.0,56.50000000000001,88.69047619047619,52.91656219177673,29.563492063492063,63.29365079365079,75.9920634920635,550.88,691.96,18.7
2026-07-24,50.0,77.57936507936508,25.992063492063494,45.03968253968254,48.214285714285715,88.69047619047619,77.57936507936508,26.785714285714285,62.10317460317461,0.0,57.10000000000001,80.35714285714286,50.0,87.5,54.563492063492056,81.94444444444444,526.666,684.23,18.58
2026-07-27,50.0,81.15079365079364,35.51587301587302,76.38888888888889,56.94444444444444,83.53174603174602,81.15079365079364,20.436507936507937,37.5,0.0,56.64999999999999,69.64285714285714,51.51496195115762,78.76984126984127,66.46825396825396,89.48412698412699,515.893,682.12,18.67
2026-07-28,49.9787453664993,77.97619047619048,67.26190476190477,92.26190476190477,59.32539682539682,76.78571428571428,82.73809523809523,16.071428571428573,22.42063492063492,0.0,58.949999999999996,24.801587301587304,49.868536155754924,84.32539682539682,57.738095238095234,87.10317460317461,491.139,675.49,18.21
2026-07-29,42.03901869488191,80.35714285714286,51.388888888888886,73.21428571428571,56.15079365079365,74.4047619047619,81.54761904761905,12.103174603174603,32.73809523809524,0.0,48.35,41.07142857142857,35.06197889938517,20.03968253968254,35.51587301587302,80.75396825396825,464.696,661.73,20.66
2026-07-30,47.087058441955094,93.05555555555556,20.436507936507937,47.42063492063492,51.388888888888886,89.88095238095238,78.37301587301587,20.03968253968254,32.34126984126984,0.0,64.55000000000001,97.81746031746032,45.099935518637636,25.198412698412696,44.642857142857146,70.03968253968253,504.2,683.55,17.09
2026-07-31,52.21911098684877,83.13492063492063,32.73809523809524,40.67460317460318,47.023809523809526,95.43650793650794,77.97619047619048,26.785714285714285,55.35714285714286,0.0,70.05,98.61111111111111,52.21911098684877,35.91269841269841,35.51587301587302,80.75396825396825,504.56,687.99,15.99
2026-08-03,56.68001112371997,75.59523809523809,69.24603174603175,62.10317460317461,30.357142857142854,95.43650793650794,75.9920634920635,25.198412698412696,43.05555555555556,0.0,70.7,85.11904761904762,53.952048465865744,81.54761904761905,7.341269841269842,77.18253968253968,507.348,700.07,15.86
2026-08-04,72.19342820334388,83.13492063492063,87.5,89.0873015873016,32.34126984126984,95.03968253968254,73.21428571428571,26.785714285714285,14.087301587301587,51.94586810493645,67.5,57.738095238095234,72.65339562724739,86.30952380952381,67.26190476190477,67.26190476190477,541.856,723.85,16.5
2026-08-05,71.12534366046373,73.21428571428571,87.10317460317461,79.56349206349206,38.2936507936508,94.24603174603175,73.61111111111111,25.198412698412696,17.658730158730158,37.29930859294619,70.94999999999999,64.0873015873016,57.199139459711105,41.86507936507937,70.03968253968253,84.72222222222221,530.353,717.3,15.81
2026-08-06,59.811722199945436,70.83333333333334,85.9126984126984,74.0079365079365,37.89682539682539,97.42063492063492,74.8015873015873,24.404761904761905,26.785714285714285,31.37360130946944,74.25,27.579365079365083,50.0,25.198412698412696,39.88095238095239,82.73809523809523,532.172,714.65,15.15
2026-08-07,54.17978057906189,79.56349206349206,80.35714285714286,79.36507936507937,45.03968253968254,96.62698412698413,74.40476190476191,22.42063492063492,16.071428571428573,50.112253020992526,75.5,30.753968253968257,50.0,75.9920634920635,81.54761904761905,78.76984126984127,542.915,723.03,14.9
2026-08-10,50.0,70.03968253968253,63.29365079365079,74.40476190476191,68.84920634920636,99.4047619047619,73.21428571428571,19.246031746031747,15.277777777777779,45.28224255596986,72.7,20.03968253968254,50.0,39.285714285714285,77.18253968253968,70.43650793650794,529.044,720.87,15.46
2026-08-11,50.0,68.45238095238095,46.62698412698413,75.0,69.24603174603175,97.02380952380952,72.81746031746032,14.880952380952381,14.880952380952381,39.8708419423798,73.60000000000001,32.73809523809524,50.0,58.92857142857143,68.45238095238095,64.0873015873016,533.851,718.45,15.28
2026-08-12,50.0,91.46825396825396,63.29365079365079,78.37301587301587,72.42063492063492,96.62698412698413,72.42063492063492,16.46825396825397,16.865079365079367,51.61045071153217,77.25,47.817460317460316,50.0,49.007936507936506,83.53174603174604,83.13492063492063,546.253,723.7,14.55
2026-08-13,50.0,95.83333333333334,84.32539682539682,92.06349206349206,77.18253968253968,95.43650793650794,72.02380952380952,9.325396825396826,8.531746031746032,70.32674126349492,76.85,56.547619047619044,50.0,73.80952380952381,64.88095238095238,81.54761904761905,550.38,732.07,14.63
2026-08-14,50.0,93.45238095238095,87.89682539682539,87.10317460317461,77.97619047619048,97.42063492063492,71.62698412698413,7.738095238095238,10.912698412698413,68.090625307466,78.75,77.57936507936508,50.0,46.62698412698413,83.13492063492063,75.1984126984127,550.06,731.07,14.25
2026-08-17,50.0,83.92857142857143,51.78571428571429,56.547619047619044,74.8015873015873,99.0079365079365,72.81746031746032,9.722222222222223,14.484126984126986,65.40728616023108,74.05000000000001,57.341269841269835,50.0,8.531746031746032,67.26190476190477,74.0079365079365,558.755,729.87,15.19
2026-08-18,50.0,83.92857142857143,24.404761904761905,37.10317460317461,78.37301587301587,95.83333333333333,76.38888888888889,13.293650793650794,32.73809523809524,37.76889294371246,70.8,65.27777777777779,50.0,35.51587301587302,80.75396825396825,72.81746031746032,531.043,717.51,15.84
2026-08-19,50.0,75.1984126984127,32.73809523809524,39.48412698412698,72.81746031746032,92.26190476190476,74.40476190476191,10.119047619047619,24.00793650793651,34.57124712659105,75.55,45.03968253968254,50.964570147072735,62.89682539682539,58.53174603174603,79.16666666666666,519.33,716.08,14.89
2026-08-20,50.0,29.96031746031746,24.6031746031746,21.626984126984127,68.84920634920636,92.65873015873015,69.64285714285714,9.722222222222223,55.75396825396825,23.05524995304129,69.94999999999999,6.547619047619048,50.0,12.896825396825399,57.738095238095234,65.27777777777779,522.009,710.93,16.01
2026-08-21,50.0,25.595238095238095,27.18253968253968,29.563492063492063,66.46825396825396,98.21428571428571,67.26190476190477,9.722222222222223,56.15079365079365,28.667901002674423,74.35,12.896825396825399,50.0,79.96031746031747,70.83333333333334,63.29365079365079,519.71,713.44,15.13
2026-08-24,50.0,63.29365079365079,42.26190476190476,37.10317460317461,65.27777777777779,93.45238095238095,66.86507936507937,10.912698412698413,61.30952380952381,12.746755395747863,70.75,32.73809523809524,50.0,70.03968253968253,62.5,73.21428571428571,505.849,706.32,15.85
2026-08-25,50.0,44.642857142857146,28.373015873015873,31.944444444444443,63.29365079365079,88.69047619047619,68.05555555555556,12.103174603174603,66.07142857142857,22.585665602275405,72.75,11.30952380952381,50.0,26.785714285714285,72.02380952380952,79.16666666666666,513.724,710.72,15.45
2026-08-26,50.0,59.32539682539682,32.34126984126984,39.88095238095239,62.5,90.67460317460318,65.67460317460318,9.722222222222223,55.75396825396825,24.039140973694252,73.94999999999999,41.86507936507937,50.0,60.71428571428571,46.62698412698413,64.88095238095238,515.063,711.37,15.21
2026-08-27,50.0,95.83333333333334,10.515873015873016,20.03968253968254,68.05555555555556,93.84920634920636,68.05555555555556,16.071428571428573,67.26190476190477,45.81891038541684,77.45,79.96031746031747,50.0,11.706349206349206,84.32539682539682,75.59523809523809,525.087,721.11,14.51
2026-08-28,50.0,86.70634920634922,7.341269841269842,17.658730158730158,63.29365079365079,98.21428571428571,71.62698412698413,16.071428571428573,60.51587301587301,35.35388771120094,77.85,74.0079365079365,50.0,38.492063492063494,57.738095238095234,73.21428571428571,508.288,716.43,14.43
2026-08-31,50.0,53.37301587301587,8.134920634920634,12.5,61.30952380952381,99.4047619047619,65.27777777777779,18.055555555555554,62.5,36.091805976690615,75.4,23.61111111111111,52.943127782328936,9.722222222222223,41.46825396825397,49.007936507936506,510.706,716.76,14.92
2026-09-01,50.0,59.32539682539682,5.753968253968254,7.738095238095238,58.92857142857143,99.4047619047619,63.69047619047619,20.833333333333336,81.15079365079364,15.698428457705985,68.3,18.849206349206348,50.0,13.690476190476192,57.341269841269835,70.43650793650794,499.983,707.64,16.34
2026-09-02,50.0,63.69047619047619,6.15079365079365,12.5,54.563492063492056,99.4047619047619,65.27777777777779,22.817460317460316,70.83333333333334,19.276213987352484,74.0,43.452380952380956,50.0,69.24603174603175,29.166666666666668,72.42063492063492,501.112,709.24,15.2
2026-09-03,50.0,78.37301587301587,22.817460317460316,25.595238095238095,44.642857142857146,99.8015873015873,61.70634920634921,27.976190476190478,75.9920634920635,38.126671496677055,78.4,66.07142857142857,50.0,82.93650793650794,45.83333333333333,62.5,501.872,717.67,14.32
2026-09-04,50.0,94.24603174603175,7.341269841269842,10.912698412698413,47.42063492063492,99.4047619047619,61.30952380952381,37.89682539682539,87.89682539682539,41.01126107995466,77.35,92.26190476190477,50.0,18.055555555555554,64.48412698412699,72.81746031746032,519.52,718.96,14.53
2026-09-08,50.0,75.59523809523809,2.579365079365079,4.9603174603174605,49.801587301587304,99.0079365079365,66.07142857142857,37.5,89.48412698412699,39.66959150633711,71.4,37.89682539682539,50.0,11.11111111111111,53.37301587301587,63.69047619047619,528.055,718.36,15.72
2026-09-09,50.0,57.738095238095234,1.3888888888888888,3.7698412698412698,41.86507936507937,99.8015873015873,64.88095238095238,48.61111111111111,97.02380952380952,35.08555379647755,67.69999999999999,61.70634920634921,50.0,2.1825396825396823,28.76984126984127,67.26190476190477,531.652,716.31,16.46
2026-09-10,50.0,56.94444444444444,0.992063492063492,1.3888888888888888,43.84920634920635,99.8015873015873,63.69047619047619,50.595238095238095,95.03968253968253,18.04635021153661,60.8,39.48412698412698,50.0,16.865079365079367,35.91269841269841,70.43650793650794,517.092,708.69,17.84
2026-09-11,50.0,63.29365079365079,2.976190476190476,5.357142857142857,39.88095238095239,99.8015873015873,66.86507936507937,50.198412698412696,95.03968253968253,31.88790797935613,70.8,29.166666666666668,50.0,83.13492063492063,28.373015873015873,69.24603174603175,526.726,714.88,15.84
2026-09-14,50.0,69.24603174603175,4.563492063492063,5.753968253968254,39.08730158730159,99.4047619047619,68.84920634920636,47.42063492063492,97.81746031746032,19.142047029990692,64.5,19.642857142857142,50.0,60.51587301587301,60.912698412698404,82.73809523809523,497.075,709.18,17.1
2026-09-15,50.0,34.32539682539682,5.357142857142857,4.9603174603174605,37.89682539682539,99.8015873015873,65.27777777777779,39.08730158730159,98.21428571428571,8.766468994016002,64.0,0.992063492063492,50.0,14.880952380952381,48.214285714285715,54.96031746031746,498.85,704.54,17.2
2026-09-16,50.0,50.99206349206349,5.357142857142857,2.579365079365079,41.86507936507937,99.0079365079365,62.5,43.84920634920635,99.0079365079365,9.168969866101378,61.449999999999996,2.976190476190476,50.0,13.690476190476192,43.84920634920635,60.11904761904761,502.06,704.72,17.71
2026-09-17,50.0,55.35714285714286,4.9603174603174605,4.563492063492063,44.24603174603175,98.21428571428571,57.341269841269835,47.42063492063492,89.48412698412699,36.44958452965521,72.80000000000001,14.880952380952381,50.0,65.27777777777779,46.230158730158735,52.57936507936508,519.1,716.92,15.44
