date,spx_proxy,dd,TDC,内部损伤,波动中枢,趋势结构,gate,fire,hold
2019-03-12,249.88,-0.03797955687308707,65.33657474318221,51.5758547008547,56.53704413186654,87.89682539682539,1,0,0
2019-03-13,251.534,-0.03161177308514129,64.02921019374665,50.93333333333334,53.827564574639275,87.32673267326733,1,0,0
2019-03-14,251.373,-0.0322316117730852,64.31216516718669,51.198083067092654,53.79374840284688,87.94466403162056,1,0,0
2019-03-15,252.61,-0.027469248686211478,64.29794106579868,50.58479532163742,53.157154108500244,89.15187376725838,0,0,0
2019-03-18,253.526,-0.023942713045486896,61.898142676912144,48.248407643312106,50.43814637167632,87.00787401574803,0,0,0
2019-03-19,253.589,-0.0237001674719437,62.0799735216181,49.92050874403816,50.464794924941906,85.85461689587426,0,0,0
2019-03-20,252.825,-0.02664151379237334,66.20574434935966,61.71957671957673,50.819224955953246,86.07843137254902,0,0,0
2019-03-21,255.681,-0.01564611445841113,65.35793820871777,58.3201267828843,53.40926514268191,84.34442270058709,0,0,0
2019-03-22,250.76,-0.03459161870295868,75.89275567938984,66.77215189873418,70.86705263943533,90.0390625,1,0,0
2019-03-25,250.571,-0.03531925542358849,72.01016342642592,54.58135860979463,70.80585681568193,90.64327485380117,1,0,0
2019-03-26,252.439,-0.028127586671543248,74.66532953275939,64.87907465825447,71.17917074936223,87.93774319066148,0,0,0
2019-03-27,251.119,-0.03320949392673589,76.03969766934904,65.87926509186353,71.17186675113504,91.06796116504854,1,0,0
2019-03-28,252.071,-0.029544360815415116,73.82513173111995,61.16352201257862,71.16458635907581,89.14728682170544,0,0,0
2019-03-29,253.66,-0.023426822460490104,68.50726661387907,50.41862899005756,71.15732945892975,83.9458413926499,0,0,0
2019-04-01,256.669,-0.011842383876494389,65.07338594315655,44.487983281086734,71.58159539780381,79.15057915057915,0,0,0
2019-04-02,256.794,-0.011361142659146561,69.96049997101636,59.36358894105373,71.51983775426893,78.9980732177264,0,0,0
2019-04-03,257.199,-0.009801921114939605,64.39622024574592,44.114583333333336,71.18946201928902,77.88461538461539,0,0,0
2019-04-04,257.881,-0.007176269033090321,60.42348400722054,43.03172126885075,70.48441213476862,67.75431861804223,0,0,0
2019-04-05,259.129,-0.00237155671908984,53.74366905145494,41.796469366562825,69.434537787802,50.0,0,0,0
2019-04-08,259.327,-0.001609270630811066,55.40169209375376,41.65370658372214,68.14601596904967,56.40535372848948,0,0,0
2019-04-09,257.998,-0.006725827253652672,56.27536889865797,43.53002070393375,68.99837606837606,56.297709923664115,0,0,0
2019-04-10,258.878,-0.0033378890835242814,60.37753846190133,42.713178294573645,68.51467518636848,69.9047619047619,0,0,0
2019-04-11,258.806,-0.003615084024716664,63.332338670713085,51.0061919504644,68.45850467003989,70.53231939163499,0,0,0
2019-04-12,260.557,0.0,56.423056818399694,49.20144255538383,65.98803150512838,54.079696394686906,0,0,0
2019-04-15,260.386,-0.0006562863404168118,53.98626107459003,41.66666666666667,65.93605595104283,54.35606060606061,0,0,0
2019-04-16,260.557,0.0,58.948801463667074,59.21931176168465,65.83125141948672,51.79584120982986,0,0,0
2019-04-17,259.919,-0.0024486004981636444,58.56047784717461,59.87179487179487,65.62095942444596,50.18867924528302,0,0,0
2019-04-18,260.431,-0.0004835794087283407,41.724962181501525,42.06349206349206,64.09067885012739,19.02071563088512,0,0,0
2019-04-22,260.656,0.0,41.773184950595066,51.482617586912056,37.558741776151344,36.278195488721806,0,0,0
2019-04-23,262.999,0.0,30.343157229137574,39.66309341500766,39.92172536433753,11.44465290806754,0,0,0
2019-04-24,262.416,-0.002216738466686241,32.22622288402227,48.649337410805295,39.227833113920695,8.801498127340825,0,0,0
2019-04-25,262.254,-0.002832710390533788,37.86083568963181,54.32569974554707,37.01381666914277,22.242990654205606,0,0,0
2019-04-26,263.475,0.0,38.22809635119155,49.72052845528455,37.16525313560354,27.798507462686565,0,0,0
2019-04-29,263.888,0.0,37.826092849816106,40.36022323693557,36.06032719333212,37.05772811918063,0,0,0
2019-04-30,264.023,0.0,33.708335332882136,39.66565349544073,31.719575551532813,29.739776951672862,0,0,0
2019-05-01,262.039,-0.0075144968430782555,43.38421214575586,51.56803237228123,34.79981742305686,43.7847866419295,0,0,0
2019-05-02,261.473,-0.00965824947069005,46.03975871997843,51.666666666666664,35.526683567342694,50.92592592592593,0,0,0
2019-05-03,264.032,0.0,48.487629512406826,48.865355521936465,39.111396231550195,57.48613678373382,0,0,0
2019-05-06,262.946,-0.004113137801478484,46.87775222886604,41.71701913393756,40.2446508367934,58.671586715867164,0,0,0
2019-05-07,258.554,-0.020747485153314815,62.45943536183739,60.7843137254902,62.50559456996674,64.08839779005525,0,0,0
2019-05-08,258.195,-0.022107168828020773,57.53701669830379,57.68072289156627,62.3567977915804,52.57352941176471,0,0,0
2019-05-09,257.414,-0.025065143618955288,59.28650552446957,62.80701754385965,62.208462332301345,52.84403669724771,0,0,0
2019-05-10,258.707,-0.020168009938189235,53.55554364698737,54.054054054054056,62.47338274771391,44.13919413919414,0,0,0
2019-05-13,252.206,-0.04479002545146038,73.55156456409829,75.56221889055472,74.52574719662131,70.56672760511883,1,0,0
2019-05-14,254.487,-0.03615092110047258,67.55181060076944,63.023952095808376,74.66797605686496,64.96350364963503,1,0,0
2019-05-15,255.977,-0.03050766573748631,62.48668278331475,62.53114100647733,74.65568329975109,50.27322404371585,1,0,0
2019-05-16,258.348,-0.021527693612895304,53.20573192744594,62.06467661691543,74.64342825633149,22.90909090909091,0,0,0
2019-05-17,256.678,-0.02785268452308809,59.547725120103244,71.68405365126677,74.83570973082156,32.12341197822142,0,0,0
2019-05-20,254.981,-0.0342799357653617,59.55524967981122,71.72619047619047,74.87434117193885,32.065217391304344,1,0,0
2019-05-21,257.279,-0.025576445279359983,57.96979215453537,57.5037147102526,76.44182811863384,39.963833634719705,0,0,0
2019-05-22,256.489,-0.028568506847654884,62.873499624501804,66.3452027695351,76.42692065270677,45.84837545126354,0,0,0
2019-05-23,253.355,-0.04043828020845952,75.36672680873016,75.55555555555556,78.29237261838267,72.25225225225225,1,0,0
2019-05-24,253.93,-0.03826051387710572,73.82122589387744,74.26035502958581,78.85799891103933,68.34532374100719,1,0,0
2019-05-28,251.568,-0.04720639922433634,78.0134712882531,78.92663712456918,78.99169415491187,76.12208258527828,1,1,1
2019-05-29,249.88,-0.053599563689249785,79.2064603176164,79.15437561455259,79.07432433471241,79.39068100358423,1,1,1
2019-05-30,250.562,-0.05101654344927875,75.52093067551982,79.52871870397644,79.05554022777086,67.97853309481216,1,1,1
2019-05-31,247.186,-0.06380287237910542,79.22510504683238,81.5686274509804,80.92811626094532,75.17857142857143,1,1,1
2019-06-03,246.557,-0.06618515937462122,72.30280733786658,72.80959373470387,84.02752703112407,60.071301247771835,1,1,1
2019-06-04,251.909,-0.04591488910435093,61.62775418858593,53.128054740957964,84.95805479988881,46.79715302491103,1,0,0
2019-06-05,254.092,-0.03764695188461997,62.092745312824206,64.12884333821377,83.07301604608479,39.07637655417407,1,0,0
2019-06-06,255.744,-0.03139013452914796,60.353904583060846,59.892787524366476,83.04835884892955,38.12056737588653,1,0,0
2019-06-07,258.303,-0.021698127499696906,53.28719206113907,49.70802919708029,83.07390096863782,27.079646017699115,0,0,0
2019-06-10,259.488,-0.017210035147254832,45.899557465657296,47.27891156462585,82.99926613269942,7.420494699646643,0,0,0
2019-06-11,259.426,-0.01744485516907035,45.9280349299165,55.43425521591461,79.70434692833224,2.6455026455026456,0,0,0
2019-06-12,258.968,-0.0191794933947399,48.79177927239038,64.12306201550388,79.43537439321656,2.8169014084507045,0,0,0
2019-06-13,260.036,-0.015134529147981968,42.233089780239354,46.855345911949684,79.31668265548193,0.5272407732864675,0,0,0
2019-06-14,259.749,-0.016221518603805496,45.79770245109752,58.01932367149758,79.19834508530374,0.17543859649122806,0,0,0
2019-06-17,259.848,-0.015846564052842016,46.74330821231808,60.974433188615535,79.08036009982732,0.17513134851138354,0,0,0
2019-06-18,262.568,-0.0055447824506120735,40.86359747449339,43.30443159922928,79.1115356494257,0.17482517482517482,0,0,0
2019-06-19,263.161,-0.0032988425645376074,44.458325483414455,55.26695526695528,77.58446097386401,0.5235602094240838,0,0,0
2019-06-20,265.675,0.0,39.760054017270534,41.09029779058597,77.66721617760193,0.5226480836236934,0,0,0
2019-06-21,265.291,-0.0014453749882376021,40.828706797018434,49.71223021582733,72.07823800131493,0.6956521739130435,0,0,0
2019-06-24,264.966,-0.0026686741319281726,41.08567492218791,50.09578544061302,72.11957265928406,1.0416666666666665,0,0,0
2019-06-25,262.367,-0.012451303284087722,43.94777314178311,58.34528933524629,72.11154828767671,1.386481802426343,0,0,0
2019-06-26,262.105,-0.01343747059377054,42.930942557637614,56.66189111747851,71.61190541356585,0.5190311418685121,0,0,0
2019-06-27,263.035,-0.00993695304413278,40.8203893801358,48.783977110157366,71.60465217014642,2.072538860103627,0,0,0
2019-06-28,264.388,-0.004844264609014881,32.48612415411925,37.57142857142857,57.473150787480925,2.413793103448276,0,0,0
2019-07-01,266.789,0.0,31.70745206972435,35.59201141226819,56.94858920310107,2.5817555938037864,0,0,0
2019-07-02,267.483,0.0,29.181780611019878,35.99240265906933,48.63197697467759,2.9209621993127146,0,0,0
2019-07-03,269.622,0.0,31.76846999060514,34.54243717401612,46.19693959969063,14.56603319810867,0,0,0
2019-07-05,269.315,-0.0011386311206059707,32.066042384613276,35.15625,46.32432663166432,14.717550522175507,0,0,0
2019-07-08,267.835,-0.006627797434927585,32.712560968875465,36.71394799054374,46.20803274385875,15.215702172223912,0,0,0
2019-07-09,268.169,-0.0053890261180468135,32.84071227486714,36.73276676109537,46.04348705587455,15.745883007631496,0,0,0
2019-07-10,269.451,-0.0006342212430736627,35.555058105529824,45.61527581329562,46.122021089333465,14.927877413960394,0,0,0
2019-07-11,270.082,0.0,34.79107542665625,43.973634651600754,45.61893149266998,14.780660135698023,0,0,0
2019-07-12,271.291,0.0,30.666895301713097,32.722143864598024,44.99744080548018,14.281101235061087,0,0,0
2019-07-15,271.382,0.0,33.76362071765669,43.59154929577465,44.49743772590309,13.20187513129236,0,0,0
2019-07-16,270.506,-0.003227922264557148,31.085813394712314,33.333333333333336,45.8319739898335,14.092132860970105,0,0,0
2019-07-17,268.666,-0.010008032957233737,36.456701621900976,48.75936329588014,45.38037962893454,15.230361940888256,0,0,0
2019-07-18,269.649,-0.0063858325165265795,36.54393591820336,49.298737727910236,45.55538921533158,14.777680811368256,0,0,0
2019-07-19,268.151,-0.011905726982629594,37.22668272719126,51.96078431372549,44.19291080104216,15.526353066806143,0,0,0
2019-07-22,268.81,-0.00947741559867643,36.97661309055104,52.23776223776224,44.17727886656193,14.514798167328948,0,0,0
2019-07-23,270.732,-0.0023951477990433734,33.88876052853493,42.27188081936686,45.5984734796638,13.79592728657415,0,0,0
2019-07-24,272.004,0.0,27.756934899086914,30.148768014876804,40.441193599530806,12.680843082853135,0,0,0
2019-07-25,270.705,-0.004775665063749157,32.47969144036774,41.08635097493036,42.054688578170754,14.298034768002097,0,0,0
2019-07-26,272.519,0.0,32.13647169953251,40.98284654612888,42.42370052455889,13.002868027909765,0,0,0
2019-07-29,272.022,-0.0018237260521285492,35.339927333722756,48.86574074074074,42.41070579444331,14.743335465984218,0,0,0
2019-07-30,271.355,-0.004271261820276706,32.33327514571432,40.96162736939436,40.73345905252705,15.304739015221543,0,0,0
2019-07-31,268.386,-0.015165915037116617,41.05665070192121,48.13019390581717,57.870623660097344,17.16913453984911,0,0,0
2019-08-01,266.049,-0.023741463897930193,46.93205124720765,57.491931765790696,58.02539980171559,25.278822174116687,0,0,0
2019-08-02,264.045,-0.031095079609128162,51.99793121918989,64.52578268876611,59.552842252310334,31.915168716493216,1,0,0
2019-08-05,256.105,-0.06023066281617062,67.45359520209571,77.37931034482759,72.22717805503653,52.75429720642304,1,0,0
2019-08-06,259.696,-0.047053599932481704,64.63348433794164,73.71441689623508,72.92754366492902,47.258492452660825,1,0,0
2019-08-07,259.85,-0.04648850171914609,64.53391774715111,74.50710683172856,72.77727167389862,46.31737473582614,1,0,0
2019-08-08,264.948,-0.027781549176387754,52.082746306803585,46.565934065934066,73.80444858810186,35.87785626637482,0,0,0
2019-08-09,263.143,-0.03440494057295096,62.31882397950574,71.97073616826704,73.74739267764555,41.23834309260463,1,0,0
2019-08-12,259.94,-0.046158249516547456,67.72679983629969,77.62557077625571,75.9410471266417,49.61378160600167,1,0,0
2019-08-13,263.982,-0.031326256150947196,62.028354450107756,70.56543547651619,76.67815020254218,38.841477671264904,1,0,0
2019-08-14,256.177,-0.059966461054091535,72.33837365474614,81.42076502732239,79.42373050517149,56.17062543174452,1,0,0
2019-08-15,256.854,-0.057482230596765826,72.01857358534632,81.53706230104594,79.35912092747337,55.15953752751964,1,0,0
2019-08-16,260.644,-0.04357494339844192,61.353713334449125,54.95004541326068,79.76154564389859,49.3495489461881,1,0,0
2019-08-19,263.784,-0.03205281099666446,60.81931751207397,60.81632653061225,80.11622455756533,41.525401448044335,1,0,0
2019-08-20,261.763,-0.0394688076794647,65.54408098593449,69.92753623188406,80.0043633076989,46.70034341822051,1,0,0
2019-08-21,263.892,-0.03165650835354605,63.957816550282985,68.24966078697422,80.77515284074649,42.84863602312826,1,0,0
2019-08-22,263.811,-0.03195373533588497,64.39454582997668,69.78319783197831,80.70911187647137,42.69132778148035,1,0,0
2019-08-23,257.034,-0.056821726191568334,74.82695504334274,81.82228236355435,86.17740045330449,56.48118231316938,1,0,0
2019-08-26,259.877,-0.0463894260583666,72.38688560027607,77.97297297297297,89.27145939281861,49.91622443503667,1,0,0
2019-08-27,258.857,-0.050132284354485246,74.68857602751729,81.6689158794422,92.88743063586406,49.50938156724562,1,1,1
2019-08-28,260.68,-0.04344284251740249,64.77190496527426,56.85085354896675,91.00687220708829,46.457989139767754,1,0,0
2019-08-29,264.009,-0.031227180490167594,61.89170965204047,52.086137281292054,91.06546541039101,42.52352626443835,1,0,0
2019-08-30,263.892,-0.03165650835354605,62.323845388952435,51.68010752688173,90.98577506826696,44.305653571708625,1,0,0
2019-09-03,262.349,-0.03731849889365513,67.19920241381013,63.44519015659955,86.67920585161964,51.47321123321123,1,0,0
2019-09-04,265.327,-0.026390820456555386,63.72463514282459,60.545129579982124,86.55985893700036,44.06891691149128,0,0,0
2019-09-05,268.738,-0.013874261978063962,55.92630238459814,45.22534582775546,86.8534949690383,35.70006635700066,0,0,0
2019-09-06,268.945,-0.013114681912086867,55.249717361154865,45.27629233511586,84.49265640623666,35.980203342112084,0,0,0
2019-09-09,269.081,-0.012615634139271026,59.48378879973242,57.94392523364487,84.28534741404688,36.22209375150552,0,0,0
2019-09-10,269.017,-0.012850480150007892,52.062137474963095,38.0,81.82136186746123,36.365050557428056,0,0,0
2019-09-11,270.93,-0.00583078611032628,49.97737331594493,36.617842876165106,79.77394541499406,33.540331656675626,0,0,0
2019-09-12,271.869,-0.0023851547965462183,48.06445935131031,45.03546099290781,72.50029198567655,26.65762507534659,0,0,0
2019-09-13,271.688,-0.003049328670661544,44.83219867918278,34.949092518813636,72.31076672205474,27.236736796679992,0,0,0
2019-09-16,270.849,-0.0061280130926651966,48.56552092520343,41.37931034482758,71.66731542753341,32.649937003249306,0,0,0
2019-09-17,271.535,-0.0036107574150792132,45.293483789825984,35.121412803532,71.3430752735877,29.41596329235824,0,0,0
2019-09-18,271.697,-0.003016303450401603,49.24863402005301,46.230158730158735,70.9291364324622,30.5866068975381,0,0,0
2019-09-19,271.679,-0.0030823538909214854,50.12041530211296,46.63143989431969,70.83291965891165,32.896886353107554,0,0,0
2019-09-20,270.401,-0.007771935167823152,53.23805917063728,48.13104661389622,70.87246492672415,40.710665971291476,0,0,0
2019-09-23,270.338,-0.008003111709642186,47.86396119689194,48.88010540184453,52.90817881480939,41.80359937402191,0,0,0
2019-09-24,268.217,-0.015786055284218836,51.665526927233586,52.01754385964912,53.15199815199815,49.82703877005347,0,0,0
2019-09-25,269.803,-0.009966277580645833,46.59799168984768,41.37100306614104,52.90033259248751,45.52263941091451,0,0,0
2019-09-26,269.241,-0.01202851911242897,52.73148818806673,55.59930008748906,52.82903989194144,49.76612458476969,0,0,0
2019-09-27,267.79,-0.017352918512103743,52.56437308982819,52.206203582350376,50.828822896616934,54.658092790517266,0,0,0
2019-09-30,269.032,-0.012795438116241509,48.077176970154476,41.9284467713787,51.11892906112434,51.18415507796038,0,0,0
2019-10-01,265.832,-0.02453773865308473,64.30857580860757,67.12418300653594,65.46380097282449,60.337743446462326,0,0,0
2019-10-02,261.137,-0.041765895221984595,71.30364273681114,73.89033942558747,73.21104495431831,66.80954383052766,1,0,0
2019-10-03,263.276,-0.033916901206888284,69.62357701068616,70.79530638852673,71.72975920318231,66.34566544034946,1,0,0
2019-10-04,266.839,-0.020842583452896912,65.0798159406356,57.46527777777777,73.95118625190092,63.82298379222808,0,0,0
2019-10-07,265.687,-0.0250698116461604,69.01044988217706,65.3879497182488,73.94149236018394,67.70190756809846,0,0,0
2019-10-08,261.563,-0.0402027014630173,76.60415834663364,78.91774891774891,77.63988755733097,73.25483856482106,1,0,0
2019-10-09,264.046,-0.03109141014021044,70.40639139448119,62.5810635538262,77.80285269758525,70.83525793203212,1,0,0
2019-10-10,265.832,-0.02453773865308473,70.75533462189796,64.33506044905009,77.83240560217757,70.09853781446624,0,0,0
2019-10-11,268.588,-0.014424682315728354,64.05252735638881,46.42087106511428,78.70231423260685,67.03439677144529,0,0,0
2019-10-14,268.289,-0.015521853522139861,68.81850165882662,59.13006029285099,78.59797050023128,68.7274741833976,0,0,0
2019-10-15,270.945,-0.005775744076559897,60.84723985829056,41.892473118279575,77.96538654706426,62.68385990952785,0,0,0
2019-10-16,270.51,-0.007371963055787023,66.32499585776232,56.078178694158076,77.95047516535847,64.94633371377041,0,0,0
2019-10-17,271.308,-0.004443726859411634,66.61718721211885,58.0866580866581,77.97963655544442,63.78526699425405,0,0,0
2019-10-18,270.12,-0.008803055933714665,67.94764536531407,58.63324764353042,77.9207701658086,67.28891828660322,0,0,0
2019-10-21,271.951,-0.00208425834528958,63.335214510400334,49.251176722293536,78.16948084968679,62.584985959220695,0,0,0
2019-10-22,271.063,-0.0053427467442637155,63.59445433594857,48.2905982905983,77.6719229084538,64.82084180879362,0,0,0
2019-10-23,271.852,-0.002447535768148379,60.35535446125364,38.56167306871532,77.48228662612969,65.02210368891592,0,0,0
2019-10-24,272.296,-0.0008182915686613113,63.93393093261544,50.724637681159415,77.42438158532936,63.65277353135758,0,0,0
2019-10-25,273.411,0.0,57.872629594851844,43.78458918688804,73.96342969677424,55.86986990089326,0,0,0
2019-10-28,274.952,0.0,55.856935976662314,42.7295918367347,73.95390616979776,50.887309923454495,0,0,0
2019-10-29,274.871,-0.0002945968750910355,52.077524529593674,34.43736730360934,70.6797897575044,51.115416527667286,0,0,0
2019-10-30,275.714,0.0,53.17318809334027,48.32485156912637,61.218757198312005,49.97595551258243,0,0,0
2019-10-31,274.979,-0.0026658058713014965,52.21240900183333,50.36001694197373,61.0520335361437,45.225176527382565,0,0,0
2019-11-01,277.527,0.0,49.82936869715154,49.38663282571912,59.9743421290276,40.12713113670791,0,0,0
2019-11-04,278.642,0.0,45.69919312915055,39.98732572877059,59.24616778973086,37.8640858689502,0,0,0
2019-11-05,278.333,-0.0011089498352724325,38.077287852600215,32.34177215189874,39.40084558761601,42.489245818285895,0,0,0
2019-11-06,278.397,-0.0008792644324976395,41.183046221725064,45.343447113358614,37.533909486591895,40.67178206522468,0,0,0
2019-11-07,279.376,0.0,39.60982212388905,47.72727272727273,36.36265631737818,34.73953732701625,0,0,0
2019-11-08,280.065,0.0,36.086564921361855,40.1849516603615,32.37124952504477,35.703493578679314,0,0,0
2019-11-11,279.53,-0.0019102708299859605,36.705572159828854,40.68010075566751,32.67394626434387,36.762669459475184,0,0,0
2019-11-12,280.119,0.0,35.36414624022055,44.80083857442347,29.707044673539517,31.58455547269865,0,0,0
2019-11-13,280.21,0.0,36.38538839573752,47.759631490787264,29.23919869796158,32.15733499846372,0,0,0
2019-11-14,280.618,0.0,35.44752406806574,47.887913007109994,29.244457457825064,29.21020173926217,0,0,0
2019-11-15,282.649,0.0,30.30862276151041,38.01169590643275,27.944335728027824,24.969836650070665,0,0,0
2019-11-18,282.857,0.0,32.75419215083565,45.577805590321226,27.566132341485357,25.118638520700376,0,0,0
2019-11-19,282.775,-0.00028989913631283226,32.02122069991486,44.666666666666664,27.231633780929556,24.165361652148377,0,0,0
2019-11-20,281.724,-0.004005557578564578,33.77024206008799,47.83603828547649,27.922319626508955,25.552368268278524,0,0,0
2019-11-21,281.271,-0.005607073538926088,34.47534919023727,45.573566084788034,28.09973009138132,29.75275139454244,0,0,0
2019-11-22,281.896,-0.0033974764633719623,32.05560903938259,37.193856371938566,27.97868828246496,30.994282463744227,0,0,0
2019-11-25,284.081,0.0,27.396069999372582,27.487562189054728,26.75484206421422,27.94580574484881,0,0,0
2019-11-26,284.725,0.0,26.828854718081416,27.349896480331267,24.02767648282308,29.10899119108991,0,0,0
2019-11-27,285.994,0.0,26.538515305438853,26.674937965260543,24.33635853182493,28.604249419231095,0,0,0
2019-11-29,284.933,-0.003709868039189712,27.67328118199422,28.232135481206114,24.81367591380233,29.974032150974228,0,0,0
2019-12-02,282.513,-0.01217158401924534,36.865106633691944,48.370462046204615,26.474215042279738,35.750642812591494,0,0,0
2019-12-03,280.618,-0.018797597152387935,40.29383349864328,48.22826534816645,28.637515842839036,44.015719304924374,0,0,0
2019-12-04,282.349,-0.012745022622852376,33.552329285606724,33.2716049382716,29.698293566334343,37.68708935221424,0,0,0
2019-12-05,282.857,-0.01096876158241078,35.49105135072894,40.89601315248664,29.78715196635551,35.78998893334468,0,0,0
2019-12-06,285.441,-0.0019336069987484494,31.612393828836616,29.802955665024626,33.45322710076808,31.58099872071715,0,0,0
2019-12-09,284.543,-0.005073533011182074,32.77897547903227,30.791307913079134,34.08357447565442,33.46204404836327,0,0,0
2019-12-10,284.226,-0.00618194787303239,34.17393328674429,31.695331695331692,33.95666661385971,36.869801551041455,0,0,0
2019-12-11,285.033,-0.00336021035406342,33.07569192996221,31.32924335378323,34.123579111490365,33.774253324613035,0,0,0
2019-12-12,287.489,0.0,30.50291758289096,27.98202614379085,35.46260159013386,28.064125014748168,0,0,0
2019-12-13,287.662,0.0,29.23155220794584,28.478172174622603,35.50173530857675,23.71474914063818,0,0,0
2019-12-16,289.638,0.0,27.077985601092863,26.36511817440913,35.41545770977297,19.45338091909649,0,0,0
2019-12-17,289.701,0.0,27.421173538847142,26.516076516076513,35.45455256570713,20.292891534757796,0,0,0
2019-12-18,289.72,0.0,27.74780845209346,26.6260162601626,35.41021639617146,21.207192699946322,0,0,0
2019-12-19,290.907,0.0,26.96638361419818,24.949248883475434,34.78338589647396,21.166516062645155,0,0,0
2019-12-20,292.176,0.0,25.99540680477461,23.17518248175183,34.69843448663522,20.11260344593678,0,0,0
2019-12-23,292.623,0.0,26.67304667469526,23.20777642770352,34.73822770745691,22.073135888925364,0,0,0
2019-12-24,292.632,0.0,26.04331185312973,22.673948220064727,33.90727521811234,21.548712121212123,0,0,0
2019-12-26,294.19,0.0,25.265293184439372,21.8989898989899,37.00884669327868,16.888042961049553,0,0,0
2019-12-27,294.117,-0.0002481389578162796,26.39884319768834,22.215496368038743,40.88681235221588,16.094220872810407,0,0,0
2019-12-30,292.495,-0.005761582650667951,28.30956399689616,24.00241837968561,41.331802789944426,19.594470821058447,0,0,0
2019-12-31,293.206,-0.0033447771848125196,25.835704128567798,22.282608695652172,36.28889310439079,18.935610585660438,0,0,0
2020-01-02,295.948,0.0,24.215079289342604,21.250502613590672,35.25515420653451,16.139581047902627,0,0,0
2020-01-03,293.707,-0.007572276210685569,29.938547512605425,30.763052208835337,39.697218797095495,19.35537153188545,0,0,0
2020-01-06,294.827,-0.003787827591333559,28.59675574114616,29.943842759727232,39.81266918944966,16.033755274261605,0,0,0
2020-01-07,293.998,-0.006588995364050443,28.409206229110517,32.23157051282051,37.83423917983023,15.161808994680818,0,0,0
2020-01-08,295.565,-0.0012941462689390892,24.578292047689068,22.98919567827131,36.844686014427715,13.90099445036818,0,0,0
2020-01-09,297.569,0.0,22.551927242248368,19.46442845723421,37.94601628957457,10.245336979936331,0,0,0
2020-01-10,296.713,-0.0028766437364107222,28.034037465309563,33.2934131736527,39.49454168170336,11.314157540572635,0,0,0
2020-01-13,298.753,0.0,25.610753211317242,27.412280701754383,38.343193254453965,11.076785677743379,0,0,0
2020-01-14,298.298,-0.0015229972586048302,23.77725298193096,18.956590999601755,39.07144830860913,13.303719637581997,0,0,0
2020-01-15,298.972,0.0,22.470106977970744,19.291964996022276,37.31158816733389,10.806767770556071,0,0,0
2020-01-16,301.459,0.0,23.24336079985819,18.891537544696067,40.64382997309826,10.19471488178025,0,0,0
2020-01-17,302.397,0.0,25.317589524699233,27.81746031746032,39.31503322341384,8.820275033223552,0,0,0
2020-01-21,301.805,-0.001957691379213422,27.31985073712913,33.05588585017836,40.038556030714425,8.865110330494597,0,0,0
2020-01-22,301.842,-0.0018353356680126387,26.821840840742407,34.10530482977038,39.86818545092972,6.492032241527121,0,0,0
2020-01-23,302.188,-0.0006911444227291064,26.1465381566313,33.076314748912615,39.900740050411514,5.462559670569774,0,0,0
2020-01-24,299.5,-0.009580121495914251,29.497825186185622,38.665086887835706,43.81671079729332,6.011677873427842,0,0,0
2020-01-27,294.7,-0.025453294840887986,39.89798997534982,50.788954635108475,61.34499963313522,7.560015657805773,0,0,0
2020-01-28,297.788,-0.01524155332228816,38.115342535350045,45.78408195429472,62.84459226684546,5.717353384909939,0,0,0
2020-01-29,297.542,-0.01605505345621816,39.80576352786486,51.397087760724126,61.9624849338061,6.057717889064366,0,0,0
2020-01-30,298.508,-0.012860577320542244,38.74990225465386,47.32704402515723,61.968176547030055,6.954486191774328,0,0,0
2020-01-31,293.087,-0.03078734246702186,47.17786131792757,59.20691009030231,69.08500104156069,13.241672821919735,1,0,0
2020-02-03,295.264,-0.023588196972853526,45.19338179173544,57.88235294117647,69.0821045916518,8.615687842378078,0,0,0
2020-02-04,299.765,-0.00870379005082722,39.87992121805718,43.909126517822166,70.00179830448333,5.728838831866033,0,0,0
2020-02-05,303.226,0.0,32.68741326730939,24.980438184663537,70.31831963554653,2.7634819817181175,0,0,0
2020-02-06,304.247,0.0,36.69381400837612,37.24110980851896,70.23392090649209,2.606411310117332,0,0,0
2020-02-07,302.625,-0.00533119472007948,38.56273701731711,41.92037470725995,70.26962860849045,3.4982077362009556,0,0,0
2020-02-10,304.884,0.0,38.78289212195121,42.98245614035088,70.42501122157599,2.941209003926774,0,0,0
2020-02-11,305.413,0.0,35.532056174766865,34.50155763239875,70.14142557436276,1.9531853175390996,0,0,0
2020-02-12,307.38,0.0,36.125546511834635,36.30882924931933,70.33641476310915,1.7313955230754212,0,0,0
2020-02-13,307.052,-0.0010670830893355632,35.12812560581449,33.29448329448329,70.37182955425777,1.718063968702408,0,0,0
2020-02-14,307.544,0.0,34.70259101784111,33.178114086146685,69.85094216470854,1.0787168026680882,0,0,0
2020-02-18,306.752,-0.0025752412662902735,34.166290949283564,27.209302325581394,73.79088575580846,1.4986847664608633,0,0,0
2020-02-19,308.218,0.0,34.16959607203153,26.79055361982191,74.65342601039556,1.0648085858771181,0,0,0
2020-02-20,306.952,-0.0041074823663771465,37.84945153872836,36.832946635730856,74.98039370381953,1.7350142766346985,0,0,0
2020-02-21,303.791,-0.014363210454937825,41.98798702373248,41.65701042873696,80.22453754457769,4.082413097882783,0,0,0
2020-02-24,293.716,-0.0470511131731437,55.611818296015485,64.00462962962963,84.45161109397347,18.37921416444337,1,0,0
2020-02-25,284.816,-0.07592677909791135,68.17797596800185,80.5009633911368,85.33789360303273,38.69507090983601,1,0,0
2020-02-26,283.768,-0.07932696987197385,70.55293271046418,82.64049268668207,84.96124550283157,44.057059941878926,1,0,0
2020-02-27,271.023,-0.1206775723676099,79.09332116825534,88.1199538638985,89.69967996554617,59.46032967532137,0,0,0
2020-02-28,269.885,-0.12436976425776569,79.7428068289515,89.1705069124424,89.59393589202243,60.463977682389704,0,0,0
2020-03-02,281.573,-0.08644855264780138,71.22678333635528,72.8807057920982,88.94071456615627,51.85892965081137,1,0,0
2020-03-03,273.51,-0.11260860819290253,79.54821220476359,87.66283524904215,90.93219050252299,60.04961086272562,0,0,0
2020-03-04,285.007,-0.07530708784042472,73.27004499509079,80.06123230003827,90.94287949921754,48.806023186016525,1,0,0
2020-03-05,275.533,-0.10604507199449742,80.16901675647875,88.34097859327217,91.91090269636577,60.255168979798306,0,0,0
2020-03-06,270.978,-0.12082357292565649,81.84560809873697,89.49980908743794,92.34972677595628,63.68728843281671,0,0,0
2020-03-09,249.816,-0.18948276868969371,84.89256721167081,92.1815408085431,92.61208576998051,69.88407505648884,0,0,0
2020-03-10,262.743,-0.14754167504818028,82.70217125263974,87.44761904761906,92.58177570093459,68.07711900936557,0,0,0
2020-03-11,249.934,-0.1890999227819271,85.27295452705319,92.19939117199391,92.7654609101517,70.85401149901396,0,0,0
2020-03-12,226.021,-0.26668461932787846,86.05663803895911,92.43633599391866,92.77389277389277,72.95968534906588,0,0,0
2020-03-13,245.343,-0.20399522415952354,85.37771717638884,88.0030372057707,92.74350019402407,75.38661412937178,0,0,0
2020-03-16,218.497,-0.29109591263326606,88.32040781671472,92.41562381494123,94.45736434108528,78.08823529411764,0,0,0
2020-03-17,230.294,-0.2528210552271444,88.98198084796456,91.89393939393939,94.42508710801394,80.62691604194039,0,0,0
2020-03-18,218.633,-0.2906546665022809,91.7515535828156,92.2625804010594,96.8677494199536,86.12433092743383,0,0,0
2020-03-19,219.098,-0.2891459940691329,93.28928260178009,91.8745275888133,99.20818848976438,88.78513172676257,0,0,0
2020-03-20,209.711,-0.31960171047764896,94.69108866587143,92.29898074745186,99.96141975308642,91.81286549707602,0,0,0
2020-03-23,204.349,-0.33699848808311006,95.41390190122969,92.42081447963801,99.90361628487831,93.91727493917274,0,0,0
2020-03-24,222.864,-0.27692736958905717,89.63664965520525,74.38794726930321,99.78829869130101,94.73370300501153,0,0,0
2020-03-25,226.2,-0.2661038615525376,92.398022892717,82.41158765989466,99.78854286812765,94.99393815012866,0,0,0
2020-03-26,239.408,-0.2232510755374444,86.88784030397389,66.23449830890642,99.63517665130568,94.79384595170957,0,0,0
2020-03-27,232.277,-0.2463872973025587,87.15356580558768,66.32882882882883,99.73149213655542,95.4003764513788,0,0,0
2020-03-30,239.82,-0.2219143593171068,89.56480576536222,73.79077615298088,99.61677005762557,95.28687108548024,0,0,0
2020-03-31,236.246,-0.23351004808285047,87.13400685545784,66.27340823970037,99.5406257835491,95.58798654312403,0,0,0
2020-04-01,225.613,-0.268008357720834,93.75149761635782,85.11036288814067,99.77046665051596,96.37366331041687,0,0,0
2020-04-02,230.82,-0.25111447092642225,94.37147686766738,87.29446935724964,99.52254344574403,96.29741780000847,0,0,0
2020-04-03,227.483,-0.2619412234197873,95.14169818961336,89.28704740574841,99.4658380100358,96.6722091530559,0,0,0
2020-04-06,242.762,-0.21236916727770605,86.90734888376984,65.6972408650261,99.10445679415932,95.92034899212412,0,0,0
2020-04-07,243.01,-0.21156454198002717,86.95274678276067,65.75418994413407,98.95314198738856,96.15090841675936,0,0,0
2020-04-08,251.167,-0.18509950749145088,86.32187520975944,65.25297619047619,98.7072384235034,95.00541101529876,0,0,0
2020-04-09,254.989,-0.1726991934280282,85.89423935969504,65.01300631735414,98.13897554045035,94.53073622128063,0,0,0
2020-04-13,252.661,-0.18025228896430456,86.19789860496559,65.44172234595396,98.00828061846356,95.14369285047927,0,0,0
2020-04-14,260.113,-0.15607459655179134,85.50096541476876,64.75713756025213,97.48015565208398,94.26560303197016,0,0,0
2020-04-15,254.586,-0.17400670953675645,86.12319192142974,65.22222222222223,97.78566023458193,95.36169330748504,0,0,0
2020-04-16,255.814,-0.1700225165305077,86.01483820249553,64.90935997040326,97.27788201924734,95.85727261783599,0,0,0
2020-04-17,262.725,-0.14760007527139885,85.4430980535718,64.41241685144125,97.2432158971554,94.6736614121188,0,0,0
2020-04-20,258.097,-0.16261542155227804,85.98712068258106,64.765596160945,97.13312801381551,96.0626378729827,0,0,0
2020-04-21,250.26,-0.18804222985030083,90.90836410074436,78.06047197640117,97.09870388833498,97.56591643749698,0,0,0
2020-04-22,255.814,-0.1700225165305077,88.70010073679487,72.68876611418048,96.91369833314202,96.49783776306214,0,0,0
2020-04-23,255.796,-0.17008091675372639,88.67771787617573,72.60853568800589,96.84197712464042,96.58264081588094,0,0,0
2020-04-24,259.362,-0.1585111836427463,89.77126191244008,77.10400588019111,96.58268753533692,95.6270923217922,0,0,0
2020-04-27,263.101,-0.1463801594974986,87.52667699311672,71.98972099853158,95.87407992919805,94.71623005162057,0,0,0
2020-04-28,261.891,-0.15030595228052868,85.04178512180599,64.06307297396405,95.80376891090862,95.25851348054529,0,0,0
2020-04-29,268.747,-0.12806195614792126,83.5201648883123,63.35164835164835,94.4990479072876,92.70979840600093,0,0,0
2020-04-30,266.245,-0.13617958717531098,86.06679236867477,71.71606293450421,92.78619109212032,93.6981230793998,0,0,0
2020-05-01,259.197,-0.15904651902225053,90.42037559758664,80.55555555555556,94.41801120490379,96.28756003230058,0,0,0
2020-05-04,259.911,-0.15672997683457812,89.62745989492404,80.19350127783862,92.67179145445603,96.0170869524775,0,0,0
2020-05-05,262.313,-0.14893679149173644,87.98389971981285,76.75054704595186,92.19530992880324,95.0058421846835,0,0,0
2020-05-06,260.535,-0.1547054357629989,90.26801783551326,82.80510018214936,92.27855230779464,95.72040101659582,0,0,0
2020-05-07,263.679,-0.14450486344081148,83.18740760249841,63.646288209606986,91.65476356373097,94.26117103415731,0,0,0
2020-05-08,268.041,-0.13035254268082985,82.50482522521705,63.08615049073065,91.49702174782063,92.93130343709988,0,0,0
2020-05-11,268.096,-0.13017409755432852,82.57233170685211,63.362381989832976,91.33950698334286,93.01510614738051,0,0,0
2020-05-12,262.753,-0.14750923047972553,89.22126922444883,79.50671019223795,93.01571705186832,95.14138042924026,0,0,0
2020-05-13,258.106,-0.1625862214406687,91.95941810876583,86.25,92.8753648209808,96.7528895053167,0,0,0
2020-05-14,261.195,-0.15256409424498252,90.16086403101292,81.65038002171553,92.9203037111594,95.91190836016382,0,0,0
2020-05-15,262.395,-0.1486707460304072,89.943538102338,82.62834417932031,92.3369093249978,94.86536080269589,0,0,0
2020-05-18,270.388,-0.12273780246448951,81.80269880354851,62.78439869989165,90.87091291891663,91.75278479183724,0,0,0
2020-05-19,267.611,-0.13174765912438602,82.08664320519054,63.05916305916306,90.14358121872912,93.05718533767943,0,0,0
2020-05-20,272.157,-0.11699835830483629,81.09050481215593,62.28828828828828,90.00717540928291,90.9760507388966,0,0,0
2020-05-21,270.278,-0.12309469271749218,81.58291425736518,62.56299496040317,90.05502943746335,92.13071837422905,0,0,0
2020-05-22,270.791,-0.12143028635576125,81.2813134093261,62.549442646530025,89.80876831690863,91.48572926453967,0,0,0
2020-05-26,274.127,-0.1106067783192416,79.96486846499738,61.49425287356322,89.63647098924282,88.76388153218613,0,0,0
2020-05-27,278.206,-0.09737263884653069,78.79520985567402,60.69250089702189,89.90459668677492,85.78853198322524,1,0,0
2020-05-28,277.693,-0.09903704520826184,78.50288722020018,60.53763440860215,88.81682167082825,86.15420558117016,1,0,0
2020-05-29,278.93,-0.09502365209040353,77.95801443469827,60.43680630146796,88.29891803236596,85.13831897026091,1,1,1
2020-06-01,280.058,-0.09136390476870271,76.08547453398695,60.228898426323326,83.983221562486,84.04430361315154,1,1,1
2020-06-02,282.377,-0.08384000934403568,75.20686115116385,59.71775634155055,83.92781390131842,81.97501321062258,1,1,1
2020-06-03,286.134,-0.0716505849755692,73.30292914206267,58.42255531763027,83.9636817288645,77.52255037969324,1,1,1
2020-06-04,285.383,-0.07408717206652449,73.81281751212292,58.64527629233512,83.76265699445598,79.03051924957767,1,1,1
2020-06-05,292.697,-0.05035721469868737,68.17110473241245,53.8105413105413,84.43551292979606,66.26725995689999,1,0,1
2020-06-08,296.235,-0.03887832637938082,63.763294953283435,46.15795090715048,84.27076230548765,60.86117164721219,1,0,0
2020-06-09,294.026,-0.046045331551045066,67.5925205019381,55.40156361051883,84.50578958057248,62.87020831472298,1,0,0
2020-06-10,292.385,-0.05136948523447693,68.74767034422182,58.28895988640397,80.84391903612938,67.11013211013211,1,0,0
2020-06-11,275.53,-0.10605480536503398,78.28659382059595,61.843971631205676,85.42998316259893,87.58582666798327,0,0,0
2020-06-12,278.829,-0.09535134223179698,77.46192910577405,61.388593694651085,85.40963522468819,85.58755839798287,1,0,0
2020-06-15,281.432,-0.08690602106301382,76.31922159589054,60.72186836518048,85.42548466168277,82.81031176080837,1,0,0
2020-06-16,286.849,-0.06933079833105149,73.92779084006821,59.720749381406854,85.0440443750303,77.0185787637675,1,1,1
2020-06-17,285.658,-0.07319494643401747,72.90516929340312,60.275423728813564,80.17717717717717,78.26290697421864,1,1,1
2020-06-18,285.768,-0.07283805618101491,73.00839944991651,60.44091710758377,79.94637401980815,78.63790722235763,1,1,1
2020-06-19,284.142,-0.07811354301176443,73.69363413643447,60.923185341789996,79.82406067708759,80.33365639042584,1,1,1
2020-06-22,285.965,-0.0721988981824554,72.75117071381112,60.87645195353749,79.84584433780952,77.53121585008633,1,1,1
2020-06-23,287.281,-0.06792919297380429,72.14989416318437,60.74191279887483,79.72390284943641,75.98386684124189,1,1,1
2020-06-24,279.953,-0.09170457273747812,77.37712299663261,62.27608008429926,85.08686644212185,84.76842246347674,1,1,1
2020-06-25,282.954,-0.08196795774419408,75.98752494981875,61.89473684210526,85.06708399262367,81.00075401472735,1,1,1
2020-06-26,276.234,-0.10377070774581643,81.85590981945062,70.89029092183667,88.19523517561531,86.48220336089987,0,0,1
2020-06-29,280.294,-0.09059821295316961,77.94459245316855,61.7296918767507,88.24369371648673,83.86039176626825,1,0,1
2020-06-30,283.884,-0.07895061287789806,79.21208730807572,69.23749562784191,88.22059423180349,80.1781720645818,1,0,1
2020-07-01,285.873,-0.0724973882122395,76.0136956069941,61.11111111111111,88.09047777179784,78.8394979380734,1,1,1
2020-07-02,287.447,-0.06739061313745476,77.67742636668218,68.41186736474695,88.06759144994437,76.55282028535522,1,1,1
2020-07-06,291.885,-0.05299171365721678,74.79390221158883,67.66039051603904,88.15109748941126,68.57021862931617,1,1,1
2020-07-07,288.874,-0.06276077321895535,78.18452444490643,69.05259491466389,91.04215922976972,74.4588191902857,1,1,1
2020-07-08,291.084,-0.055590523590445806,74.10346356338368,60.699373695198325,91.01620302564463,70.5948139693081,1,1,1
2020-07-09,289.426,-0.06096983304025083,79.97038809068403,74.24400417101147,91.25625948836472,74.4109006126759,1,1,1
2020-07-10,292.382,-0.05137921860501338,71.03127739059934,60.833333333333336,82.9711865300985,69.28931230836618,1,1,1
2020-07-13,289.85,-0.05959418333776745,72.49648487883626,60.63128685397155,82.98930983211157,73.86885795042565,1,1,1
2020-07-14,293.606,-0.04740800342614648,69.51929678431199,58.93970893970894,83.11355171153484,66.50462970169218,1,0,1
2020-07-15,296.304,-0.038654458857042884,66.90874334139538,57.753547940463825,82.60126279873705,60.37141928498527,1,0,1
2020-07-16,295.328,-0.04182104873823089,67.62965114923394,57.74550484094053,82.51378800107614,62.62966060568514,1,0,1
2020-07-17,296.184,-0.039043793678500305,66.17450401530806,57.01208981001727,82.30320927995346,59.20821295595346,1,0,1
2020-07-20,298.578,-0.03127656399042256,65.1708618734647,57.7639751552795,81.42429674808545,56.32431371702919,1,0,1
2020-07-21,299.213,-0.029216333893542834,64.52283129595239,56.997587038952084,81.3735395066514,55.1973673422537,0,0,0
2020-07-22,300.916,-0.02369102388569133,66.23959769134117,63.79132231404958,81.3229263463354,53.604544413638564,0,0,0
2020-07-23,297.325,-0.035341868417808286,63.6902994662091,55.58995528035776,80.2888913537796,55.192051764489925,1,0,0
2020-07-24,295.411,-0.04155175882005602,65.88735998173567,56.666666666666664,80.27457708414043,60.720836194399936,1,0,0
2020-07-27,297.565,-0.03456319877489311,62.83778217404527,56.57397871610024,75.37374045306872,56.56562735296685,1,0,0
2020-07-28,295.678,-0.040685488842312933,64.44518066568983,57.01303155006858,74.87441986238356,61.448090584617375,1,0,0
2020-07-29,299.314,-0.02888864375214939,61.36932527091648,55.46420006851662,74.67354552873967,53.97023021549317,0,0,0
2020-07-30,298.246,-0.032353723663121725,61.66699641678521,56.33127994524298,74.80493632029739,53.86477298481529,1,0,0
2020-07-31,300.603,-0.02470653887832641,60.93038170423546,56.888888888888886,75.11057197309908,50.791684250718426,0,0,0
2020-08-03,302.693,-0.017925624071274293,59.777157283970986,56.489071038251375,74.19520555431679,48.64719525934479,0,0,0
2020-08-04,303.862,-0.014132854018908625,57.39082033425297,56.49948822927329,68.54978043337412,47.12319234011153,0,0,0
2020-08-05,305.749,-0.008010563951488914,55.92975220788341,55.1635991820041,68.39127251406482,44.234384927581324,0,0,0
2020-08-06,307.793,-0.0013788941593287918,55.00426371082609,55.464759959141986,68.12881980651142,41.419211366824875,0,0,0
2020-08-07,308.014,-0.0006618691964778156,53.610517822307344,53.14625850340136,67.72802491617529,39.95727004734538,0,0,0
2020-08-10,308.935,0.0,52.330482664675785,51.64797825348284,66.35685353167143,38.98661620887308,0,0,0
2020-08-11,306.384,-0.008257400424037331,52.74435053800989,51.9857433808554,66.59974136609651,39.64756686707776,0,0,0
2020-08-12,310.656,0.0,51.60107075836801,51.865038996269924,67.60363390108998,35.33453937774414,0,0,0
2020-08-13,310.095,-0.0018058559950555608,49.776680675882105,52.1680216802168,67.53352109446105,29.628499252968467,0,0,0
2020-08-14,310.104,-0.0017768850432633432,47.153613605707996,51.94585448392555,67.46362508358453,22.051361249613905,0,0,0
2020-08-17,311.089,0.0,46.658649391204506,52.99188640973631,67.30755368856173,19.676508075315486,0,0,0
2020-08-18,311.761,0.0,44.09326977185266,52.921310368118874,67.30690613951872,12.05159280792042,0,0,0
2020-08-19,310.463,-0.004163445716430236,44.60502698133001,54.065452091767874,67.37513042044424,12.37449843177796,0,0,0
2020-08-20,311.429,-0.0010649183188405908,41.839903346540034,54.60060667340749,54.21024260671894,16.70886075949367,0,0,0
2020-08-21,312.534,0.0,39.627524554205934,55.016835016835024,53.12343175455919,10.742306891223583,0,0,0
2020-08-24,315.701,0.0,39.54249337974096,52.438614194416424,53.44634312765678,12.742522817149682,0,0,0
2020-08-25,316.806,0.0,37.278606172657355,52.570564516129025,52.08820597842713,7.177048023415899,0,0,0
2020-08-26,319.982,0.0,36.63931228946105,53.62537764350453,51.178218469518896,5.114340755359738,0,0,0
2020-08-27,320.682,0.0,35.354723886700356,52.12944332662642,49.619859948402045,4.314868385072608,0,0,0
2020-08-28,322.753,0.0,34.38938680639397,49.882747068676714,49.192903180608106,4.092510169897104,0,0,0
2020-08-31,321.584,-0.0036219647842157254,38.153472376391086,60.15729585006693,50.54277760066223,3.760343678444089,0,0,0
2020-09-01,324.613,0.0,38.30715743895505,59.712470745570045,51.78753456283895,3.421467008456146,0,0,0
2020-09-02,329.308,0.0,34.52706780740742,46.87708750835003,53.54099344586695,3.16312246800528,0,0,0
2020-09-03,317.975,-0.034414590596037686,44.729863464025826,58.69202535869203,72.1679764857935,3.3295885475919604,1,0,0
2020-09-04,315.379,-0.04229778808896223,45.09451175584834,59.46666666666667,72.33244572038805,3.484422880490296,1,0,0
2020-09-08,306.762,-0.06846478069163209,49.954775867241906,64.40226440226441,78.57382597942025,6.8882372200410815,1,0,0
2020-09-09,312.82,-0.05006862876091678,48.311227123610976,62.25881570192947,79.24060695088743,3.4342587180160566,1,0,0
2020-09-10,307.388,-0.06656382474765266,50.78502275130998,64.17414423396477,82.46324026058166,5.717683759383529,1,0,0
2020-09-11,307.544,-0.06609010409707627,47.695985196975734,55.212483399734396,82.4133341587223,5.462138032470513,1,0,0
2020-09-14,311.595,-0.05378855053627596,45.953171733697424,51.64179104477612,82.76962071368018,3.4481034426359742,1,0,0
2020-09-15,313.169,-0.04900883063879413,45.86193989392001,51.44135188866799,83.15864863920623,2.9858191538858168,1,0,0
2020-09-16,311.927,-0.052780375818382685,45.24375708512221,49.10625620655412,83.1588313391225,3.466183709690022,1,0,0
2020-09-17,309.183,-0.06111300059518754,46.15408442694334,50.28108465608466,83.27711438509162,4.904054239653745,1,0,0
2020-09-18,305.638,-0.0718779987124516,49.06941575529002,53.336636934258344,86.18983907153775,7.6817712600739725,1,0,0
2020-09-21,302.236,-0.08220875290002061,53.12946339490546,57.32673267326732,88.30627159587806,13.755385915571011,1,0,0
2020-09-22,305.314,-0.07286188006364858,50.817158210148136,56.19848334981865,88.28446271822749,7.968528562398294,1,0,0
2020-09-23,298.234,-0.09436150958980649,59.06105646507063,67.25955204216073,90.29425738232142,19.62935997072975,1,0,0
2020-09-24,299.029,-0.09194735627436923,58.53555859511352,67.01217505758473,89.96837689446515,18.626123833290688,1,0,0
2020-09-25,303.863,-0.0772680894481762,56.144404878280696,65.74621959237344,90.61565372132291,12.071341321145743,1,0,0
2020-09-28,308.91,-0.06194201173369607,50.5727687569634,53.67816091954023,92.14820757065111,5.891937780698871,1,0,0
2020-09-29,307.228,-0.06704969208157707,51.663357965009546,55.52821522309711,92.12265309986184,7.339205572069709,1,0,0
2020-09-30,309.557,-0.059977285702139005,50.38353297043963,53.29400196656834,91.9968489302242,5.859748014526371,1,0,0
2020-10-01,311.545,-0.0539403840781274,49.283057978658896,51.620825147347745,91.67089601291337,4.557452775715582,1,0,0
2020-10-02,308.587,-0.06292285641405615,51.59287856954416,59.43735688583579,88.22696029362697,7.114318529169719,1,0,0
2020-10-05,314.059,-0.04630619359383914,46.06900979503497,45.555555555555564,89.03876123876124,3.6127125907881084,1,0,0
2020-10-06,309.594,-0.05986492888116901,47.242720123424924,47.94319294809011,87.51793781733902,6.267029604845657,1,0,0
2020-10-07,314.983,-0.04350030974042529,44.96456426016568,43.99869536855838,87.1977547066054,3.6972427053332724,1,0,0
2020-10-08,317.775,-0.035021924763443346,42.68720283669588,40.87650700553926,84.60367569270939,2.581425811838997,1,0,0
2020-10-09,320.613,-0.026403852927957994,42.313463349899905,40.91796875,84.46981559665153,1.552605703048181,0,0,0
2020-10-12,325.77,-0.010743741421404884,42.02724293455704,40.34146341463414,84.68429885034733,1.0559665386896402,0,0,0
2020-10-13,323.644,-0.017199703620926265,42.97993863897821,42.69005847953216,84.79895206714036,1.4508053702621158,0,0,0
2020-10-14,321.611,-0.023373255432604156,43.39379113458012,43.57351509250244,84.84717427741262,1.7606840338253023,0,0,0
2020-10-15,321.213,-0.024581850425741125,43.075912973478296,42.54215304798962,84.46540657888528,2.2201792935599927,0,0,0
2020-10-16,321.019,-0.02517096456812462,41.88080102568366,42.031098153547134,81.22954465912399,2.3817602643798517,0,0,0
2020-10-19,316.139,-0.039989918252821055,46.575471882286436,53.52750809061488,81.44617132336379,4.752736232880637,1,0,0
2020-10-20,317.405,-0.036145492973143734,45.700988941344065,51.85903653410927,81.266721530881,3.9772087590419094,1,0,0
2020-10-21,316.804,-0.0379705321461975,46.22868962256495,57.719638242894064,77.03920183854946,3.9272287862513426,1,0,0
2020-10-22,318.542,-0.032692798231443,40.70927962642972,41.85221039044853,77.0289815566602,3.246646932180433,1,0,0
2020-10-23,319.623,-0.02941015705661565,40.37819672939433,41.328175370728566,76.65717718768116,3.1492376297732765,0,0,0
2020-10-26,313.717,-0.047344735020102835,48.94324090600006,61.062801932367144,80.04337819841486,5.723542587218169,1,0,0
2020-10-27,312.635,-0.05063041286576697,51.70695608187908,68.27541827541828,79.93180885575144,6.913641114467521,1,0,0
2020-10-28,301.95,-0.0830772407594107,62.23746184188883,77.8688524590164,85.35682526067978,23.486707805970315,1,0,0
2020-10-29,305.019,-0.07375769796057186,58.669012055451745,71.93320488118177,85.50220981444242,18.571621470731056,1,0,0
2020-10-30,301.839,-0.08341431122232068,58.22113898468097,64.54924606993904,87.65704875342351,22.457122130680347,1,0,0
2020-11-02,305.222,-0.07314125378065528,51.05770926964902,49.87179487179487,86.9175420739631,16.383790863189095,1,0,0
2020-11-03,310.611,-0.05677663463991156,46.265139773785904,44.6845981428114,85.25108405161536,8.85973712693095,1,0,0
2020-11-04,317.553,-0.035696065689263534,44.813386820365835,43.953934740882914,85.75477647505927,4.73144924515533,1,0,0
2020-11-05,323.746,-0.016889963195549473,43.50659582526783,40.82774049217002,86.64849095796677,3.043556025666699,0,0,0
2020-11-06,323.672,-0.017114676837489462,44.068955619089664,43.247126436781606,85.9782774390244,2.981462981462981,0,0,0
2020-11-09,327.739,-0.004764536543296893,40.28991455303906,32.4561403508772,85.79685890426155,2.6167444039784464,0,0,0
2020-11-10,327.259,-0.006222138545070255,39.72566270302504,31.07074569789675,85.51835971334083,2.5878826978375375,0,0,0
2020-11-11,329.69,0.0,39.54448288517683,31.821076090417066,84.38128696403335,2.4310856010801056,0,0,0
2020-11-12,326.491,-0.009703054384421761,40.610988383429024,33.5559796437659,84.68833151196368,3.5886539945574913,0,0,0
2020-11-13,331.012,0.0,39.98782436147285,31.569748967270417,85.28635587383359,3.107368243314548,0,0,0
2020-11-16,335.143,0.0,38.0658448934721,30.28571428571429,81.35551935312748,2.556301041574534,0,0,0
2020-11-17,333.341,-0.005376809302297669,38.25880253850129,30.58991436726927,81.47061569385234,2.7158775543822666,0,0,0
2020-11-18,329.329,-0.017347818692319272,40.00980069421145,31.400506970849175,85.15168684071631,3.477208271068869,0,0,0
2020-11-19,330.716,-0.013209286782060126,39.89807262706077,31.164925609370055,85.10154582841035,3.4277464434019174,0,0,0
2020-11-20,328.451,-0.01996759592174069,40.59271117710311,31.73624288425047,85.18045082337404,4.861439823684837,0,0,0
2020-11-23,330.42,-0.014092491861682821,38.27670028187365,30.56872037914692,80.6244754070841,3.6369050593899406,0,0,0
2020-11-24,335.744,0.0,37.817826490701734,28.630050505050505,80.643630957035,4.179798010019714,0,0,0
2020-11-25,335.227,-0.0015398637056807107,35.52182696518928,28.2718385367392,73.04780909805409,5.245833260774563,0,0,0
2020-11-27,336.16,0.0,35.64145352347328,29.678638941398862,72.89718326314208,4.3485383658789045,0,0,0
2020-11-30,334.672,-0.004426463588767304,34.244621960957055,30.61063896757948,67.69855445324646,4.424672462045224,0,0,0
2020-12-01,338.332,0.0,32.91596727382714,29.905660377358487,67.66552131825908,1.1767201258638724,0,0,0
2020-12-02,339.044,0.0,32.88933310902847,29.704681118441723,67.50446965520506,1.45884855343865,0,0,0
2020-12-03,338.952,-0.000271351211052262,32.368787617396514,28.71939736346516,66.60796253731883,1.7790029514055465,0,0,0
2020-12-04,341.873,0.0,31.333122985786723,26.82659140796488,65.01007446101174,2.1627030883835405,0,0,0
2020-12-07,341.17,-0.002056319159453923,34.30697167798368,35.74561403508772,65.01167146357709,2.163629535286242,0,0,0
2020-12-08,342.169,0.0,34.48086263373766,36.791862284820034,64.63049027052249,2.0202353458704496,0,0,0
2020-12-09,339.1,-0.008969252036274411,31.997621851820263,28.51782363977486,65.01485624957769,2.460185666108254,0,0,0
2020-12-10,338.989,-0.009293653136315694,35.038661961485076,37.37894407997501,64.88909607238419,2.8479457320960204,0,0,0
2020-12-11,338.591,-0.010456821044571463,35.390446304654404,38.57677902621723,64.35008987112407,3.2444700166219156,0,0,0
2020-12-14,337.075,-0.014887380212701862,35.1399837084714,39.28905519176801,63.685006128285444,2.445889805360755,0,0,0
2020-12-15,341.632,-0.0015693999164154704,34.68189201460435,38.348909657320874,63.81483998610545,1.8819264003867302,0,0,0
2020-12-16,342.169,0.0,34.402565145696904,38.499844382197324,63.532121016980625,1.1757300379127718,0,0,0
2020-12-17,344.082,0.0,30.205254009685387,37.71766169154228,51.55172559059336,1.3463747469205323,0,0,0
2020-12-18,342.714,-0.0039757964671212065,28.116401489507435,30.118049083566323,52.13588115759737,2.0952742273586242,0,0,0
2020-12-21,341.489,-0.007535994326933748,31.24047723681117,39.478584729981385,51.359029470219525,2.8838175102326047,0,0,0
2020-12-22,340.913,-0.00921001389203735,31.568610903832802,39.968992248062015,51.27875317152567,3.4580872919107164,0,0,0
2020-12-23,341.219,-0.008320690998076086,27.783707522989804,30.731102850061955,48.420851131943856,4.199168586963609,0,0,0
2020-12-24,342.547,-0.004461145889642526,27.60712036681626,30.748994119467657,48.43811383765564,3.6342531433254863,0,0,0
2020-12-28,345.49,0.0,30.43684646940955,38.775510204081634,49.27449954868195,3.260529655465066,0,0,0
2020-12-29,344.83,-0.0019103302555790735,30.6743314924202,39.45010812480692,49.2275850600721,3.3453012923815844,0,0,0
2020-12-30,345.322,-0.00048626588323830156,29.68819256974961,37.916666666666664,47.13711995921731,4.010791083364864,0,0,0
2020-12-31,347.077,0.0,26.356587104422452,28.47671908726488,47.56394759589699,3.0290946301054817,0,0,0
2021-01-04,342.352,-0.013613693791291293,32.5693549621773,31.16142945163278,61.30427747453435,5.242357960364756,0,0,0
2021-01-05,344.71,-0.006819812318304086,32.33101302771835,30.455524776854418,61.058469904771336,5.479044401529284,0,0,0
2021-01-06,346.771,-0.0008816487407692364,30.69215076259384,25.876383763837637,61.25172085142433,4.948347672519556,0,0,0
2021-01-07,351.923,0.0,32.22751593738615,28.740399385560675,64.44854031422221,3.493608112375583,0,0,0
2021-01-08,353.928,0.0,31.79030945573602,28.66789441375077,63.012232926741355,3.690801026715933,0,0,0
2021-01-11,351.542,-0.006741484143667709,32.50992104352359,28.79484820607176,64.29651841009422,4.438396514404787,0,0,0
2021-01-12,351.616,-0.006532402070477672,32.44374019578047,28.523284313725487,64.2051154485331,4.602820825082815,0,0,0
2021-01-13,352.563,-0.0038567166203296033,31.34895815774311,27.058463422099788,63.30315693765683,3.6852541134727095,0,0,0
2021-01-14,351.329,-0.007343301462444329,30.710787549478432,26.40672782874618,61.87328929494955,3.8523455247395684,0,0,0
2021-01-15,348.766,-0.014584887321715034,31.094423334401895,25.450656889703634,62.71811170571048,5.114501407791576,0,0,0
2021-01-19,351.505,-0.0068460251802626715,30.849030272812705,25.25946275946276,63.18822360703472,4.0994044519406385,0,0,0
2021-01-20,356.369,0.0,30.742296002915197,24.428179322964322,64.58942568073756,3.209283005043712,0,0,0
2021-01-21,356.694,0.0,30.75377835909605,25.60938452163315,63.67652620790207,2.975424347752936,0,0,0
2021-01-22,355.432,-0.0035380466169881997,31.77811136320968,26.925418569254187,63.74133310279243,4.667582417582418,0,0,0
2021-01-25,356.833,0.0,31.117117648295384,25.0,63.77504058614329,4.576312358742865,0,0,0
2021-01-26,356.277,-0.0015581518525473737,31.84964706261278,26.481312670920698,63.77773528589287,5.289893231024781,0,0,0
2021-01-27,347.569,-0.025961724392082552,37.59699142481809,31.602914389799633,72.24826235153257,8.939797533122086,0,0,0
2021-01-28,350.558,-0.017585256968946306,36.420616935984455,28.29845313921747,72.42846027986592,8.534937388869974,0,0,0
2021-01-29,343.54,-0.037252720460271393,40.2032290685607,31.621212121212125,76.29381231370131,12.694662770768685,1,0,0
2021-02-01,349.258,-0.021228417775261965,38.768576575851,29.564032697547685,76.8399647071497,9.901732322855617,0,0,0
2021-02-02,354.197,-0.007387209142652229,36.350420892390815,27.843315184513006,73.73726253890719,7.470684953752259,0,0,0
2021-02-03,354.476,-0.00660533078498915,36.27694254551175,26.53369598065881,73.60763289073334,8.689498765143128,0,0,0
2021-02-04,358.504,0.0,34.917993503771804,23.77717391304348,73.81649576864432,7.160310829627633,0,0,0
2021-02-05,359.915,0.0,34.3712312549539,23.31825037707391,73.02669359789301,6.7687497898947795,0,0,0
2021-02-08,362.515,0.0,34.05315716941989,23.131404460518382,73.0822381592152,5.945828888526099,0,0,0
2021-02-09,362.273,-0.0006675585837826459,34.20493253077642,23.035230352303525,72.86169153724047,6.717875702785254,0,0,0
2021-02-10,362.116,-0.0011006441112781928,33.93598645043763,22.352587244283995,72.8560110913052,6.599361015723704,0,0,0
2021-02-11,362.7,0.0,34.09686856343003,22.602945596633603,72.81973193149173,6.867928162164765,0,0,0
2021-02-12,364.492,0.0,33.28854621362373,21.876876876876878,71.69885944774734,6.289902316246992,0,0,0
2021-02-16,364.176,-0.000866960043018894,33.887185558990346,22.517251725172517,71.44983542783726,7.694469523961264,0,0,0
2021-02-17,364.26,-0.0006365023100645129,33.715790544132105,21.41786570743405,71.41494268667186,8.314563238290404,0,0,0
2021-02-18,362.71,-0.004888996191960371,33.89927883124404,20.515124288709192,71.19713115371042,9.985581051312506,0,0,0
2021-02-19,362.069,-0.006647608177957287,34.20719376771352,20.795930580490726,71.19300237353879,10.63264834911106,0,0,0
2021-02-22,359.284,-0.014288379443170296,35.14344439053588,20.687593423019432,71.34108811341089,13.401651635177343,0,0,0
2021-02-23,359.721,-0.013089450522919654,34.73837965063167,20.385304659498207,71.30642184945894,12.523412442937873,0,0,0
2021-02-24,363.684,-0.0022167839074657136,34.24702565628811,19.591166815875862,71.39336236874978,11.7565477842387,0,0,0
2021-02-25,354.921,-0.02625846383459729,39.69555914138047,25.149075730471083,71.3587115957378,22.578890097932533,0,0,0
2021-02-26,353.092,-0.03127640661523445,38.80225942435887,28.89484658921656,71.2937932555767,16.218138428283357,1,0,0
2021-03-01,361.651,-0.007794409753849263,33.30333891478361,23.34821428571429,66.2034238846228,10.358378574013754,0,0,0
2021-03-02,358.829,-0.015536692163339638,33.773037784223035,26.226583407671722,65.9313729530378,9.161156991959595,0,0,0
2021-03-03,354.076,-0.02857675888634048,37.73666719425158,28.31253713606655,71.19046169523914,13.70700275144907,0,0,0
2021-03-04,349.695,-0.04059622707768629,40.85291270029413,32.62095577322648,74.84010997674326,15.097672350912632,1,0,0
2021-03-05,356.128,-0.022947005695598377,37.698087473294365,26.141755634638198,75.5875521892146,11.364954596030293,0,0,0
2021-03-08,354.355,-0.027811309987599175,39.81007585905842,29.83703703703704,75.57949372543565,14.013696814702584,0,0,0
2021-03-09,359.414,-0.013931718665979087,36.85754025666339,23.105387803433985,75.84269754692725,11.624535419628936,0,0,0
2021-03-10,361.651,-0.007794409753849263,36.453634353929715,23.0553090801538,76.01509157891418,10.290502402721183,0,0,0
2021-03-11,365.318,0.0,34.90106224611842,20.079787234042556,76.09692169634943,8.526477807963277,0,0,0
2021-03-12,365.81,0.0,34.464358951541485,19.766755240625923,76.05837577884466,7.567945835153867,0,0,0
2021-03-15,367.992,0.0,33.73342946528847,18.421828908554573,76.40999235058642,6.368467136724413,0,0,0
2021-03-16,367.528,-0.0012608969760211641,33.79606449465847,18.4202770409667,75.75675283355675,7.211163609451965,0,0,0
2021-03-17,368.781,0.0,33.57313093171205,18.948763250883392,75.70366887083325,6.066960673419501,0,0,0
2021-03-18,363.415,-0.01455064116643745,36.382821176416755,21.82994998528979,79.19686443279818,8.121649111162313,0,0,0
2021-03-19,362.745,-0.016367437584908107,36.17797500645067,20.03233392122281,79.1856330491395,9.315958048989723,0,0,0
2021-03-22,365.641,-0.008514538438802344,35.72970356961853,18.737151248164466,79.06982818200812,9.382131278683003,0,0,0
2021-03-23,362.763,-0.016318628128889623,36.30844267593508,18.91138497652582,79.23794213250419,10.77600091877523,0,0,0
2021-03-24,360.919,-0.021318885734351922,37.94684488537491,22.60334212840809,78.89844379351156,12.338748734205081,0,0,0
2021-03-25,362.95,-0.015811552113585092,36.101502247373176,22.15875805506737,74.25404849184386,11.891700195208296,0,0,0
2021-03-26,368.799,0.0,33.64523995846193,17.82265144863916,74.7239510191923,8.38911740755434,0,0,0
2021-03-29,368.612,-0.0005070512664078208,33.888007685070335,18.713450292397663,72.99058026421987,9.959992498593486,0,0,0
2021-03-30,367.634,-0.0031589022746807416,33.86864837505131,19.13526146654981,72.83627586141098,9.634407797193127,0,0,0
2021-03-31,369.125,0.0,32.1861592548684,17.498540572095738,68.67459361304628,10.385343579463193,0,0,0
2021-04-01,373.111,0.0,29.26130908372338,16.608340624088655,61.67278800112814,9.502798625953355,0,0,0
2021-04-05,378.466,0.0,28.875969383470185,16.885198135198134,61.321365493607495,8.421344521604938,0,0,0
2021-04-06,378.243,-0.0005892206961788382,29.256956827994266,16.797671033478895,61.11871587395566,9.854483576548239,0,0,0
2021-04-07,378.68,0.0,31.81122719947927,25.98894706224549,60.30959762080753,9.13513691538479,0,0,0
2021-04-08,380.478,0.0,31.493819694847232,25.96628886951468,60.24134137157793,8.273828843449097,0,0,0
2021-04-09,383.244,0.0,27.984505034056838,17.073170731707318,60.02542575177933,6.854918618683878,0,0,0
2021-04-12,383.384,0.0,30.91061483974802,25.718015665796344,60.090363728049205,6.923465125398532,0,0,0
2021-04-13,384.52,0.0,30.213417558117474,25.217391304347828,59.86022758985835,5.56263378014626,0,0,0
2021-04-14,383.207,-0.0034146468324144363,27.626590901474007,16.232261801332175,60.10203141158423,6.545479491505623,0,0,0
2021-04-15,387.323,0.0,27.164909722490073,16.218171296296294,60.44650941817226,4.830048453001673,0,0,0
2021-04-16,388.618,0.0,22.362844310767542,16.233015322347498,46.178212494285845,4.677305115669287,0,0,0
2021-04-19,386.709,-0.004912278895985223,23.007793080650796,16.363373772385902,46.72537791969999,5.9346275498664935,0,0,0
2021-04-20,383.877,-0.012199640778347898,23.580289085408825,16.406926406926406,47.94705642075655,6.386884428543515,0,0,0
2021-04-21,387.51,-0.002851128872054298,22.90455518482529,16.3638985005767,46.848508966434196,5.501258087464984,0,0,0
2021-04-22,383.97,-0.011960331225007503,23.56102665840723,16.33535004321521,48.03861331503216,6.309116616974317,0,0,0
2021-04-23,388.134,-0.0012454389657710063,23.490553748921105,16.364421416234887,48.46505609037414,5.64218374015429,0,0,0
2021-04-26,388.944,0.0,22.692108699232747,16.36468219729652,46.198329816346536,5.513314084055182,0,0,0
2021-04-27,388.86,-0.0002159693940515517,22.87053933255453,16.580459770114942,46.157802481664284,5.8733557458843615,0,0,0
2021-04-28,388.748,-0.0005039285861204723,23.037132037190833,16.6810221073787,46.029703770670544,6.40067023352326,0,0,0
2021-04-29,391.226,0.0,22.81626738985258,16.45152036718302,46.10614931160458,5.89113249077014,0,0,0
2021-04-30,388.655,-0.006571649123524592,23.760529543717556,17.01060475781026,46.29911317903444,7.971870694307967,0,0,0
2021-05-03,389.493,-0.004429664695086766,23.12758681746211,17.210767468499427,44.27728748689447,7.894705496992437,0,0,0
2021-05-04,387.09,-0.010571894505988944,27.214693210197808,26.609442060085836,44.966416953087894,10.068220617419701,0,0,0
2021-05-05,387.212,-0.01026005429087029,27.419978924789604,27.415666094911376,45.014436831697424,9.82983384776002,0,0,0
2021-05-06,390.304,-0.0023566940847490336,27.495259967747522,27.834904313053414,45.411108815908186,9.239766774280971,0,0,0
2021-05-07,393.144,0.0,26.819830960627662,28.05365296803653,45.42962167779083,6.976218236055639,0,0,0
2021-05-10,389.251,-0.009902224121441594,29.01217386928505,29.697747362418017,47.27577855980625,10.06299568563089,0,0,0
2021-05-11,385.777,-0.018738680992206436,27.54079818293451,21.367521367521366,48.365101550006926,12.889771631275236,0,0,0
2021-05-12,377.581,-0.0395860041104531,37.663875054691474,34.856248220893825,60.92653932168485,17.20883762149576,1,0,0
2021-05-13,382.117,-0.028048246952770417,36.13869880677519,33.58930602957906,61.36555503356783,13.461235357178678,0,0,0
2021-05-14,387.985,-0.013122418248784129,32.55639496862262,22.57743677181017,64.05746844816952,11.034279685888174,0,0,0
2021-05-17,386.997,-0.015635492338684998,35.58711461244175,31.89948892674617,63.88642553287267,10.975429377706417,0,0,0
2021-05-18,383.663,-0.02411584559347213,33.49653604063052,23.106382978723406,64.06199913120328,13.321226011964882,0,0,0
2021-05-19,382.657,-0.026674704433998775,33.697824154281335,21.740362811791385,63.63173262593969,15.721377025112952,0,0,0
2021-05-20,386.774,-0.016202714526992623,32.23486827724849,19.71112999150382,63.749602554399665,13.243872285841976,0,0,0
2021-05-21,386.457,-0.01700903485745686,32.548544689174044,20.47255234861347,63.09006682452613,14.083014894382538,0,0,0
2021-05-24,390.397,-0.006987261664937017,31.56423838874003,19.677692960135712,63.63960707308123,11.375415133003154,0,0,0
2021-05-25,389.531,-0.00919001688948573,32.15033393771546,19.731638418079097,63.699694080608275,13.019669314459,0,0,0
2021-05-26,390.304,-0.007223816209836698,35.0786779700509,28.563364380468528,63.70225580555272,12.970413724131445,0,0,0
2021-05-27,390.509,-0.006702378772154738,35.01861194839452,28.510998307952622,63.47532372457525,13.0695138126557,0,0,0
2021-05-28,391.207,-0.004926947886779387,31.86691629405659,18.808114961961117,63.1627973631413,13.629836557067359,0,0,0
2021-06-01,390.862,-0.0058044889404390565,32.26210869809197,19.918355855855854,63.10853993677764,13.75943030164243,0,0,0
2021-06-02,391.477,-0.0042401766273936214,32.19198889303647,19.915611814345993,62.825477219355264,13.834877645408172,0,0,0
2021-06-03,390.024,-0.00793602344179234,32.5002540936987,20.517144463181562,62.91454095693316,14.069076860981376,0,0,0
2021-06-04,393.591,0.0,31.181671925830713,19.629317607413647,62.17585093104515,11.739847239033347,0,0,0
2021-06-07,393.209,-0.000970550647753643,31.28302407946264,20.04769921436588,61.86577432219709,11.935598701824944,0,0,0
2021-06-08,393.293,-0.000757131133587885,33.924037192455735,29.338379590692455,60.92891140795333,11.504820578721421,0,0,0
2021-06-09,392.707,-0.0022459863157440196,34.33271212876154,28.515406162464984,60.620430586271745,13.8622996375479,0,0,0
2021-06-10,394.532,0.0,24.894302655596817,17.66022949902043,44.31027271693923,12.712405750830799,0,0,0
2021-06-11,395.184,0.0,27.34570309008223,26.49608501118568,42.32472283566441,13.216301423396613,0,0,0
2021-06-14,396.069,0.0,25.34859515347864,25.956971221011457,37.82714231286668,12.261671926557794,0,0,0
2021-06-15,395.342,-0.001835538757135824,27.335934848571465,31.476828587381352,37.79491826452571,12.736057693807338,0,0,0
2021-06-16,393.135,-0.007407800156033484,26.089034518895794,28.354253835425386,35.74856467409659,14.164285047165407,0,0,0
2021-06-17,393.005,-0.007736025793485535,23.006952963129883,19.286510590858416,35.09458017134919,14.63976812718204,0,0,0
2021-06-18,387.72,-0.02107966036220954,32.232017284783446,29.058758006126425,48.862356167228995,18.77493768099492,0,0,0
2021-06-21,393.271,-0.007064425643006689,32.53851955788551,28.144129104062326,53.008770249792036,16.462659319802174,0,0,0
2021-06-22,395.373,-0.0017572695666664417,28.860627875594346,19.168751737559077,51.94600183052764,15.467130058696325,0,0,0
2021-06-23,394.896,-0.002961605174855886,32.2966310521827,28.694444444444443,51.930232446887395,16.265216265216264,0,0,0
2021-06-24,397.233,0.0,32.00818435981708,27.824035525950595,52.30963511855555,15.890882434945096,0,0,0
2021-06-25,398.644,0.0,27.626260745640824,17.124237382140876,52.23730237396774,13.517242480813872,0,0,0
2021-06-28,399.447,0.0,27.73662142959524,16.90218897201441,52.24950357161896,14.058171745152356,0,0,0
2021-06-29,399.662,0.0,28.452470558470054,18.12015503875969,52.17722469304747,15.06003194360302,0,0,0
2021-06-30,399.999,0.0,29.265677319509656,18.354080221300137,52.16132658797077,17.281625149258062,0,0,0
2021-07-01,402.213,0.0,28.93095119073485,18.034825870646767,51.89259890143976,16.865428800118018,0,0,0
2021-07-02,405.287,0.0,27.59878570351131,17.481358740679372,50.99286887408201,14.32212949577255,0,0,0
2021-07-06,404.549,-0.0018209318334908575,28.075707710032926,17.82560706401766,51.034124064681954,15.367392001399173,0,0,0
2021-07-07,405.979,0.0,27.9734134955596,17.741935483870968,51.07530985480819,15.102995147999648,0,0,0
2021-07-08,402.671,-0.008148204710095808,30.03786627466537,20.137741046831955,52.5449978480057,17.430859929158462,0,0,0
2021-07-09,406.969,0.0,28.291229429170286,17.616295072942474,53.7883163622771,13.469076852291295,0,0,0
2021-07-12,408.427,0.0,31.60591639894544,27.15896589658966,53.79912371008362,13.859659590163046,0,0,0
2021-07-13,407.035,-0.0034081977929960594,33.801075835780004,30.26930475405331,54.089320590097735,17.044602163188973,0,0,0
2021-07-14,407.642,-0.0019220080944698514,30.71445437226472,21.11477210323998,53.96027090356478,17.0683201099894,0,0,0
2021-07-15,406.25,-0.005330205887465911,34.38114961117625,31.76954732510288,53.46881515791831,17.905086350507556,0,0,0
2021-07-16,403.064,-0.013130865491262855,34.49573773292466,27.686403508771928,54.67829272177098,21.12251696823107,0,0,0
2021-07-19,397.111,-0.027706297575821437,40.9633123410532,42.235004108463436,55.5237332805209,25.131199634175246,0,0,0
2021-07-20,402.802,-0.013772350995404303,33.93075278015048,27.66830870279146,55.5608620242337,18.563087613426262,0,0,0
2021-07-21,406.063,-0.005788060045001986,32.63904517239534,24.022422750888705,56.04274395329441,17.85196881300291,0,0,0
2021-07-22,406.913,-0.0037069047834741298,35.593966265461745,35.40983606557377,55.940489406975665,15.431573323835812,0,0,0
2021-07-23,411.1,0.0,32.31070556095456,26.19437619437619,56.47676206230434,14.260978426183158,0,0,0
2021-07-26,412.109,0.0,34.42130151307807,31.6557555919258,56.374316565768055,15.233832381540362,0,0,0
2021-07-27,410.231,-0.004557046800724995,32.966723431714534,25.143090760425185,56.77079449769817,16.98628503702025,0,0,0
2021-07-28,410.063,-0.004964705939448089,33.05349981496549,23.107298474945534,56.77901692376265,19.274184046188285,0,0,0
2021-07-29,411.763,-0.0008395837023700281,35.62180675949905,31.83673469387755,56.842550731818086,18.18613485280152,0,0,0
2021-07-30,409.763,-0.005692668687167779,37.36985903738192,33.97226753670473,56.93361875149704,21.203690823943987,0,0,0
2021-08-02,408.904,-0.007777068688138322,38.38371780938859,34.936158652540065,58.43140912740434,21.78358564822138,0,0,0
2021-08-03,412.23,0.0,39.10570695060459,38.775787187839306,58.934919669805375,19.606413994169095,0,0,0
2021-08-04,410.203,-0.004917157897290414,41.19312471521128,42.758340113913754,59.18945830969292,21.631575722027193,0,0,0
2021-08-05,412.8,0.0,41.76009217614933,45.853658536585364,58.672226354832766,20.754391637029855,0,0,0
2021-08-06,413.483,0.0,39.99536455113755,41.64635797454644,57.68796119909266,20.651774479773557,0,0,0
2021-08-09,413.146,-0.0008150274618303754,41.06368315619592,44.39935064935065,57.585362823174314,21.206335996062787,0,0,0
2021-08-10,413.66,0.0,40.29845433902648,42.83590159502568,57.37301329682603,20.68644812522773,0,0,0
2021-08-11,414.688,0.0,38.337509964245506,37.884927066450565,57.31210861847264,19.815494207813312,0,0,0
2021-08-12,415.931,0.0,37.30412690397043,38.05668016194332,55.93513103747021,17.920569512497764,0,0,0
2021-08-13,416.688,0.0,35.90926950266869,35.58522114347357,54.42265727486341,17.719930089669102,0,0,0
2021-08-16,417.669,0.0,31.66871625975921,37.67178658043654,38.295039395824254,19.03932280301684,0,0,0
2021-08-17,414.931,-0.006555430256973804,31.723802940073384,40.56273559504577,36.347886254536704,18.260786970637678,0,0,0
2021-08-18,410.39,-0.017427675982656154,40.28679591326837,50.511164917944576,49.31195282346454,21.037269998396003,0,0,0
2021-08-19,411.025,-0.015907333318967876,40.225400872971,46.962365591397855,49.271536812520424,24.44230021499474,0,0,0
2021-08-20,414.296,-0.008075772920662083,35.07616552336271,36.14020950846092,47.97538574134319,21.11290132028402,0,0,0
2021-08-23,417.94,0.0,33.35891134836892,32.59527643585614,50.009233820406216,17.4722237888444,0,0,0
2021-08-24,418.603,0.0,31.924217061273907,30.732099758648435,49.068919154833736,15.97163227033955,0,0,0
2021-08-25,419.482,0.0,34.57504640164853,37.01768488745981,49.05606687119292,17.65138744629286,0,0,0
2021-08-26,417.005,-0.005904901759789527,36.8173327283174,41.24497991967871,50.240514476589986,18.96650378868352,0,0,0
2021-08-27,420.734,0.0,32.031854261635424,27.11342964151953,50.988010829385765,17.994122314000986,0,0,0
2021-08-30,422.584,0.0,32.439861983704205,29.163325314087142,50.89212630755522,17.264134329470256,0,0,0
2021-08-31,421.958,-0.001481362285368104,32.84113874110069,29.099893162393162,49.792054838330635,19.631468222578295,0,0,0
2021-09-01,422.182,-0.0009512901576964605,32.76627652096601,29.86389111289031,48.44967265783317,19.98526579217456,0,0,0
2021-09-02,423.481,0.0,31.429596737609423,26.586666666666662,47.868280794911925,19.833842751249687,0,0,0
2021-09-03,423.378,-0.0002432222460984068,35.09049306483136,37.30349054090061,47.883555146451165,20.084433507142304,0,0,0
2021-09-07,421.865,-0.0038159917446118907,37.054521364027934,40.441959531416394,48.4399302373755,22.281674323291913,0,0,0
2021-09-08,421.351,-0.005029741594073878,34.530729044377374,34.317637669592976,48.616922178362636,20.65762728517652,0,0,0
2021-09-09,419.547,-0.009289672972341068,40.5546463984366,50.31897926634769,49.44192547195191,21.903034457010232,0,0,0
2021-09-10,416.239,-0.017101121419851206,41.50297300781504,47.742363877822044,51.12929042796187,25.637264717661196,0,0,0
2021-09-13,417.304,-0.014586250622814267,39.727141727782,42.462845010615716,52.5970851984697,24.121494974260575,0,0,0
2021-09-14,415.052,-0.019904080702558002,41.72925442957472,47.06974277380005,52.985720311922506,25.13230020300163,0,0,0
2021-09-15,418.519,-0.011717172671265041,40.14088794973566,43.36248012718601,53.508353315313705,23.551830406707257,0,0,0
2021-09-16,417.856,-0.013282768294209157,38.7797535466668,50.172094254699495,39.41665147925399,26.750514906046902,0,0,0
2021-09-17,413.799,-0.022862891133250463,39.52978942981295,46.388888888888886,42.47625917357663,29.72422022697334,0,0,0
2021-09-20,406.899,-0.03915642024081367,50.71497658436516,58.05555555555555,56.253019594002204,37.83635460353772,1,0,0
2021-09-21,406.514,-0.04006555193739503,53.53278926692799,66.08465608465609,54.758456265446135,39.755255450681766,1,0,0
2021-09-22,410.48,-0.03070031477209123,51.19710648636931,61.24338624338623,56.430684933160535,35.91724828256117,1,0,0
2021-09-23,415.467,-0.018924107575074234,47.441173475160426,49.391534391534385,58.770107224180755,34.16187880976614,0,0,0
2021-09-24,416.152,-0.017306561569468304,48.559363959439196,53.57142857142858,58.53549027570958,33.57117303117942,0,0,0
2021-09-27,414.961,-0.02011896637629551,46.39208318630553,46.547619047619044,57.28466350273294,35.34396700856462,0,0,0
2021-09-28,406.599,-0.039864834549838135,56.9833008706102,56.58730158730159,66.2957229830225,48.06687804150653,1,0,0
2021-09-29,407.283,-0.03824964992526225,55.708647558816565,52.31481481481481,66.40286588244955,48.40826197918534,1,0,0
2021-09-30,402.305,-0.0500046046930086,63.55955801992158,64.36507936507937,71.31002935681879,55.003565337866604,1,0,0
2021-10-01,407.086,-0.03871484198818831,60.03110568014552,57.59259259259259,72.42632560618172,50.074398841662266,1,0,0
2021-10-04,401.836,-0.051112092396116915,65.26945930112097,62.023809523809526,77.49423464423349,56.290333735319926,1,0,0
2021-10-05,406.018,-0.04123679692831561,63.7399288360166,59.31216931216932,78.12457769085823,53.783039505022266,1,0,0
2021-10-06,407.705,-0.03725314713056782,60.17754671577919,49.24603174603175,78.16865254383632,53.1179558574695,1,0,0
2021-10-07,411.23,-0.028929278999530017,59.53085765511777,52.05026455026455,78.45189153010499,48.0904168849838,0,0,0
2021-10-08,410.48,-0.03070031477209123,61.96355815852431,59.1931216931217,78.23003104355402,48.467521738897204,1,0,0
2021-10-11,407.508,-0.03771833919349399,65.89412695818768,64.86772486772487,78.3004558759693,54.514200130868886,1,0,0
2021-10-12,406.505,-0.040086804366665785,65.75803786638389,64.48412698412699,78.21165964504446,54.57832696998025,1,0,0
2021-10-13,407.967,-0.03663446530068648,64.1160135676937,59.36507936507937,77.99051913662015,54.99244220138158,1,0,0
2021-10-14,414.83,-0.020428307291236236,53.95362971889233,36.41534391534392,78.53785022966913,46.907695011663954,0,0,0
2021-10-15,417.989,-0.012968704617208338,51.0690510592953,33.518518518518526,76.7063492063492,42.982285453018164,0,0,0
2021-10-18,419.226,-0.010047676282997298,53.33776265838147,45.18518518518518,72.64550264550265,42.1826001444566,0,0,0
2021-10-19,422.461,-0.002408608650683264,50.83071178733607,40.899470899470906,71.05820105820106,40.53446340433624,0,0,0
2021-10-20,424.12,0.0,45.85503416110468,29.65608465608466,70.33068783068784,37.578329996541584,0,0,0
2021-10-21,425.226,0.0,45.213555202469955,30.29100529100529,68.01587301587301,37.33378730053156,0,0,0
2021-10-22,424.786,-0.0010347438773734563,45.01905573628002,30.304232804232807,67.98941798941799,36.76351641518929,0,0,0
2021-10-25,427.064,0.0,44.605052790758066,31.05820105820106,67.93650793650794,34.82044937756521,0,0,0
2021-10-26,427.448,0.0,43.91118193921384,33.32010582010582,61.75925925925926,36.65418073827646,0,0,0
2021-10-27,425.554,-0.004430948325878203,51.5636648762427,52.19576719576719,61.97089947089947,40.524327962061456,0,0,0
2021-10-28,429.66,0.0,46.92006647352836,51.91798941798942,54.61640211640212,34.22580788619354,0,0,0
2021-10-29,430.532,0.0,45.64546310192506,51.19047619047618,53.544973544973544,32.20093957032545,0,0,0
2021-11-01,431.273,0.0,33.85296759834192,33.10846560846561,39.1005291005291,29.349908086031054,0,0,0
2021-11-02,433.017,0.0,40.52564780349515,53.43915343915344,38.12169312169312,30.016096849638874,0,0,0
2021-11-03,435.66,0.0,37.70107786407653,44.47089947089947,38.201058201058196,30.431275920271933,0,0,0
2021-11-04,437.713,0.0,39.00249118011442,50.34391534391534,37.48677248677249,29.176785709655423,0,0,0
2021-11-05,439.232,0.0,33.534102154721296,36.719576719576715,36.82539682539683,27.057332919190348,0,0,0
2021-11-08,439.607,0.0,32.70487515712588,38.0026455026455,33.43915343915344,26.672826529578714,0,0,0
2021-11-09,438.154,-0.0033052248940531603,36.54785437699998,46.25661375661375,33.96825396825397,29.418695406132212,0,0,0
2021-11-10,434.629,-0.011323750531724963,36.34674145125844,39.43121693121693,37.71164021164021,31.89736721091819,0,0,0
2021-11-11,434.77,-0.011003009506218131,38.49988678741859,50.767195767195766,31.296296296296294,33.43616829876372,0,0,0
2021-11-12,438.051,-0.00353952507580646,36.122195636466174,45.82010582010582,31.283068783068785,31.263412306223927,0,0,0
2021-11-15,438.201,-0.0031983112188841423,33.357136349741324,37.129629629629626,31.349206349206344,31.592573070388017,0,0,0
2021-11-16,439.935,0.0,35.67651417185759,45.56878306878307,30.59523809523809,30.86552135155161,0,0,0
2021-11-17,438.866,-0.002429904417698081,39.566904151631014,55.67460317460317,30.925925925925924,32.100183354363956,0,0,0
2021-11-18,440.357,0.0,39.96836876738837,57.06349206349207,31.759259259259256,31.082354979413804,0,0,0
2021-11-19,439.57,-0.0017871863056566628,40.56850400732257,57.64550264550264,32.010582010582006,32.04942736588306,0,0,0
2021-11-22,438.332,-0.004598541637807596,41.43603151704669,59.76190476190476,32.129629629629626,32.416560159605716,0,0,0
2021-11-23,438.913,-0.0032791575925896765,40.4140006991293,55.74074074074074,32.11640211640212,33.384859240245056,0,0,0
2021-11-24,440.085,-0.0006176806545599156,34.11726002348185,38.664021164021165,31.097883597883598,32.589875308540776,0,0,0
2021-11-26,430.27,-0.02290641456817999,54.41234307718748,68.4920634920635,53.05555555555555,41.6894101839434,0,0,0
2021-11-29,435.548,-0.010920684808008119,53.115895156275656,67.81746031746032,54.98677248677249,36.54345266459419,0,0,0
2021-11-30,427.073,-0.030166433144017346,63.36305974212274,78.86243386243386,63.34656084656084,47.880184517373515,1,0,0
2021-12-01,422.329,-0.04093951044266364,67.80417027071874,81.98412698412699,67.05026455026454,54.37811927776471,1,0,0
2021-12-02,428.798,-0.02624915693403318,61.630975280075624,68.82275132275132,69.25925925925925,46.81091525821631,0,0,0
2021-12-03,425.067,-0.034721827971396,64.91084893945609,70.58201058201057,72.15608465608464,51.99445158027306,1,0,0
2021-12-06,430.101,-0.023290194092520422,57.36520755180493,55.58201058201058,72.68518518518518,43.828426888219035,0,0,0
2021-12-07,438.998,-0.003086132388039786,50.57277299083768,43.14814814814815,74.19312169312168,34.377049131243204,0,0,0
2021-12-08,440.16,-0.00044736429760394714,49.25371800932796,42.05026455026455,74.14021164021163,31.570677837507702,0,0,0
2021-12-09,437.188,-0.007196433802573954,51.613160322738835,44.510582010582006,73.98148148148148,36.34741747615303,0,0,0
2021-12-10,441.304,0.0,53.447997522921064,52.63227513227513,74.24603174603175,33.46568569045633,0,0,0
2021-12-13,437.395,-0.00885783949386365,58.91187911712741,64.70899470899472,74.9867724867725,37.03987015561503,0,0,0
2021-12-14,434.385,-0.01567853452495327,59.286209708121184,61.640211640211646,75.0132275132275,41.205189970924415,0,0,0
2021-12-15,441.173,-0.0002968475246087898,57.98839563750771,61.785714285714285,76.75925925925927,35.42021336754958,0,0,0
2021-12-16,437.282,-0.009113898808984278,60.5221656547967,64.55026455026454,77.11640211640211,39.89983029772347,0,0,0
2021-12-17,432.648,-0.019614596740568757,63.70857224888232,63.558201058201064,80.92592592592592,46.64158976252,0,0,0
2021-12-20,428.047,-0.030040516288091568,71.1136385943473,76.87830687830687,83.35978835978835,53.102820544946674,1,0,0
2021-12-21,435.649,-0.01281429581422322,58.51098896068149,47.42063492063492,84.17989417989418,43.932437781515375,0,0,0
2021-12-22,440.005,-0.002943549118068267,57.254399634413964,46.441798941798936,84.36507936507935,40.956320596363604,0,0,0
2021-12-23,442.743,0.0,54.506685452618186,41.41534391534392,84.27248677248677,37.83222567002388,0,0,0
2021-12-27,449.008,0.0,50.50193841253885,37.83068783068783,80.75396825396825,32.92115915296046,0,0,0
2021-12-28,448.641,-0.0008173573744787443,49.649920592971796,37.023809523809526,80.34391534391534,31.582036911190517,0,0,0
2021-12-29,449.215,0.0,48.35152063492784,36.32275132275132,75.47619047619048,33.25562010584172,0,0,0
2021-12-30,447.973,-0.0027648230802621576,47.79473439715677,36.41534391534392,71.52116402116401,35.44769525496239,0,0,0
2021-12-31,446.844,-0.005278096234542451,47.712639817613706,36.41534391534392,70.93915343915343,35.783422098343785,0,0,0
2022-01-03,449.432,0.0,46.2935752877681,34.89417989417989,69.96031746031747,34.026228508806945,0,0,0
2022-01-04,449.281,-0.00033597963651899043,48.49031891394088,41.891534391534385,69.77513227513226,33.80429007515601,0,0,0
2022-01-05,440.654,-0.019531319532209546,57.711098785515524,59.14021164021164,73.28042328042328,40.71266143591168,0,0,0
2022-01-06,440.24,-0.020452482244255,57.111255225631766,59.52380952380952,73.22751322751323,38.58244292557254,0,0,0
2022-01-07,438.499,-0.02432626070239763,60.43306346766228,62.92328042328043,73.09523809523809,45.28067188446832,0,0,0
2022-01-10,437.954,-0.02553890243685364,61.77891977231384,64.23280423280424,72.5925925925926,48.511362491544695,0,0,0
2022-01-11,441.943,-0.016663254952918427,51.862461267318956,39.93386243386244,72.56613756613757,43.08738380195687,0,0,0
2022-01-12,443.138,-0.014004343259937047,55.161383493257404,48.82275132275132,72.24867724867725,44.41272190834363,0,0,0
2022-01-13,437.032,-0.027590380747254395,63.60021054833139,62.10317460317461,75.46296296296296,53.23449407885661,0,0,0
2022-01-14,437.211,-0.02719210025098351,65.09517412420111,67.23544973544973,74.9867724867725,53.0633001503811,0,0,0
2022-01-18,429.468,-0.044420513003079476,71.05821578186506,75.64814814814815,75.93915343915343,61.587345758293615,1,0,0
2022-01-19,425.008,-0.054344149949269394,72.74239821971061,76.90476190476191,75.85978835978835,65.46264439458157,1,0,0
2022-01-20,420.304,-0.06481069438758269,74.83001474748392,79.39153439153439,76.61375661375662,68.48475323716075,1,1,1
2022-01-21,412.053,-0.08316942273803385,78.03867113068614,84.36507936507935,78.57142857142857,71.17950545555054,1,1,1
2022-01-24,413.803,-0.0792756190035423,76.88937249861917,80.38359788359789,78.43915343915343,71.8453661731062,1,1,1
2022-01-25,408.751,-0.0905164741273431,78.8180557669125,85.23809523809523,76.93121693121692,74.28485513142535,1,1,1
2022-01-26,407.726,-0.09279713060040229,79.6118702685103,86.70634920634922,76.74603174603175,75.38322985314996,1,1,1
2022-01-27,405.712,-0.09727834244112576,80.13603085237766,87.5132275132275,76.32275132275133,76.57211372115414,1,1,1
2022-01-28,415.788,-0.07485893305327618,78.30855847117772,79.9074074074074,81.08465608465609,73.93361192146969,1,1,1
2022-01-31,423.277,-0.05819567810035786,70.83420073228083,58.25396825396825,82.2751322751323,71.97350166774196,1,1,1
2022-02-01,426.137,-0.051832090282845966,70.4468678968949,57.38095238095238,83.04232804232805,70.9173232674043,1,1,1
2022-02-02,430.277,-0.04262046316239165,72.56116667866198,64.07407407407408,83.95502645502644,69.6543995068854,1,1,1
2022-02-03,420.163,-0.0651244237170473,80.75401664825685,82.64550264550265,84.45767195767196,75.15887534159597,1,1,1
2022-02-04,422.139,-0.06072776304312999,81.01050475345212,83.13492063492063,84.56349206349206,75.3331015619437,1,1,1
2022-02-07,420.784,-0.06374267964897917,81.09746020939147,82.46031746031747,84.51058201058201,76.32148115727493,1,1,1
2022-02-08,424.246,-0.056039623346802236,78.31097824327904,75.5026455026455,84.66931216931216,74.76097705787946,1,1,1
2022-02-09,430.456,-0.04222218266612077,70.3279633841441,54.56349206349207,85.03968253968254,71.38071554925769,1,1,1
2022-02-10,422.722,-0.05943057014186803,81.1071225541435,78.73015873015872,87.1031746031746,77.4880343290972,1,1,1
2022-02-11,414.387,-0.07797620107157477,84.83070600649242,85.54232804232805,87.68518518518518,81.26460479196406,1,1,1
2022-02-14,413.032,-0.08099111767742406,85.31494388905513,86.13756613756614,87.76455026455027,82.042715265049,1,1,1
2022-02-15,419.693,-0.06617018814859654,78.59378298298851,68.06878306878308,87.4867724867725,80.22579339340997,1,1,1
2022-02-16,420.163,-0.0651244237170473,82.3291148931446,80.97883597883599,86.25661375661377,79.75189494398406,1,1,1
2022-02-17,411.188,-0.08509407429822535,85.873338973649,86.56084656084657,87.15608465608466,83.90308570401578,1,1,1
2022-02-18,408.525,-0.09101933106676885,86.15255504757889,87.03703703703702,85.0132275132275,86.40740059247214,1,1,1
2022-02-22,404.141,-0.10077386567934632,87.5449467365635,88.62433862433863,86.45502645502647,87.55547513032543,0,0,1
2022-02-23,396.972,-0.11672511080652925,89.40993793542498,91.53439153439153,86.95767195767196,89.73775031421148,0,0,1
2022-02-24,402.946,-0.1034327773723277,87.63977884109964,86.77248677248679,87.24867724867723,88.89817250213493,0,0,1
2022-02-25,411.837,-0.08365002937040533,78.64058555420141,61.335978835978835,87.93650793650794,86.64926989011748,1,0,1
2022-02-28,410.783,-0.08599521173392188,85.40189376569157,82.06349206349206,86.95767195767195,87.1845172759107,1,0,1
2022-03-01,404.527,-0.09991500382705287,88.7223130048277,89.17989417989418,87.38095238095237,89.60609245363655,1,1,1
2022-03-02,411.969,-0.08335632531728943,81.55875369705157,69.85449735449735,87.96296296296298,86.85880077369438,1,1,1
2022-03-03,409.918,-0.0879198632941135,86.27503089180189,83.79629629629629,87.69841269841271,87.3303836806967,1,1,1
2022-03-04,406.587,-0.09533144057387999,87.5893277267863,88.5978835978836,85.43650793650795,88.73359164596737,1,1,1
2022-03-07,394.602,-0.12199843357838347,91.14251675601494,93.25396825396825,88.18783068783068,91.98575132624592,0,0,1
2022-03-08,391.61,-0.12865572544901116,91.30744847740807,92.96296296296298,88.16137566137566,92.79800680788559,0,0,1
2022-03-09,402.109,-0.10529512807276753,87.30003681145291,82.30158730158729,88.84920634920634,90.74931678356512,0,0,1
2022-03-10,400.293,-0.10933578383381692,90.02926629302581,86.86507936507935,92.3015873015873,90.9211322124108,0,0,1
2022-03-11,395.204,-0.12065896509371832,91.68721295624847,91.86507936507935,92.18253968253968,91.01401982112641,0,0,1
2022-03-14,392.315,-0.12708707880168746,91.53345230268306,91.98412698412699,90.74074074074075,91.87548918318147,0,0,1
2022-03-15,400.943,-0.10788951387529155,82.4429786929787,65.82010582010582,91.42857142857143,90.08025883025884,0,0,1
2022-03-16,409.833,-0.08810899090407442,81.0840979617351,63.41269841269841,91.56084656084657,88.27874891166032,1,0,1
2022-03-17,414.961,-0.07669903344666162,80.66382189625584,61.52116402116402,93.30687830687832,87.16342336072522,1,0,1
2022-03-18,419.491,-0.06661964435109213,80.90309630045658,67.8042328042328,89.84126984126983,85.06378625586713,1,1,1
2022-03-21,419.369,-0.06689109809715377,78.11207311207312,60.727513227513235,89.74867724867725,83.86002886002886,1,1,1
2022-03-22,424.276,-0.05597287242563953,76.41965296226579,60.1058201058201,87.15608465608466,81.99705412489264,1,1,1
2022-03-23,418.812,-0.06813044020007475,81.9600062247121,75.84656084656085,87.02380952380952,83.00964830376596,1,1,1
2022-03-24,425.125,-0.05408382135673473,78.6594565058041,68.10846560846561,86.494708994709,81.37519491423772,1,1,1
2022-03-25,427.201,-0.04946465761227503,79.69339985559225,76.69312169312168,84.47089947089948,77.91617840275558,1,1,1
2022-03-28,430.24,-0.04270278929849236,77.49604911661352,72.6851851851852,82.57936507936508,77.2235970852903,1,1,1
2022-03-29,435.563,-0.03085895085352186,69.53171944377974,55.64814814814815,78.3862433862434,74.56076679694769,1,0,1
2022-03-30,432.873,-0.03684428345111168,71.00839033893428,57.38095238095238,78.06878306878308,77.57543556706737,1,0,1
2022-03-31,426.211,-0.05166743801064455,82.26694802781759,82.28835978835978,82.01058201058201,82.50190228451099,1,0,1
2022-04-01,427.419,-0.04897960091849274,76.8365357839042,68.28042328042328,81.77248677248677,80.45669729880257,1,1,1
2022-04-04,431.08,-0.04083376350593648,70.48187308064882,59.81481481481482,74.6031746031746,77.02762982395704,1,1,1
2022-04-05,425.635,-0.05294905569696873,81.1462337073958,83.2010582010582,78.45238095238095,81.78526196874822,1,1,1
2022-04-06,421.379,-0.06241878637925202,82.9678130511464,86.58730158730161,77.31481481481482,85.00132275132275,1,1,1
2022-04-07,423.502,-0.057695046191637456,82.51554040063616,85.93915343915343,76.97089947089948,84.63656829185555,1,1,1
2022-04-08,422.37,-0.060213780950177154,80.94277027998604,84.8015873015873,72.79100529100529,85.23571824736551,1,1,1
2022-04-11,415.15,-0.07627850264333658,84.47351638540333,87.72486772486774,77.30158730158729,88.39409412975498,1,1,1
2022-04-12,413.612,-0.07970059986827815,84.93129896230671,89.04761904761904,76.26984126984127,89.47643656945984,1,1,1
2022-04-13,418.35,-0.06915840438598053,81.17602289109897,80.5026455026455,74.97354497354497,88.05187819710642,1,1,1
2022-04-14,413.14,-0.08075081436123821,85.55285740609122,88.98148148148148,77.4867724867725,90.19031825001973,1,1,1
2022-04-18,413.31,-0.08037255914131614,85.52366486500702,88.91534391534391,76.90476190476191,90.75088877491528,1,1,1
2022-04-19,419.982,-0.065527154274729,76.13032458507071,62.44708994708994,78.04232804232804,87.90155576579417,1,1,1
2022-04-20,419.671,-0.06621913882411579,81.64416129469893,79.96031746031746,77.38095238095238,87.59121404282695,1,1,1
2022-04-21,413.395,-0.08018343153135521,85.41879837334382,87.3941798941799,77.5925925925926,91.26962263325898,1,1,1
2022-04-22,402.052,-0.10542195482297656,88.52030257617925,91.34920634920634,80.1058201058201,94.10588127351133,0,0,1
2022-04-25,404.383,-0.10023540824863386,87.40326016728658,88.42592592592592,80.10582010582011,93.67803447011369,0,0,1
2022-04-26,392.672,-0.12629274283985115,90.6043799462321,93.37301587301586,82.8968253968254,95.54329856885504,0,0,1
2022-04-27,393.776,-0.12383630894106334,90.11535757142566,92.67195767195767,82.12962962962963,95.5444854126897,0,0,1
2022-04-28,403.722,-0.10170615354491896,89.80844601214972,89.94708994708994,85.01322751322752,94.46502057613168,0,0,1
2022-04-29,388.802,-0.134903611669841,92.43551587301587,94.29894179894181,87.05026455026454,95.95734126984127,0,0,1
2022-05-02,391.143,-0.12969481478844413,91.55027107163508,91.64021164021165,87.07671957671958,95.93388199797403,0,0,1
2022-05-03,392.936,-0.12570533473361944,92.09177157453018,91.78571428571428,88.76984126984128,95.71975916803503,0,0,1
2022-05-04,404.902,-0.09908061731251894,88.89311720799279,84.32539682539682,88.62433862433863,93.7296161742429,1,0,1
2022-05-05,390.511,-0.13110103419427188,93.36600456819036,93.7037037037037,90.5026455026455,95.89166449822187,0,0,1
2022-05-06,388.18,-0.13628758076861458,93.64973198306531,94.55026455026454,90.34391534391534,96.05501605501605,0,0,1
2022-05-09,375.751,-0.16394248740632633,94.66836683148739,95.82010582010582,91.58730158730158,96.5976930870548,0,0,1
2022-05-10,376.619,-0.16201116075401834,94.36993918732811,95.72751322751323,90.72751322751321,96.65479110695792,0,0,1
2022-05-11,370.636,-0.1753235194645686,94.8793962029256,96.21693121693123,91.54761904761904,96.87363834422656,0,0,1
2022-05-12,370.249,-0.1761846063475676,94.65192743764172,95.58201058201058,91.3888888888889,96.9848828420257,0,0,1
2022-05-13,379.101,-0.15648863454315676,89.99416665947389,82.8042328042328,90.64814814814815,96.53011902604072,0,0,1
2022-05-16,377.563,-0.15991073176809845,93.18355088118739,92.34126984126983,90.59523809523809,96.61414470705422,0,0,1
2022-05-17,385.33,-0.14262891827907231,89.6368681384968,82.15608465608466,90.59523809523809,96.15928166416766,0,0,1
2022-05-18,369.796,-0.17719254525712458,95.8375451859314,96.16402116402116,94.24603174603175,97.10258264774131,0,0,1
2022-05-19,367.532,-0.18223001477420397,96.04615649331095,95.84656084656085,95.2116402116402,97.08026842173183,0,0,1
2022-05-20,367.692,-0.18187400986133606,95.52679386283502,95.51587301587301,93.9021164021164,97.16239217051566,0,0,1
2022-05-23,374.572,-0.1665657986080208,93.29986371653038,89.33862433862434,93.9021164021164,96.65885040885041,0,0,1
2022-05-24,371.712,-0.17292938642553268,94.72553714646173,95.0793650793651,92.3809523809524,96.7162939790677,0,0,1
2022-05-25,374.996,-0.16562238558892117,91.58176332541541,85.72751322751323,92.35449735449735,96.66327939423563,0,0,1
2022-05-26,382.489,-0.14895023051318113,88.13309984362616,75.9920634920635,92.27513227513226,96.13210376368272,0,0,1
2022-05-27,391.879,-0.12805719218925216,84.06521292443622,67.34126984126983,89.6031746031746,95.25119432886423,0,0,1
2022-05-31,389.68,-0.13295003471047906,87.00854316995519,75.47619047619047,89.57671957671958,95.97271945695552,0,0,1
2022-06-01,386.528,-0.13996333149397455,90.26510586284414,84.86772486772486,89.55026455026456,96.37732817054304,0,0,1
2022-06-02,393.889,-0.12358488047135052,86.36579678952559,74.9074074074074,88.58465608465606,95.6053268765133,0,0,1
2022-06-03,387.425,-0.13796747895120953,90.3652500426694,86.7063492063492,87.68518518518518,96.70421573647381,0,0,1
2022-06-06,388.604,-0.13534416774951497,89.59489275162119,84.57671957671958,87.6058201058201,96.60213857232391,0,0,1
2022-06-07,392.332,-0.1270492532796953,84.24571224088132,74.62962962962962,82.08994708994709,96.01756000306723,0,0,1
2022-06-08,388.066,-0.13654123426903297,90.99884574073364,90.33068783068784,85.82010582010582,96.8457435714073,0,0,1
2022-06-09,378.837,-0.15707604264938857,92.7257467236031,94.41798941798942,86.16402116402116,97.59522958879872,0,0,1
2022-06-10,367.852,-0.18151800494846837,94.88844265952697,96.90476190476188,89.52380952380952,98.23675655000956,0,0,1
2022-06-13,353.886,-0.21259278378041613,96.13771476131026,98.17460317460318,91.52116402116401,98.71737708816362,0,0,1
2022-06-14,352.819,-0.21496689154310333,96.18229783225773,98.25396825396825,91.46825396825398,98.824671274551,0,0,1
2022-06-15,357.849,-0.203774987094822,95.13753222086555,95.43650793650794,91.23015873015872,98.74592999593,0,0,1
2022-06-16,346.006,-0.2301260257391553,96.13925708468008,98.67724867724867,90.70105820105819,99.0394643757334,0,0,1
2022-06-17,346.748,-0.22847505295573078,96.00716049382714,98.28042328042328,90.72751322751323,99.01354497354497,0,0,1
2022-06-21,355.477,-0.20905275992808714,95.33255934934591,95.75396825396824,91.41534391534391,98.82836587872559,0,0,1
2022-06-22,354.833,-0.21048567970237986,95.33289945963001,96.23015873015872,90.91269841269842,98.85584123603293,0,0,1
2022-06-23,358.311,-0.20274702290891622,95.37271043323184,96.48148148148148,90.91269841269842,98.72395140551565,0,0,1
2022-06-24,369.703,-0.17739947311272908,87.02144671442916,71.37566137566137,91.52116402116401,98.16751474646212,0,0,1
2022-06-27,368.291,-0.1805412164687873,86.93372892908084,71.19047619047619,91.36243386243386,98.24827673433252,0,0,1
2022-06-28,360.766,-0.19728457252710085,91.92565632056078,84.69576719576719,92.35449735449735,98.7267044114178,0,0,1
2022-06-29,360.472,-0.19793873155449548,95.27693593127165,94.90740740740739,92.32804232804233,98.59535805836522,0,0,1
2022-06-30,357.543,-0.2044558464906816,95.87248312738508,96.6137566137566,92.3015873015873,98.70210546681135,0,0,1
2022-07-01,361.325,-0.19604078036276906,95.42740942462945,95.96560846560847,91.79894179894181,98.51767800933806,0,0,1
2022-07-05,362.007,-0.19452330942167007,94.71340388007054,95.37037037037037,90.25132275132275,98.51851851851852,0,0,1
2022-07-06,363.23,-0.1918020968689368,94.58994708994707,95.07936507936508,90.2248677248677,98.46560846560847,0,0,1
2022-07-07,368.67,-0.17969792983143162,86.54761904761905,71.26984126984127,90.30423280423281,98.06878306878308,0,0,1
2022-07-08,368.367,-0.18037211413517507,88.66402116402116,78.2010582010582,89.74867724867725,98.04232804232804,0,0,1
2022-07-11,364.159,-0.18973504334359814,93.90211640211639,94.07407407407406,89.27248677248677,98.35978835978835,0,0,1
2022-07-12,360.936,-0.1969063173071789,91.98853615520281,91.54761904761904,85.92592592592592,98.4920634920635,0,0,1
2022-07-13,359.041,-0.2011227504939569,91.58730158730158,96.16402116402116,80.15873015873017,98.43915343915343,0,0,1
2022-07-14,358.169,-0.2030629772690864,92.05908289241623,97.63227513227514,80.1058201058201,98.43915343915343,0,0,1
2022-07-15,365.012,-0.18783709215187172,84.99559082892415,78.14814814814815,79.53703703703702,97.3015873015873,0,0,1
2022-07-18,361.998,-0.19454333469801888,86.68871252204585,89.88095238095237,72.5132275132275,97.67195767195767,0,0,1
2022-07-19,371.779,-0.17278030936826927,80.49382716049382,70.71428571428571,74.4973544973545,96.26984126984127,0,0,1
2022-07-20,374.148,-0.1675092116271204,79.510582010582,70.58201058201058,72.02380952380952,95.92592592592592,0,0,1
2022-07-21,377.958,-0.15903184463945597,78.99911816578484,69.85449735449735,71.95767195767196,95.18518518518518,0,0,1
2022-07-22,374.452,-0.16683280229267172,84.79717813051147,85.9920634920635,72.07671957671957,96.32275132275133,0,0,1
2022-07-25,374.907,-0.16582041332170394,82.61022927689595,82.3941798941799,68.98148148148148,96.45502645502647,0,0,1
2022-07-26,370.471,-0.17569064953096358,85.2689594356261,85.75396825396825,73.06878306878308,96.98412698412699,0,0,1
2022-07-27,380.091,-0.15428585414478724,78.20987654320987,68.88888888888889,69.76190476190476,95.97883597883599,0,0,1
2022-07-28,384.858,-0.14367913277203226,82.46031746031747,83.17460317460318,69.65608465608466,94.55026455026456,0,0,1
2022-07-29,390.469,-0.13119448548389967,82.86155202821868,86.48148148148148,68.26719576719576,93.83597883597884,0,0,1
2022-08-01,389.313,-0.13376662097936953,81.58289241622575,82.64550264550265,68.26719576719576,93.83597883597884,0,0,1
2022-08-02,386.744,-0.13948272486160307,82.04144620811287,83.14814814814815,68.63756613756614,94.33862433862434,0,0,1
2022-08-03,392.8,-0.12600793890955697,81.51675485008818,82.07671957671958,69.16666666666667,93.30687830687832,0,0,1
2022-08-04,392.535,-0.12659757204649424,81.97089947089947,84.41798941798942,68.76984126984127,92.7248677248677,0,0,1
2022-08-05,391.871,-0.12807499243489573,79.78835978835977,79.1005291005291,68.35978835978835,91.90476190476188,0,0,1
2022-08-08,391.417,-0.12908515637515805,75.40123456790123,72.56613756613756,61.91798941798942,91.71957671957671,0,0,1
2022-08-09,389.862,-0.1325450791220919,79.52380952380952,84.37830687830689,61.46825396825397,92.72486772486774,0,0,1
2022-08-10,398.051,-0.11432430267537697,73.73015873015872,70.76719576719576,59.86772486772486,90.55555555555554,0,0,1
2022-08-11,398.051,-0.11432430267537697,70.77601410934744,63.62433862433863,59.629629629629626,89.07407407407406,0,0,1
2022-08-12,404.789,-0.09933204578223187,68.54938271604938,60.82010582010582,59.24603174603175,85.58201058201058,1,0,1
2022-08-15,406.458,-0.09561846953487951,67.70723104056438,60.714285714285715,58.544973544973544,83.86243386243387,1,0,1
2022-08-16,407.254,-0.09384734509336223,66.35802469135803,60.11904761904762,56.81216931216932,82.14285714285714,1,0,1
2022-08-17,404.363,-0.1002799088627423,67.64550264550263,61.24338624338625,57.38095238095239,84.3121693121693,0,0,1
2022-08-18,405.538,-0.09766549778386946,69.95149911816578,67.3015873015873,57.15608465608466,85.3968253968254,1,0,1
2022-08-19,400.089,-0.10978969009772344,75.3395061728395,75.5026455026455,63.24074074074074,87.27513227513226,0,0,1
2022-08-22,391.758,-0.12832642090460855,80.9347442680776,84.53703703703705,69.16666666666667,89.1005291005291,0,0,1
2022-08-23,390.81,-0.13043575001335017,78.64197530864197,81.08465608465609,64.33862433862434,90.5026455026455,0,0,1
2022-08-24,392.061,-0.12765223660086522,76.53439153439152,77.6058201058201,62.18253968253968,89.81481481481482,0,0,1
2022-08-25,397.596,-0.11533669164634475,70.80246913580247,63.333333333333336,62.32804232804233,86.74603174603175,0,0,1
2022-08-26,384.138,-0.14528115487993742,82.5,88.37301587301586,70.02645502645503,89.1005291005291,0,0,1
2022-08-29,381.598,-0.1509327328717136,82.94973544973544,89.8015873015873,70.1058201058201,88.94179894179894,0,0,1
2022-08-30,377.409,-0.1602533864967337,86.12874779541445,92.07671957671955,74.19312169312171,92.11640211640211,0,0,1
2022-08-31,374.537,-0.16664367468271069,86.0758377425044,92.52645502645503,73.21428571428571,92.4867724867725,0,0,1
2022-09-01,375.712,-0.16402926360383774,85.47619047619048,91.70634920634922,73.26719576719577,91.45502645502647,0,0,1
2022-09-02,371.75,-0.17284483525872663,87.10758377425043,93.22751322751323,76.24338624338624,91.85185185185185,0,0,1
2022-09-06,370.348,-0.17596432830773068,87.62345679012344,93.47883597883599,76.19047619047619,93.20105820105819,0,0,1
2022-09-07,377.001,-0.16116119902454662,81.04497354497353,73.10846560846561,77.5132275132275,92.5132275132275,0,0,1
2022-09-08,379.465,-0.15567872336638255,84.52821869488537,85.48941798941799,75.84656084656085,92.24867724867725,0,0,1
2022-09-09,385.36,-0.1425621673579095,77.50440917107582,64.20634920634922,76.93121693121692,91.37566137566137,0,0,1
2022-09-12,389.502,-0.13334609017604448,76.52557319223985,63.359788359788354,76.40211640211639,89.81481481481482,0,0,1
2022-09-13,372.566,-0.1710292102031009,89.21516754850089,91.08465608465609,82.77777777777779,93.7830687830688,0,0,1
2022-09-14,373.987,-0.16786744157069367,89.36507936507937,92.08994708994709,82.88359788359787,93.12169312169313,0,0,1
2022-09-15,369.741,-0.1773149219459229,90.53350970017637,93.16137566137566,84.44444444444444,93.994708994709,0,0,1
2022-09-16,366.932,-0.1835650331974581,91.62257495590828,94.15343915343915,86.32275132275133,94.39153439153438,0,0,1
2022-09-19,369.778,-0.1772325958098222,90.91710758377425,92.05026455026454,86.7063492063492,93.994708994709,0,0,1
2022-09-20,365.533,-0.18667785115434588,92.10317460317461,95.3968253968254,86.15079365079366,94.76190476190474,0,0,1
2022-09-21,359.157,-0.2008646469321277,93.15255731922397,96.26984126984127,88.08201058201058,95.1058201058201,0,0,1
2022-09-22,356.14,-0.20757756457039112,93.35537918871253,97.11640211640213,87.7910052910053,95.15873015873017,0,0,1
2022-09-23,350.173,-0.22085432278965456,94.31216931216929,98.20105820105819,88.94179894179894,95.79365079365078,0,0,1
2022-09-26,346.709,-0.2285618291532423,93.47442680776015,98.75661375661377,85.58201058201058,96.08465608465609,0,0,1
2022-09-27,345.824,-0.23053098132754235,93.31569664902997,98.51851851851852,85.55555555555554,95.87301587301586,0,0,1
2022-09-28,352.629,-0.21538964737713384,89.06084656084656,86.75925925925925,85.58201058201058,94.84126984126983,0,0,1
2022-09-29,345.263,-0.23177922355328506,93.9241622574956,98.08201058201058,87.87037037037038,95.82010582010582,0,0,1
2022-09-30,339.924,-0.24365866248954238,94.66490299823633,98.57142857142857,89.04761904761904,96.37566137566138,0,0,1
2022-10-03,348.898,-0.22369123693906978,87.19576719576719,77.38095238095237,89.10052910052912,95.1058201058201,0,0,1
2022-10-04,359.709,-0.1996364299827338,84.28571428571428,69.07407407407408,90.23809523809524,93.54497354497353,0,0,1
2022-10-05,358.872,-0.2014987806831734,86.37125220458553,75.70105820105819,89.65608465608466,93.75661375661376,0,0,1
2022-10-06,355.17,-0.2097358443546521,93.07760141093473,94.61640211640211,90.70105820105819,93.91534391534391,0,0,1
2022-10-07,345.263,-0.23177922355328506,94.88095238095238,97.34126984126983,91.79894179894181,95.5026455026455,0,0,1
2022-10-10,342.626,-0.23764662952348747,96.03174603174602,97.5132275132275,94.52380952380952,96.05820105820105,0,0,1
2022-10-11,340.456,-0.2424749461542569,95.46296296296296,97.7116402116402,92.32804232804233,96.34920634920634,0,0,1
2022-10-12,339.333,-0.2449736556364478,95.41005291005291,97.97619047619048,92.08994708994709,96.16402116402116,0,0,1
2022-10-13,348.289,-0.22504628063867282,91.64462081128748,88.32010582010582,92.22222222222223,94.39153439153439,0,0,1
2022-10-14,340.352,-0.24270634934762103,95.63932980599648,97.4867724867725,93.7962962962963,95.63492063492065,0,0,1
2022-10-17,349.098,-0.223246230797985,92.10758377425043,88.01587301587301,94.7089947089947,93.5978835978836,0,0,1
2022-10-18,353.2,-0.21411915484433686,87.39858906525572,75.37037037037037,93.73015873015872,93.09523809523809,0,0,1
2022-10-19,350.697,-0.21968840670001244,92.24867724867724,91.12433862433862,91.65343915343915,93.96825396825398,0,0,1
2022-10-20,347.756,-0.22623222200466375,93.74779541446208,95.46296296296298,92.18253968253968,93.59788359788361,0,0,1
2022-10-21,356.207,-0.2074284875131277,90.24250440917108,87.63227513227514,90.82010582010582,92.27513227513226,0,0,1
2022-10-24,360.566,-0.19772957866818575,88.65961199294532,83.75661375661376,90.68783068783068,91.53439153439153,0,0,1
2022-10-25,366.323,-0.18492007689706125,83.04673721340387,67.01058201058201,90.8862433862434,91.24338624338623,0,0,1
2022-10-26,363.563,-0.19106116164403075,87.42945326278658,82.15608465608466,89.78835978835978,90.34391534391534,0,0,1
2022-10-27,361.622,-0.19537994624325816,88.09523809523809,87.63227513227513,86.07142857142857,90.58201058201058,0,0,1
2022-10-28,370.225,-0.17623800708449777,82.87918871252204,81.6005291005291,81.95767195767196,85.07936507936508,0,0,1
2022-10-31,367.551,-0.1821877391908009,82.47795414462081,79.57671957671958,81.56084656084657,86.2962962962963,0,0,1
2022-11-01,365.943,-0.18576558856512226,83.13492063492063,83.47883597883597,80.58201058201058,85.34391534391534,0,0,1
2022-11-02,356.759,-0.2062002705637338,88.25837742504409,90.38359788359789,85.23809523809524,89.15343915343915,0,0,1
2022-11-03,353.085,-0.2143750333754607,89.06525573192239,91.03174603174602,84.55026455026454,91.61375661375662,0,0,1
2022-11-04,358.167,-0.2030674273304972,85.63932980599647,88.12169312169313,78.9021164021164,89.89417989417989,0,0,1
2022-11-07,361.593,-0.1954444721337154,84.79276895943562,86.17724867724867,78.25396825396825,89.94708994708996,0,0,1
2022-11-08,363.544,-0.19110343722743384,83.17460317460316,85.68783068783068,78.09523809523809,85.74074074074075,0,0,1
2022-11-09,356.055,-0.20776669218035215,86.71075837742504,88.90211640211639,82.68518518518519,88.54497354497353,0,0,1
2022-11-10,375.621,-0.16423174139803132,74.3562610229277,58.13492063492064,84.35185185185185,80.58201058201058,0,0,1
2022-11-11,379.257,-0.15614152975311058,72.05467372134038,57.22222222222223,78.62433862433862,80.31746031746032,0,0,1
2022-11-14,376.031,-0.1633194788088076,76.74603174603175,71.11111111111111,78.17460317460318,80.95238095238095,0,0,1
2022-11-15,379.238,-0.15618380533651366,71.7989417989418,57.35449735449735,78.04232804232805,80.0,0,0,1
2022-11-16,376.345,-0.16262081916730453,75.26455026455025,64.76190476190476,78.01587301587301,83.01587301587301,0,0,1
2022-11-17,375.193,-0.16518405453995266,74.21957671957672,58.902116402116405,77.77777777777779,85.97883597883599,0,0,1
2022-11-18,376.897,-0.16139260221791063,77.20017636684302,69.56349206349206,77.19576719576719,84.84126984126983,0,0,1
2022-11-21,375.526,-0.16444311931504652,78.99911816578482,75.75396825396825,76.82539682539682,84.41798941798942,0,0,1
2022-11-22,380.58,-0.15319781412983502,75.57760141093473,67.75132275132275,75.0132275132275,83.96825396825396,0,0,1
2022-11-23,382.978,-0.1478621904982289,71.34920634920634,60.02645502645502,73.67724867724867,80.34391534391534,0,0,1
2022-11-25,382.892,-0.1480535431388954,68.65079365079364,51.957671957671955,73.57142857142857,80.42328042328042,0,0,1
2022-11-28,376.782,-0.16164848074903437,77.92768959435625,71.78571428571429,77.3941798941799,84.6031746031746,0,0,1
2022-11-29,376.135,-0.16308807561544358,74.43121693121694,62.32804232804233,77.26190476190476,83.70370370370371,0,0,1
2022-11-30,387.984,-0.13672368678687774,70.50264550264549,57.42063492063492,78.37301587301589,75.71428571428571,0,0,1
2022-12-01,387.698,-0.1373600455686289,64.6252204585538,50.14550264550265,71.64021164021165,72.08994708994709,0,0,0
2022-12-02,387.251,-0.13835463429395334,61.71957671957671,51.24338624338625,66.45502645502646,67.46031746031746,0,0,0
2022-12-05,380.285,-0.153854198187935,71.6137566137566,73.12169312169313,71.03174603174602,70.6878306878307,0,0,0
2022-12-06,374.803,-0.16605181651506795,76.50352733686066,78.2936507936508,75.66137566137566,75.55555555555556,0,0,0
2022-12-07,374.165,-0.16747138610512824,75.163139329806,78.53174603174604,75.60846560846561,71.34920634920634,0,0,0
2022-12-08,377.096,-0.1609498211075313,70.5731922398589,71.82539682539682,70.34391534391534,69.55026455026456,0,0,0
2022-12-09,374.279,-0.16721773260470996,68.50970017636683,69.68253968253968,61.772486772486765,74.07407407407408,0,0,0
2022-12-12,379.676,-0.15520924188753815,64.15343915343914,60.58201058201058,62.14285714285714,69.73544973544973,0,0,0
2022-12-13,382.55,-0.14881450364015025,64.73985890652557,63.34656084656084,61.98412698412699,68.88888888888889,0,0,0
2022-12-14,380.104,-0.1542569287456168,65.36596119929453,59.96031746031745,61.904761904761905,74.23280423280424,0,0,0
2022-12-15,370.806,-0.17494526424464663,74.9074074074074,78.2010582010582,68.58465608465609,77.93650793650794,0,0,0
2022-12-16,366.448,-0.18464194805888334,77.42063492063492,82.53968253968254,72.07671957671958,77.64550264550265,0,0,0
2022-12-19,363.341,-0.19155511846063478,78.56261022927688,84.82804232804233,72.12962962962962,78.73015873015873,0,0,0
2022-12-20,363.838,-0.1904492782000391,77.38095238095238,82.47354497354497,72.12962962962962,77.53968253968253,0,0,0
2022-12-21,369.278,-0.17834511116253404,75.19400352733686,77.47354497354497,72.20899470899471,75.8994708994709,0,0,0
2022-12-22,364.01,-0.19006657291870632,78.20987654320987,81.74603174603173,74.55026455026456,78.33333333333333,0,0,0
2022-12-23,366.104,-0.185407358621549,76.75485008818343,78.57142857142858,74.57671957671958,77.11640211640213,0,0,0
2022-12-27,364.66,-0.18862030296018084,77.30599647266314,80.8994708994709,71.89153439153439,79.12698412698413,0,0,0
2022-12-28,360.128,-0.19870414211716125,79.71781305114638,83.95502645502647,74.29894179894178,80.8994708994709,0,0,0
2022-12-29,366.611,-0.18427926805389916,68.4347442680776,57.83068783068783,70.80687830687832,76.66666666666667,0,0,0
2022-12-30,365.645,-0.1864286477153385,68.59347442680776,58.99470899470899,70.75396825396825,76.03174603174604,0,0,0
2023-01-03,364.106,-0.18985296997098566,74.36948853615522,74.12698412698414,72.92328042328043,76.05820105820106,0,0,0
2023-01-04,366.917,-0.18359840865803956,67.29276895943562,57.129629629629626,70.38359788359789,74.36507936507935,0,0,0
2023-01-05,362.729,-0.1929168372523542,76.05820105820105,79.85449735449735,70.0925925925926,78.22751322751323,0,0,0
2023-01-06,371.047,-0.1744090318446394,71.7283950617284,69.21957671957672,72.65873015873017,73.30687830687832,0,0,0
2023-01-09,370.837,-0.17487628829277846,71.30070546737213,65.95238095238096,72.18253968253968,75.76719576719576,0,0,0
2023-01-10,373.438,-0.1690889834279714,68.41269841269842,58.29365079365079,72.20899470899472,74.73544973544973,0,0,0
2023-01-11,378.161,-0.15858016340625503,66.71516754850089,55.15873015873016,71.94444444444444,73.04232804232804,0,0,0
2023-01-12,379.538,-0.1555162961248865,64.23280423280423,53.17460317460317,68.67724867724867,70.84656084656085,0,0,0
2023-01-13,381.01,-0.15224105092650286,63.853615520282176,53.63756613756615,67.92328042328042,70.0,0,0,0
2023-01-17,380.312,-0.15379412235888856,61.49911816578482,53.54497354497354,61.93121693121693,69.02116402116401,0,0,0
2023-01-18,374.308,-0.1671532067142527,67.22222222222221,64.78835978835978,62.61904761904762,74.25925925925925,0,0,0
2023-01-19,371.583,-0.17321641538653232,69.40917107583775,68.7037037037037,62.43386243386244,77.08994708994709,0,0,0
2023-01-20,378.505,-0.15781475284358926,62.482363315696645,49.53703703703704,63.38624338624339,74.52380952380952,0,0,0
2023-01-23,383.046,-0.14771088841026014,59.99118165784833,45.555555555555564,63.201058201058196,71.21693121693123,0,0,0
2023-01-24,382.635,-0.14862537603018922,60.42328042328042,53.13492063492063,57.6058201058201,70.52910052910053,0,0,0
2023-01-25,382.779,-0.14830497160860823,60.71869488536154,52.72486772486773,57.55291005291005,71.87830687830689,0,0,0
2023-01-26,386.986,-0.1389442674308906,57.032627865961196,44.78835978835979,57.71164021164021,68.5978835978836,0,0,0
2023-01-27,387.875,-0.13696621513376883,54.44003527336861,43.293650793650784,52.24867724867725,67.77777777777779,0,0,0
2023-01-30,383.008,-0.1477954395770662,57.61904761904762,45.767195767195766,56.349206349206355,70.74074074074075,0,0,0
2023-01-31,388.64,-0.13526406664411972,54.24603174603175,39.08730158730159,56.87830687830688,66.77248677248677,0,0,0
2023-02-01,392.77,-0.1260746898307198,52.97178130511463,37.11640211640212,56.455026455026456,65.34391534391534,0,0,0
2023-02-02,398.488,-0.11335196425710681,52.14726631393298,39.113756613756614,57.010582010582006,60.31746031746032,0,0,0
2023-02-03,394.252,-0.12277719432528167,55.29982363315697,43.492063492063494,56.82539682539683,65.58201058201058,0,0,0
2023-02-06,391.843,-0.1281372932946474,58.51410934744267,51.547619047619044,55.44973544973545,68.54497354497354,0,0,0
2023-02-07,396.967,-0.11673623596005633,54.082892416225754,43.452380952380956,55.7010582010582,63.095238095238095,0,0,0
2023-02-08,392.627,-0.12639286922159532,59.894179894179885,51.785714285714285,61.2037037037037,66.69312169312168,0,0,0
2023-02-09,389.223,-0.13396687374285765,59.77513227513228,48.492063492063494,61.2037037037037,69.62962962962963,0,0,0
2023-02-10,390.131,-0.131946545862333,55.91710758377425,39.523809523809526,61.164021164021165,67.06349206349206,0,0,0
2023-02-13,394.711,-0.12175590523149216,53.38183421516755,37.61904761904762,61.91798941798942,60.608465608465615,0,0,0
2023-02-14,394.529,-0.12216086081987931,55.37477954144621,43.902116402116405,61.82539682539683,60.3968253968254,0,0,0
2023-02-15,395.811,-0.1193083714555262,50.39682539682539,36.24338624338625,55.423280423280424,59.523809523809526,0,0,0
2023-02-16,390.361,-0.13143478880008552,59.51058201058201,51.904761904761905,60.64814814814815,65.97883597883599,0,0,0
2023-02-17,389.385,-0.13360641876857904,53.81393298059965,39.37830687830688,59.41798941798942,62.64550264550265,0,0,0
2023-02-21,381.574,-0.15098613360864377,61.38447971781304,52.44708994708994,64.16666666666667,67.53968253968254,0,0,0
2023-02-22,381.048,-0.1521564997596967,58.98148148148148,46.45502645502645,64.16666666666667,66.32275132275133,0,0,0
2023-02-23,383.075,-0.1476463625198028,62.31922398589065,58.346560846560855,64.53703703703704,64.07407407407406,0,0,0
2023-02-24,378.983,-0.15675118816639677,66.75485008818342,66.87830687830687,66.34920634920636,67.03703703703705,0,0,0
2023-02-27,380.274,-0.15387867352569473,66.76807760141094,68.58465608465609,66.42857142857143,65.2910052910053,0,0,0
2023-02-28,378.868,-0.15700706669752051,67.04144620811286,71.93121693121692,63.425925925925924,65.76719576719576,0,0,0
2023-03-01,377.415,-0.16024003631250106,67.58818342151676,72.10317460317461,62.22222222222223,68.43915343915343,0,0,0
2023-03-02,380.35,-0.1537095711920824,65.54673721340387,66.97089947089947,62.39417989417989,67.27513227513228,0,0,0
2023-03-03,386.45,-0.1401368838889977,59.17107583774249,50.41005291005291,62.63227513227513,64.47089947089947,0,0,0
2023-03-06,386.718,-0.13954057565994404,60.97883597883597,58.664021164021165,59.03439153439154,65.23809523809523,0,0,0
2023-03-07,380.79,-0.15273055768169597,66.37125220458555,71.32275132275133,63.214285714285715,64.57671957671958,0,0,0
2023-03-08,381.412,-0.1513465885829225,64.6604938271605,67.64550264550265,61.97089947089947,64.36507936507937,0,0,0
2023-03-09,374.375,-0.1670041296569893,69.11816578483246,77.28835978835978,63.08201058201058,66.98412698412699,0,0,0
2023-03-10,368.973,-0.1790237455276883,72.5925925925926,82.53968253968254,65.8994708994709,69.33862433862434,0,0,0
2023-03-13,368.447,-0.18019411167874122,73.54056437389771,84.24603174603175,65.7936507936508,70.5820105820106,0,0,0
2023-03-14,374.537,-0.16664367468271069,70.00440917107584,78.21428571428571,66.45502645502647,65.34391534391534,0,0,0
2023-03-15,372.195,-0.171854696594813,71.51675485008818,83.22751322751323,66.42857142857143,64.89417989417989,0,0,0
2023-03-16,378.725,-0.15732524608839604,68.07760141093475,76.21693121693123,69.1005291005291,58.91534391534392,0,0,0
2023-03-17,374.314,-0.16713985653002006,70.9920634920635,84.96031746031746,68.83597883597884,59.179894179894184,0,0,0
2023-03-20,377.913,-0.15913197102120014,64.91622574955908,69.61640211640211,69.28571428571429,55.84656084656084,0,0,0
2023-03-21,382.875,-0.14809136866088757,57.65873015873015,55.09259259259259,66.24338624338624,51.64021164021164,0,0,0
2023-03-22,376.348,-0.16261414407518826,70.0485008818342,82.35449735449735,69.72222222222221,58.06878306878307,0,0,0
2023-03-23,377.366,-0.16034906281706696,69.73104056437388,84.62962962962962,69.56349206349206,55.0,0,0,0
2023-03-24,379.842,-0.1548398867904378,64.33862433862433,74.43121693121692,66.8121693121693,51.77248677248678,0,0,0
2023-03-27,380.552,-0.1532601149895868,59.25044091710758,56.9973544973545,66.73280423280424,54.02116402116402,0,0,0
2023-03-28,379.698,-0.1551602912120188,60.39682539682539,55.965608465608476,66.73280423280423,58.492063492063494,0,0,0
2023-03-29,385.217,-0.14288034674878525,58.15696649029982,53.18783068783068,67.71164021164022,53.57142857142858,0,0,0
2023-03-30,387.472,-0.13786290250805466,56.869488536155195,52.06349206349207,67.5925925925926,50.95238095238094,0,0,0
2023-03-31,392.934,-0.12570978479503014,53.298059964726626,47.84391534391534,68.05555555555556,43.99470899470899,0,0,0
2023-04-03,394.431,-0.1223789138290109,54.09171075837742,53.425925925925924,67.47354497354497,41.37566137566137,0,0,0
2023-04-04,392.243,-0.12724728101247806,56.044973544973544,62.15608465608466,63.042328042328045,42.936507936507944,0,0,0
2023-04-05,391.216,-0.12953238754694818,57.451499118165785,65.58201058201058,63.14814814814815,43.62433862433863,0,0,0
2023-04-06,392.742,-0.12613699069047157,52.34126984126984,55.26455026455026,55.992063492063494,45.76719576719577,0,0,0
2023-04-10,393.145,-0.12524030331618585,46.96649029982363,47.93650793650793,50.44973544973545,42.51322751322751,0,0,0
2023-04-11,393.25,-0.12500667509211627,47.22663139329806,45.27777777777777,50.34391534391534,46.058201058201064,0,0,0
2023-04-12,391.648,-0.1285711742822051,52.32363315696649,59.219576719576715,49.3915343915344,48.35978835978836,0,0,0
2023-04-13,396.85,-0.11699656455259078,44.982363315696645,43.46560846560846,48.17460317460317,43.3068783068783,0,0,0
2023-04-14,395.88,-0.11915484433685186,47.08553791887125,52.14285714285714,45.780423280423285,43.333333333333336,0,0,0
2023-04-17,397.301,-0.11599307570444473,42.73368606701939,44.17989417989418,39.338624338624335,44.68253968253968,0,0,0
2023-04-18,397.56,-0.11541679275174,43.02469135802469,44.007936507936506,39.00793650793651,46.05820105820106,0,0,0
2023-04-19,397.493,-0.11556586980900341,45.14991181657848,49.84126984126984,37.11640211640212,48.492063492063494,0,0,0
2023-04-20,395.324,-0.1203919614090675,45.268959435626094,59.219576719576715,26.587301587301585,50.0,0,0,0
2023-04-21,395.631,-0.11970887698250243,46.075837742504405,62.46031746031746,26.640211640211643,49.12698412698413,0,0,0
2023-04-24,396.043,-0.11879216433186779,46.366843033509696,61.26984126984127,26.375661375661377,51.455026455026456,0,0,0
2023-04-25,389.757,-0.13277870734616137,55.2689594356261,72.6984126984127,37.129629629629626,55.97883597883598,0,0,0
2023-04-26,388.106,-0.136452233040816,55.47178130511463,72.4074074074074,37.26190476190476,56.74603174603175,0,0,0
2023-04-27,395.832,-0.11926164581071219,50.92151675485009,65.92592592592592,38.47883597883598,48.359788359788354,0,0,0
2023-04-28,399.211,-0.11174326705708537,44.23280423280423,52.32804232804233,35.899470899470906,44.47089947089947,0,0,0
2023-05-01,398.808,-0.1126399544313712,44.88095238095237,53.293650793650784,34.89417989417989,46.455026455026456,0,0,0
2023-05-02,394.325,-0.12261476708378583,55.45414462081128,73.30687830687829,41.07142857142857,51.98412698412699,0,0,0
2023-05-03,391.619,-0.12863570017266235,57.43386243386244,76.4021164021164,41.24338624338625,54.65608465608466,0,0,0
2023-05-04,388.845,-0.13480793534950775,57.88359788359788,78.47883597883597,41.44179894179894,53.730158730158735,0,0,0
2023-05-05,396.043,-0.11879216433186779,49.50176366843033,49.563492063492056,43.730158730158735,55.21164021164021,0,0,0
2023-05-08,396.149,-0.11855631107709286,56.61375661375661,69.86772486772486,43.67724867724868,56.2962962962963,0,0,0
2023-05-09,394.412,-0.12242118941241398,57.15167548500882,70.87301587301587,43.94179894179894,56.640211640211646,0,0,0
2023-05-10,396.255,-0.11832045782231804,57.1252204585538,71.66666666666667,43.86243386243387,55.84656084656084,0,0,0
2023-05-11,395.564,-0.11985795403976574,58.01587301587301,76.19047619047619,42.51322751322751,55.34391534391535,0,0,0
2023-05-12,395.045,-0.12101274497588066,57.51322751322751,75.21164021164022,42.46031746031746,54.86772486772487,0,0,0
2023-05-15,396.408,-0.11798002812438813,55.27777777777778,69.06084656084656,42.40740740740741,54.36507936507937,0,0,0
2023-05-16,393.759,-0.12387413446305562,59.05643738977072,78.5978835978836,42.645502645502646,55.925925925925924,0,0,0
2023-05-17,398.539,-0.11323848769113021,55.17195767195767,68.71693121693121,43.835978835978835,52.96296296296296,0,0,0
2023-05-18,402.378,-0.10469659481300853,51.69312169312169,61.1904761904762,44.17989417989418,49.70899470899471,0,0,0
2023-05-19,401.793,-0.10599823777568129,53.74338624338624,67.23544973544973,44.17989417989418,49.81481481481482,0,0,0
2023-05-22,401.956,-0.10563555777069722,46.64902998236332,48.75661375661375,44.15343915343916,47.03703703703704,0,0,0
2023-05-23,397.445,-0.11567267128286374,52.707231040564366,63.597883597883595,43.01587301587301,51.507936507936506,0,0,0
2023-05-24,394.565,-0.12208075971448407,58.73456790123456,76.12433862433863,43.17460317460317,56.904761904761905,0,0,0
2023-05-25,397.982,-0.11447782979405108,57.82186948853615,79.17989417989418,40.79365079365079,53.492063492063494,0,0,0
2023-05-26,403.136,-0.10301002153829719,54.8941798941799,74.47089947089948,41.613756613756614,48.5978835978836,0,0,0
2023-05-30,403.29,-0.10266736680966193,54.58994708994709,76.9973544973545,41.53439153439154,45.23809523809524,0,0,0
2023-05-31,401.054,-0.10764253546698954,52.98941798941799,78.32010582010582,35.51587301587302,45.13227513227513,0,0,0
2023-06-01,404.864,-0.0991651684793251,50.11022927689595,74.52380952380953,34.53703703703704,41.26984126984127,1,0,0
2023-06-02,410.719,-0.08613761369906914,38.461199294532626,46.32275132275132,31.917989417989418,37.142857142857146,1,0,0
2023-06-05,409.932,-0.0878887128642375,42.932098765432094,62.42063492063492,30.37037037037037,36.00529100529101,1,0,0
2023-06-06,410.824,-0.08590398547499956,39.79717813051146,52.44708994708995,29.90740740740741,37.03703703703703,1,0,0
2023-06-07,409.404,-0.08906352907670134,41.48148148148148,56.719576719576715,29.735449735449734,37.989417989417994,1,0,0
2023-06-08,411.88,-0.08355435305007208,40.03086419753086,55.76719576719577,28.769841269841265,35.55555555555556,1,0,0
2023-06-09,412.619,-0.08191005535876394,41.23456790123456,63.201058201058196,28.65079365079365,31.85185185185185,1,0,0
2023-06-12,416.363,-0.07357954039765757,35.61287477954144,49.47089947089947,28.902116402116402,28.465608465608465,1,0,0
2023-06-13,419.108,-0.06747183111126931,31.582892416225747,40.75396825396825,28.941798941798947,25.05291005291005,1,0,0
2023-06-14,419.607,-0.06636154078926282,35.75396825396825,54.36507936507937,28.002645502645503,24.89417989417989,1,0,0
2023-06-15,424.809,-0.0547869310596486,29.17989417989418,35.97883597883598,28.015873015873016,23.544973544973544,1,0,0
2023-06-16,423.368,-0.05799320030616428,28.734567901234563,36.11111111111111,27.711640211640212,22.38095238095238,1,0,0
2023-06-20,421.171,-0.06288159276598027,31.14638447971781,40.60846560846561,28.253968253968253,24.57671957671958,1,0,0
2023-06-21,419.013,-0.06768320902828473,31.384479717813047,40.33068783068783,28.187830687830687,25.634920634920633,1,0,0
2023-06-22,420.526,-0.06431673757097844,33.214285714285715,57.56613756613756,19.40476190476191,22.67195767195767,1,0,0
2023-06-23,417.346,-0.07139233521422594,36.34920634920635,62.05026455026456,19.537037037037038,27.46031746031746,1,0,0
2023-06-26,415.641,-0.07518601256697344,30.216049382716044,42.72486772486772,19.616402116402117,28.306878306878303,1,0,0
2023-06-27,420.198,-0.06504654764235751,29.885361552028222,46.468253968253975,18.98148148148148,24.206349206349206,1,0,0
2023-06-28,420.41,-0.06457484113280765,34.44885361552028,59.232804232804234,18.955026455026456,25.15873015873016,1,0,0
2023-06-29,422.067,-0.060887965253920484,29.775132275132272,49.285714285714285,18.134920634920636,21.90476190476191,1,0,0
2023-06-30,427.048,-0.04980508731020494,25.22927689594356,35.357142857142854,18.61111111111111,21.719576719576718,1,0,0
2023-07-03,427.539,-0.048712597233841914,23.822751322751323,33.386243386243386,16.997354497354497,21.084656084656086,1,0,0
2023-07-05,426.903,-0.05012771676249128,24.810405643738974,34.576719576719576,16.944444444444443,22.91005291005291,1,0,0
2023-07-06,423.56,-0.057565994410722854,32.42504409171076,53.214285714285715,17.92328042328042,26.13756613756614,1,0,0
2023-07-07,422.491,-0.05994455223482087,33.791887125220455,56.25661375661375,17.817460317460316,27.3015873015873,1,0,0
2023-07-10,423.56,-0.057565994410722854,28.395061728395063,40.75396825396826,17.632275132275133,26.798941798941797,1,0,0
2023-07-11,426.258,-0.05156286156748968,24.810405643738974,31.507936507936506,17.843915343915345,25.07936507936508,1,0,0
2023-07-12,429.687,-0.04393323127859161,28.712522045855376,47.68518518518518,17.65873015873016,20.793650793650794,1,0,0
2023-07-13,433.098,-0.036343651542391275,26.47707231040564,44.629629629629626,17.87037037037037,16.93121693121693,1,0,0
2023-07-14,432.828,-0.03694440983285574,27.482363315696645,44.100529100529094,17.92328042328042,20.423280423280424,1,0,0
2023-07-17,434.331,-0.03360018868260384,28.174603174603178,47.12962962962964,16.574074074074076,20.820105820105823,1,0,0
2023-07-18,437.558,-0.02642001459620147,24.329805996472665,37.52645502645503,16.706349206349206,18.756613756613756,0,0,0
2023-07-19,438.531,-0.024255059719824112,20.850970017636683,28.04232804232804,16.256613756613756,18.253968253968253,0,0,0
2023-07-20,435.622,-0.030727674041901798,23.34656084656085,31.90476190476191,16.46825396825397,21.666666666666668,1,0,0
2023-07-21,435.622,-0.030727674041901798,23.42151675485009,31.34920634920635,16.85185185185185,22.063492063492063,1,0,0
2023-07-24,437.568,-0.026397764289147307,19.320987654320987,23.015873015873016,15.820105820105821,19.126984126984127,0,0,0
2023-07-25,438.762,-0.023741077626871276,21.979717813051145,30.436507936507937,15.21164021164021,20.29100529100529,0,0,0
2023-07-26,438.83,-0.023589775538902513,19.188712522045854,22.552910052910054,13.743386243386245,21.26984126984127,0,0,0
2023-07-27,435.92,-0.030064614891685548,26.64021164021164,38.835978835978835,15.343915343915347,25.740740740740744,1,0,0
2023-07-28,440.188,-0.02056818384093706,22.998236331569665,31.944444444444446,15.992063492063492,21.058201058201057,0,0,0
2023-07-31,441.026,-0.01870360810979188,21.895943562610228,31.269841269841265,14.153439153439157,20.264550264550266,0,0,0
2023-08-01,439.764,-0.021511596860036675,23.417107583774253,32.91005291005291,14.642857142857144,22.6984126984127,0,0,0
2023-08-02,433.647,-0.035122109685113756,31.96649029982363,45.79365079365079,24.17989417989418,25.925925925925924,1,0,0
2023-08-03,432.404,-0.037887822851955355,32.429453262786595,47.73809523809524,23.51851851851852,26.031746031746028,1,0,0
2023-08-04,430.448,-0.04223998291176423,35.50705467372134,54.88095238095239,23.703703703703706,27.936507936507937,1,0,0
2023-08-07,434.206,-0.03387831752078174,33.59347442680776,49.90740740740741,24.17989417989418,26.693121693121697,1,0,0
2023-08-08,432.317,-0.0380814005233272,35.3747795414462,53.92857142857142,24.126984126984127,28.068783068783066,1,0,0
2023-08-09,429.427,-0.044511739262001804,35.38800705467372,51.24338624338625,23.994708994708997,30.925925925925924,1,0,0
2023-08-10,429.581,-0.04416908453336654,35.52028218694885,54.338624338624335,23.253968253968253,28.968253968253972,1,0,0
2023-08-11,429.331,-0.04472534220972246,31.177248677248674,41.41534391534392,23.2010582010582,28.91534391534391,1,0,0
2023-08-14,431.701,-0.039452019437868246,34.58112874779542,55.01322751322751,23.465608465608465,25.264550264550266,1,0,0
2023-08-15,426.672,-0.05064169885544423,39.8721340388007,62.063492063492056,29.193121693121693,28.359788359788357,1,0,0
2023-08-16,423.541,-0.05760826999412594,41.313932980599645,63.425925925925924,29.431216931216927,31.084656084656086,1,0,0
2023-08-17,420.314,-0.0647884440805283,42.44268077601411,64.96031746031746,29.51058201058201,32.857142857142854,1,0,0
2023-08-18,420.516,-0.06433898787803272,41.203703703703695,60.68783068783068,29.510582010582013,33.41269841269841,1,0,0
2023-08-21,423.252,-0.058251303867993376,41.9047619047619,65.25132275132275,29.88095238095238,30.582010582010582,1,0,0
2023-08-22,422.105,-0.06080341408711443,42.61904761904761,66.73280423280423,29.58994708994709,31.53439153439153,1,0,0
2023-08-23,426.807,-0.05034131971021205,41.5652557319224,63.492063492063494,32.023809523809526,29.179894179894177,1,0,0
2023-08-24,420.892,-0.06350237633279343,46.622574955908284,65.25132275132275,37.84391534391534,36.77248677248678,1,0,0
2023-08-25,423.859,-0.056900710229801255,43.9373897707231,59.68253968253968,37.84391534391535,34.28571428571429,1,0,0
2023-08-28,426.547,-0.05091982769362213,39.68694885361552,49.24603174603175,39.55026455026455,30.264550264550266,1,0,0
2023-08-29,432.712,-0.037202513394684944,38.104056437389765,45.75396825396825,41.67989417989418,26.878306878306876,1,0,0
2023-08-30,434.495,-0.033235283646914304,32.18694885361552,38.095238095238095,35.63492063492064,22.830687830687832,1,0,0
2023-08-31,433.859,-0.03465040317556389,38.703703703703695,59.85449735449735,34.43121693121693,21.825396825396826,1,0,0
2023-09-01,434.668,-0.03285035333487607,38.09964726631393,60.09259259259259,32.83068783068783,21.375661375661377,1,0,0
2023-09-05,432.789,-0.03703118603036726,40.77601410934744,65.55555555555556,32.27513227513227,24.497354497354497,1,0,0
2023-09-06,429.88,-0.043503800352444943,41.402116402116405,65.82010582010582,32.59259259259259,25.793650793650794,1,0,0
2023-09-07,428.56,-0.04644084088360423,43.042328042328045,67.0899470899471,32.11640211640212,29.92063492063492,1,0,0
2023-09-08,429.206,-0.04500347104790048,41.75044091710758,65.27777777777779,32.142857142857146,27.830687830687832,1,0,0
2023-09-11,432.028,-0.03872443439719464,41.56084656084655,64.4973544973545,32.53968253968254,27.645502645502646,1,0,0
2023-09-12,429.658,-0.04399775716904897,42.2663139329806,63.227513227513235,32.51322751322751,31.05820105820106,1,0,0
2023-09-13,430.159,-0.04288301678563167,39.70899470899471,65.1984126984127,25.22486772486772,28.703703703703706,1,0,0
2023-09-14,433.868,-0.03463037789921508,35.815696649029974,57.07671957671957,23.756613756613756,26.613756613756617,1,0,0
2023-09-15,428.66,-0.04621833781306184,41.01410934744268,60.7010582010582,30.436507936507933,31.9047619047619,1,0,0
2023-09-18,428.911,-0.04565985510600046,42.173721340388,63.99470899470899,30.383597883597883,32.14285714285714,1,0,0
2023-09-19,428.021,-0.04764013243382759,41.86067019400352,62.89682539682539,30.03968253968254,32.645502645502646,1,0,0
2023-09-20,424.086,-0.05639562825967004,43.791887125220455,62.34126984126984,31.071428571428573,37.96296296296296,1,0,0
2023-09-21,417.077,-0.07199086847398495,51.031746031746025,72.3015873015873,36.507936507936506,44.285714285714285,1,0,0
2023-09-22,416.139,-0.0740779472756724,50.39682539682539,74.23280423280423,30.502645502645503,46.455026455026456,1,0,0
2023-09-25,417.889,-0.07018414354118085,49.37830687830688,72.15608465608466,29.920634920634924,46.058201058201064,1,0,0
2023-09-26,411.75,-0.08384360704177718,54.25044091710758,77.53968253968254,35.978835978835974,49.23280423280423,1,0,0
2023-09-27,411.914,-0.08347870200608776,53.15696649029982,77.6984126984127,32.75132275132275,49.02116402116402,1,0,0
2023-09-28,414.302,-0.0781653286815358,51.78130511463844,73.86243386243386,33.042328042328045,48.439153439153436,1,0,0
2023-09-29,413.297,-0.08040148454048668,50.69664902998236,69.39153439153439,32.989417989417994,49.70899470899471,1,0,0
2023-10-02,413.132,-0.08076861460688156,53.91534391534391,78.75661375661376,32.67195767195767,50.31746031746032,1,0,0
2023-10-03,407.602,-0.09307303440787495,58.170194003527335,82.01058201058201,38.42592592592593,54.074074074074076,1,0,0
2023-10-04,410.57,-0.08646914327417721,57.58818342151675,79.28571428571429,39.616402116402114,53.86243386243385,1,0,0
2023-10-05,410.416,-0.08681179800281247,58.46119929453263,81.05820105820106,39.58994708994709,54.73544973544974,1,0,0
2023-10-06,415.288,-0.07597144840598802,56.67107583774251,76.48148148148148,40.886243386243386,52.64550264550265,1,0,0
2023-10-09,417.947,-0.07005509176026636,55.57760141093474,74.15343915343915,40.8068783068783,51.77248677248678,1,0,0
2023-10-10,420.122,-0.06521564997596963,51.03615520282187,61.48148148148149,40.91269841269841,50.714285714285715,1,0,0
2023-10-11,421.843,-0.06138637213193543,54.029982363315696,71.494708994709,41.0978835978836,49.4973544973545,1,0,0
2023-10-12,419.272,-0.06710692607557989,58.18342151675484,78.43915343915343,44.73544973544973,51.37566137566137,1,0,0
2023-10-13,417.183,-0.07175501521921013,56.816578483245145,77.46031746031746,39.761904761904766,53.227513227513235,1,0,0
2023-10-16,421.573,-0.061987130422399894,51.49470899470899,64.33862433862434,40.780423280423285,49.36507936507937,1,0,0
2023-10-17,421.553,-0.06203163103650833,49.58553791887125,56.58730158730159,42.936507936507944,49.232804232804234,1,0,0
2023-10-18,415.936,-0.07452962850887346,61.75925925925926,79.73544973544973,50.1984126984127,55.34391534391535,1,0,0
2023-10-19,412.282,-0.08265989070649182,61.98412698412698,82.75132275132275,44.33862433862435,58.86243386243385,1,0,0
2023-10-20,407.215,-0.09393412129087386,65.55555555555554,85.05291005291004,49.89417989417989,61.71957671957673,1,0,0
2023-10-23,406.51,-0.09550276793819756,65.80246913580247,85.92592592592592,49.68253968253968,61.798941798941804,1,0,0
2023-10-24,409.574,-0.08868527385677927,62.94532627865961,84.25925925925925,44.12698412698413,60.44973544973545,1,0,0
2023-10-25,403.696,-0.10176400434325994,66.87389770723104,87.46031746031746,50.06613756613757,63.0952380952381,0,0,0
2023-10-26,398.862,-0.11251980277327822,69.38271604938271,86.66666666666667,54.12698412698413,67.35449735449735,0,0,0
2023-10-27,397.054,-0.11654265828868449,70.74074074074073,89.07407407407408,54.20634920634921,68.94179894179894,0,0,0
2023-10-30,401.801,-0.10598043753003794,69.16225749559081,85.68783068783068,55.84656084656084,65.95238095238095,0,0,0
2023-10-31,404.325,-0.10036446002954846,65.1984126984127,78.47883597883599,51.507936507936506,65.60846560846561,0,0,0
2023-11-01,408.637,-0.09077012762776127,65.5379188712522,81.21693121693123,52.06349206349207,63.333333333333336,1,0,0
2023-11-02,416.468,-0.07334591217358799,60.59964726631394,69.1931216931217,53.32010582010582,59.2857142857143,1,0,0
2023-11-03,420.268,-0.06489079549297794,52.73809523809524,50.5026455026455,50.30423280423281,57.40740740740741,1,0,0
2023-11-06,421.234,-0.06274141583153858,57.729276895943556,66.85185185185185,50.11904761904762,56.216931216931215,1,0,0
2023-11-07,422.433,-0.06007360401573547,57.09876543209876,64.04761904761905,49.94708994708995,57.3015873015873,1,0,0
2023-11-08,422.743,-0.05938384449705414,60.45855379188712,72.96296296296295,49.55026455026455,58.86243386243387,1,0,0
2023-11-09,419.446,-0.06671977073283608,62.88359788359788,77.91005291005291,49.68253968253968,61.058201058201064,1,0,0
2023-11-10,425.991,-0.052156944765837876,59.616402116402114,71.15079365079366,50.44973544973545,57.24867724867725,1,0,0
2023-11-13,425.585,-0.05306030723223987,59.89417989417989,73.33333333333333,50.07936507936508,56.269841269841265,1,0,0
2023-11-14,433.842,-0.034688228697556056,49.263668430335095,45.56878306878307,52.40740740740741,49.81481481481482,1,0,0
2023-11-15,434.76,-0.03264565050997714,47.116402116402114,44.8941798941799,46.00529100529101,50.44973544973545,1,0,0
2023-11-16,435.292,-0.031461934174691675,49.84126984126984,52.11640211640212,45.34391534391535,52.06349206349207,1,0,0
2023-11-17,435.833,-0.030258192563057396,45.06172839506173,44.12698412698413,39.074074074074076,51.98412698412699,1,0,0
2023-11-20,439.188,-0.02279321454636085,45.41005291005291,50.68783068783069,37.076719576719576,48.465608465608476,0,0,0
2023-11-21,438.231,-0.024922568931451283,46.238977072310405,50.436507936507944,37.32804232804233,50.952380952380956,0,0,0
2023-11-22,439.923,-0.021157816977874333,39.982363315696645,42.46031746031746,26.428571428571427,51.058201058201064,0,0,0
2023-11-24,440.194,-0.020554833656704408,36.322751322751316,40.99206349206349,16.997354497354497,50.97883597883598,0,0,0
2023-11-27,439.401,-0.022319283006105528,36.891534391534385,42.38095238095238,16.28306878306878,52.010582010582006,0,0,0
2023-11-28,439.836,-0.02135139464924618,38.483245149911816,48.108465608465615,15.78042328042328,51.560846560846564,0,0,0
2023-11-29,439.527,-0.022038929137222163,38.45679012345679,46.46825396825397,16.15079365079365,52.75132275132275,0,0,0
2023-11-30,441.257,-0.018189626016839044,35.26014109347443,38.7037037037037,15.595238095238097,51.48148148148149,0,0,0
2023-12-01,443.868,-0.01238007084497772,33.858024691358025,38.67724867724868,12.314814814814815,50.58201058201058,0,0,0
2023-12-04,441.538,-0.017564392388614958,33.03350970017637,33.108465608465615,12.738095238095239,53.25396825396825,0,0,0
2023-12-05,441.451,-0.017757970059986805,36.4373897707231,42.870370370370374,12.843915343915343,53.597883597883595,0,0,0
2023-12-06,439.672,-0.021716299684935603,37.38977072310405,42.5,13.47883597883598,56.19047619047618,0,0,0
2023-12-07,443.026,-0.014253546698944408,36.09347442680776,41.04497354497355,13.902116402116404,53.333333333333336,0,0,0
2023-12-08,444.931,-0.010014863205112357,31.98412698412698,32.79100529100529,12.076719576719578,51.08465608465608,0,0,0
2023-12-11,446.662,-0.0061633350540237775,30.198412698412696,31.243386243386244,10.066137566137568,49.285714285714285,0,0,0
2023-12-12,448.702,-0.0016242724149593268,34.029982363315696,45.370370370370374,8.386243386243386,48.333333333333336,0,0,0
2023-12-13,454.889,0.0,26.481481481481485,30.582010582010582,5.978835978835979,42.88359788359789,0,0,0
2023-12-14,456.349,0.0,24.74867724867725,27.07671957671958,6.031746031746032,41.13756613756614,0,0,0
2023-12-15,455.601,-0.0016390963933304858,28.57142857142857,35.925925925925924,6.19047619047619,43.597883597883595,0,0,0
2023-12-18,458.164,0.0,25.925925925925924,29.497354497354497,6.402116402116402,41.87830687830688,0,0,0
2023-12-19,460.95,0.0,22.345679012345677,20.608465608465607,6.216931216931218,40.21164021164021,0,0,0
2023-12-20,454.562,-0.013858336045124098,31.49911816578483,31.97089947089947,16.203703703703706,46.322751322751316,0,0,0
2023-12-21,458.872,-0.004508081136782693,27.579365079365076,22.32804232804233,16.944444444444446,43.46560846560846,0,0,0
2023-12-22,459.795,-0.0025056947608199653,27.037037037037035,21.468253968253965,16.89153439153439,42.75132275132275,0,0,0
2023-12-26,461.736,0.0,25.71869488536155,20.238095238095237,16.78571428571429,40.13227513227513,0,0,0
2023-12-27,462.571,0.0,25.35273368606702,20.145502645502646,16.785714285714285,39.12698412698413,0,0,0
2023-12-28,462.746,0.0,25.30864197530864,19.854497354497354,16.626984126984127,39.44444444444444,0,0,0
2023-12-29,461.406,-0.002895757067592153,26.393298059964728,20.3042328042328,17.235449735449734,41.640211640211646,0,0,0
2024-01-02,458.824,-0.008475491954549552,26.988536155202823,19.179894179894177,17.738095238095237,44.04761904761906,0,0,0
2024-01-03,455.077,-0.01657280668012251,29.373897707231038,22.12962962962963,18.478835978835978,47.51322751322751,0,0,0
2024-01-04,453.611,-0.01974085135257786,29.850088183421516,22.526455026455025,18.875661375661377,48.14814814814815,0,0,0
2024-01-05,454.232,-0.018398862442895125,29.545855379188712,22.24867724867725,18.346560846560845,48.042328042328045,0,0,0
2024-01-08,460.717,-0.0043846948433914346,28.350970017636683,20.5952380952381,20.383597883597886,44.074074074074076,0,0,0
2024-01-09,460.018,-0.005895242746560725,29.060846560846564,21.825396825396826,20.462962962962965,44.8941798941799,0,0,0
2024-01-10,462.62,-0.00027228760486308623,28.35978835978836,22.526455026455025,20.780423280423282,41.77248677248677,0,0,0
2024-01-11,462.416,-0.0007131342032129506,29.329805996472665,23.94179894179894,22.32804232804233,41.71957671957672,0,0,0
2024-01-12,462.736,-2.161012737011969e-05,28.408289241622576,23.38624338624339,19.8015873015873,42.03703703703704,0,0,0
2024-01-16,461.037,-0.0036931707675484926,32.517636684303355,33.88888888888889,20.013227513227516,43.650793650793645,0,0,0
2024-01-17,458.474,-0.009231846412502742,39.21075837742504,50.925925925925924,21.203703703703706,45.5026455026455,0,0,0
2024-01-18,462.552,-0.0004192364709796337,37.89682539682539,50.68783068783069,21.865079365079367,41.13756613756613,0,0,0
2024-01-19,468.318,0.0,36.82980599647266,48.73015873015873,23.63756613756614,38.12169312169312,0,0,0
2024-01-22,469.308,0.0,30.608465608465607,40.97883597883598,13.465608465608467,37.38095238095238,0,0,0
2024-01-23,470.677,0.0,25.0,27.14285714285714,12.46031746031746,35.3968253968254,0,0,0
2024-01-24,471.191,0.0,30.361552028218696,45.31746031746032,12.486772486772486,33.280423280423285,0,0,0
2024-01-25,473.754,0.0,28.020282186948855,40.48941798941799,12.671957671957673,30.899470899470902,0,0,0
2024-01-26,473.152,-0.0012707016721759112,23.064373897707227,25.820105820105823,12.976190476190476,30.396825396825395,0,0,0
2024-01-29,476.899,0.0,21.997354497354497,23.333333333333332,13.76984126984127,28.88888888888889,0,0,0
2024-01-30,476.53,-0.0007737487392509568,22.59700176366843,25.555555555555557,13.558201058201059,28.677248677248674,0,0,0
2024-01-31,468.755,-0.017076991144875597,34.78395061728395,46.402116402116405,24.484126984126988,33.46560846560846,0,0,0
2024-02-01,474.89,-0.00421263202481037,28.721340388007057,32.26190476190476,25.03968253968254,28.862433862433864,0,0,0
2024-02-02,479.889,0.0,31.137566137566136,42.235449735449734,25.5952380952381,25.582010582010582,0,0,0
2024-02-05,478.142,-0.003640425181656637,36.31834215167548,55.11904761904762,26.26984126984127,27.566137566137566,0,0,0
2024-02-06,479.53,-0.0007480896624011413,28.430335097001766,35.93915343915344,24.087301587301585,25.264550264550266,0,0,0
2024-02-07,483.529,0.0,30.542328042328045,45.595238095238095,24.417989417989418,21.613756613756617,0,0,0
2024-02-08,483.743,0.0,31.794532627865962,51.03174603174603,24.2989417989418,20.052910052910054,0,0,0
2024-02-09,486.539,0.0,28.84479717813051,43.88888888888889,24.76190476190476,17.883597883597883,0,0,0
2024-02-12,486.325,-0.0004398414104521686,23.22310405643739,25.15873015873016,24.933862433862434,19.576719576719576,0,0,0
2024-02-13,479.627,-0.014206466490867098,35.94797178130511,49.68253968253968,33.58465608465608,24.57671957671958,0,0,0
2024-02-14,483.986,-0.0052472669200207545,28.3994708994709,28.650793650793656,33.50529100529101,23.04232804232804,0,0,0
2024-02-15,487.325,0.0,25.2336860670194,24.682539682539684,33.34656084656085,17.67195767195767,0,0,0
2024-02-16,484.898,-0.004980249320268748,31.07142857142857,39.074074074074076,32.73809523809524,21.402116402116402,0,0,0
2024-02-20,482.229,-0.010457087159493117,30.432098765432094,33.3994708994709,33.24074074074074,24.656084656084655,0,0,0
2024-02-21,482.665,-0.009562407017903785,27.574955908289237,23.14814814814815,33.62433862433863,25.95238095238095,0,0,0
2024-02-22,492.654,0.0,28.236331569664898,28.04232804232804,36.851851851851855,19.814814814814813,0,0,0
2024-02-23,492.994,0.0,27.927689594356263,27.6984126984127,36.77248677248677,19.312169312169313,0,0,0
2024-02-26,491.189,-0.0036613021659492873,32.301587301587304,39.20634920634921,36.98412698412699,20.71428571428572,0,0,0
2024-02-27,492.101,-0.001811381071574969,28.350970017636683,29.126984126984127,36.560846560846564,19.365079365079364,0,0,0
2024-02-28,491.451,-0.0031298555357671676,28.48765432098765,29.96031746031746,36.560846560846564,18.94179894179894,0,0,0
2024-02-29,493.218,0.0,25.881834215167547,33.08201058201058,27.57936507936508,16.984126984126984,0,0,0
2024-03-01,497.848,0.0,22.97178130511464,27.60582010582011,26.78571428571429,14.523809523809524,0,0,0
2024-03-04,497.314,-0.0010726165415949618,27.38095238095238,40.22486772486772,25.859788359788364,16.05820105820106,0,0,0
2024-03-05,492.344,-0.011055583230222932,28.664021164021165,39.44444444444445,27.44708994708995,19.1005291005291,0,0,0
2024-03-06,494.839,-0.0060440134338192175,27.332451499118164,37.22222222222222,27.552910052910054,17.222222222222225,0,0,0
2024-03-07,499.751,0.0,20.74074074074074,18.902116402116402,27.81746031746032,15.502645502645505,0,0,0
2024-03-08,496.751,-0.006002989488765431,23.699294532627867,25.54232804232804,30.29100529100529,15.264550264550264,0,0,0
2024-03-11,496.324,-0.006857414992666233,21.252204585537918,17.46031746031746,30.343915343915345,15.95238095238095,0,0,0
2024-03-12,501.663,0.0,20.753968253968253,18.373015873015873,30.952380952380953,12.936507936507937,0,0,0
2024-03-13,500.877,-0.0015667888602508562,17.34567901234568,17.65873015873016,21.83862433862434,12.53968253968254,0,0,0
2024-03-14,499.887,-0.0035402252109484333,19.717813051146386,26.666666666666668,21.13756613756614,11.34920634920635,0,0,0
2024-03-15,496.465,-0.010361537526187958,20.925925925925924,27.367724867724863,21.78571428571429,13.624338624338625,0,0,0
2024-03-18,499.415,-0.004481095875119356,22.019400352733683,32.72486772486772,21.428571428571427,11.904761904761903,0,0,0
2024-03-19,502.19,0.0,18.88888888888889,25.93915343915344,20.780423280423282,9.947089947089948,0,0,0
2024-03-20,506.835,0.0,20.34832451499118,31.428571428571427,21.203703703703706,8.412698412698413,0,0,0
2024-03-21,508.51,0.0,16.01851851851852,24.28571428571429,15.727513227513228,8.042328042328043,0,0,0
2024-03-22,507.546,-0.0018957345971564177,18.50970017636684,31.507936507936506,15.873015873015872,8.148148148148147,0,0,0
2024-03-25,506.144,-0.004652809187626561,18.875661375661373,32.39417989417989,15.714285714285714,8.518518518518519,0,0,0
2024-03-26,505.209,-0.006491514424495026,17.072310405643737,26.85185185185185,16.005291005291003,8.359788359788359,0,0,0
2024-03-27,509.455,0.0,12.667548500881834,16.203703703703706,14.444444444444443,7.354497354497354,0,0,0
2024-03-28,509.358,-0.00019039954461130826,12.671957671957673,16.11111111111111,14.497354497354499,7.407407407407407,0,0,0
2024-04-01,508.471,-0.0019314757927588744,12.976190476190474,17.050264550264547,13.703703703703704,8.174603174603176,0,0,0
2024-04-02,505.238,-0.008277472985837808,16.199294532627867,24.444444444444446,14.523809523809524,9.629629629629628,0,0,0
2024-04-03,505.793,-0.007188073529556083,16.18606701940035,26.097883597883595,12.724867724867726,9.735449735449736,0,0,0
2024-04-04,499.62,-0.019304943518073214,24.845679012345677,38.439153439153436,21.812169312169313,14.285714285714286,0,0,0
2024-04-05,504.839,-0.009060662865218672,21.95326278659612,33.55820105820106,22.037037037037038,10.264550264550264,0,0,0
2024-04-08,505.122,-0.008505167286610105,21.238977072310405,32.56613756613756,21.256613756613756,9.894179894179894,0,0,0
2024-04-09,505.706,-0.007358844255135333,16.234567901234566,17.169312169312168,21.243386243386244,10.291005291005291,0,0,0
2024-04-10,500.642,-0.017298878212992252,27.63227513227513,41.69312169312169,27.20899470899471,13.994708994708995,0,0,0
2024-04-11,504.42,-0.009883110382663762,26.81657848324515,41.283068783068785,28.187830687830687,10.97883597883598,0,0,0
2024-04-12,497.458,-0.0235486941928138,33.320105820105816,49.73544973544974,35.833333333333336,14.391534391534393,0,0,0
2024-04-15,491.226,-0.035781374213620376,36.97971781305115,51.640211640211646,41.91798941798942,17.380952380952383,1,0,0
2024-04-16,490.33,-0.03754011639889687,37.32804232804232,52.870370370370374,41.044973544973544,18.06878306878307,1,0,0
2024-04-17,487.428,-0.043236399682013094,37.05908289241622,49.97354497354497,40.72751322751323,20.476190476190478,1,0,0
2024-04-18,486.425,-0.045205170230932956,36.84303350970018,51.44179894179894,38.82275132275132,20.264550264550262,1,0,0
2024-04-19,482.179,-0.05353956679196403,36.432980599647266,47.59259259259259,38.87566137566137,22.830687830687832,1,0,0
2024-04-22,486.62,-0.04482240825980699,35.58641975308642,45.661375661375665,40.886243386243386,20.211640211640212,1,0,0
2024-04-23,492.394,-0.03348872815067072,32.786596119929456,36.838624338624335,43.18783068783069,18.333333333333332,1,0,0
2024-04-24,492.16,-0.033948042516021903,32.95855379188713,36.58730158730159,43.18783068783069,19.1005291005291,1,0,0
2024-04-25,490.291,-0.03761666879312209,36.591710758377424,44.576719576719576,44.24603174603175,20.952380952380953,1,0,0
2024-04-26,494.936,-0.02849908235271026,37.191358024691354,44.58994708994709,46.798941798941804,20.185185185185187,0,0,0
2024-04-29,496.689,-0.025058150376382482,36.53439153439153,40.64814814814815,48.664021164021165,20.29100529100529,0,0,0
2024-04-30,488.82,-0.040504068072744426,43.10405643738977,49.8015873015873,53.74338624338625,25.767195767195762,1,0,0
2024-05-01,487.233,-0.04361916165313906,43.06878306878307,47.52645502645503,54.03439153439154,27.645502645502646,1,0,0
2024-05-02,491.79,-0.03467430882020972,40.956790123456784,47.59259259259259,50.64814814814815,24.62962962962963,1,0,0
2024-05-03,497.886,-0.02270858073823978,37.5352733686067,43.91534391534392,48.63756613756613,20.052910052910054,0,0,0
2024-05-06,503.028,-0.01261544199193243,35.34391534391534,37.44708994708994,49.8015873015873,18.783068783068785,0,0,0
2024-05-07,503.583,-0.011526042535650705,32.89682539682539,30.66137566137566,49.53703703703704,18.49206349206349,0,0,0
2024-05-08,503.632,-0.011429861322393542,33.783068783068785,37.44708994708995,42.79100529100529,21.11111111111111,0,0,0
2024-05-09,506.534,-0.0057335780392772095,29.484126984126984,29.03439153439153,40.02645502645503,19.391534391534393,0,0,0
2024-05-10,507.186,-0.004453779038384176,24.841269841269845,22.42063492063492,32.7910052910053,19.312169312169313,0,0,0
2024-05-13,507.254,-0.004320303068965803,22.394179894179892,22.182539682539684,25.105820105820104,19.894179894179896,0,0,0
2024-05-14,509.581,0.0,22.07671957671958,21.574074074074076,24.94708994708995,19.708994708994712,0,0,0
2024-05-15,515.892,0.0,20.295414462081126,20.85978835978836,25.052910052910054,14.973544973544975,0,0,0
2024-05-16,514.83,-0.0020585703984554726,20.648148148148145,20.793650793650794,24.616402116402117,16.534391534391535,0,0,0
2024-05-17,515.57,-0.0006241616462360211,18.840388007054674,20.621693121693124,19.444444444444443,16.455026455026456,0,0,0
2024-05-20,516.164,0.0,23.624338624338623,35.84656084656084,18.915343915343914,16.11111111111111,0,0,0
2024-05-21,517.43,0.0,24.069664902998234,39.1931216931217,17.59259259259259,15.423280423280422,0,0,0
2024-05-22,515.94,-0.002879616566491938,24.33862433862434,38.01587301587302,17.910052910052908,17.089947089947092,0,0,0
2024-05-23,512.172,-0.010161761011151071,30.05291005291005,50.423280423280424,18.94179894179894,20.793650793650794,0,0,0
2024-05-24,515.561,-0.003612082793807647,28.871252204585538,48.57142857142858,18.38624338624339,19.656084656084655,0,0,0
2024-05-28,515.921,-0.0029163365092861326,30.317460317460313,53.67724867724868,18.41269841269841,18.86243386243386,0,0,0
2024-05-29,512.308,-0.009898923525887504,28.92416225749559,56.73280423280423,8.002645502645501,22.037037037037038,0,0,0
2024-05-30,508.91,-0.01646599540034388,27.151675485008816,48.05555555555555,8.902116402116402,24.497354497354497,0,0,0
2024-05-31,513.545,-0.007508261987128728,23.35537918871252,38.835978835978835,8.796296296296298,22.43386243386243,0,0,0
2024-06-03,513.964,-0.006698490617088049,26.252204585537914,48.18783068783068,7.341269841269842,23.227513227513228,0,0,0
2024-06-04,514.538,-0.005589161818989941,26.490299823633155,49.166666666666664,6.150793650793651,24.153439153439155,0,0,0
2024-06-05,520.653,0.0,26.327160493827158,50.58201058201058,7.896825396825396,20.502645502645503,0,0,0
2024-06-06,520.644,-1.7285985099535495e-05,23.730158730158724,39.563492063492056,7.949735449735449,23.677248677248674,0,0,0
2024-06-07,520.011,-0.0012330669370963498,28.50970017636684,52.5,7.738095238095237,25.29100529100529,0,0,0
2024-06-10,521.617,0.0,24.201940035273367,40.767195767195766,7.843915343915344,23.99470899470899,0,0,0
2024-06-11,522.874,0.0,26.666666666666664,47.52645502645502,7.87037037037037,24.603174603174605,0,0,0
2024-06-12,527.168,0.0,26.55202821869489,49.32539682539683,8.3994708994709,21.931216931216934,0,0,0
2024-06-13,528.229,0.0,27.059082892416225,56.111111111111114,6.6269841269841265,18.43915343915344,0,0,0
2024-06-14,528.551,0.0,28.298059964726633,58.108465608465615,6.494708994708994,20.29100529100529,0,0,0
2024-06-17,532.758,0.0,26.53880070546737,54.17989417989418,7.367724867724867,18.068783068783066,0,0,0
2024-06-18,534.111,0.0,26.649029982363317,54.37830687830688,7.420634920634921,18.14814814814815,0,0,0
2024-06-20,532.66,-0.002716663764648186,22.548500881834215,40.11904761904762,7.923280423280423,19.603174603174605,0,0,0
2024-06-21,531.948,-0.004049720002022084,19.938271604938272,31.23015873015873,7.87037037037037,20.714285714285715,0,0,0
2024-06-24,530.219,-0.007286874825644718,20.38800705467372,32.68518518518518,6.785714285714287,21.693121693121693,0,0,0
2024-06-25,532.261,-0.0034636994931765974,23.858024691358025,46.36243386243387,6.534391534391535,18.677248677248677,0,0,0
2024-06-26,532.925,-0.002220512215625692,24.02557319223986,48.558201058201064,6.56084656084656,16.95767195767196,0,0,0
2024-06-27,533.765,-0.0006478054187237792,19.113756613756614,35.56878306878307,5.582010582010582,16.19047619047619,0,0,0
2024-06-28,531.665,-0.004579572410978283,21.300705467372133,40.939153439153436,5.052910052910053,17.910052910052908,0,0,0
2024-07-01,532.759,-0.002531309035013307,25.731922398589063,52.83068783068783,4.894179894179895,19.47089947089947,0,0,0
2024-07-02,536.345,0.0,23.646384479717813,49.78835978835979,4.986772486772487,16.164021164021165,0,0,0
2024-07-03,538.738,0.0,25.242504409171076,54.96031746031746,5.052910052910053,15.714285714285714,0,0,0
2024-07-05,541.845,0.0,21.000881834215164,43.99470899470899,4.854497354497355,14.153439153439152,0,0,0
2024-07-08,542.47,0.0,23.64197530864197,52.32804232804233,4.867724867724868,13.73015873015873,0,0,0
2024-07-09,542.997,0.0,25.50705467372134,58.99470899470899,4.748677248677249,12.777777777777779,0,0,0
2024-07-10,548.371,0.0,23.41269841269841,54.97354497354497,5.052910052910053,10.21164021164021,0,0,0
2024-07-11,543.642,-0.008623723719890286,18.94620811287478,37.804232804232804,6.150793650793652,12.883597883597881,0,0,0
2024-07-12,547.071,-0.0023706578210735962,15.004409171075837,26.36243386243386,5.8994708994708995,12.751322751322752,0,0,0
2024-07-15,548.576,0.0,19.947089947089946,41.455026455026456,6.164021164021165,12.222222222222223,0,0,0
2024-07-16,551.829,0.0,15.017636684303348,27.314814814814813,6.362433862433863,11.375661375661375,0,0,0
2024-07-17,544.092,-0.014020647700646371,19.85890652557319,27.59259259259259,16.243386243386244,15.74074074074074,0,0,0
2024-07-18,539.91,-0.021599082324415653,25.185185185185183,37.407407407407405,17.195767195767196,20.952380952380953,0,0,0
2024-07-19,536.325,-0.028095660068608086,27.566137566137563,40.60846560846561,17.91005291005291,24.17989417989418,0,0,0
2024-07-22,541.854,-0.018076251882376493,21.957671957671955,25.343915343915345,19.523809523809522,21.005291005291003,0,0,0
2024-07-23,541.004,-0.019616584122979952,25.727513227513224,35.46296296296296,19.33862433862434,22.38095238095238,0,0,0
2024-07-24,528.744,-0.041833611499214274,37.954144620811284,52.64550264550265,31.825396825396826,29.39153439153439,1,0,0
2024-07-25,525.989,-0.04682610011434685,39.35185185185185,53.267195767195766,31.851851851851848,32.93650793650794,1,0,0
2024-07-26,531.88,-0.036150691609175944,34.44885361552028,39.404761904761905,33.2010582010582,30.740740740740744,1,0,0
2024-07-29,532.193,-0.035583486913518425,30.29100529100529,27.40740740740741,33.042328042328045,30.423280423280428,1,0,0
2024-07-30,529.496,-0.040470870505174505,31.005291005291006,26.534391534391535,33.28042328042328,33.2010582010582,1,0,0
2024-07-31,538.103,-0.024873647452381076,29.70458553791887,23.69047619047619,36.48148148148148,28.941798941798947,0,0,0
2024-08-01,530.483,-0.03868227295049731,42.645502645502646,50.1058201058201,43.14814814814815,34.682539682539684,1,0,0
2024-08-02,520.606,-0.05658093358631022,51.106701940035265,62.28835978835978,48.99470899470899,42.03703703703704,1,0,0
2024-08-05,505.444,-0.0840568364475226,58.72134038800705,68.14814814814814,56.296296296296305,51.719576719576715,1,0,0
2024-08-06,510.104,-0.07561219145786102,55.57760141093474,61.732804232804234,57.037037037037045,47.96296296296296,1,0,0
2024-08-07,506.695,-0.08178982982046967,58.28924162257495,66.93121693121692,56.11111111111111,51.825396825396815,1,0,0
2024-08-08,518.408,-0.060564051544953146,52.226631393298064,51.335978835978835,58.677248677248684,46.666666666666664,1,0,0
2024-08-09,520.694,-0.05642146389551839,50.723104056437386,45.26455026455026,61.71957671957673,45.18518518518518,1,0,0
2024-08-12,520.968,-0.0559249332673708,55.304232804232804,58.941798941798936,61.94444444444445,45.02645502645503,1,0,0
2024-08-13,529.535,-0.04040019643766457,49.63403880070547,43.769841269841265,65.39682539682539,39.73544973544974,1,0,0
2024-08-14,531.206,-0.03737208446819562,52.341269841269835,52.89682539682539,61.61375661375661,42.51322751322752,1,0,0
2024-08-15,540.311,-0.020872407937966186,43.769841269841265,31.89153439153439,62.40740740740741,37.01058201058201,0,0,0
2024-08-16,541.522,-0.018677887534000348,43.07319223985891,30.687830687830687,62.208994708994716,36.32275132275132,0,0,0
2024-08-19,546.7,-0.009294545955359168,40.98765432098765,27.394179894179896,62.05026455026455,33.51851851851852,0,0,0
2024-08-20,545.811,-0.010905552263472784,42.40299823633157,30.886243386243383,62.03703703703704,34.285714285714285,0,0,0
2024-08-21,547.687,-0.007505948400681972,40.947971781305114,32.98941798941799,55.75396825396825,34.1005291005291,0,0,0
2024-08-22,543.388,-0.015296405226981391,41.87389770723104,30.555555555555554,55.886243386243386,39.17989417989418,0,0,0
2024-08-23,549.162,-0.004833018924340515,38.65520282186949,24.97354497354497,55.85978835978836,35.13227513227513,0,0,0
2024-08-26,547.853,-0.0072051305748701555,39.01234567901234,25.859788359788357,55.992063492063494,35.18518518518518,0,0,0
2024-08-27,548.605,-0.005842389580830165,39.4753086419753,26.878306878306876,55.78042328042327,35.767195767195766,0,0,0
2024-08-28,545.42,-0.011614105094150506,43.35537918871252,34.41798941798942,55.17195767195767,40.476190476190474,0,0,0
2024-08-29,545.469,-0.011525309470868494,42.68959435626102,38.67724867724868,49.47089947089947,39.92063492063492,0,0,0
2024-08-30,550.676,-0.0020894153804891236,38.11728395061728,35.767195767195766,42.20899470899471,36.37566137566137,0,0,0
2024-09-03,539.344,-0.022624762381099783,45.432098765432094,50.51587301587301,39.642857142857146,46.13756613756613,0,0,0
2024-09-04,538.24,-0.024625382138307228,46.49029982363316,52.976190476190474,39.56349206349207,46.93121693121694,0,0,0
2024-09-05,536.931,-0.026997493788836646,47.22663139329806,54.73544973544974,39.166666666666664,47.77777777777778,0,0,0
2024-09-06,527.894,-0.043373943739817844,52.76895943562611,61.058201058201064,44.36507936507937,52.88359788359789,1,0,0
2024-09-09,533.805,-0.03266229212310334,49.0652557319224,51.48148148148149,45.0,50.714285714285715,1,0,0
2024-09-10,536.13,-0.028449030406158315,50.881834215167544,57.063492063492056,45.13227513227514,50.44973544973545,0,0,0
2024-09-11,541.63,-0.018482174731665024,49.5679012345679,56.031746031746025,44.20634920634921,48.465608465608476,0,0,0
2024-09-12,546.192,-0.010215120988567028,43.54938271604938,39.523809523809526,44.48412698412699,46.64021164021164,0,0,0
2024-09-13,549.045,-0.005045041126870764,44.72663139329806,46.19047619047618,42.67195767195767,45.31746031746032,0,0,0
2024-09-16,549.855,-0.003577195109354392,40.903880070546734,35.33068783068783,42.645502645502646,44.73544973544974,0,0,0
2024-09-17,550.08,-0.0031694601044887083,37.7336860670194,26.26984126984127,42.16931216931217,44.76190476190476,0,0,0
2024-09-18,548.449,-0.00612508585087046,40.82451499118166,32.84391534391534,42.3015873015873,47.32804232804233,0,0,0
2024-09-19,557.808,0.0,40.18077601410934,34.457671957671955,44.629629629629626,41.455026455026456,0,0,0
2024-09-20,556.846,-0.0017246077503370039,41.441798941798936,37.817460317460316,44.12698412698413,42.38095238095238,0,0,0
2024-09-23,558.237,0.0,38.39065255731923,30.780423280423282,43.333333333333336,41.058201058201064,0,0,0
2024-09-24,559.835,0.0,37.654320987654316,29.33862433862434,43.2010582010582,40.423280423280424,0,0,0
2024-09-25,558.6,-0.0022060071270999515,41.96649029982363,42.142857142857146,43.280423280423285,40.476190476190474,0,0,0
2024-09-26,560.815,0.0,41.70194003527337,41.58730158730159,42.69841269841269,40.82010582010582,0,0,0
2024-09-27,560.001,-0.001451459037294045,35.167548500881836,20.76719576719577,42.75132275132275,41.98412698412699,0,0,0
2024-09-30,562.245,0.0,37.451499118165785,28.02910052910053,43.50529100529101,40.820105820105816,0,0,0
2024-10-01,557.209,-0.008956949372604606,36.09347442680776,31.084656084656086,33.730158730158735,43.465608465608476,0,0,0
2024-10-02,557.444,-0.008538982116337301,39.488536155202816,40.18518518518518,33.41269841269841,44.86772486772487,0,0,0
2024-10-03,556.425,-0.010351359282875006,40.39241622574956,44.285714285714285,33.18783068783069,43.7037037037037,0,0,0
2024-10-04,561.481,-0.00135883822888605,32.17813051146384,36.12433862433863,21.44179894179894,38.96825396825397,0,0,0
2024-10-07,556.405,-0.010386930964259355,35.91710758377425,42.870370370370374,22.473544973544975,42.40740740740741,0,0,0
2024-10-08,561.667,-0.0010280215920105418,34.638447971781304,43.214285714285715,23.373015873015873,37.32804232804233,0,0,0
2024-10-09,565.558,0.0,29.201940035273367,31.058201058201053,22.57936507936508,33.96825396825397,0,0,0
2024-10-10,564.568,-0.0017504835931947405,31.252204585537918,38.0026455026455,22.02380952380953,33.73015873015873,0,0,0
2024-10-11,567.949,0.0,25.471781305114636,22.037037037037038,22.12962962962963,32.24867724867725,0,0,0
2024-10-14,572.593,0.0,26.81657848324515,26.6005291005291,22.949735449735453,30.8994708994709,0,0,0
2024-10-15,568.145,-0.007768170410745512,26.997354497354493,22.3015873015873,24.298941798941797,34.391534391534385,0,0,0
2024-10-16,570.614,-0.0034562071139534467,25.656966490299823,21.640211640211636,24.113756613756617,31.216931216931215,0,0,0
2024-10-17,570.663,-0.0033706314956696293,29.404761904761905,35.18518518518519,20.145502645502646,32.88359788359788,0,0,0
2024-10-18,572.858,0.0,29.920634920634917,37.79100529100529,20.145502645502646,31.825396825396826,0,0,0
2024-10-21,571.917,-0.0016426409337041425,30.189594356261022,40.52910052910053,20.25132275132275,29.788359788359788,0,0,0
2024-10-22,571.614,-0.002171567823090359,30.903880070546734,42.51322751322751,20.25132275132275,29.94708994708995,0,0,0
2024-10-23,566.39,-0.011290756173432115,35.339506172839506,47.936507936507944,21.73280423280423,36.34920634920635,0,0,0
2024-10-24,567.615,-0.009152355383009292,35.925925925925924,42.94973544973545,26.626984126984127,38.2010582010582,0,0,0
2024-10-25,567.419,-0.009494499509477006,35.1058201058201,38.425925925925924,26.6005291005291,40.29100529100529,0,0,0
2024-10-28,569.173,-0.006432658704251248,32.53968253968254,29.98677248677249,28.02910052910053,39.6031746031746,0,0,0
2024-10-29,570.095,-0.004823184803214642,36.331569664903,43.34656084656084,26.335978835978835,39.31216931216932,0,0,0
2024-10-30,568.37,-0.007834402242789529,39.54585537918871,50.29100529100529,26.67989417989418,41.666666666666664,0,0,0
2024-10-31,557.228,-0.027284248452496107,48.53615520282187,56.507936507936506,40.15873015873016,48.94179894179894,0,0,0
2024-11-01,559.58,-0.023178518934884207,46.65343915343915,53.06878306878307,39.19312169312169,47.69841269841269,0,0,0
2024-11-04,558.375,-0.025282007059340916,46.203703703703695,50.91269841269841,37.88359788359788,49.81481481481482,0,0,0
2024-11-05,565.126,-0.013497236662488699,43.69929453262787,44.629629629629626,38.76984126984127,47.6984126984127,0,0,0
2024-11-06,579.179,0.0,42.79100529100529,49.15343915343916,41.65343915343915,37.56613756613756,0,0,0
2024-11-07,583.657,0.0,39.44444444444444,45.0,38.41269841269841,34.92063492063492,0,0,0
2024-11-08,586.185,0.0,39.92063492063492,49.510582010582006,36.70634920634921,33.544973544973544,0,0,0
2024-11-11,586.744,0.0,39.75749559082892,49.391534391534385,36.097883597883595,33.783068783068785,0,0,0
2024-11-12,584.921,-0.003106976807602635,41.73721340388007,55.30423280423281,35.145502645502646,34.761904761904766,0,0,0
2024-11-13,585.205,-0.0026229497020846537,41.247795414462075,56.230158730158735,33.99470899470899,33.51851851851851,0,0,0
2024-11-14,581.442,-0.009036308850197017,42.95855379188713,56.38888888888889,34.70899470899471,37.77777777777778,0,0,0
2024-11-15,573.995,-0.02172838580368952,48.9021164021164,61.402116402116405,42.235449735449734,43.06878306878307,0,0,0
2024-11-18,576.347,-0.017719823296020176,46.90035273368606,57.56613756613757,42.26190476190476,40.87301587301587,0,0,0
2024-11-19,578.453,-0.01413052370369372,46.57407407407407,59.25925925925926,42.288359788359784,38.17460317460317,0,0,0
2024-11-20,578.649,-0.013796476828054516,44.61640211640212,52.6984126984127,41.36243386243387,39.78835978835979,0,0,0
2024-11-21,581.756,-0.008501152120856892,41.78130511463845,46.15079365079365,41.44179894179894,37.75132275132275,0,0,0
2024-11-22,583.559,-0.005428261729135797,40.264550264550266,42.73809523809524,41.41534391534391,36.640211640211646,0,0,0
2024-11-25,585.538,-0.002055410877657038,34.7310405643739,25.582010582010582,41.388888888888886,37.22222222222223,0,0,0
2024-11-26,588.596,0.0,39.89417989417989,43.29365079365079,41.41534391534392,34.973544973544975,0,0,0
2024-11-27,586.812,-0.0030309414267171153,34.898589065255734,26.798941798941797,41.38888888888889,36.50793650793651,0,0,0
2024-11-29,590.458,0.0,30.202821869488535,26.507936507936506,29.814814814814813,34.285714285714285,0,0,0
2024-12-02,591.516,0.0,31.9047619047619,31.865079365079364,29.642857142857142,34.20634920634921,0,0,0
2024-12-03,591.79,0.0,35.12786596119929,40.79365079365079,29.11375661375661,35.476190476190474,0,0,0
2024-12-04,595.465,0.0,37.20458553791887,50.41005291005291,27.63227513227513,33.57142857142857,0,0,0
2024-12-05,594.485,-0.0016457726314729193,35.53350970017637,52.75132275132275,19.35185185185185,34.4973544973545,0,0,0
2024-12-06,595.612,0.0,35.37037037037037,55.62169312169312,15.56878306878307,34.92063492063492,0,0,0
2024-12-09,592.545,-0.005149325399756877,30.90828924162257,39.35185185185185,15.727513227513228,37.64550264550264,0,0,0
2024-12-10,590.703,-0.008241942741247676,36.34920634920634,53.82275132275132,15.806878306878305,39.41798941798942,0,0,0
2024-12-11,595.269,-0.0005758782563144438,35.59964726631393,54.74867724867725,16.38888888888889,35.661375661375665,0,0,0
2024-12-12,592.202,-0.00572520365607132,38.456790123456784,60.48941798941798,16.78571428571429,38.095238095238095,0,0,0
2024-12-13,592.084,-0.005923319207806421,38.80952380952381,61.52116402116402,15.912698412698413,38.99470899470899,0,0,0
2024-12-16,594.612,-0.0016789453536866228,36.35361552028218,64.62962962962963,7.5,36.93121693121693,0,0,0
2024-12-17,592.163,-0.005790682524865143,37.48677248677248,65.07936507936508,7.53968253968254,39.84126984126984,0,0,0
2024-12-18,574.514,-0.035422389072080396,49.792768959435634,71.93121693121694,27.235449735449734,50.21164021164022,1,0,0
2024-12-19,574.338,-0.03571788345432936,50.24691358024691,72.79100529100529,27.182539682539684,50.767195767195766,1,0,0
2024-12-20,581.212,-0.02417681309308739,47.48677248677248,65.85978835978837,28.187830687830687,48.41269841269841,0,0,0
2024-12-23,584.693,-0.018332404316904305,45.29541446208113,60.02645502645503,28.346560846560845,47.51322751322752,0,0,0
2024-12-24,591.192,-0.007420938463294835,44.31657848324515,58.730158730158735,29.616402116402117,44.60317460317461,0,0,0
2024-12-26,591.231,-0.007355459594501124,43.364197530864196,55.74074074074074,29.219576719576718,45.13227513227513,0,0,0
2024-12-27,585.008,-0.017803536530492936,49.63403880070546,63.32010582010582,36.613756613756614,48.96825396825397,0,0,0
2024-12-30,578.332,-0.02901217571170489,54.22398589065256,67.61904761904762,41.798941798941804,53.25396825396825,0,0,0
2024-12-31,576.228,-0.03254467673586159,49.20194003527337,51.970899470899475,41.74603174603175,53.888888888888886,1,0,0
2025-01-02,574.812,-0.0349220633566818,55.65696649029982,69.88095238095238,41.6931216931217,55.3968253968254,1,0,0
2025-01-03,581.999,-0.02285548309973595,53.37742504409171,65.23809523809524,42.51322751322751,52.38095238095238,0,0,0
2025-01-06,585.352,-0.017225979328824748,53.430335097001766,65.8994708994709,42.6984126984127,51.6931216931217,0,0,0
2025-01-07,578.735,-0.028335560734169096,58.36860670194003,69.8015873015873,51.78571428571428,53.518518518518526,0,0,0
2025-01-08,579.58,-0.026916851910303907,57.84391534391534,69.4973544973545,51.600529100529094,52.43386243386244,0,0,0
2025-01-10,570.732,-0.04177216039972331,62.29276895943562,75.26455026455027,56.00529100529101,55.608465608465615,1,0,0
2025-01-13,571.617,-0.04028629376171067,59.929453262786595,66.94444444444444,56.230158730158735,56.61375661375661,1,0,0
2025-01-14,572.403,-0.03896664271371286,59.1005291005291,64.64285714285715,56.17724867724868,56.481481481481474,1,0,0
2025-01-15,582.815,-0.021485463691127582,57.60141093474427,64.82804232804234,58.902116402116405,49.074074074074076,0,0,0
2025-01-16,581.694,-0.02336756143261054,54.77072310405644,56.600529100529094,58.74338624338625,48.96825396825397,0,0,0
2025-01-17,587.534,-0.013562520567080516,54.885361552028215,58.214285714285715,59.08730158730159,47.35449735449735,0,0,0
2025-01-21,592.912,-0.004533152454953782,44.87654320987654,39.92063492063492,50.39682539682539,44.31216931216931,0,0,0
2025-01-22,596.245,0.0,50.842151675485,59.58994708994709,50.476190476190474,42.46031746031746,0,0,0
2025-01-23,599.5,0.0,46.35802469135802,46.98412698412699,49.444444444444436,42.645502645502646,0,0,0
2025-01-24,597.75,-0.0029190992493745016,46.22574955908289,47.06349206349207,49.338624338624335,42.27513227513228,0,0,0
2025-01-27,589.294,-0.01702418682235196,48.11287477954144,44.8941798941799,54.94708994708994,44.4973544973545,0,0,0
2025-01-28,594.358,-0.00857714762301931,50.5026455026455,59.77513227513227,55.64814814814815,36.08465608465608,0,0,0
2025-01-29,591.693,-0.013022518765638091,50.90828924162257,62.11640211640211,51.164021164021165,39.44444444444445,0,0,0
2025-01-30,594.869,-0.007724770642201784,47.60582010582011,61.07142857142858,45.05291005291005,36.6931216931217,0,0,0
2025-01-31,591.703,-0.013005838198498765,50.38800705467372,62.142857142857146,45.34391534391534,43.67724867724868,0,0,0
2025-02-03,587.721,-0.01964804003336118,53.64638447971781,67.71164021164022,45.978835978835974,47.24867724867725,0,0,0
2025-02-04,591.664,-0.013070892410341983,52.27072310405644,67.07671957671958,44.65608465608466,45.07936507936508,0,0,0
2025-02-05,594.063,-0.009069224353628003,51.94885361552028,64.36507936507937,44.4973544973545,46.98412698412699,0,0,0
2025-02-06,596.127,-0.005626355296080132,50.582010582010575,66.82539682539682,38.30687830687831,46.61375661375661,0,0,0
2025-02-07,590.671,-0.0147272727272727,53.27601410934744,68.14814814814815,39.19312169312169,52.48677248677249,0,0,0
2025-02-10,594.682,-0.008036697247706392,49.54144620811287,67.01058201058201,30.8994708994709,50.714285714285715,0,0,0
2025-02-11,595.134,-0.007282735613010849,49.49294532627866,65.11904761904762,30.925925925925927,52.43386243386243,0,0,0
2025-02-12,593.217,-0.010480400333611417,51.37125220458553,69.2989417989418,31.216931216931215,53.5978835978836,0,0,0
2025-02-13,599.48,-3.336113427854226e-05,47.06349206349206,61.98412698412699,28.121693121693124,51.08465608465608,0,0,0
2025-02-14,599.451,-8.173477898243409e-05,47.58818342151675,64.70899470899471,27.685185185185187,50.370370370370374,0,0,0
2025-02-18,601.211,0.0,46.247795414462075,60.952380952380956,26.521164021164022,51.269841269841265,0,0,0
2025-02-19,602.626,0.0,45.83333333333333,61.2962962962963,25.674603174603174,50.52910052910053,0,0,0
2025-02-20,600.119,-0.004160125849199892,44.37830687830687,54.44444444444445,25.64814814814815,53.04232804232803,0,0,0
2025-02-21,589.855,-0.021192248591995644,53.78747795414461,67.4074074074074,36.097883597883595,57.857142857142854,0,0,0
2025-02-24,587.171,-0.025646088950692314,51.95767195767196,60.555555555555564,36.34920634920635,58.96825396825397,0,0,0
2025-02-25,584.251,-0.030491548655384948,51.39329805996473,65.5952380952381,27.07671957671958,61.507936507936506,1,0,0
2025-02-26,584.545,-0.03000368387689878,45.95238095238095,52.81746031746032,25.886243386243383,59.153439153439145,1,0,0
2025-02-27,575.215,-0.04548592327579615,56.64462081128748,71.77248677248677,35.56878306878307,62.5925925925926,1,0,0
2025-02-28,584.192,-0.0305894534918838,52.976190476190474,61.269841269841265,38.425925925925924,59.232804232804234,1,0,0
2025-03-03,573.957,-0.04757345351843434,60.76719576719577,75.66137566137566,45.423280423280424,61.21693121693122,1,0,0
2025-03-04,567.163,-0.05884744435188649,65.46296296296296,80.38359788359789,50.79365079365079,65.21164021164022,1,0,0
2025-03-05,573.258,-0.048733376920345184,62.292768959435634,71.66666666666667,51.58730158730159,63.62433862433863,1,0,0
2025-03-06,563.082,-0.06561947211039676,67.8615520282187,78.78306878306879,56.49470899470899,68.3068783068783,1,0,0
2025-03-07,566.238,-0.060382393059708495,65.7716049382716,72.26190476190476,56.77248677248678,68.28042328042328,1,0,0
2025-03-10,551.156,-0.08540952431524695,72.43827160493827,83.01587301587303,61.78571428571428,72.5132275132275,1,0,0
2025-03-11,546.575,-0.09301125407798527,73.54497354497354,85.10582010582011,61.42857142857142,74.1005291005291,1,0,0
2025-03-12,549.475,-0.08819898245346192,73.4479717813051,84.89417989417989,61.71957671957673,73.73015873015872,1,1,1
2025-03-13,542.15,-0.10035411681540463,76.08465608465609,89.47089947089948,63.67724867724868,75.10582010582011,0,0,1
2025-03-14,553.349,-0.08177045132470206,70.27777777777777,71.38888888888889,65.6878306878307,73.75661375661376,1,0,1
2025-03-17,557.616,-0.07468977442061908,66.11992945326278,56.904761904761905,68.65079365079366,72.8042328042328,1,0,1
2025-03-18,551.589,-0.08469100237958527,74.26366843033509,78.34656084656085,69.73544973544973,74.70899470899471,1,0,1
2025-03-19,557.596,-0.07472296250078814,69.22398589065256,62.18253968253968,71.86507936507937,73.62433862433862,1,0,1
2025-03-20,555.984,-0.07739792176241966,75.25132275132276,74.41798941798942,77.31481481481482,74.02116402116404,1,0,1
2025-03-21,556.166,-0.07709591023288065,77.28395061728395,79.74867724867725,77.73809523809524,74.36507936507935,1,0,1
2025-03-24,566.126,-0.06056824630865576,72.336860670194,69.65608465608466,75.82010582010581,71.53439153439153,1,1,1
2025-03-25,567.487,-0.058309797453146794,74.37389770723104,75.72751322751323,75.72751322751323,71.66666666666667,1,1,1
2025-03-26,560.712,-0.06955225961043832,73.54056437389771,70.3968253968254,77.10317460317461,73.12169312169311,1,1,1
2025-03-27,559.223,-0.07202311217902979,75.02645502645503,75.82010582010582,75.44973544973546,73.80952380952381,1,1,1
2025-03-28,547.962,-0.09070966071825637,80.08818342151676,86.4021164021164,76.66666666666667,77.1957671957672,1,1,1
2025-03-31,551.64,-0.08460637277515404,78.65520282186948,83.57142857142857,74.88095238095238,77.5132275132275,1,1,1
2025-04-01,553.198,-0.08202102132997913,77.68959435626103,83.63756613756614,72.84391534391534,76.5873015873016,1,1,1
2025-04-02,556.699,-0.07621144789637357,72.46913580246913,68.21428571428571,72.57936507936508,76.61375661375662,1,1,1
2025-04-03,529.264,-0.1217371968683727,84.62081128747795,92.5,77.12962962962963,84.23280423280424,0,0,1
2025-04-04,498.28,-0.17315217066638344,89.19753086419752,97.08994708994709,81.93121693121692,88.57142857142857,0,0,1
2025-04-07,497.392,-0.1746257214258926,89.00352733686066,97.91005291005291,79.97354497354497,89.12698412698411,0,0,1
2025-04-08,489.601,-0.1875541380557758,90.3042328042328,98.65079365079366,81.94444444444444,90.31746031746032,0,0,1
2025-04-09,541.019,-0.10223090274896862,77.44708994708994,66.08465608465609,82.63227513227513,83.62433862433862,0,0,1
2025-04-10,517.312,-0.14157039357744272,87.36772486772487,91.56084656084657,82.68518518518519,87.85714285714288,0,0,1
2025-04-11,526.542,-0.12625409457939074,83.80511463844798,81.93121693121692,82.71164021164022,86.77248677248677,0,0,1
2025-04-14,531.651,-0.11777619950018758,78.52292768959435,66.53439153439153,82.76455026455027,86.26984126984127,0,0,1
2025-04-15,530.162,-0.12024705206877884,82.90564373897708,81.19047619047619,80.85978835978837,86.66666666666667,0,0,1
2025-04-16,518.377,-0.13980312830843677,86.58289241622575,88.45238095238096,82.91005291005291,88.3862433862434,0,0,1
2025-04-17,519.117,-0.13857516934217906,84.85890652557319,83.45238095238095,82.94973544973546,88.17460317460318,0,0,1
2025-04-21,506.76,-0.15908042467467387,88.7389770723104,92.3941798941799,84.21957671957672,89.6031746031746,0,0,1
2025-04-22,519.945,-0.13720118282317706,79.96031746031746,67.32804232804233,84.24603174603173,88.30687830687832,0,0,1
2025-04-23,528.002,-0.1238313647270447,80.03086419753086,66.34920634920634,86.2037037037037,87.53968253968254,0,0,1
2025-04-24,539.116,-0.10538874857706104,82.74691358024691,75.72751322751323,86.45502645502647,86.05820105820105,0,0,1
2025-04-25,543.011,-0.09892536996412371,85.18959435626101,78.4920634920635,91.91798941798942,85.15873015873017,1,0,1
2025-04-28,543.218,-0.0985818733343733,81.1331569664903,69.55026455026456,89.9867724867725,83.86243386243386,1,0,1
2025-04-29,546.64,-0.09290339281743565,82.89241622574956,75.06613756613756,89.9867724867725,83.62433862433862,1,1,1
2025-04-30,546.857,-0.09254330214760065,78.94179894179894,63.214285714285715,89.9867724867725,83.62433862433862,1,1,1
2025-05-01,550.733,-0.08611145221082406,85.83333333333333,80.92592592592592,92.68518518518518,83.8888888888889,1,1,1
2025-05-02,558.908,-0.07254582444169344,82.82627865961199,76.53439153439153,88.6111111111111,83.33333333333333,1,1,1
2025-05-05,555.703,-0.07786421428879609,83.15255731922399,79.85449735449735,85.10582010582011,84.4973544973545,1,1,1
2025-05-06,551.058,-0.0855721459080756,85.14109347442681,84.14021164021163,85.11904761904763,86.16402116402116,1,1,1
2025-05-07,553.375,-0.08172730682048235,82.01499118165785,79.76190476190477,80.67460317460318,85.60846560846562,1,1,1
2025-05-08,557.231,-0.0753286449638747,75.63051146384478,65.03968253968254,77.27513227513226,84.57671957671957,1,1,1
2025-05-09,556.521,-0.07650682180987878,77.31922398589066,79.14021164021165,67.92328042328042,84.8941798941799,1,1,1
2025-05-12,574.913,-0.04598706328635005,66.41534391534393,56.970899470899475,63.148148148148145,79.12698412698414,1,0,1
2025-05-13,578.71,-0.03968630626624137,69.78395061728395,69.92063492063492,62.47354497354498,76.95767195767196,1,0,1
2025-05-14,579.449,-0.03846000670399219,71.168430335097,73.78306878306877,62.31481481481482,77.4074074074074,1,0,1
2025-05-15,582.279,-0.033763893360060804,65.13668430335096,65.87301587301586,52.57936507936508,76.95767195767196,1,0,1
2025-05-16,585.968,-0.027642351972865464,58.32451499118166,47.40740740740741,51.798941798941804,75.76719576719576,0,0,0
2025-05-19,586.609,-0.026578674003444824,55.092592592592595,48.63756613756613,40.608465608465615,76.03174603174604,0,0,0
2025-05-20,584.636,-0.029852678112129216,55.25573192239858,49.84126984126984,38.75661375661375,77.16931216931216,0,0,0
2025-05-21,574.785,-0.04619946699943245,67.59700176366843,74.27248677248677,47.91005291005291,80.60846560846561,1,0,0
2025-05-22,575.011,-0.0458244416935214,65.49823633156966,69.51058201058201,46.00529100529101,80.97883597883597,1,0,0
2025-05-23,571.087,-0.052335943022703946,68.59347442680776,76.94444444444446,46.666666666666664,82.16931216931216,1,0,0
2025-05-27,582.96,-0.03263383923030194,59.91622574955908,52.2883597883598,48.86243386243387,78.59788359788361,1,0,0
2025-05-28,579.587,-0.03823100895082521,63.337742504409164,60.62169312169311,49.285714285714285,80.1058201058201,1,0,0
2025-05-29,581.875,-0.034434292579477166,60.670194003527335,53.30687830687831,49.25925925925926,79.44444444444444,1,0,0
2025-05-30,581.224,-0.035514564588982056,65.07495590828924,65.62169312169311,49.285714285714285,80.31746031746032,1,0,0
2025-06-02,584.498,-0.030081675865296087,66.0758377425044,70.68783068783068,48.465608465608476,79.07407407407406,1,0,0
2025-06-03,587.831,-0.024550882305111266,63.412698412698404,64.39153439153438,47.857142857142854,77.98941798941799,0,0,0
2025-06-04,587.674,-0.02481140873443899,61.216931216931215,58.888888888888886,47.11640211640212,77.64550264550265,0,0,0
2025-06-05,584.833,-0.029525775522463382,65.29541446208114,69.9867724867725,47.59259259259259,78.30687830687832,0,0,0
2025-06-06,590.839,-0.019559395047674566,58.34656084656084,51.2037037037037,46.7989417989418,77.03703703703704,0,0,0
2025-06-09,591.372,-0.01867493271116749,59.99999999999999,56.85185185185185,46.71957671957673,76.42857142857143,0,0,0
2025-06-10,594.725,-0.013110951070813281,55.99647266313933,54.20634920634921,38.62433862433863,75.15873015873017,0,0,0
2025-06-11,593.028,-0.01592695967316371,58.668430335097,61.34920634920635,38.5978835978836,76.05820105820106,0,0,0
2025-06-12,595.385,-0.012015744425232233,56.25220458553792,55.31746031746032,38.7037037037037,74.73544973544973,0,0,0
2025-06-13,588.729,-0.023060737505517404,64.2063492063492,71.6931216931217,46.42857142857144,74.4973544973545,0,0,0
2025-06-16,594.33,-0.013766415654153596,62.72486772486772,68.53174603174602,46.8915343915344,72.75132275132275,0,0,0
2025-06-17,589.251,-0.022194528613103337,65.80246913580247,75.05291005291006,47.56613756613756,74.78835978835978,0,0,0
2025-06-18,589.163,-0.022340556165847403,65.37918871252204,73.3994708994709,47.44708994708995,75.29100529100528,0,0,0
2025-06-20,587.783,-0.02463053369751711,60.86419753086419,68.41269841269842,37.88359788359788,76.29629629629629,0,0,0
2025-06-23,593.589,-0.014996034024419624,60.48059964726631,68.05555555555556,39.12698412698413,74.25925925925925,0,0,0
2025-06-24,600.147,-0.004113662536963103,52.768959435626094,48.37301587301587,39.166666666666664,70.76719576719576,0,0,0
2025-06-25,600.483,-0.0035561027901219733,56.83862433862433,67.3941798941799,32.96296296296296,70.15873015873015,0,0,0
2025-06-26,605.181,0.0,54.85449735449735,64.66931216931216,31.48148148148148,68.41269841269842,0,0,0
2025-06-27,608.188,0.0,52.054673721340386,58.095238095238095,31.216931216931215,66.85185185185185,0,0,0
2025-06-30,611.095,0.0,47.97178130511463,46.07142857142858,31.018518518518515,66.82539682539682,0,0,0
2025-07-01,610.898,-0.0003223721352654252,46.89153439153439,42.11640211640212,31.018518518518523,67.53968253968254,0,0,0
2025-07-02,613.667,0.0,49.13139329805996,51.82539682539683,30.912698412698415,64.65608465608466,0,0,0
2025-07-03,618.504,0.0,48.13492063492063,50.714285714285715,31.521164021164026,62.16931216931217,0,0,0
2025-07-07,613.895,-0.0074518515644199645,49.56349206349206,53.67724867724868,32.44708994708994,62.56613756613757,0,0,0
2025-07-08,613.558,-0.007996714653421888,46.94444444444444,46.6931216931217,31.23015873015873,62.91005291005291,0,0,0
2025-07-09,617.238,-0.002046874393698328,48.39506172839506,54.285714285714285,29.86772486772487,61.03174603174603,0,0,0
2025-07-10,618.978,0.0,47.279541446208114,50.1058201058201,29.325396825396826,62.40740740740741,0,0,0
2025-07-11,616.802,-0.003515472278497689,50.4320987654321,58.796296296296305,29.51058201058201,62.989417989417994,0,0,0
2025-07-14,617.979,-0.0016139507381520701,51.344797178130506,61.42857142857142,29.45767195767196,63.14814814814815,0,0,0
2025-07-15,615.339,-0.00587904578191778,51.01851851851852,67.97619047619048,20.05291005291005,65.02645502645503,0,0,0
2025-07-16,617.396,-0.002555825893650443,43.89329805996472,48.6904761904762,19.1005291005291,63.888888888888886,0,0,0
2025-07-17,621.174,0.0,45.410052910052904,55.91269841269841,17.857142857142858,62.46031746031745,0,0,0
2025-07-18,620.719,-0.0007324839738944711,46.45061728395062,59.03439153439154,17.98941798941799,62.32804232804233,0,0,0
2025-07-21,621.896,0.0,46.529982363315696,61.732804232804234,17.75132275132275,60.1058201058201,0,0,0
2025-07-22,621.985,0.0,40.38800705467372,42.38095238095238,17.53968253968254,61.24338624338625,0,0,0
2025-07-23,627.277,0.0,40.264550264550266,47.55291005291006,15.56878306878307,57.67195767195767,0,0,0
2025-07-24,627.484,0.0,43.403880070546734,56.41534391534392,15.621693121693122,58.17460317460317,0,0,0
2025-07-25,630.135,0.0,37.05467372134038,41.70634920634921,13.425925925925926,56.031746031746025,0,0,0
2025-07-28,629.977,-0.00025073992081059426,42.579365079365076,59.074074074074076,13.452380952380954,55.21164021164021,0,0,0
2025-07-29,628.315,-0.002888269973894353,43.84920634920635,60.899470899470906,13.558201058201057,57.08994708994709,0,0,0
2025-07-30,627.524,-0.004143556539471738,45.53350970017637,64.8941798941799,13.611111111111109,58.0952380952381,0,0,0
2025-07-31,625.17,-0.007879263967245143,48.47442680776014,71.67989417989418,13.743386243386242,60.0,0,0,0
2025-08-01,614.923,-0.024140858704880697,54.052028218694886,75.07936507936508,23.187830687830687,63.88888888888889,0,0,0
2025-08-04,624.27,-0.009307529338951182,51.14197530864197,67.19576719576719,26.07142857142857,60.15873015873016,0,0,0
2025-08-05,621.105,-0.014330262562784135,52.84391534391534,69.47089947089947,27.07671957671958,61.98412698412699,0,0,0
2025-08-06,625.862,-0.006781086592555607,52.072310405643734,69.88095238095238,27.55291005291005,58.783068783068785,0,0,0
2025-08-07,625.338,-0.007612654431193411,52.88359788359788,70.51587301587301,27.55291005291005,60.58201058201058,0,0,0
2025-08-08,630.214,0.0,52.20899470899471,70.74074074074075,28.187830687830687,57.6984126984127,0,0,0
2025-08-11,628.968,-0.0019771061893263386,53.26278659611992,72.64550264550265,28.253968253968253,58.88888888888889,0,0,0
2025-08-12,635.664,0.0,48.74338624338624,62.94973544973545,28.015873015873016,55.26455026455027,0,0,0
2025-08-13,637.84,0.0,39.94708994708994,39.219576719576715,27.314814814814813,53.3068783068783,0,0,0
2025-08-14,637.899,0.0,39.95590828924162,41.82539682539683,26.95767195767196,51.08465608465608,0,0,0
2025-08-15,636.406,-0.002340495909227136,42.235449735449734,48.2010582010582,27.12962962962963,51.37566137566137,0,0,0
2025-08-18,636.267,-0.0025583987433746014,44.17989417989418,54.28571428571428,27.195767195767193,51.058201058201064,0,0,0
2025-08-19,632.815,-0.007969913732424616,40.361552028218696,40.35714285714286,27.976190476190478,52.75132275132275,0,0,0
2025-08-20,631.134,-0.010605127143952231,39.48853615520282,40.07936507936508,26.95767195767196,51.42857142857142,0,0,0
2025-08-21,628.602,-0.014574407547276347,41.2962962962963,41.335978835978835,27.36772486772487,55.18518518518519,0,0,0
2025-08-22,638.255,0.0,37.56172839506173,34.84126984126984,30.806878306878303,47.03703703703704,0,0,0
2025-08-25,635.446,-0.0044010622713491765,38.89329805996472,38.74338624338625,31.084656084656086,46.85185185185185,0,0,0
2025-08-26,638.107,-0.00023188224142389746,43.496472663139336,52.85714285714286,31.150793650793656,46.48148148148149,0,0,0
2025-08-27,639.561,0.0,36.83862433862434,37.16931216931217,31.044973544973544,42.30158730158731,0,0,0
2025-08-28,641.826,0.0,41.28747795414462,51.73280423280423,30.78042328042328,41.34920634920635,0,0,0
2025-08-29,637.998,-0.005964233296874788,31.64902998236331,37.64550264550264,18.968253968253965,38.333333333333336,0,0,0
2025-09-02,633.27,-0.013330715801478932,37.99382716049382,58.12169312169312,16.36243386243386,39.4973544973545,0,0,0
2025-09-03,636.702,-0.007983472156004923,37.56613756613756,58.67724867724868,16.084656084656086,37.93650793650794,0,0,0
2025-09-04,642.024,0.0,33.769841269841265,52.804232804232804,16.23015873015873,32.27513227513227,0,0,0
2025-09-05,640.164,-0.002897087959328637,36.450617283950606,56.203703703703695,16.53439153439153,36.613756613756614,0,0,0
2025-09-08,641.737,-0.00044702378727279335,36.89153439153439,58.095238095238095,15.542328042328043,37.03703703703704,0,0,0
2025-09-09,643.22,0.0,35.20282186948853,56.93121693121693,15.370370370370372,33.3068783068783,0,0,0
2025-09-10,645.08,0.0,37.173721340388006,63.57142857142858,14.007936507936506,33.94179894179894,0,0,0
2025-09-11,650.441,0.0,29.153439153439155,43.13492063492064,14.96031746031746,29.365079365079367,0,0,0
2025-09-12,650.223,-0.0003351572240988254,34.673721340388006,59.21957671957673,15.01322751322751,29.788359788359788,0,0,0
2025-09-15,653.685,0.0,36.94885361552028,65.33068783068784,15.092592592592593,30.42328042328042,0,0,0
2025-09-16,652.785,-0.0013768099313888893,36.89153439153439,63.65079365079365,15.251322751322752,31.772486772486776,0,0,0
2025-09-17,651.974,-0.0026174686584515827,35.36596119929453,62.24867724867726,14.510582010582011,29.33862433862434,0,0,0
2025-09-18,655.02,0.0,35.079365079365076,64.16666666666667,14.219576719576722,26.85185185185185,0,0,0
2025-09-19,658.255,0.0,34.08289241622575,65.38359788359789,13.92857142857143,22.936507936507937,0,0,0
2025-09-22,661.37,0.0,33.51851851851852,65.85978835978835,12.870370370370372,21.825396825396826,0,0,0
2025-09-23,657.769,-0.005444758607133671,34.16225749559082,65.70105820105819,13.055555555555557,23.73015873015873,0,0,0
2025-09-24,655.677,-0.008607889683535652,34.24603174603175,64.25925925925925,13.214285714285715,25.264550264550266,0,0,0
2025-09-25,652.652,-0.01318172883559876,35.454144620811284,69.44444444444444,13.3994708994709,23.51851851851852,0,0,0
2025-09-26,656.391,-0.007528312442354523,30.436507936507937,55.80687830687831,14.55026455026455,20.952380952380953,0,0,0
2025-09-29,658.235,-0.004740160575774532,27.089947089947085,46.9047619047619,14.25925925925926,20.105820105820104,0,0,0
2025-09-30,660.715,-0.000990368477554071,24.462081128747794,40.74074074074074,13.439153439153438,19.206349206349206,0,0,0
2025-10-01,662.966,0.0,31.953262786596117,63.214285714285715,13.359788359788359,19.285714285714285,0,0,0
2025-10-02,663.73,0.0,31.52557319223986,63.17460317460317,13.28042328042328,18.121693121693124,0,0,0
2025-10-03,663.72,-1.5066367348159915e-05,28.74338624338624,54.510582010582006,13.306878306878309,18.412698412698415,0,0,0
2025-10-06,666.1,0.0,31.812169312169313,64.51058201058201,13.35978835978836,17.566137566137566,0,0,0
2025-10-07,663.631,-0.003706650653055199,30.749559082892414,60.18518518518518,13.492063492063492,18.57142857142857,0,0,0
2025-10-08,667.588,0.0,29.563492063492063,58.399470899470906,13.571428571428571,16.719576719576718,0,0,0
2025-10-09,665.654,-0.002896996351042791,32.9320987654321,67.36772486772487,13.756613756613755,17.671957671957674,0,0,0
2025-10-10,647.663,-0.029846252479073798,45.83774250440917,76.13756613756614,35.925925925925924,25.449735449735453,0,0,0
2025-10-13,657.601,-0.014959825521129733,42.99382716049383,68.92857142857143,38.544973544973544,21.507936507936506,0,0,0
2025-10-14,656.797,-0.016164161129319177,39.22839506172839,57.023809523809526,38.57142857142856,22.08994708994709,0,0,0
2025-10-15,659.713,-0.011796197654840967,42.0326278659612,66.57407407407408,38.783068783068785,20.74074074074074,0,0,0
2025-10-16,655.22,-0.018526396520009203,45.114638447971785,72.64550264550265,39.12698412698413,23.571428571428573,0,0,0
2025-10-17,658.94,-0.012954097437341439,38.99911816578483,55.78042328042327,39.31216931216931,21.90476190476191,0,0,0
2025-10-20,665.793,-0.0026887841003732094,38.09082892416226,55.7010582010582,40.0,18.571428571428573,0,0,0
2025-10-21,665.783,-0.002703763398982484,32.34567901234567,38.57142857142856,39.735449735449734,18.73015873015873,0,0,0
2025-10-22,662.322,-0.007888098647668818,36.96208112874779,49.98677248677249,39.89417989417989,21.005291005291003,0,0,0
2025-10-23,666.249,-0.002005728083788072,37.0679012345679,51.2037037037037,39.89417989417989,20.105820105820104,0,0,0
2025-10-24,671.694,0.0,39.2283950617284,57.05026455026455,43.57142857142858,17.063492063492063,0,0,0
2025-10-27,679.619,0.0,37.01940035273368,54.298941798941804,44.113756613756614,12.645502645502646,0,0,0
2025-10-28,681.424,0.0,41.07142857142857,66.98412698412699,44.08730158730159,12.142857142857144,0,0,0
2025-10-29,681.751,0.0,44.316578483245145,76.58730158730158,44.060846560846564,12.301587301587302,0,0,0
2025-10-30,674.253,-0.010998150351081204,48.0379188712522,75.41005291005291,52.61904761904762,16.084656084656086,0,0,0
2025-10-31,676.465,-0.007753563984504552,48.05114638447971,73.57142857142857,52.72486772486772,17.857142857142858,0,0,0
2025-11-03,677.734,-0.005892180576192674,49.39153439153439,77.38095238095238,52.67195767195767,18.121693121693124,0,0,0
2025-11-04,669.701,-0.01767507491738174,52.05467372134038,74.65608465608466,57.69841269841269,23.809523809523807,0,0,0
2025-11-05,672.021,-0.014272072941587166,51.90035273368606,75.0132275132275,57.61904761904762,23.068783068783073,0,0,0
2025-11-06,664.811,-0.024847781668086988,57.39858906525572,79.97354497354497,62.19576719576719,30.026455026455025,0,0,0
2025-11-07,665.466,-0.023887020334403597,48.95943562610229,66.41534391534391,50.833333333333336,29.62962962962963,0,0,0
2025-11-10,675.85,-0.008655652870329433,48.31128747795414,72.77777777777779,50.91269841269841,21.243386243386244,0,0,0
2025-11-11,677.397,-0.006386495949400772,43.470017636684304,62.46031746031746,50.91269841269841,17.037037037037038,0,0,0
2025-11-12,677.774,-0.005833508128334164,43.373015873015866,62.56613756613757,50.75396825396825,16.798941798941797,0,0,0
2025-11-13,666.527,-0.02233073365495608,50.37037037037037,70.47619047619048,57.16931216931217,23.465608465608465,0,0,0
2025-11-14,666.418,-0.022490616075370617,52.107583774250436,71.07142857142857,57.02380952380952,28.227513227513228,0,0,0
2025-11-17,660.209,-0.031598046794210854,55.55555555555556,78.38624338624338,56.904761904761905,31.375661375661377,1,0,0
2025-11-18,654.665,-0.03973004806740288,56.92680776014109,77.77777777777777,57.42063492063492,35.58201058201058,1,0,0
2025-11-19,657.194,-0.03602048255154744,57.21781305114638,80.06613756613757,57.43386243386243,34.15343915343915,1,0,0
2025-11-20,647.177,-0.05071353030651948,62.16490299823633,83.17460317460318,62.36772486772486,40.952380952380956,1,0,0
2025-11-21,653.624,-0.041256998522921084,51.24338624338624,52.5,62.73809523809524,38.492063492063494,1,0,0
2025-11-24,663.244,-0.02714627481294485,56.83421516754849,70.91269841269842,66.23015873015872,33.359788359788354,0,0,0
2025-11-25,669.482,-0.017996306569407317,48.08201058201058,47.46031746031747,68.74338624338624,28.042328042328048,0,0,0
2025-11-26,674.104,-0.01121670521935414,48.703703703703695,50.43650793650793,69.1137566137566,26.560846560846556,0,0,0
2025-11-28,677.784,-0.005818840016369564,44.0652557319224,44.232804232804234,63.67724867724868,24.28571428571429,0,0,0
2025-12-01,674.689,-0.01035862066942328,47.31481481481481,50.542328042328045,63.730158730158735,27.67195767195767,0,0,0
2025-12-02,675.939,-0.008525106673844318,47.116402116402114,51.031746031746025,63.730158730158735,26.587301587301585,0,0,0
2025-12-03,678.28,-0.0050913016629238195,43.72134038800705,48.492063492063494,56.85185185185185,25.820105820105823,0,0,0
2025-12-04,678.776,-0.004363763309478075,47.20899470899471,62.8968253968254,55.661375661375665,23.068783068783073,0,0,0
2025-12-05,680.065,-0.002473043677236886,45.73192239858906,64.47089947089948,48.35978835978836,24.365079365079367,0,0,0
2025-12-08,678.022,-0.0054697389516112915,46.54761904761905,66.67989417989419,48.518518518518526,24.444444444444446,0,0,0
2025-12-09,677.437,-0.006327823501542262,45.60405643738976,65.4100529100529,46.111111111111114,25.29100529100529,0,0,0
2025-12-10,681.93,0.0,42.61022927689595,59.81481481481482,46.6931216931217,21.32275132275132,0,0,0
2025-12-11,683.516,0.0,38.41710758377425,48.62433862433863,43.71693121693122,22.91005291005291,0,0,0
2025-12-12,676.167,-0.010751760017322143,43.0026455026455,55.84656084656084,41.785714285714285,31.375661375661377,0,0,0
2025-12-15,675.146,-0.012245507054699512,43.910934744268076,57.19576719576719,41.94444444444445,32.592592592592595,0,0,0
2025-12-16,673.301,-0.014944785491488033,44.100529100529094,57.20899470899471,39.98677248677249,35.10582010582011,0,0,0
2025-12-17,665.892,-0.025784326921388656,43.311287477954146,43.94179894179894,45.46296296296296,40.52910052910053,0,0,0
2025-12-18,670.921,-0.0184267815237682,44.25044091710758,47.5,46.15079365079365,39.1005291005291,0,0,0
2025-12-19,676.984,-0.00955646978271163,44.13139329805996,59.100529100529094,37.57936507936508,35.714285714285715,0,0,0
2025-12-22,681.201,-0.0033868995019866732,39.31657848324515,50.79365079365079,33.664021164021165,33.492063492063494,0,0,0
2025-12-23,684.315,0.0,39.457671957671955,55.608465608465615,29.88095238095238,32.883597883597886,0,0,0
2025-12-24,686.722,0.0,34.42680776014109,44.74867724867725,28.16137566137566,30.37037037037037,0,0,0
2025-12-26,686.652,-0.0001019335335112892,34.532627865961196,45.1984126984127,27.55291005291005,30.84656084656085,0,0,0
2025-12-29,684.205,-0.00366523862640189,35.3747795414462,44.36507936507936,27.473544973544975,34.285714285714285,0,0,0
2025-12-30,683.37,-0.004881160061859013,34.2989417989418,39.94708994708995,27.182539682539684,35.76719576719577,0,0,0
2025-12-31,678.307,-0.0122538669214034,37.17813051146385,44.37830687830689,28.21428571428571,38.94179894179894,0,0,0
2026-01-02,679.55,-0.010443818604908617,42.98941798941799,62.023809523809526,28.082010582010582,38.86243386243387,0,0,0
2026-01-05,684.076,-0.0038530875667299735,39.382716049382715,53.53174603174603,28.822751322751326,35.79365079365079,0,0,0
2026-01-06,688.144,0.0,37.35008818342151,49.285714285714285,29.298941798941797,33.46560846560846,0,0,0
2026-01-07,685.926,-0.0032231625938756725,43.1437389770723,63.06878306878307,29.325396825396822,37.03703703703703,0,0,0
2026-01-08,685.857,-0.003323432304866425,38.641975308641975,49.113756613756614,29.246031746031747,37.56613756613756,0,0,0
2026-01-09,690.392,0.0,37.70723104056437,49.14021164021164,29.246031746031747,34.73544973544974,0,0,0
2026-01-12,691.477,0.0,35.939153439153436,44.25925925925926,29.140211640211643,34.41798941798942,0,0,0
2026-01-13,690.094,-0.0020000665242660975,38.06437389770723,56.335978835978835,20.158730158730158,37.698412698412696,0,0,0
2026-01-14,686.702,-0.006905508064621091,38.1305114638448,53.08201058201058,20.515873015873016,40.79365079365079,0,0,0
2026-01-15,688.572,-0.004201152026748534,37.116402116402114,50.05291005291005,20.423280423280424,40.87301587301587,0,0,0
2026-01-16,687.995,-0.0050355977133006435,36.106701940035265,54.98677248677249,11.693121693121691,41.64021164021164,0,0,0
2026-01-20,673.99,-0.02528934440335684,46.172839506172835,63.08201058201058,25.965608465608465,49.470899470899475,0,0,0
2026-01-21,681.768,-0.014040958701446282,42.83509700176367,55.992063492063494,26.693121693121693,45.82010582010582,0,0,0
2026-01-22,685.329,-0.008891112791893363,39.85008818342151,49.37830687830688,26.362433862433864,43.8095238095238,0,0,0
2026-01-23,685.578,-0.00853101404674339,38.87566137566137,48.902116402116405,26.216931216931215,41.507936507936506,0,0,0
2026-01-26,689.059,-0.003496862513142185,38.76102292768959,46.32275132275132,26.83862433862434,43.12169312169311,0,0,0
2026-01-27,691.805,0.0,43.029100529100525,60.423280423280424,28.134920634920633,40.52910052910053,0,0,0
2026-01-28,691.735,-0.00010118458236052508,44.27689594356261,61.30952380952382,28.55820105820106,42.96296296296296,0,0,0
2026-01-29,690.363,-0.0020844023966289926,45.34391534391534,62.83068783068783,28.994708994708997,44.20634920634921,0,0,0
2026-01-30,688.303,-0.005062120106099188,45.50705467372134,61.00529100529101,28.37301587301587,47.142857142857146,0,0,0
2026-02-02,691.725,-0.00011563952269777467,45.864197530864196,63.88888888888889,28.624338624338623,45.07936507936508,0,0,0
2026-02-03,685.876,-0.008570334125945878,49.09171075837742,67.72486772486774,29.206349206349206,50.34391534391534,0,0,0
2026-02-04,682.554,-0.013372265305974906,46.15961199294532,56.67989417989418,29.047619047619047,52.75132275132275,0,0,0
2026-02-05,674.03,-0.025693656449433,53.71252204585537,65.83333333333333,38.13492063492063,57.16931216931217,0,0,0
2026-02-06,686.961,-0.007001973099355907,51.150793650793645,58.57142857142858,43.37301587301587,51.507936507936506,0,0,0
2026-02-09,690.273,-0.002214496859664128,53.02028218694885,61.388888888888886,47.43386243386243,50.23809523809524,0,0,0
2026-02-10,688.453,-0.0048452960010406665,52.64991181657848,57.44708994708995,49.25925925925926,51.24338624338625,0,0,0
2026-02-11,688.294,-0.005075129552402746,54.45767195767196,62.75132275132275,49.24603174603175,51.37566137566139,0,0,0
2026-02-12,677.66,-0.020446513107017172,59.9426807760141,67.7116402116402,56.13756613756613,55.97883597883598,0,0,0
2026-02-13,678.138,-0.01975556695889724,57.394179894179885,57.68518518518519,56.08465608465608,58.41269841269841,0,0,0
2026-02-17,679.232,-0.018174196486003935,59.04761904761905,63.227513227513235,56.111111111111114,57.804232804232804,0,0,0
2026-02-18,682.654,-0.013227715902602522,51.95326278659611,50.8068783068783,47.53968253968254,57.51322751322752,0,0,0
2026-02-19,680.853,-0.015831050657338364,54.89417989417989,60.03968253968254,45.46296296296296,59.17989417989418,0,0,0
2026-02-20,685.777,-0.008713438035284349,53.82716049382716,54.94708994708995,48.227513227513235,58.3068783068783,0,0,0
2026-02-23,678.774,-0.018836232753449256,60.61287477954144,66.6005291005291,54.65608465608465,60.58201058201058,0,0,0
2026-02-24,683.708,-0.011704165191058102,58.25837742504409,60.85978835978836,56.05820105820106,57.85714285714286,0,0,0
2026-02-25,689.477,-0.003365110110507996,55.48059964726632,53.399470899470906,56.58730158730159,56.455026455026456,0,0,0
2026-02-26,685.648,-0.00889990676563468,52.54850088183421,41.11111111111111,56.957671957671955,59.576719576719576,0,0,0
2026-02-27,682.355,-0.013659918618685762,57.28395061728395,54.04761904761906,57.11640211640211,60.68783068783068,0,0,0
2026-03-02,682.743,-0.013099066933601078,51.55202821869488,36.666666666666664,57.03703703703703,60.952380952380956,0,0,0
2026-03-03,676.725,-0.0217980500285484,56.94003527336861,46.17724867724868,60.727513227513235,63.91534391534392,0,0,0
2026-03-04,681.5,-0.014895816017519325,56.30952380952381,45.608465608465615,60.727513227513235,62.59259259259259,0,0,0
2026-03-05,677.7,-0.020388693345668063,56.78571428571428,44.17989417989418,60.833333333333336,65.34391534391534,0,0,0
2026-03-06,668.817,-0.033229016847232895,65.41446208112875,67.42063492063492,61.07142857142858,67.75132275132275,1,0,0
2026-03-09,674.676,-0.024759867303647543,63.095238095238095,65.41005291005291,56.97089947089947,66.90476190476191,0,0,0
2026-03-10,673.592,-0.02632678283620382,65.38800705467372,72.35449735449735,56.455026455026456,67.35449735449735,0,0,0
2026-03-11,672.746,-0.027549670788733827,67.5925925925926,78.66402116402116,56.468253968253975,67.64550264550265,0,0,0
2026-03-12,662.531,-0.04231539234321813,72.89241622574956,83.63756613756614,64.45767195767196,70.58201058201058,1,0,0
2026-03-13,658.781,-0.04773599496968073,69.90299823633157,79.65608465608466,57.64550264550264,72.4074074074074,1,0,0
2026-03-16,665.485,-0.03804540296759917,68.3641975308642,73.73015873015873,60.30423280423281,71.05820105820106,1,0,0
2026-03-17,667.236,-0.03551434291454958,65.72310405643739,66.82539682539682,60.3968253968254,69.94708994708995,1,0,0
2026-03-18,657.925,-0.04897333786254798,73.69047619047618,82.81746031746032,65.44973544973546,72.8042328042328,1,0,0
2026-03-19,656.304,-0.051316483691213555,74.21516754850089,84.25925925925925,65.44973544973546,72.93650793650794,1,0,0
2026-03-20,646.921,-0.06487955420963987,77.36331569664902,87.01058201058201,69.04761904761905,76.03174603174602,1,1,1
2026-03-23,653.714,-0.05506031323855698,73.36860670194002,78.16137566137566,67.28835978835978,74.65608465608464,1,1,1
2026-03-24,651.519,-0.05823317264257988,75.33068783068782,83.86243386243386,66.2037037037037,75.92592592592592,1,1,1
2026-03-25,655.15,-0.05298458380613036,75.33068783068782,82.85714285714285,67.79100529100528,75.34391534391534,1,1,1
2026-03-26,643.45,-0.06989686400069373,78.98148148148148,82.43386243386243,75.48941798941799,79.02116402116403,1,1,1
2026-03-27,632.478,-0.0857568245387067,83.55820105820105,88.96825396825396,80.91269841269842,80.79365079365078,1,1,1
2026-03-30,630.363,-0.08881404442003149,82.20458553791886,84.21957671957672,80.72751322751323,81.66666666666667,1,1,1
2026-03-31,648.686,-0.062328257240118146,76.72398589065256,65.97883597883599,85.83333333333333,78.35978835978837,1,1,1
2026-04-01,653.574,-0.05526268240327836,80.75396825396824,77.85714285714285,86.4153439153439,77.98941798941799,1,1,1
2026-04-02,654.162,-0.05441273191144891,79.76190476190476,74.93386243386243,86.36243386243386,77.98941798941799,1,1,1
2026-04-06,657.255,-0.049941818865142595,75.51587301587301,68.16137566137566,83.62433862433862,74.76190476190476,1,1,1
2026-04-07,657.544,-0.04952407108939649,79.82363315696648,79.3121693121693,83.28042328042328,76.87830687830687,1,1,1
2026-04-08,674.291,-0.02531638250663104,75.9347442680776,70.23809523809524,85.02645502645503,72.53968253968254,0,0,1
2026-04-09,678.181,-0.019693410715447168,76.26543209876543,73.54497354497356,83.16137566137566,72.08994708994709,0,0,1
2026-04-10,677.732,-0.020342437536589042,76.86507936507937,79.56349206349205,79.12698412698414,71.90476190476191,0,0,1
2026-04-13,684.356,-0.010767485057205373,70.26455026455025,61.2037037037037,79.11375661375662,70.47619047619047,0,0,1
2026-04-14,692.694,0.0,64.72663139329805,47.85714285714286,77.35449735449735,68.96825396825396,0,0,0
2026-04-15,698.16,0.0,65.35714285714286,52.142857142857146,76.73280423280424,67.1957671957672,0,0,0
2026-04-16,699.876,0.0,63.07760141093474,52.15608465608466,71.57407407407408,65.5026455026455,0,0,0
2026-04-17,708.334,0.0,58.350970017636676,42.15608465608465,70.30423280423281,62.59259259259259,0,0,0
2026-04-20,706.918,-0.001999056942063926,58.439153439153436,45.75396825396825,64.85449735449735,64.70899470899471,0,0,0
2026-04-21,702.29,-0.008532697851578508,64.38271604938271,60.11904761904762,65.11904761904762,67.91005291005291,0,0,0
2026-04-22,709.402,0.0,62.73368606701939,57.47354497354497,64.96031746031747,65.76719576719576,0,0,0
2026-04-23,706.649,-0.0038807333500611163,66.10229276895943,66.04497354497354,65.17195767195767,67.08994708994709,0,0,0
2026-04-24,712.125,0.0,63.09523809523809,69.78835978835978,56.37566137566137,63.12169312169312,0,0,0
2026-04-27,713.352,0.0,60.13668430335096,71.9179894179894,45.63492063492064,62.857142857142854,0,0,0
2026-04-28,709.88,-0.004867162354629917,61.99735449735449,74.65608465608464,46.07142857142858,65.26455026455027,0,0,0
2026-04-29,709.771,-0.005019962094449881,60.25573192239858,78.17460317460318,39.02116402116402,63.57142857142858,0,0,0
2026-04-30,716.833,0.0,56.08906525573191,70.23809523809524,37.923280423280424,60.1058201058201,0,0,0
2026-05-01,718.818,0.0,56.410934744268076,73.994708994709,37.72486772486773,57.51322751322751,0,0,0
2026-05-04,716.184,-0.0036643489728972467,58.98148148148148,78.94179894179894,38.92857142857142,59.074074074074076,0,0,0
2026-05-05,721.93,0.0,57.40299823633156,74.96031746031746,38.80952380952381,58.439153439153436,0,0,0
2026-05-06,731.964,0.0,53.2716049382716,74.11375661375662,32.63227513227513,53.06878306878306,0,0,0
2026-05-07,729.72,-0.0030657245438300285,52.29717813051147,68.82275132275133,33.280423280423285,54.78835978835979,0,0,0
2026-05-08,735.745,0.0,53.38183421516755,78.70370370370371,33.24074074074074,48.2010582010582,0,0,0
2026-05-11,737.42,0.0,53.575837742504405,80.93915343915343,32.77777777777778,47.010582010582006,0,0,0
2026-05-12,736.303,-0.0015147405820291615,52.028218694885354,78.82275132275132,31.38888888888889,45.873015873015866,0,0,0
2026-05-13,740.423,0.0,51.38447971781305,81.26984126984128,31.084656084656086,41.7989417989418,0,0,0
2026-05-14,746.268,0.0,49.21516754850088,78.26719576719577,31.49470899470899,37.88359788359788,0,0,0
2026-05-15,737.291,-0.012029190585687632,55.14991181657848,82.6984126984127,41.13756613756614,41.613756613756614,0,0,0
2026-05-18,736.772,-0.01272465119769306,52.1031746031746,71.57407407407406,40.87301587301587,43.86243386243387,0,0,0
2026-05-19,731.864,-0.019301376985211727,56.560846560846564,79.29894179894181,40.96560846560847,49.41798941798942,0,0,0
2026-05-20,739.365,-0.009250028140024735,45.82451499118166,50.833333333333336,41.00529100529101,45.63492063492064,0,0,0
2026-05-21,740.832,-0.007284246410136919,48.01587301587302,58.32010582010582,39.66931216931217,46.058201058201064,0,0,0
2026-05-22,743.744,-0.003382162976303449,43.800705467372126,47.38095238095238,39.17989417989418,44.84126984126984,0,0,0
2026-05-26,748.682,0.0,46.02733686067019,58.46560846560846,39.43121693121693,40.18518518518518,0,0,0
2026-05-27,748.552,-0.00017363847401163923,48.505291005291,68.05555555555556,36.77248677248678,40.68783068783069,0,0,0
2026-05-28,752.681,0.0,46.82539682539682,67.67195767195767,34.25925925925926,38.544973544973544,0,0,0
2026-05-29,754.557,0.0,46.15961199294532,69.93386243386243,31.031746031746035,37.51322751322751,0,0,0
2026-06-01,756.611,0.0,46.99735449735449,73.35978835978835,31.044973544973544,36.58730158730159,0,0,0
2026-06-02,757.639,0.0,47.063492063492056,75.60846560846561,30.37037037037037,35.21164021164021,0,0,0
2026-06-03,752.322,-0.007017854149535596,48.58024691358024,75.93915343915343,31.494708994708997,38.30687830687831,0,0,0
2026-06-04,755.165,-0.0032654074037899994,44.61199294532628,67.43386243386243,28.677248677248674,37.72486772486772,0,0,0
2026-06-05,735.675,-0.02899005990979875,54.841269841269835,65.79365079365078,47.56613756613757,51.164021164021165,0,0,0
2026-06-08,737.34,-0.026792443366827734,55.08377425044092,69.9867724867725,46.772486772486765,48.492063492063494,0,0,0
2026-06-09,735.176,-0.029648684927782165,50.92151675485008,56.78571428571428,46.851851851851855,49.12698412698413,0,0,0
2026-06-10,723.586,-0.04494620789056525,60.05291005291005,71.494708994709,54.140211640211646,54.523809523809526,1,0,0
2026-06-11,735.884,-0.028714202938338707,56.38888888888888,66.66666666666667,56.891534391534385,45.6084656084656,0,0,0
2026-06-12,739.864,-0.023461041472257915,54.122574955908284,61.031746031746025,56.65343915343916,44.68253968253968,0,0,0
2026-06-15,752.911,-0.006240439048148305,49.25485008818342,57.3015873015873,53.32010582010582,37.142857142857146,0,0,0
2026-06-16,748.422,-0.012165424430368499,50.38359788359788,56.34920634920635,53.69047619047618,41.11111111111111,0,0,0
2026-06-17,739.076,-0.024501114646949262,59.907407407407405,74.12698412698414,58.531746031746046,47.063492063492056,0,0,0
2026-06-18,746.74,-0.014385479100204712,58.408289241622576,73.62433862433862,58.53174603174603,43.06878306878307,0,0,0
2026-06-22,744.39,-0.01748722016686055,59.775132275132265,76.7989417989418,58.55820105820106,43.96825396825397,0,0,0
2026-06-23,733.58,-0.03175522907347694,60.70987654320987,69.24603174603175,63.65079365079365,49.232804232804234,1,0,0
2026-06-24,733.24,-0.03220399161078036,59.06525573192239,64.73544973544973,63.280423280423285,49.17989417989418,1,0,0
2026-06-25,734.3,-0.03080490840624628,60.670194003527335,71.58730158730158,63.280423280423285,47.142857142857146,1,0,0
2026-06-26,728.99,-0.03781352332707266,55.912698412698404,54.563492063492056,63.17460317460317,50.0,1,0,0
2026-06-29,741.0,-0.021961646641738386,59.42239858906525,68.53174603174604,65.21164021164022,44.52380952380952,0,0,0
2026-06-30,746.77,-0.014345882405736754,59.316578483245145,70.22486772486772,65.52910052910053,42.195767195767196,0,0,0
2026-07-01,745.76,-0.015678971119491014,53.69488536155203,53.41269841269841,65.47619047619048,42.195767195767196,0,0,0
2026-07-02,744.78,-0.016972463138777205,49.41798941798941,40.423280423280424,65.21164021164022,42.61904761904761,0,0,0
2026-07-06,751.28,-0.008393179337388923,52.962962962962976,52.53968253968255,66.32275132275133,40.02645502645503,0,0,0
2026-07-07,747.71,-0.013105185979074396,47.442680776014114,41.03174603174603,59.074074074074076,42.22222222222222,0,0,0
2026-07-08,745.4,-0.01615413145310629,49.97354497354497,47.51322751322751,59.17989417989418,43.22751322751322,0,0,0
2026-07-09,751.71,-0.007825626716681633,47.782186948853614,45.56878306878307,59.28571428571428,38.49206349206349,0,0,0
2026-07-10,754.95,-0.003549183714143478,42.61022927689594,41.53439153439154,49.52380952380952,36.77248677248677,0,0,0
2026-07-13,749.17,-0.011178146848301207,45.291005291005284,47.75132275132275,47.72486772486772,40.39682539682539,0,0,0
2026-07-14,751.83,-0.007667239938809911,46.30511463844797,57.06349206349207,47.51322751322751,34.338624338624335,0,0,0
2026-07-15,754.81,-0.003733968288327394,44.58112874779541,54.58994708994709,44.100529100529094,35.05291005291006,0,0,0
2026-07-16,750.72,-0.009132317634123921,40.595238095238095,39.1931216931217,44.021164021164026,38.57142857142857,0,0,0
2026-07-17,743.29,-0.018939098964018575,43.9726631393298,51.53439153439154,36.94444444444444,43.439153439153436,0,0,0
2026-07-20,742.09,-0.020522966742736237,47.623456790123456,62.55291005291006,34.78835978835979,45.52910052910053,0,0,0
2026-07-21,748.28,-0.012352848784183523,47.08112874779541,62.42063492063492,36.12433862433863,42.6984126984127,0,0,0
2026-07-22,747.41,-0.013501152923753978,43.17019400352733,60.595238095238095,25.23809523809524,43.67724867724868,0,0,0
2026-07-23,738.18,-0.025683735921725348,50.37918871252204,67.75132275132275,34.86772486772487,48.51851851851851,0,0,0
2026-07-24,738.93,-0.024693818560026726,47.59700176366843,60.02645502645502,34.82804232804233,47.936507936507944,0,0,0
2026-07-27,739.09,-0.024482636189530838,42.336860670194,44.28571428571428,33.65079365079365,49.074074074074076,0,0,0
2026-07-28,740.86,-0.02214643121592208,36.85185185185185,34.14021164021164,29.034391534391535,47.38095238095238,0,0,0
2026-07-29,729.46,-0.03719317511374143,46.05820105820105,47.77777777777777,38.492063492063494,51.904761904761905,1,0,0
2026-07-30,741.69,-0.02105092266897557,46.82539682539682,52.48677248677249,43.86243386243387,44.12698412698413,0,0,0
2026-07-31,747.03,-0.014002711053681338,45.65255731922398,47.72486772486772,44.23280423280423,45.0,0,0,0
2026-08-03,757.67,0.0,39.96913580246914,34.48412698412698,45.97883597883598,39.44444444444445,0,0,0
2026-08-04,771.33,0.0,40.63051146384479,43.08201058201058,49.02116402116402,29.788359788359788,0,0,0
2026-08-05,769.79,-0.0019965514111989213,43.059964726631385,49.12698412698413,48.91534391534392,31.137566137566136,0,0,0
2026-08-06,768.56,-0.0035911996162474313,41.622574955908284,46.85185185185185,48.333333333333336,29.682539682539684,0,0,0
2026-08-07,773.26,0.0,35.5379188712522,32.56613756613757,47.08994708994709,26.95767195767196,0,0,0
2026-08-10,773.03,-0.0002974419988102106,38.57142857142857,41.7989417989418,46.08465608465608,27.830687830687832,0,0,0
2026-08-11,770.56,-0.0034917104208158634,36.99735449735449,33.76984126984127,46.32275132275132,30.8994708994709,0,0,0
2026-08-12,772.49,-0.0009957840829734055,38.447971781305114,41.838624338624335,44.034391534391524,29.47089947089947,0,0,0
2026-08-13,777.88,0.0,33.82275132275132,30.740740740740744,43.716931216931215,27.01058201058201,0,0,0
2026-08-14,776.34,-0.001979739805625491,32.99823633156966,30.72751322751323,41.3095238095238,26.95767195767196,0,0,0
2026-08-17,772.67,-0.00669769116059038,37.42945326278659,39.444444444444436,41.7063492063492,31.137566137566136,0,0,0
2026-08-18,767.45,-0.013408237774463871,42.05908289241623,48.14814814814815,41.9973544973545,36.03174603174603,0,0,0
2026-08-19,769.06,-0.01133850979585549,34.585537918871246,27.63227513227513,41.891534391534385,34.232804232804234,0,0,0
2026-08-20,762.6,-0.01964313261685602,38.53615520282187,44.24603174603175,34.21957671957672,37.142857142857146,0,0,0
2026-08-21,765.72,-0.015632231192471813,38.553791887125215,46.03174603174603,34.25925925925926,35.370370370370374,0,0,0
2026-08-24,763.47,-0.018524708181210436,37.795414462081126,43.492063492063494,34.523809523809526,35.370370370370374,0,0,0
2026-08-25,765.91,-0.015387977580089474,36.521164021164026,39.98677248677249,34.523809523809526,35.05291005291006,0,0,0
2026-08-26,766.08,-0.01516943487427358,33.39506172839506,42.129629629629626,23.505291005291003,34.55026455026455,0,0,0
2026-08-27,771.1,-0.00871599732606565,34.550264550264544,53.39947089947089,20.462962962962962,29.788359788359788,0,0,0
2026-08-28,769.35,-0.010965701650640147,29.488536155202823,36.044973544973544,20.330687830687832,32.089947089947096,0,0,0
2026-08-31,767.05,-0.013922455905795328,36.34920634920635,58.58465608465608,17.07671957671958,33.386243386243386,0,0,0
2026-09-01,761.78,-0.020697279786085265,38.08201058201058,63.941798941798936,13.63756613756614,36.666666666666664,0,0,0
2026-09-02,765.16,-0.01635213657633572,35.176366843033506,59.457671957671955,13.955026455026456,32.11640211640212,0,0,0
2026-09-03,773.17,-0.006054918496426254,27.416225749559082,40.43650793650793,14.801587301587304,27.01058201058201,0,0,0
2026-09-04,770.19,-0.009885843574844344,33.11728395061728,55.02645502645502,14.695767195767196,29.62962962962963,0,0,0
2026-09-08,765.96,-0.015323700313673028,38.597883597883595,67.68518518518518,14.96031746031746,33.14814814814815,0,0,0
2026-09-09,762.4,-0.019900241682521802,41.31834215167548,75.95238095238095,15.066137566137565,32.93650793650794,0,0,0
2026-09-10,757.83,-0.02577518383298194,43.09082892416225,78.2010582010582,15.33068783068783,35.74074074074074,0,0,0
2026-09-11,764.29,-0.0174705610119813,39.907407407407405,72.46031746031746,15.701058201058201,31.56084656084656,0,0,0
2026-09-14,760.88,-0.021854270581580737,40.45414462081129,70.47619047619048,16.415343915343914,34.47089947089947,0,0,0
2026-09-15,757.39,-0.026340823777446398,43.478835978835974,78.09523809523809,16.362433862433864,35.97883597883598,0,0,0
2026-09-16,754.05,-0.030634545174062944,45.1058201058201,80.56878306878308,16.01851851851852,38.73015873015873,1,0,0
2026-09-17,762.6,-0.01964313261685602,43.49647266313933,78.54497354497356,18.531746031746035,33.41269841269841,0,0,0
