Date,spx,ndx,dd,TDC,内部损伤,波动中枢,趋势结构,gate,fire
2005-12-30,1248.29,1645.2,-0.183,29.098,48.247,2.963,36.085,0,0
2006-01-03,1268.8,1679.93,-0.169,22.173,31.122,4.947,30.45,0,0
2006-01-04,1273.46,1695.83,-0.166,21.787,30.995,5.026,29.339,0,0
2006-01-05,1273.48,1705.29,-0.166,25.374,41.387,5.053,29.683,0,0
2006-01-06,1285.45,1734.99,-0.158,23.571,39.206,6.058,25.45,0,0
2006-01-09,1290.15,1741.9,-0.155,23.627,39.162,6.085,25.635,0,0
2006-01-10,1289.69,1744.02,-0.156,24.03,39.444,6.164,26.481,0,0
2006-01-11,1294.18,1758.24,-0.153,19.744,28.702,6.27,24.259,0,0
2006-01-12,1286.06,1747.35,-0.158,20.829,28.255,6.931,27.302,0,0
2006-01-13,1287.61,1746.78,-0.157,20.551,28.85,6.746,26.058,0,0
2006-01-17,1282.93,1736.39,-0.16,21.094,28.599,7.037,27.646,0,0
2006-01-18,1277.93,1716.62,-0.163,22.609,30.712,7.222,29.894,0,0
2006-01-19,1285.04,1729.92,-0.159,21.855,29.877,6.878,28.81,0,0
2006-01-20,1261.49,1676.38,-0.174,30.08,36.074,19.987,34.18,0,0
2006-01-23,1263.82,1676.3,-0.173,33.68,47.297,20.013,33.73,0,0
2006-01-24,1266.86,1686.22,-0.171,34.38,49.583,19.802,33.757,0,0
2006-01-25,1264.68,1677.0,-0.172,36.425,53.654,21.071,34.55,0,0
2006-01-26,1273.83,1690.49,-0.166,32.913,47.537,20.066,31.138,0,0
2006-01-27,1283.72,1711.11,-0.16,33.388,52.267,21.098,26.799,0,0
2006-01-30,1285.19,1713.45,-0.159,33.423,53.537,20.754,25.979,0,0
2006-01-31,1280.08,1710.75,-0.162,33.481,51.145,20.569,28.73,0,0
2006-02-01,1282.46,1713.02,-0.16,29.086,43.778,15.622,27.857,0,0
2006-02-02,1270.84,1685.77,-0.168,35.227,55.323,17.341,33.016,0,0
2006-02-03,1264.03,1664.53,-0.172,37.591,60.405,18.003,34.365,0,0
2006-02-06,1265.02,1657.54,-0.172,37.46,61.679,15.913,34.788,0,0
2006-02-07,1254.78,1651.84,-0.179,38.52,63.138,16.548,35.873,0,0
2006-02-08,1265.65,1670.47,-0.171,34.896,52.956,18.743,32.989,0,0
2006-02-09,1263.78,1654.08,-0.173,35.778,54.237,19.444,33.651,0,0
2006-02-10,1266.99,1663.75,-0.171,33.957,48.935,20.106,32.831,0,0
2006-02-13,1262.86,1645.83,-0.173,35.957,51.126,21.931,34.815,0,0
2006-02-14,1275.53,1661.95,-0.165,31.042,38.577,24.418,30.132,0,0
2006-02-15,1280.0,1673.15,-0.162,28.944,34.517,24.378,27.937,0,0
2006-02-16,1289.38,1688.61,-0.156,26.574,30.131,23.77,25.82,0,0
2006-02-17,1287.24,1675.21,-0.157,27.009,44.941,10.132,25.952,0,0
2006-02-21,1283.03,1655.68,-0.16,28.876,48.11,10.582,27.937,0,0
2006-02-22,1292.67,1677.52,-0.154,26.669,43.63,11.402,24.974,0,0
2006-02-23,1287.79,1672.29,-0.157,23.711,31.451,11.825,27.857,0,0
2006-02-24,1289.43,1676.5,-0.156,22.894,30.006,10.873,27.804,0,0
2006-02-27,1294.12,1695.66,-0.153,21.37,28.106,9.841,26.164,0,0
2006-02-28,1280.66,1670.57,-0.162,32.221,45.856,18.082,32.725,0,0
2006-03-01,1291.24,1694.58,-0.155,26.165,28.615,19.749,30.132,0,0
2006-03-02,1289.14,1693.78,-0.156,30.617,41.865,19.802,30.185,0,0
2006-03-03,1287.23,1684.32,-0.157,31.259,43.895,17.315,32.566,0,0
2006-03-06,1278.26,1669.94,-0.163,36.205,55.058,17.844,35.714,0,0
2006-03-07,1275.88,1661.02,-0.165,36.554,56.448,18.029,35.185,0,0
2006-03-08,1278.47,1661.86,-0.163,36.19,58.531,16.362,33.677,0,0
2006-03-09,1272.23,1645.09,-0.167,34.799,52.848,15.542,36.005,0,0
2006-03-10,1281.42,1648.23,-0.161,30.937,41.5,16.653,34.656,0,0
2006-03-13,1284.13,1653.79,-0.159,34.685,55.072,16.468,32.513,0,0
2006-03-14,1297.48,1681.15,-0.151,25.16,33.785,14.709,26.984,0,0
2006-03-15,1303.02,1694.46,-0.147,26.869,43.201,13.228,24.18,0,0
2006-03-16,1305.33,1679.05,-0.145,27.596,45.646,13.069,24.074,0,0
2006-03-17,1307.25,1685.66,-0.144,26.353,43.106,12.116,23.836,0,0
2006-03-20,1305.08,1688.98,-0.146,23.58,34.022,12.169,24.55,0,0
2006-03-21,1297.23,1672.47,-0.151,26.262,38.68,12.884,27.222,0,0
2006-03-22,1305.04,1676.32,-0.146,24.196,34.943,12.381,25.265,0,0
2006-03-23,1301.67,1670.73,-0.148,25.132,35.476,12.302,27.619,0,0
2006-03-24,1302.95,1679.81,-0.147,24.289,32.947,12.328,27.593,0,0
2006-03-27,1301.61,1680.63,-0.148,24.9,34.223,12.249,28.228,0,0
2006-03-28,1293.23,1673.03,-0.153,24.353,38.336,5.437,29.286,0,0
2006-03-29,1302.89,1703.84,-0.147,20.716,32.004,5.357,24.788,0,0
2006-03-30,1300.25,1708.68,-0.149,20.991,32.537,5.41,25.026,0,0
2006-03-31,1294.87,1703.66,-0.152,27.069,48.469,5.622,27.116,0,0
2006-04-03,1297.81,1706.77,-0.15,26.687,49.412,5.04,25.608,0,0
2006-04-04,1305.93,1716.55,-0.145,24.32,44.454,5.278,23.228,0,0
2006-04-05,1311.56,1732.74,-0.141,18.538,28.617,5.516,21.481,0,0
2006-04-06,1309.04,1739.2,-0.143,19.304,30.702,5.146,22.063,0,0
2006-04-07,1295.5,1723.03,-0.152,29.81,50.701,12.46,26.27,0,0
2006-04-10,1296.62,1718.86,-0.151,31.006,54.05,12.407,26.561,0,0
2006-04-11,1286.57,1704.4,-0.158,34.532,62.391,12.421,28.783,0,0
2006-04-12,1288.12,1704.75,-0.157,31.584,52.12,12.103,30.529,0,0
2006-04-13,1289.12,1712.07,-0.156,32.393,56.638,12.077,28.466,0,0
2006-04-17,1285.33,1694.32,-0.159,35.22,63.715,12.13,29.815,0,0
2006-04-18,1307.28,1726.64,-0.144,30.108,45.523,19.22,25.582,0,0
2006-04-19,1309.93,1734.04,-0.142,29.468,45.905,18.135,24.365,0,0
2006-04-20,1311.46,1728.9,-0.141,30.345,50.547,17.183,23.307,0,0
2006-04-21,1311.28,1709.02,-0.142,28.974,47.04,16.997,22.884,0,0
2006-04-24,1308.11,1706.44,-0.144,30.208,48.336,17.262,25.026,0,0
2006-04-25,1301.74,1701.47,-0.148,31.768,49.284,17.976,28.042,0,0
2006-04-26,1305.41,1702.2,-0.145,31.663,51.801,16.839,26.349,0,0
2006-04-27,1309.72,1717.14,-0.143,27.289,38.413,16.997,26.455,0,0
2006-04-28,1310.61,1700.71,-0.142,26.809,36.524,16.918,26.984,0,0
2006-05-01,1305.19,1686.61,-0.146,29.785,43.601,16.944,28.81,0,0
2006-05-02,1313.21,1689.93,-0.14,32.358,52.669,17.606,26.799,0,0
2006-05-03,1308.12,1686.3,-0.144,36.051,62.982,17.235,27.937,0,0
2006-05-04,1312.25,1701.03,-0.141,33.451,54.216,19.233,26.905,0,0
2006-05-05,1325.76,1713.84,-0.132,31.301,48.136,22.037,23.73,0,0
2006-05-08,1324.66,1715.23,-0.133,28.841,49.605,12.209,24.709,0,0
2006-05-09,1325.14,1711.17,-0.132,27.297,45.158,12.262,24.471,0,0
2006-05-10,1322.85,1694.82,-0.134,28.256,49.41,10.807,24.55,0,0
2006-05-11,1305.92,1657.48,-0.145,36.309,55.976,22.13,30.82,0,0
2006-05-12,1291.24,1635.81,-0.155,47.159,72.773,31.296,37.407,0,0
2006-05-15,1294.5,1634.78,-0.153,47.459,73.434,31.243,37.698,0,0
2006-05-16,1292.08,1623.69,-0.154,46.296,75.74,23.36,39.788,0,0
2006-05-17,1270.32,1598.91,-0.168,54.586,82.051,36.045,45.661,0,0
2006-05-18,1261.81,1587.11,-0.174,55.777,82.304,36.429,48.598,0,0
2006-05-19,1267.03,1600.86,-0.17,54.082,77.444,37.235,47.566,0,0
2006-05-22,1262.07,1584.57,-0.174,56.205,83.139,37.434,48.042,0,0
2006-05-23,1256.58,1569.01,-0.177,57.325,85.216,37.288,49.471,0,0
2006-05-24,1258.57,1580.18,-0.176,56.539,83.637,37.011,48.968,0,0
2006-05-25,1272.88,1599.68,-0.167,53.325,72.13,40.304,47.54,0,0
2006-05-26,1280.16,1606.37,-0.162,52.487,70.358,41.283,45.82,0,0
2006-05-30,1259.87,1571.29,-0.175,60.996,84.323,48.003,50.661,0,0
2006-05-31,1270.09,1579.58,-0.168,55.105,68.424,48.267,48.624,0,0
2006-06-01,1285.71,1616.57,-0.158,49.074,53.399,49.246,44.577,0,0
2006-06-02,1288.22,1612.9,-0.157,52.364,63.93,49.193,43.968,0,0
2006-06-05,1265.29,1577.5,-0.172,61.148,80.164,53.254,50.026,0,0
2006-06-06,1263.85,1575.39,-0.173,62.28,82.897,53.228,50.714,0,0
2006-06-07,1256.15,1565.22,-0.178,63.934,85.321,53.36,53.122,0,0
2006-06-08,1257.93,1561.55,-0.176,64.338,84.72,54.987,53.307,0,0
2006-06-09,1252.3,1550.97,-0.18,64.458,85.451,53.294,54.63,0,0
2006-06-12,1237.44,1520.31,-0.19,66.602,89.051,53.505,57.249,0,0
2006-06-13,1223.69,1516.85,-0.199,68.209,89.123,56.534,58.968,0,0
2006-06-14,1230.04,1530.26,-0.195,68.608,87.952,59.22,58.651,0,0
2006-06-15,1256.16,1573.08,-0.178,62.098,72.735,58.452,55.106,0,0
2006-06-16,1251.54,1562.84,-0.181,59.818,64.109,58.201,57.143,0,0
2006-06-19,1240.13,1548.94,-0.188,67.748,85.269,58.717,59.259,0,0
2006-06-20,1240.12,1548.32,-0.188,68.349,87.627,58.664,58.757,0,0
2006-06-21,1252.2,1573.56,-0.18,63.455,73.446,60.013,56.905,0,0
2006-06-22,1245.6,1554.49,-0.185,67.682,84.831,60.198,58.016,0,0
2006-06-23,1244.5,1551.05,-0.185,65.844,81.25,58.294,57.989,0,0
2006-06-26,1250.56,1556.17,-0.181,67.638,85.68,58.399,58.836,0,0
2006-06-27,1239.2,1527.0,-0.189,67.414,88.365,52.765,61.111,0,0
2006-06-28,1246.0,1538.25,-0.184,66.5,86.709,52.474,60.317,0,0
2006-06-29,1272.87,1585.56,-0.167,55.998,59.634,52.487,55.873,0,0
2006-06-30,1270.2,1575.23,-0.168,61.053,73.609,52.407,57.143,0,0
2006-07-03,1280.19,1586.25,-0.162,58.007,74.312,44.762,54.947,0,0
2006-07-05,1270.91,1553.95,-0.168,61.817,82.462,45.159,57.831,0,0
2006-07-06,1274.08,1551.55,-0.166,60.964,81.039,44.841,57.011,0,0
2006-07-07,1265.48,1533.71,-0.172,63.401,85.255,45.397,59.55,0,0
2006-07-10,1267.34,1520.9,-0.17,63.364,85.62,45.053,59.418,0,0
2006-07-11,1272.43,1533.06,-0.167,59.128,81.181,38.267,57.937,0,0
2006-07-12,1258.6,1501.46,-0.176,62.523,87.317,38.214,62.037,0,0
2006-07-13,1242.28,1478.16,-0.187,66.16,89.246,45.317,63.915,0,0
2006-07-14,1236.2,1462.17,-0.191,65.75,89.446,42.487,65.317,0,0
2006-07-17,1234.49,1468.5,-0.192,65.689,88.732,42.487,65.847,0,0
2006-07-18,1236.86,1472.34,-0.19,65.612,89.323,42.011,65.503,0,0
2006-07-19,1259.81,1490.6,-0.175,62.142,80.473,44.259,61.693,0,0
2006-07-20,1249.13,1466.89,-0.182,66.076,88.785,44.206,65.238,0,0
2006-07-21,1240.29,1451.88,-0.188,67.099,89.658,44.524,67.116,0,0
2006-07-24,1260.91,1482.34,-0.175,64.226,83.126,46.534,63.016,0,0
2006-07-25,1268.88,1489.52,-0.169,63.563,82.222,46.72,61.746,0,0
2006-07-26,1268.4,1487.88,-0.17,63.635,84.159,45.952,60.794,0,0
2006-07-27,1263.2,1478.53,-0.173,64.617,86.656,46.058,61.138,0,0
2006-07-28,1278.55,1510.3,-0.163,61.308,82.124,43.968,57.831,0,0
2006-07-31,1276.66,1509.43,-0.164,60.883,81.459,43.942,57.249,0,0
2006-08-01,1270.92,1484.94,-0.168,63.319,85.949,43.77,60.238,0,0
2006-08-02,1277.41,1500.48,-0.164,61.991,83.948,43.638,58.386,0,0
2006-08-03,1280.27,1510.6,-0.162,61.11,81.518,43.664,58.148,0,0
2006-08-04,1279.36,1503.84,-0.162,61.293,82.517,43.505,57.857,0,0
2006-08-07,1275.77,1494.13,-0.165,60.334,76.835,43.611,60.556,0,0
2006-08-08,1271.48,1484.8,-0.168,65.27,86.565,46.68,62.566,0,0
2006-08-09,1265.95,1485.64,-0.171,64.161,87.627,39.881,64.974,0,0
2006-08-10,1271.81,1496.28,-0.167,55.959,72.4,31.852,63.624,0,0
2006-08-11,1266.74,1486.74,-0.171,61.138,87.183,31.601,64.63,0,0
2006-08-14,1268.21,1494.33,-0.17,59.003,80.475,31.402,65.132,0,0
2006-08-15,1285.58,1534.43,-0.158,53.952,70.732,30.833,60.291,0,0
2006-08-16,1295.43,1570.06,-0.152,47.735,60.691,24.656,57.857,0,0
2006-08-17,1297.48,1573.59,-0.151,46.601,59.592,22.196,58.016,0,0
2006-08-18,1302.3,1576.46,-0.147,44.505,59.175,18.862,55.476,0,0
2006-08-21,1297.52,1561.12,-0.151,43.953,60.668,13.545,57.646,0,0
2006-08-22,1298.82,1563.43,-0.15,46.563,69.9,12.884,56.905,0,0
2006-08-23,1292.99,1550.41,-0.154,50.593,79.98,13.704,58.095,0,0
2006-08-24,1296.06,1555.19,-0.151,50.677,83.008,13.016,56.005,0,0
2006-08-25,1295.09,1557.7,-0.152,49.644,81.761,11.032,56.138,0,0
2006-08-28,1301.78,1570.29,-0.148,42.391,61.061,11.296,54.815,0,0
2006-08-29,1304.28,1573.65,-0.146,41.513,60.174,10.82,53.545,0,0
2006-08-30,1305.37,1581.95,-0.145,41.525,59.786,10.82,53.968,0,0
2006-08-31,1303.82,1579.73,-0.146,44.465,67.708,10.873,54.815,0,0
2006-09-01,1311.01,1589.47,-0.142,40.975,57.528,11.032,54.365,0,0
2006-09-05,1313.25,1603.69,-0.14,43.38,65.059,10.926,54.153,0,0
2006-09-06,1300.26,1572.2,-0.149,46.8,69.605,12.566,58.228,0,0
2006-09-07,1294.02,1564.84,-0.153,44.758,61.736,12.698,59.841,0,0
2006-09-08,1298.92,1574.71,-0.15,46.51,68.71,12.619,58.201,0,0
2006-09-11,1299.54,1583.78,-0.149,46.143,69.248,12.196,56.984,0,0
2006-09-12,1313.0,1615.75,-0.14,41.38,56.308,13.704,54.127,0,0
2006-09-13,1318.07,1623.99,-0.137,38.254,54.828,7.632,52.302,0,0
2006-09-14,1316.28,1625.98,-0.138,41.55,63.95,7.526,53.175,0,0
2006-09-15,1319.66,1632.44,-0.136,41.179,64.052,7.579,51.905,0,0
2006-09-18,1321.18,1632.17,-0.135,40.776,64.007,7.579,50.741,0,0
2006-09-19,1317.64,1621.07,-0.137,41.602,64.449,7.606,52.751,0,0
2006-09-20,1325.18,1645.35,-0.132,37.159,53.528,7.765,50.185,0,0
2006-09-21,1318.03,1634.87,-0.137,38.482,55.831,7.817,51.799,0,0
2006-09-22,1314.78,1622.37,-0.139,42.293,65.939,7.95,52.989,0,0
2006-09-25,1326.37,1650.37,-0.132,37.895,54.36,8.955,50.37,0,0
2006-09-26,1336.35,1659.2,-0.125,40.963,66.473,9.325,47.09,0,0
2006-09-27,1336.59,1655.67,-0.125,35.57,51.063,9.378,46.27,0,0
2006-09-28,1338.88,1661.59,-0.123,37.401,59.624,9.431,43.148,0,0
2006-09-29,1335.85,1654.13,-0.125,34.958,50.867,9.669,44.339,0,0
2006-10-02,1331.32,1632.81,-0.128,40.008,66.306,9.669,44.048,0,0
2006-10-03,1334.11,1640.29,-0.127,41.403,71.47,9.749,42.989,0,0
2006-10-04,1350.2,1681.14,-0.116,37.149,65.324,9.405,36.72,0,0
2006-10-05,1353.22,1689.43,-0.114,30.251,47.222,8.611,34.921,0,0
2006-10-06,1349.59,1684.88,-0.116,32.162,47.585,9.087,39.815,0,0
2006-10-09,1350.66,1691.08,-0.116,31.904,46.705,9.114,39.894,0,0
2006-10-10,1353.42,1693.29,-0.114,31.501,47.401,8.108,38.995,0,0
2006-10-11,1349.95,1691.28,-0.116,32.349,45.976,10.648,40.423,0,0
2006-10-12,1362.83,1718.54,-0.108,27.991,40.799,7.989,35.185,0,0
2006-10-13,1365.62,1727.21,-0.106,26.637,39.791,6.944,33.175,0,0
2006-10-16,1369.06,1727.61,-0.104,25.254,36.226,6.997,32.54,0,0
2006-10-17,1364.05,1709.61,-0.107,27.488,41.075,7.315,34.074,0,0
2006-10-18,1365.8,1700.75,-0.106,27.415,42.151,6.812,33.28,0,0
2006-10-19,1366.96,1706.37,-0.105,29.319,49.929,6.257,31.772,0,0
2006-10-20,1368.6,1709.58,-0.104,31.003,55.045,5.529,32.434,0,0
2006-10-23,1377.02,1725.93,-0.098,31.023,58.121,5.503,29.444,1,0
2006-10-24,1377.38,1713.88,-0.098,31.134,58.11,5.397,29.894,1,0
2006-10-25,1382.22,1726.76,-0.095,28.81,50.188,5.45,30.794,1,0
2006-10-26,1389.08,1744.07,-0.091,23.093,35.232,5.185,28.862,1,0
2006-10-27,1377.34,1717.61,-0.098,26.943,43.633,5.661,31.534,1,0
2006-10-30,1377.93,1727.8,-0.098,30.591,55.213,5.476,31.085,1,0
2006-10-31,1377.94,1732.54,-0.098,28.561,52.031,5.556,28.095,1,0
2006-11-01,1367.81,1707.65,-0.105,31.642,61.142,5.317,28.466,0,0
2006-11-02,1367.34,1710.17,-0.105,29.596,55.191,5.344,28.254,0,0
2006-11-03,1364.3,1703.98,-0.107,29.911,55.951,5.37,28.413,0,0
2006-11-06,1379.78,1732.26,-0.097,24.292,44.568,6.772,21.534,1,0
2006-11-07,1382.84,1741.53,-0.095,22.659,41.655,6.878,19.444,1,0
2006-11-08,1385.72,1749.75,-0.093,21.822,39.514,6.429,19.524,1,0
2006-11-09,1378.33,1740.14,-0.098,23.086,43.042,5.952,20.265,1,0
2006-11-10,1380.9,1751.11,-0.096,22.366,41.967,5.952,19.18,1,0
2006-11-13,1384.42,1768.0,-0.094,21.306,39.235,6.005,18.677,1,0
2006-11-14,1393.22,1787.23,-0.088,18.82,31.975,6.019,18.466,1,0
2006-11-15,1396.57,1793.82,-0.086,17.635,28.46,5.688,18.757,1,0
2006-11-16,1399.76,1801.97,-0.084,17.221,30.326,4.643,16.693,1,0
2006-11-17,1401.2,1800.67,-0.083,17.56,31.041,4.683,16.958,1,0
2006-11-20,1400.5,1803.81,-0.083,17.756,30.266,4.325,18.677,1,0
2006-11-21,1402.81,1808.88,-0.082,17.887,30.75,4.365,18.545,1,0
2006-11-22,1406.09,1819.76,-0.079,16.432,28.927,4.259,16.111,1,0
2006-11-24,1400.95,1815.53,-0.083,16.54,28.614,4.286,16.72,1,0
2006-11-27,1381.96,1775.17,-0.095,22.661,34.677,14.206,19.101,1,0
2006-11-28,1386.72,1780.34,-0.092,22.162,33.879,14.378,18.228,1,0
2006-11-29,1399.48,1792.77,-0.084,23.863,39.737,16.138,15.714,1,0
2006-11-30,1400.63,1791.25,-0.083,19.392,28.639,14.643,14.894,1,0
2006-12-01,1396.71,1775.12,-0.086,20.152,31.25,14.788,14.418,1,0
2006-12-04,1409.12,1799.93,-0.077,18.942,27.793,15.913,13.122,1,0
2006-12-05,1414.76,1804.85,-0.074,21.052,35.298,13.704,14.153,1,0
2006-12-06,1412.9,1799.13,-0.075,21.55,36.649,13.849,14.153,1,0
2006-12-07,1407.29,1777.46,-0.079,19.305,29.212,14.497,14.206,1,0
2006-12-08,1409.84,1786.21,-0.077,19.0,29.42,13.638,13.942,1,0
2006-12-11,1413.04,1791.74,-0.075,18.975,28.976,13.69,14.259,1,0
2006-12-12,1411.56,1781.97,-0.076,19.824,31.629,13.743,14.101,1,0
2006-12-13,1413.21,1783.44,-0.075,19.45,31.564,12.95,13.836,1,0
2006-12-14,1425.49,1803.41,-0.067,19.234,30.201,14.669,12.831,1,0
2006-12-15,1427.09,1808.56,-0.066,21.671,38.36,14.59,12.063,1,0
2006-12-18,1422.48,1790.99,-0.069,22.71,40.049,15.146,12.937,1,0
2006-12-19,1425.55,1785.12,-0.067,23.228,40.174,15.172,14.339,1,0
2006-12-20,1423.53,1777.92,-0.068,23.663,40.988,15.556,14.444,1,0
2006-12-21,1418.3,1766.28,-0.071,25.028,43.444,15.873,15.767,1,0
2006-12-22,1410.76,1748.61,-0.076,27.897,50.888,16.27,16.534,1,0
2006-12-26,1416.9,1753.55,-0.072,19.107,36.724,4.696,15.899,1,0
2006-12-27,1426.84,1763.41,-0.066,16.576,30.589,5.04,14.101,1,0
2006-12-28,1424.73,1758.94,-0.067,19.876,40.539,4.643,14.444,1,0
2006-12-29,1418.3,1756.9,-0.071,20.789,41.876,4.802,15.688,1,0
2007-01-03,1416.6,1759.37,-0.073,17.869,33.488,4.828,15.291,1,0
2007-01-04,1418.34,1792.91,-0.071,20.299,42.47,4.484,13.942,1,0
2007-01-05,1409.71,1785.3,-0.077,21.959,46.394,4.563,14.921,1,0
2007-01-08,1412.84,1787.14,-0.075,22.58,48.704,4.616,14.418,1,0
2007-01-09,1412.11,1795.63,-0.076,22.112,46.93,4.616,14.788,1,0
2007-01-10,1414.85,1816.15,-0.074,24.096,51.533,4.669,16.085,1,0
2007-01-11,1423.82,1834.86,-0.068,17.874,34.799,4.96,13.862,1,0
2007-01-12,1430.73,1844.81,-0.063,19.353,40.585,5.093,12.381,1,0
2007-01-16,1431.9,1842.44,-0.063,20.377,42.256,5.119,13.757,1,0
2007-01-17,1430.62,1827.68,-0.063,17.041,31.612,4.934,14.577,1,0
2007-01-18,1426.37,1793.68,-0.066,23.089,49.043,5.04,15.185,1,0
2007-01-19,1430.5,1796.81,-0.063,16.615,30.574,5.04,14.233,1,0
2007-01-22,1422.95,1779.02,-0.068,24.439,51.345,5.225,16.746,1,0
2007-01-23,1427.99,1773.4,-0.065,20.234,39.684,5.357,15.661,1,0
2007-01-24,1440.13,1802.63,-0.057,19.395,39.892,4.775,13.519,1,0
2007-01-25,1423.9,1777.75,-0.068,21.527,33.377,14.537,16.667,1,0
2007-01-26,1422.18,1772.97,-0.069,22.167,34.715,14.272,17.513,1,0
2007-01-29,1420.62,1775.08,-0.07,25.102,44.394,13.082,17.831,1,0
2007-01-30,1428.82,1777.76,-0.065,23.466,40.568,13.743,16.085,1,0
2007-01-31,1438.24,1792.28,-0.058,21.883,37.118,14.246,14.286,1,0
2007-02-01,1445.94,1791.45,-0.053,20.423,34.085,14.722,12.46,1,0
2007-02-02,1448.39,1798.13,-0.052,17.351,24.367,14.775,12.91,1,0
2007-02-05,1446.99,1795.39,-0.053,16.997,24.893,13.558,12.54,1,0
2007-02-06,1448.0,1793.06,-0.052,20.076,34.104,13.532,12.593,1,0
2007-02-07,1450.02,1810.95,-0.051,17.678,25.641,13.426,13.968,1,0
2007-02-08,1448.31,1810.54,-0.052,21.082,34.528,13.743,14.974,1,0
2007-02-09,1438.06,1785.53,-0.059,24.314,41.262,14.722,16.958,1,0
2007-02-12,1433.37,1778.42,-0.062,25.132,42.763,14.299,18.333,1,0
2007-02-13,1444.26,1783.82,-0.054,24.399,41.199,15.992,16.005,1,0
2007-02-14,1455.3,1814.98,-0.047,18.904,25.138,17.209,14.365,1,0
2007-02-15,1456.81,1823.41,-0.046,18.348,24.237,16.918,13.889,1,0
2007-02-16,1455.54,1821.49,-0.047,18.304,23.655,16.944,14.312,1,0
2007-02-20,1459.68,1833.71,-0.044,20.855,32.974,15.833,13.757,1,0
2007-02-21,1457.63,1839.13,-0.046,22.619,37.262,15.966,14.63,1,0
2007-02-22,1456.38,1846.34,-0.047,20.55,30.949,15.516,15.185,1,0
2007-02-23,1451.19,1839.77,-0.05,14.467,21.218,5.807,16.376,1,0
2007-02-26,1449.37,1830.59,-0.051,15.088,22.79,5.86,16.614,1,0
2007-02-27,1399.04,1756.27,-0.084,37.375,46.847,34.881,30.397,1,0
2007-02-28,1406.82,1761.6,-0.079,36.292,45.319,34.881,28.677,1,0
2007-03-01,1403.17,1753.45,-0.081,38.726,53.333,34.616,28.228,1,0
2007-03-02,1387.17,1726.03,-0.092,46.831,65.997,40.979,33.519,1,0
2007-03-05,1374.12,1712.94,-0.1,51.085,73.944,41.376,37.937,0,0
2007-03-06,1395.41,1743.1,-0.086,40.556,46.324,43.413,31.931,1,0
2007-03-07,1391.97,1736.1,-0.089,46.701,61.452,43.386,35.265,1,0
2007-03-08,1401.89,1746.43,-0.082,43.461,53.479,44.206,32.698,1,0
2007-03-09,1402.84,1744.74,-0.082,42.348,50.27,44.259,32.513,1,0
2007-03-12,1406.6,1756.42,-0.079,41.488,48.379,44.101,31.984,1,0
2007-03-13,1377.95,1722.48,-0.098,56.079,75.592,50.635,42.011,1,0
2007-03-14,1387.17,1743.15,-0.092,52.583,68.636,50.622,38.492,1,0
2007-03-15,1392.28,1744.87,-0.088,50.605,62.899,50.476,38.439,1,0
2007-03-16,1386.95,1742.23,-0.092,50.934,63.213,50.384,39.206,1,0
2007-03-19,1402.06,1758.23,-0.082,48.096,58.798,51.336,34.153,1,0
2007-03-20,1410.94,1767.25,-0.076,45.394,52.228,51.468,32.487,1,0
2007-03-21,1435.04,1806.35,-0.061,36.814,32.2,51.759,26.481,1,0
2007-03-22,1434.54,1799.75,-0.061,43.472,49.835,53.677,26.905,1,0
2007-03-23,1436.11,1794.04,-0.06,42.438,43.691,56.614,27.011,1,0
2007-03-26,1437.5,1802.95,-0.059,45.482,47.927,62.275,26.243,1,0
2007-03-27,1428.61,1789.93,-0.065,43.976,50.964,52.341,28.624,1,0
2007-03-28,1417.23,1770.54,-0.072,47.358,56.122,52.857,33.095,1,0
2007-03-29,1422.53,1771.72,-0.069,48.688,59.305,52.897,33.862,1,0
2007-03-30,1420.86,1772.36,-0.07,47.099,60.396,45.529,35.37,1,0
2007-04-02,1424.55,1773.33,-0.067,47.958,65.116,44.815,33.942,1,0
2007-04-03,1437.77,1796.31,-0.059,37.172,37.734,43.757,30.026,1,0
2007-04-04,1439.37,1801.74,-0.058,41.747,51.14,43.704,30.397,1,0
2007-04-05,1443.76,1812.94,-0.055,38.772,43.618,43.466,29.233,1,0
2007-04-09,1444.61,1808.19,-0.054,42.455,52.842,43.519,31.005,1,0
2007-04-10,1448.39,1816.93,-0.052,36.163,34.732,43.492,30.265,1,0
2007-04-11,1438.87,1798.09,-0.058,38.756,54.8,27.394,34.074,1,0
2007-04-12,1447.8,1813.49,-0.052,34.337,44.822,27.209,30.979,1,0
2007-04-13,1452.85,1816.85,-0.049,29.428,31.232,27.183,29.868,1,0
2007-04-16,1468.33,1833.96,-0.039,29.858,34.826,28.056,26.693,1,0
2007-04-17,1471.48,1834.91,-0.037,28.981,34.946,25.622,26.376,1,0
2007-04-18,1472.5,1832.39,-0.036,26.099,25.322,25.304,27.672,1,0
2007-04-19,1470.73,1832.47,-0.037,24.279,25.734,18.77,28.333,1,0
2007-04-20,1484.35,1845.89,-0.028,23.351,23.956,20.437,25.661,0,0
2007-04-23,1480.93,1850.18,-0.03,24.146,23.827,20.992,27.619,1,0
2007-04-24,1480.41,1858.87,-0.031,29.25,40.224,21.204,26.323,1,0
2007-04-25,1495.42,1881.33,-0.021,22.922,24.15,21.283,23.333,0,0
2007-04-26,1494.25,1889.57,-0.022,24.77,32.074,18.373,23.862,0,0
2007-04-27,1494.07,1891.06,-0.022,27.795,41.996,18.558,22.831,0,0
2007-04-30,1482.37,1867.75,-0.03,31.479,47.149,21.389,25.899,0,0
2007-05-01,1486.3,1873.43,-0.027,30.163,44.285,21.442,24.762,0,0
2007-05-02,1495.92,1889.73,-0.021,23.901,26.691,20.384,24.63,0,0
2007-05-03,1502.39,1895.64,-0.016,23.547,26.341,20.542,23.757,0,0
2007-05-04,1505.62,1895.7,-0.014,23.977,27.738,20.569,23.624,0,0
2007-05-07,1509.48,1895.96,-0.012,23.056,26.536,20.595,22.037,0,0
2007-05-08,1507.72,1899.83,-0.013,23.48,26.564,20.86,23.016,0,0
2007-05-09,1512.58,1905.65,-0.01,21.697,24.259,18.532,22.302,0,0
2007-05-10,1491.47,1875.2,-0.024,30.951,29.878,34.008,28.968,0,0
2007-05-11,1505.85,1898.79,-0.014,29.065,25.858,35.833,25.503,0,0
2007-05-14,1503.15,1888.08,-0.016,35.405,45.489,34.008,26.72,0,0
2007-05-15,1501.19,1871.79,-0.017,38.029,52.381,34.193,27.513,0,0
2007-05-16,1514.14,1891.57,-0.009,34.094,42.217,35.939,24.127,0,0
2007-05-17,1512.75,1884.68,-0.01,36.082,47.625,35.886,24.735,0,0
2007-05-18,1522.75,1896.93,-0.003,28.818,27.765,35.833,22.857,0,0
2007-05-21,1525.1,1911.16,-0.002,28.064,26.929,35.463,21.799,0,0
2007-05-22,1524.12,1916.45,-0.002,29.168,32.121,35.569,19.815,0,0
2007-05-23,1522.28,1904.41,-0.003,29.792,35.58,33.294,20.503,0,0
2007-05-24,1507.51,1874.6,-0.013,35.516,44.496,36.627,25.423,0,0
2007-05-25,1515.73,1889.25,-0.008,31.998,33.957,38.624,23.413,0,0
2007-05-29,1518.11,1899.79,-0.006,29.234,29.264,36.058,22.381,0,0
2007-05-30,1530.23,1918.08,0.0,27.501,24.037,37.381,21.085,0,0
2007-05-31,1530.62,1928.19,0.0,27.336,23.543,36.667,21.799,0,0
2007-06-01,1536.34,1928.26,0.0,29.172,30.636,36.561,20.317,0,0
2007-06-04,1539.18,1933.73,0.0,26.202,23.023,36.587,18.995,0,0
2007-06-05,1530.95,1932.35,-0.005,31.542,35.075,37.857,21.693,0,0
2007-06-06,1517.38,1914.85,-0.014,36.755,43.387,40.952,25.926,0,0
2007-06-07,1490.72,1882.17,-0.031,48.782,60.274,53.294,32.778,1,0
2007-06-08,1507.67,1906.26,-0.02,39.429,43.538,46.124,28.624,0,0
2007-06-11,1509.12,1901.96,-0.02,41.795,51.06,44.299,30.026,0,0
2007-06-12,1493.0,1890.67,-0.03,50.436,63.068,53.029,35.212,1,0
2007-06-13,1515.67,1913.87,-0.015,40.06,36.621,55.331,28.228,0,0
2007-06-14,1522.97,1924.54,-0.011,41.599,43.011,54.881,26.905,0,0
2007-06-15,1532.91,1942.41,-0.004,36.71,31.07,55.357,23.704,0,0
2007-06-18,1531.05,1944.37,-0.005,37.481,33.793,55.132,23.519,0,0
2007-06-19,1533.7,1941.75,-0.004,37.164,34.137,55.212,22.143,0,0
2007-06-20,1512.84,1922.12,-0.017,48.232,54.855,61.005,28.836,0,0
2007-06-21,1522.19,1941.32,-0.011,49.582,59.355,61.27,28.122,0,0
2007-06-22,1502.56,1921.94,-0.024,53.664,62.128,65.582,33.28,0,0
2007-06-25,1497.74,1912.9,-0.027,55.387,66.743,65.212,34.206,0,0
2007-06-26,1492.89,1908.64,-0.03,57.054,69.521,65.265,36.376,1,0
2007-06-27,1506.34,1933.06,-0.021,47.084,43.501,65.635,32.116,0,0
2007-06-28,1505.71,1931.67,-0.022,50.918,55.771,65.661,31.323,0,0
2007-06-29,1503.35,1934.1,-0.023,54.391,64.96,65.463,32.751,0,0
2007-07-02,1519.43,1954.12,-0.013,50.786,57.822,66.706,27.831,0,0
2007-07-03,1524.87,1965.2,-0.009,51.084,59.535,66.68,27.037,0,0
2007-07-05,1525.4,1981.06,-0.009,50.472,56.481,66.098,28.836,0,0
2007-07-06,1530.44,1988.31,-0.006,43.837,43.337,59.63,28.545,0,0
2007-07-09,1531.85,1989.2,-0.005,45.64,49.83,58.571,28.519,0,0
2007-07-10,1510.12,1971.89,-0.019,55.426,66.742,64.458,35.079,0,0
2007-07-11,1518.76,1984.08,-0.013,49.048,55.305,59.828,32.011,0,0
2007-07-12,1547.7,2021.03,0.0,40.214,35.231,60.992,24.418,0,0
2007-07-13,1552.5,2032.16,0.0,38.794,33.089,61.019,22.275,0,0
2007-07-16,1549.52,2028.02,-0.002,42.968,43.757,60.807,24.339,0,0
2007-07-17,1549.37,2041.78,-0.002,47.61,55.674,60.833,26.323,0,0
2007-07-18,1546.17,2037.98,-0.004,50.833,62.327,64.881,25.291,0,0
2007-07-19,1553.08,2052.99,0.0,45.498,55.026,58.347,23.122,0,0
2007-07-20,1534.1,2035.88,-0.012,53.928,67.208,66.296,28.28,0,0
2007-07-23,1541.57,2036.33,-0.007,52.436,69.556,59.974,27.778,0,0
2007-07-24,1511.04,2000.55,-0.027,62.114,78.101,68.32,39.921,0,0
2007-07-25,1518.09,2011.14,-0.023,61.099,76.246,68.373,38.677,0,0
2007-07-26,1482.66,1986.6,-0.045,70.787,84.876,75.82,51.667,1,0
2007-07-27,1458.95,1956.19,-0.061,74.766,87.379,79.352,57.566,1,0
2007-07-30,1473.91,1973.93,-0.051,73.161,85.317,79.854,54.312,1,1
2007-07-31,1455.27,1932.06,-0.063,76.244,87.833,81.032,59.868,1,1
2007-08-01,1465.81,1945.08,-0.056,74.079,83.241,81.243,57.751,1,1
2007-08-02,1472.2,1966.6,-0.052,71.079,76.571,81.323,55.344,1,1
2007-08-03,1433.06,1918.56,-0.077,79.498,90.439,83.717,64.339,1,1
2007-08-06,1467.67,1954.37,-0.055,74.693,81.342,84.775,57.963,1,1
2007-08-07,1476.71,1961.64,-0.049,74.499,82.413,83.889,57.196,1,1
2007-08-08,1497.49,1987.34,-0.036,71.87,78.918,84.233,52.46,1,1
2007-08-09,1453.09,1936.76,-0.064,79.637,89.269,85.542,64.101,1,1
2007-08-10,1453.64,1925.14,-0.064,77.696,82.507,85.556,65.026,1,1
2007-08-13,1452.92,1934.41,-0.064,78.215,83.535,85.635,65.476,1,1
2007-08-14,1426.54,1901.32,-0.081,82.568,90.403,86.402,70.899,1,1
2007-08-15,1406.7,1864.92,-0.094,84.197,91.877,86.958,73.757,1,1
2007-08-16,1411.27,1846.09,-0.091,84.779,90.844,89.021,74.471,1,1
2007-08-17,1445.94,1888.78,-0.069,77.026,78.459,89.206,63.413,1,1
2007-08-20,1445.55,1893.05,-0.069,80.262,84.993,90.767,65.026,1,1
2007-08-21,1447.12,1910.99,-0.068,78.627,81.384,90.053,64.444,1,1
2007-08-22,1464.07,1936.77,-0.057,72.835,69.432,92.011,57.063,1,1
2007-08-23,1462.5,1931.88,-0.058,72.37,70.429,90.86,55.82,1,1
2007-08-24,1479.37,1961.38,-0.047,68.141,60.403,89.392,54.63,1,0
2007-08-27,1466.79,1947.49,-0.056,77.042,83.533,89.418,58.175,1,0
2007-08-28,1432.36,1899.24,-0.078,82.62,88.732,89.974,69.153,1,0
2007-08-29,1463.76,1954.85,-0.058,71.991,63.645,90.344,61.984,1,1
2007-08-30,1457.64,1963.75,-0.061,78.709,80.73,90.37,65.026,1,1
2007-08-31,1473.99,1988.73,-0.051,67.977,60.094,87.593,56.243,1,0
2007-09-04,1489.42,2020.51,-0.041,65.861,57.161,86.878,53.545,1,0
2007-09-05,1472.29,1994.38,-0.052,76.055,79.063,89.497,59.603,1,0
2007-09-06,1478.55,1998.67,-0.048,68.99,60.727,89.101,57.143,1,0
2007-09-07,1453.55,1958.35,-0.064,81.274,88.134,88.042,67.646,1,0
2007-09-10,1451.7,1960.2,-0.065,82.476,89.332,88.095,70.0,1,0
2007-09-11,1471.49,1988.98,-0.053,80.147,83.854,88.466,68.122,1,1
2007-09-12,1471.56,1988.96,-0.052,79.146,83.351,85.542,68.545,1,1
2007-09-13,1483.95,1998.63,-0.045,76.219,81.883,81.587,65.185,1,1
2007-09-14,1484.25,2000.82,-0.044,74.416,75.84,81.64,65.767,1,1
2007-09-17,1476.65,1983.08,-0.049,76.241,80.654,80.926,67.143,1,1
2007-09-18,1519.78,2035.37,-0.021,62.099,53.016,81.64,51.64,0,0
2007-09-19,1529.03,2041.36,-0.015,59.665,48.663,81.389,48.942,0,0
2007-09-20,1518.75,2032.61,-0.022,65.786,62.767,81.415,53.175,0,0
2007-09-21,1525.75,2049.48,-0.018,61.975,53.504,80.86,51.561,0,0
2007-09-24,1517.73,2057.25,-0.023,71.159,75.764,80.86,56.852,0,0
2007-09-25,1517.21,2076.83,-0.023,72.407,78.346,80.754,58.122,0,0
2007-09-26,1525.42,2088.38,-0.018,66.96,71.436,73.254,56.19,0,0
2007-09-27,1531.38,2096.39,-0.014,63.488,64.789,70.833,54.841,0,0
2007-09-28,1526.75,2091.11,-0.017,66.88,72.24,70.701,57.698,0,0
2007-10-01,1547.04,2116.97,-0.004,55.428,46.801,71.177,48.307,0,0
2007-10-02,1546.63,2115.89,-0.004,55.432,45.039,70.622,50.635,0,0
2007-10-03,1539.59,2103.01,-0.009,54.6,46.155,63.069,54.577,0,0
2007-10-04,1542.84,2105.56,-0.007,57.85,54.634,63.095,55.82,0,0
2007-10-05,1557.59,2149.67,0.0,47.466,39.581,51.812,51.005,0,0
2007-10-08,1552.58,2163.26,-0.003,51.858,51.09,52.05,52.434,0,0
2007-10-09,1565.15,2171.21,0.0,49.915,51.054,50.939,47.751,0,0
2007-10-10,1562.47,2176.98,-0.002,51.06,51.632,51.045,50.503,0,0
2007-10-11,1554.41,2140.92,-0.007,55.682,63.144,51.31,52.593,0,0
2007-10-12,1561.8,2177.99,-0.002,53.234,58.578,51.362,49.762,0,0
2007-10-15,1548.71,2158.92,-0.011,59.708,70.619,51.892,56.614,0,0
2007-10-16,1538.53,2151.14,-0.017,60.464,79.263,41.283,60.847,0,0
2007-10-17,1541.24,2179.14,-0.015,59.305,78.168,40.093,59.656,0,0
2007-10-18,1540.08,2187.52,-0.016,58.658,79.637,38.267,58.069,0,0
2007-10-19,1500.63,2131.08,-0.041,72.972,88.227,59.55,71.138,1,0
2007-10-22,1506.33,2157.45,-0.038,70.447,81.263,59.55,70.529,1,0
2007-10-23,1519.59,2205.18,-0.029,68.08,76.382,60.291,67.566,0,0
2007-10-24,1515.88,2188.59,-0.031,70.901,83.576,60.132,68.995,1,0
2007-10-25,1514.4,2161.52,-0.032,71.923,86.299,59.947,69.524,1,0
2007-10-26,1535.28,2194.59,-0.019,66.685,75.398,61.852,62.804,0,0
2007-10-29,1540.98,2203.42,-0.015,66.806,78.937,60.265,61.217,0,0
2007-10-30,1531.02,2207.61,-0.022,68.02,81.017,60.688,62.354,0,0
2007-10-31,1549.38,2238.98,-0.01,64.081,72.798,62.011,57.434,0,0
2007-11-01,1508.44,2197.07,-0.036,76.831,87.716,73.175,69.603,1,0
2007-11-02,1509.65,2213.86,-0.035,76.637,88.245,72.91,68.757,1,0
2007-11-05,1502.17,2200.48,-0.04,78.453,90.014,72.963,72.381,1,1
2007-11-06,1520.27,2223.97,-0.029,75.918,86.722,73.995,67.037,0,0
2007-11-07,1475.62,2169.43,-0.057,83.756,92.062,81.296,77.91,1,1
2007-11-08,1474.77,2106.16,-0.058,83.593,91.109,81.31,78.36,1,1
2007-11-09,1453.7,2034.3,-0.071,86.726,92.095,87.262,80.82,1,1
2007-11-12,1439.18,1982.16,-0.08,86.847,90.99,87.302,82.249,1,1
2007-11-13,1481.05,2066.08,-0.054,79.671,72.399,89.286,77.328,1,1
2007-11-14,1470.58,2038.05,-0.06,86.112,89.128,89.339,79.868,1,1
2007-11-15,1451.15,2024.03,-0.073,88.52,91.393,91.918,82.249,1,1
2007-11-16,1458.74,2048.62,-0.068,87.218,91.163,88.638,81.852,1,1
2007-11-19,1433.27,2021.14,-0.084,89.396,93.081,91.296,83.81,1,1
2007-11-20,1439.7,2029.94,-0.08,89.315,92.986,91.177,83.783,1,1
2007-11-21,1416.77,2006.38,-0.095,90.265,93.163,92.765,84.868,1,1
2007-11-23,1440.7,2028.9,-0.08,87.163,83.962,93.479,84.048,1,1
2007-11-26,1407.22,1989.36,-0.101,90.949,93.177,94.193,85.476,0,0
2007-11-27,1428.23,2033.76,-0.087,90.236,91.963,94.405,84.339,1,1
2007-11-28,1469.02,2095.39,-0.061,83.347,73.679,94.749,81.614,1,1
2007-11-29,1469.72,2102.42,-0.061,85.928,79.425,96.402,81.958,1,1
2007-11-30,1481.14,2089.1,-0.054,85.265,81.643,95.635,78.519,1,1
2007-12-03,1472.42,2067.45,-0.059,88.038,85.832,95.688,82.593,1,1
2007-12-04,1462.79,2059.06,-0.065,89.566,88.698,95.714,84.286,1,1
2007-12-05,1485.01,2099.31,-0.051,87.273,84.412,95.847,81.561,1,1
2007-12-06,1507.34,2127.65,-0.037,77.683,62.189,93.77,77.09,1,1
2007-12-07,1504.66,2130.0,-0.039,77.933,61.84,93.757,78.201,1,1
2007-12-10,1515.96,2134.88,-0.031,75.102,60.585,91.124,73.598,1,1
2007-12-11,1477.65,2083.72,-0.056,86.481,81.454,94.101,83.889,1,1
2007-12-12,1486.59,2101.36,-0.05,87.148,86.67,93.267,81.508,1,1
2007-12-13,1488.41,2094.68,-0.049,87.389,87.856,93.122,81.19,1,1
2007-12-14,1467.95,2072.11,-0.062,90.404,91.834,93.214,86.164,1,1
2007-12-17,1445.9,2020.8,-0.076,92.579,92.711,94.762,90.265,1,1
2007-12-18,1454.98,2029.49,-0.07,91.261,91.032,93.016,89.735,1,1
2007-12-19,1453.0,2031.0,-0.072,91.654,91.775,93.029,90.159,1,1
2007-12-20,1460.12,2069.68,-0.067,90.285,91.0,89.616,90.238,1,1
2007-12-21,1484.46,2111.77,-0.052,87.878,88.528,88.095,87.011,1,1
2007-12-24,1496.45,2128.62,-0.044,83.45,82.136,83.188,85.026,1,1
2007-12-26,1497.66,2136.94,-0.043,82.952,80.508,83.003,85.344,1,1
2007-12-27,1476.27,2106.09,-0.057,88.608,89.791,86.19,89.841,1,1
2007-12-28,1478.49,2107.05,-0.055,88.658,91.028,86.243,88.704,1,1
2007-12-31,1468.36,2084.93,-0.062,89.346,90.789,86.243,91.005,1,1
2008-01-02,1447.16,2049.71,-0.075,91.876,92.916,88.876,93.836,1,1
2008-01-03,1447.16,2051.76,-0.075,92.112,93.254,88.876,94.206,1,1
2008-01-04,1411.63,1963.52,-0.098,93.126,93.426,90.397,95.556,1,1
2008-01-07,1416.18,1957.44,-0.095,92.979,93.168,90.079,95.688,1,1
2008-01-08,1390.19,1910.33,-0.112,93.47,93.439,90.728,96.243,0,0
2008-01-09,1409.13,1949.2,-0.1,93.6,93.116,91.283,96.402,1,1
2008-01-10,1420.33,1953.64,-0.093,92.519,91.313,90.079,96.164,1,1
2008-01-11,1401.02,1912.81,-0.105,93.558,93.294,90.688,96.693,0,0
2008-01-14,1416.25,1949.15,-0.095,92.917,92.085,90.82,95.847,1,1
2008-01-15,1380.95,1894.09,-0.118,93.992,93.406,91.746,96.825,0,0
2008-01-16,1373.2,1872.29,-0.123,93.528,92.953,90.966,96.667,0,0
2008-01-17,1333.25,1842.1,-0.148,94.477,93.418,92.474,97.54,0,0
2008-01-18,1325.19,1844.09,-0.153,94.59,93.36,92.421,97.989,0,0
2008-01-22,1310.5,1795.61,-0.163,94.709,93.333,92.725,98.069,0,0
2008-01-23,1338.6,1789.53,-0.145,94.368,91.822,93.743,97.54,0,0
2008-01-24,1352.07,1826.92,-0.136,93.847,90.574,93.796,97.169,0,0
2008-01-25,1330.61,1789.17,-0.15,94.822,92.31,94.907,97.249,0,0
2008-01-28,1353.96,1805.08,-0.135,91.222,80.241,96.283,97.143,0,0
2008-01-29,1362.3,1807.67,-0.13,91.389,80.146,96.825,97.196,0,0
2008-01-30,1355.81,1808.51,-0.134,94.476,88.824,96.825,97.778,0,0
2008-01-31,1378.55,1841.42,-0.119,93.758,88.429,96.68,96.164,0,0
2008-02-01,1395.42,1855.27,-0.108,86.445,66.796,96.984,95.556,0,0
2008-02-04,1380.82,1828.8,-0.118,86.557,66.893,96.587,96.19,0,0
2008-02-05,1336.64,1773.49,-0.146,95.04,90.0,97.844,97.275,0,0
2008-02-06,1326.45,1740.95,-0.153,95.302,91.448,97.156,97.302,0,0
2008-02-07,1336.91,1753.3,-0.146,94.77,90.197,97.077,97.037,0,0
2008-02-08,1331.29,1773.74,-0.149,95.533,91.691,96.944,97.963,0,0
2008-02-11,1339.13,1793.09,-0.144,94.849,90.474,96.217,97.857,0,0
2008-02-12,1348.86,1780.54,-0.138,94.1,88.132,96.31,97.857,0,0
2008-02-13,1367.21,1823.0,-0.126,90.633,79.44,94.683,97.778,0,0
2008-02-14,1348.86,1787.59,-0.138,95.074,90.341,96.204,98.677,0,0
2008-02-15,1349.99,1780.38,-0.137,93.403,87.604,93.664,98.942,0,0
2008-02-19,1348.78,1764.81,-0.138,94.062,89.766,93.585,98.836,0,0
2008-02-20,1360.03,1787.45,-0.131,90.416,82.452,91.257,97.54,0,0
2008-02-21,1342.53,1766.3,-0.142,94.07,89.801,93.36,99.048,0,0
2008-02-22,1353.11,1773.44,-0.135,91.35,82.438,93.307,98.307,0,0
2008-02-25,1371.8,1785.46,-0.124,89.143,78.859,90.661,97.91,0,0
2008-02-26,1381.29,1791.31,-0.117,88.87,78.688,89.907,98.016,0,0
2008-02-27,1380.02,1799.94,-0.118,91.327,86.587,89.802,97.593,0,0
2008-02-28,1367.68,1794.46,-0.126,92.171,88.113,90.093,98.307,0,0
2008-02-29,1330.63,1745.27,-0.15,95.045,92.662,93.188,99.286,0,0
2008-03-03,1331.34,1733.27,-0.149,94.531,91.555,92.884,99.153,0,0
2008-03-04,1326.75,1743.7,-0.152,93.732,91.182,90.41,99.603,0,0
2008-03-05,1333.7,1753.57,-0.148,91.389,90.635,84.14,99.392,0,0
2008-03-06,1304.34,1712.5,-0.167,94.316,93.371,89.63,99.947,0,0
2008-03-07,1293.37,1707.5,-0.174,94.237,93.188,89.55,99.974,0,0
2008-03-10,1273.37,1673.03,-0.186,95.286,93.637,92.222,100.0,0,0
2008-03-11,1320.65,1740.95,-0.156,94.573,89.817,94.299,99.603,0,0
2008-03-12,1308.77,1735.18,-0.164,95.253,91.659,94.286,99.815,0,0
2008-03-13,1315.48,1750.4,-0.16,94.735,90.593,93.955,99.656,0,0
2008-03-14,1288.14,1713.83,-0.177,95.857,93.141,94.484,99.947,0,0
2008-03-17,1276.6,1687.19,-0.184,95.986,93.447,94.537,99.974,0,0
2008-03-18,1330.74,1761.05,-0.15,93.132,84.199,96.098,99.101,0,0
2008-03-19,1298.42,1715.59,-0.17,96.376,91.918,97.447,99.762,0,0
2008-03-20,1329.51,1751.99,-0.151,94.358,87.81,96.217,99.048,0,0
2008-03-24,1349.88,1814.4,-0.138,92.795,83.49,96.217,98.677,0,0
2008-03-25,1352.99,1824.54,-0.136,93.066,84.384,96.164,98.651,0,0
2008-03-26,1341.13,1817.28,-0.143,93.027,83.631,96.587,98.862,0,0
2008-03-27,1325.76,1777.89,-0.153,94.541,86.322,98.175,99.127,0,0
2008-03-28,1315.22,1767.57,-0.16,95.756,89.556,98.373,99.339,0,0
2008-03-31,1322.7,1781.93,-0.155,91.522,78.429,96.905,99.233,0,0
2008-04-01,1370.18,1855.48,-0.125,86.386,64.529,96.561,98.069,0,0
2008-04-02,1367.53,1848.8,-0.126,88.786,71.78,96.534,98.042,0,0
2008-04-03,1369.31,1855.19,-0.125,86.25,64.439,96.508,97.804,0,0
2008-04-04,1370.4,1865.87,-0.124,87.681,71.6,93.823,97.619,0,0
2008-04-07,1372.54,1860.83,-0.123,89.363,76.819,93.704,97.566,0,0
2008-04-08,1365.54,1846.14,-0.128,88.191,77.074,89.907,97.593,0,0
2008-04-09,1354.49,1826.19,-0.135,90.917,85.304,89.749,97.698,0,0
2008-04-10,1360.55,1852.97,-0.131,91.174,86.419,89.669,97.434,0,0
2008-04-11,1332.83,1798.72,-0.148,93.8,89.653,93.571,98.175,0,0
2008-04-14,1328.32,1790.93,-0.151,92.195,89.152,89.656,97.778,0,0
2008-04-15,1334.43,1794.73,-0.147,91.595,87.523,89.643,97.619,0,0
2008-04-16,1364.71,1846.89,-0.128,88.503,81.619,86.931,96.958,0,0
2008-04-17,1365.56,1840.88,-0.128,87.64,84.892,81.283,96.746,0,0
2008-04-18,1390.33,1900.28,-0.112,82.45,70.552,80.82,95.979,0,0
2008-04-21,1388.17,1913.12,-0.113,85.187,78.789,80.503,96.27,0,0
2008-04-22,1375.94,1881.65,-0.121,86.789,83.118,80.741,96.508,0,0
2008-04-23,1379.93,1906.66,-0.118,85.273,78.967,80.582,96.27,0,0
2008-04-24,1388.82,1924.58,-0.113,83.47,80.768,73.505,96.138,0,0
2008-04-25,1397.84,1918.58,-0.107,82.043,78.008,73.254,94.868,0,0
2008-04-28,1396.37,1923.26,-0.108,79.358,69.795,73.307,94.974,0,0
2008-04-29,1390.94,1933.6,-0.111,81.292,80.438,68.36,95.079,0,0
2008-04-30,1385.59,1917.7,-0.115,82.661,83.961,68.439,95.582,0,0
2008-05-01,1409.34,1980.44,-0.1,74.482,61.33,69.471,92.646,1,1
2008-05-02,1413.9,1981.87,-0.097,77.739,73.205,67.817,92.196,1,1
2008-05-05,1407.49,1975.82,-0.101,79.087,77.167,68.214,91.878,0,0
2008-05-06,1418.26,1990.61,-0.094,72.724,60.857,68.108,89.206,1,1
2008-05-07,1392.57,1951.42,-0.11,81.78,74.771,76.839,93.73,0,0
2008-05-08,1397.68,1966.86,-0.107,82.475,77.412,76.839,93.175,0,0
2008-05-09,1388.28,1960.29,-0.113,79.291,77.57,67.183,93.122,0,0
2008-05-12,1403.58,1997.02,-0.103,75.522,67.821,66.733,92.011,0,0
2008-05-13,1403.04,2000.61,-0.104,76.845,73.087,66.839,90.608,0,0
2008-05-14,1408.66,1997.3,-0.1,73.283,66.924,62.87,90.053,1,1
2008-05-15,1423.57,2031.34,-0.09,70.82,65.212,62.751,84.497,1,1
2008-05-16,1425.35,2031.27,-0.089,68.204,58.341,59.868,86.402,1,0
2008-05-19,1426.63,2016.6,-0.089,68.847,64.716,59.735,82.09,1,0
2008-05-20,1413.4,2000.67,-0.097,75.06,77.244,60.026,87.91,1,0
2008-05-21,1390.71,1956.8,-0.111,82.589,84.858,69.947,92.963,0,0
2008-05-22,1394.35,1964.92,-0.109,79.665,76.878,69.471,92.646,0,0
2008-05-23,1375.93,1958.96,-0.121,84.948,85.624,75.304,93.915,0,0
2008-05-27,1385.35,1995.44,-0.115,83.974,83.258,75.701,92.963,0,0
2008-05-28,1390.84,2000.07,-0.111,83.513,82.641,75.728,92.169,0,0
2008-05-29,1398.26,2019.02,-0.107,78.262,66.862,75.833,92.09,0,0
2008-05-30,1400.38,2032.57,-0.105,81.292,78.679,73.003,92.196,0,0
2008-06-02,1385.67,2006.84,-0.115,84.903,83.888,77.302,93.519,0,0
2008-06-03,1377.65,1996.79,-0.12,85.727,85.462,77.487,94.233,0,0
2008-06-04,1377.2,2021.45,-0.12,84.367,83.154,76.746,93.201,0,0
2008-06-05,1404.05,2055.11,-0.103,79.428,73.309,74.101,90.873,0,0
2008-06-06,1360.68,1990.39,-0.131,88.456,87.683,83.452,94.233,0,0
2008-06-09,1361.76,1979.71,-0.13,88.047,87.276,83.347,93.519,0,0
2008-06-10,1358.44,1972.54,-0.132,87.191,85.661,82.95,92.963,0,0
2008-06-11,1335.49,1924.33,-0.147,89.96,89.416,85.992,94.471,0,0
2008-06-12,1339.87,1924.26,-0.144,89.374,88.055,85.939,94.127,0,0
2008-06-13,1360.03,1966.01,-0.131,87.096,81.83,86.442,93.016,0,0
2008-06-16,1360.14,1984.76,-0.131,88.008,83.363,86.878,93.783,0,0
2008-06-17,1350.93,1972.82,-0.137,89.697,87.225,87.526,94.339,0,0
2008-06-18,1337.81,1951.1,-0.145,90.763,88.691,88.704,94.894,0,0
2008-06-19,1342.83,1982.69,-0.142,88.771,86.18,85.873,94.259,0,0
2008-06-20,1317.93,1928.39,-0.158,91.018,89.126,88.743,95.185,0,0
2008-06-23,1318.0,1913.31,-0.158,90.218,89.609,86.045,95.0,0,0
2008-06-24,1314.29,1903.74,-0.16,90.101,89.707,85.886,94.709,0,0
2008-06-25,1321.97,1933.86,-0.155,88.728,86.037,85.939,94.206,0,0
2008-06-26,1283.15,1855.39,-0.18,92.129,91.467,89.656,95.265,0,0
2008-06-27,1278.38,1855.72,-0.183,92.795,91.652,91.071,95.661,0,0
2008-06-30,1280.0,1837.09,-0.182,91.613,91.453,88.439,94.947,0,0
2008-07-01,1284.91,1862.71,-0.179,91.643,91.092,88.545,95.291,0,0
2008-07-02,1261.52,1816.15,-0.194,93.509,92.498,91.468,96.561,0,0
2008-07-03,1262.9,1816.35,-0.193,93.293,92.034,91.706,96.138,0,0
2008-07-07,1252.31,1826.93,-0.2,92.407,93.069,87.434,96.72,0,0
2008-07-08,1273.7,1871.28,-0.186,89.57,85.27,88.545,94.894,0,0
2008-07-09,1244.69,1819.18,-0.205,93.407,91.953,91.944,96.323,0,0
2008-07-10,1253.39,1839.57,-0.199,91.753,91.755,89.114,94.392,0,0
2008-07-11,1239.49,1810.88,-0.208,93.016,92.435,91.799,94.815,0,0
2008-07-14,1228.3,1798.03,-0.215,92.907,92.953,90.952,94.815,0,0
2008-07-15,1214.91,1798.35,-0.224,94.174,93.237,92.619,96.667,0,0
2008-07-16,1245.36,1843.87,-0.204,92.271,86.719,94.431,95.661,0,0
2008-07-17,1260.32,1853.47,-0.195,91.668,86.366,94.616,94.021,0,0
2008-07-18,1260.68,1823.23,-0.195,91.532,85.402,94.484,94.709,0,0
2008-07-21,1260.0,1819.76,-0.195,90.792,84.6,92.593,95.185,0,0
2008-07-22,1277.0,1821.62,-0.184,89.578,82.49,92.778,93.466,0,0
2008-07-23,1282.19,1845.56,-0.181,85.795,70.532,92.804,94.048,0,0
2008-07-24,1252.54,1816.98,-0.2,93.718,89.46,94.947,96.746,0,0
2008-07-25,1257.76,1846.55,-0.196,90.971,84.726,92.394,95.794,0,0
2008-07-28,1234.37,1802.99,-0.211,93.374,90.029,94.325,95.767,0,0
2008-07-29,1263.2,1845.55,-0.193,84.261,64.277,95.278,93.228,0,0
2008-07-30,1284.26,1852.8,-0.179,89.906,81.901,95.728,92.09,0,0
2008-07-31,1267.38,1849.15,-0.19,91.045,84.735,95.304,93.095,0,0
2008-08-01,1260.31,1826.56,-0.195,92.606,88.677,95.331,93.81,0,0
2008-08-04,1249.01,1804.84,-0.202,93.352,89.567,95.304,95.185,0,0
2008-08-05,1284.88,1869.76,-0.179,89.488,79.614,95.754,93.095,0,0
2008-08-06,1289.19,1895.21,-0.176,87.114,77.24,91.958,92.143,0,0
2008-08-07,1266.07,1880.09,-0.191,90.999,84.888,94.299,93.81,0,0
2008-08-08,1296.32,1926.23,-0.172,84.056,67.803,92.831,91.534,0,0
2008-08-11,1305.32,1941.23,-0.166,83.577,66.882,92.474,91.376,0,0
2008-08-12,1289.59,1941.07,-0.176,87.609,78.582,92.5,91.746,0,0
2008-08-13,1285.83,1942.02,-0.178,84.264,68.388,91.839,92.566,0,0
2008-08-14,1292.93,1964.38,-0.174,85.606,72.571,91.574,92.672,0,0
2008-08-15,1298.2,1957.56,-0.171,85.222,71.764,91.31,92.593,0,0
2008-08-18,1278.6,1932.7,-0.183,87.972,76.166,93.651,94.101,0,0
2008-08-19,1266.69,1908.68,-0.191,89.638,80.846,93.545,94.524,0,0
2008-08-20,1274.54,1913.02,-0.186,88.713,80.477,93.545,92.116,0,0
2008-08-21,1277.72,1906.74,-0.184,88.252,82.534,90.317,91.905,0,0
2008-08-22,1292.2,1931.47,-0.174,82.495,67.18,90.278,90.026,0,0
2008-08-25,1266.84,1889.72,-0.191,88.865,83.433,90.331,92.831,0,0
2008-08-26,1271.51,1886.32,-0.188,86.482,79.249,89.537,90.661,0,0
2008-08-27,1281.66,1900.3,-0.181,83.376,72.469,89.299,88.36,0,0
2008-08-28,1300.68,1915.12,-0.169,78.253,65.459,86.468,82.831,0,0
2008-08-29,1282.83,1872.54,-0.18,82.339,67.149,89.392,90.476,0,0
2008-09-02,1277.58,1850.14,-0.184,87.275,82.355,89.259,90.212,0,0
2008-09-03,1274.98,1833.09,-0.185,87.56,84.269,87.593,90.82,0,0
2008-09-04,1236.83,1774.78,-0.21,91.24,89.621,91.217,92.884,0,0
2008-09-05,1242.31,1768.23,-0.206,89.624,88.568,88.823,91.481,0,0
2008-09-08,1267.79,1762.95,-0.19,88.698,85.553,88.241,92.302,0,0
2008-09-09,1224.51,1721.55,-0.218,92.121,89.986,92.011,94.365,0,0
2008-09-10,1232.04,1738.07,-0.213,90.493,86.48,89.894,95.106,0,0
2008-09-11,1249.05,1773.65,-0.202,88.784,81.218,90.503,94.63,0,0
2008-09-12,1251.7,1767.13,-0.2,89.783,84.587,90.344,94.418,0,0
2008-09-15,1192.7,1705.46,-0.238,94.333,90.949,94.14,97.91,0,0
2008-09-16,1213.6,1724.08,-0.225,92.33,88.748,92.024,96.217,0,0
2008-09-17,1156.39,1632.45,-0.261,95.238,92.805,94.471,98.439,0,0
2008-09-18,1206.51,1697.42,-0.229,92.636,86.928,94.444,96.534,0,0
2008-09-19,1255.08,1745.06,-0.198,82.978,60.494,94.418,94.021,0,0
2008-09-22,1207.09,1665.94,-0.229,93.134,86.571,95.661,97.169,0,0
2008-09-23,1188.22,1648.4,-0.241,94.754,90.77,95.608,97.884,0,0
2008-09-24,1185.87,1661.33,-0.242,94.764,90.932,95.556,97.804,0,0
2008-09-25,1209.18,1687.55,-0.227,92.786,86.242,95.582,96.534,0,0
2008-09-26,1213.27,1672.04,-0.225,93.683,88.88,96.296,95.873,0,0
2008-09-29,1106.42,1496.15,-0.293,96.791,94.221,97.817,98.333,0,0
2008-09-30,1166.36,1594.63,-0.255,94.198,86.709,97.791,98.095,0,0
2008-10-01,1161.06,1563.8,-0.258,96.076,91.681,98.611,97.937,0,0
2008-10-02,1114.28,1491.11,-0.288,97.247,94.319,98.611,98.81,0,0
2008-10-03,1099.23,1470.84,-0.298,97.527,94.38,99.127,99.074,0,0
2008-10-06,1056.89,1411.28,-0.325,97.843,94.468,99.907,99.153,0,0
2008-10-07,996.23,1329.98,-0.363,97.862,94.472,99.881,99.233,0,0
2008-10-08,984.94,1330.61,-0.371,97.876,94.421,99.894,99.312,0,0
2008-10-09,909.92,1275.1,-0.419,98.037,94.481,100.0,99.63,0,0
2008-10-10,899.22,1269.8,-0.425,98.072,94.375,99.974,99.868,0,0
2008-10-13,1003.35,1429.54,-0.359,91.315,74.183,99.947,99.815,0,0
2008-10-14,998.01,1364.59,-0.362,96.578,90.0,99.921,99.815,0,0
2008-10-15,907.84,1244.23,-0.42,98.058,94.306,99.921,99.947,0,0
2008-10-16,946.43,1312.97,-0.395,97.371,92.405,99.868,99.841,0,0
2008-10-17,940.55,1311.72,-0.399,97.572,93.019,99.854,99.841,0,0
2008-10-20,985.4,1352.76,-0.37,95.684,87.634,99.762,99.656,0,0
2008-10-21,955.05,1283.43,-0.39,97.591,93.251,99.762,99.762,0,0
2008-10-22,896.78,1237.09,-0.427,98.007,94.22,99.854,99.947,0,0
2008-10-23,908.11,1239.16,-0.42,97.968,94.183,99.854,99.868,0,0
2008-10-24,876.77,1202.27,-0.44,98.109,94.367,99.96,100.0,0,0
2008-10-27,848.92,1169.78,-0.458,98.076,94.454,99.775,100.0,0,0
2008-10-28,940.51,1297.57,-0.399,96.695,90.549,99.96,99.577,0,0
2008-10-29,930.09,1302.12,-0.406,96.195,89.008,99.974,99.603,0,0
2008-10-30,954.09,1333.94,-0.39,96.174,89.25,99.907,99.365,0,0
2008-10-31,968.75,1334.78,-0.381,94.123,83.374,99.735,99.259,0,0
2008-11-03,966.3,1334.75,-0.383,92.321,78.247,99.458,99.259,0,0
2008-11-04,1005.75,1378.4,-0.357,88.32,66.639,99.246,99.074,0,0
2008-11-05,952.77,1299.98,-0.391,95.554,87.865,99.352,99.444,0,0
2008-11-06,904.88,1241.97,-0.422,97.207,92.744,99.14,99.735,0,0
2008-11-07,930.99,1271.62,-0.405,95.692,88.744,98.862,99.471,0,0
2008-11-10,919.21,1251.0,-0.413,96.981,92.715,98.757,99.471,0,0
2008-11-11,898.95,1225.59,-0.426,97.433,93.687,98.902,99.709,0,0
2008-11-12,852.3,1165.38,-0.455,97.592,94.032,98.823,99.921,0,0
2008-11-13,911.29,1240.93,-0.418,95.751,89.011,98.796,99.444,0,0
2008-11-14,873.29,1179.63,-0.442,97.419,93.54,98.981,99.735,0,0
2008-11-17,850.75,1151.96,-0.456,97.612,93.789,99.101,99.947,0,0
2008-11-18,859.12,1155.75,-0.451,97.436,93.659,98.836,99.815,0,0
2008-11-19,806.58,1087.6,-0.485,97.726,94.368,98.81,100.0,0,0
2008-11-20,752.44,1036.51,-0.519,97.91,94.575,99.153,100.0,0,0
2008-11-21,800.03,1085.57,-0.489,97.116,92.471,98.929,99.947,0,0
2008-11-24,851.81,1154.34,-0.456,93.96,83.482,98.69,99.709,0,0
2008-11-25,857.39,1142.58,-0.452,93.789,83.63,98.294,99.444,0,0
2008-11-26,887.68,1193.09,-0.433,90.148,73.261,98.082,99.101,0,0
2008-11-28,896.24,1185.75,-0.427,87.723,66.384,97.976,98.81,0,0
2008-12-01,816.21,1091.16,-0.479,96.6,91.613,98.452,99.735,0,0
2008-12-02,848.81,1130.0,-0.458,92.156,78.571,98.505,99.392,0,0
2008-12-03,870.74,1166.2,-0.444,91.965,78.024,98.743,99.127,0,0
2008-12-04,845.22,1127.75,-0.46,94.356,84.999,98.624,99.444,0,0
2008-12-05,876.07,1177.87,-0.44,93.792,84.206,98.254,98.915,0,0
2008-12-08,909.7,1225.06,-0.419,87.399,65.822,98.228,98.148,0,0
2008-12-09,888.67,1212.45,-0.432,92.489,80.774,98.228,98.466,0,0
2008-12-10,899.24,1222.38,-0.425,89.57,72.784,97.804,98.122,0,0
2008-12-11,873.59,1180.46,-0.442,93.286,83.561,97.698,98.598,0,0
2008-12-12,879.73,1206.65,-0.438,92.161,80.847,97.275,98.36,0,0
2008-12-15,868.57,1181.87,-0.445,93.567,84.802,97.169,98.73,0,0
2008-12-16,913.18,1243.49,-0.417,86.549,65.506,96.521,97.619,0,0
2008-12-17,904.42,1225.86,-0.422,88.78,72.16,96.455,97.725,0,0
2008-12-18,885.28,1204.69,-0.434,88.607,72.209,95.728,97.884,0,0
2008-12-19,887.88,1217.19,-0.433,88.076,72.005,94.471,97.751,0,0
2008-12-22,871.63,1189.15,-0.443,91.832,82.216,95.423,97.857,0,0
2008-12-23,863.16,1183.19,-0.449,91.868,82.19,95.265,98.148,0,0
2008-12-24,868.15,1184.3,-0.445,90.0,76.959,95.185,97.857,0,0
2008-12-26,872.8,1185.44,-0.442,89.878,76.791,95.093,97.751,0,0
2008-12-29,869.42,1173.15,-0.445,92.488,84.858,95.04,97.566,0,0
2008-12-30,890.64,1201.34,-0.431,89.062,76.457,93.638,97.09,0,0
2008-12-31,903.25,1211.65,-0.423,87.237,71.393,93.571,96.746,0,0
2009-01-02,931.8,1263.7,-0.405,84.877,64.643,93.452,96.534,0,0
2009-01-05,927.45,1262.52,-0.407,86.27,71.19,91.138,96.481,0,0
2009-01-06,934.7,1274.49,-0.403,86.226,71.23,91.071,96.376,0,0
2009-01-07,906.65,1238.6,-0.421,87.072,71.521,93.214,96.481,0,0
2009-01-08,909.73,1252.52,-0.419,87.857,76.27,90.926,96.376,0,0
2009-01-09,890.35,1223.01,-0.431,89.819,79.669,93.148,96.64,0,0
2009-01-12,870.26,1201.13,-0.444,91.393,83.889,93.095,97.196,0,0
2009-01-13,871.79,1202.65,-0.443,91.354,83.955,93.016,97.09,0,0
2009-01-14,842.62,1163.42,-0.462,93.466,89.444,93.148,97.804,0,0
2009-01-15,843.74,1183.52,-0.461,93.086,89.153,92.407,97.698,0,0
2009-01-16,850.12,1198.14,-0.457,92.87,89.061,92.407,97.143,0,0
2009-01-20,805.22,1136.61,-0.486,94.528,92.024,92.937,98.624,0,0
2009-01-21,840.24,1185.76,-0.463,89.237,76.812,93.069,97.831,0,0
2009-01-22,827.5,1168.08,-0.471,93.519,89.312,93.016,98.228,0,0
2009-01-23,831.95,1175.89,-0.468,93.007,88.307,92.963,97.751,0,0
2009-01-26,836.57,1184.56,-0.466,92.892,88.492,92.91,97.275,0,0
2009-01-27,845.71,1194.41,-0.46,91.058,83.148,92.963,97.063,0,0
2009-01-28,874.09,1235.91,-0.442,84.484,64.378,93.016,96.058,0,0
2009-01-29,845.14,1203.85,-0.46,92.518,86.429,94.405,96.72,0,0
2009-01-30,825.88,1180.25,-0.472,94.563,90.926,95.146,97.619,0,0
2009-02-02,825.44,1195.75,-0.473,94.193,90.053,94.987,97.54,0,0
2009-02-03,838.51,1215.66,-0.464,93.091,87.434,94.987,96.852,0,0
2009-02-04,832.23,1215.43,-0.468,93.986,89.696,95.304,96.958,0,0
2009-02-05,845.85,1245.11,-0.46,92.385,86.402,94.405,96.349,0,0
2009-02-06,868.6,1277.49,-0.445,86.817,70.357,94.484,95.608,0,0
2009-02-09,869.89,1281.65,-0.444,87.884,75.516,92.976,95.159,0,0
2009-02-10,827.16,1229.29,-0.472,93.276,90.132,93.108,96.587,0,0
2009-02-11,833.74,1227.05,-0.467,91.261,84.484,93.082,96.217,0,0
2009-02-12,835.19,1242.81,-0.466,90.847,85.913,90.516,96.111,0,0
2009-02-13,826.84,1236.85,-0.472,92.407,90.198,90.489,96.534,0,0
2009-02-17,789.17,1187.04,-0.496,94.612,92.95,93.161,97.725,0,0
2009-02-18,788.42,1188.77,-0.496,93.382,92.235,90.212,97.698,0,0
2009-02-19,778.94,1167.89,-0.502,94.475,93.188,92.302,97.937,0,0
2009-02-20,770.05,1172.71,-0.508,94.462,93.148,92.249,97.989,0,0
2009-02-23,743.33,1128.97,-0.525,95.538,94.471,93.783,98.36,0,0
2009-02-24,773.14,1171.45,-0.506,89.956,77.751,94.259,97.857,0,0
2009-02-25,764.9,1160.83,-0.511,95.11,92.526,95.0,97.804,0,0
2009-02-26,752.83,1127.1,-0.519,95.82,94.392,95.317,97.751,0,0
2009-02-27,735.09,1116.99,-0.53,96.049,94.815,95.159,98.175,0,0
2009-03-02,700.82,1076.67,-0.552,96.49,95.423,95.529,98.519,0,0
2009-03-03,696.33,1080.67,-0.555,96.437,95.291,95.476,98.545,0,0
2009-03-04,712.87,1110.3,-0.545,95.591,92.804,95.556,98.413,0,0
2009-03-05,682.55,1074.52,-0.564,96.755,95.45,96.164,98.651,0,0
2009-03-06,683.38,1064.7,-0.563,96.636,95.198,96.085,98.624,0,0
2009-03-09,676.53,1043.87,-0.568,96.653,95.41,95.952,98.598,0,0
2009-03-10,719.6,1112.44,-0.54,93.84,86.839,96.667,98.016,0,0
2009-03-11,721.36,1125.95,-0.539,94.4,89.392,96.217,97.593,0,0
2009-03-12,750.74,1164.71,-0.52,93.038,86.019,96.085,97.011,0,0
2009-03-13,756.55,1168.52,-0.517,90.366,77.95,96.058,97.09,0,0
2009-03-16,753.89,1145.45,-0.518,88.682,73.32,96.005,96.72,0,0
2009-03-17,778.12,1192.17,-0.503,85.564,66.31,95.357,95.026,0,0
2009-03-18,794.35,1206.96,-0.492,86.878,71.085,95.344,94.206,0,0
2009-03-19,784.04,1204.21,-0.499,87.306,71.548,95.317,95.053,0,0
2009-03-20,768.54,1187.18,-0.509,92.2,85.542,95.344,95.714,0,0
2009-03-23,822.92,1259.81,-0.474,85.772,69.722,94.815,92.778,0,0
2009-03-24,806.12,1234.34,-0.485,84.462,64.802,95.304,93.28,0,0
2009-03-25,813.88,1236.66,-0.48,84.153,64.828,94.643,92.989,0,0
2009-03-26,832.86,1281.3,-0.468,83.289,63.889,93.677,92.302,0,0
2009-03-27,815.94,1251.47,-0.479,83.408,64.405,93.624,92.196,0,0
2009-03-30,787.53,1220.81,-0.497,87.257,75.899,93.571,92.302,0,0
2009-03-31,797.87,1237.01,-0.49,83.258,64.325,93.519,91.931,0,0
2009-04-01,811.08,1252.51,-0.482,83.02,64.034,93.466,91.561,0,0
2009-04-02,834.38,1294.3,-0.467,81.287,63.294,91.601,88.968,0,0
2009-04-03,842.5,1316.16,-0.462,82.531,68.849,91.336,87.407,0,0
2009-04-06,835.48,1313.1,-0.466,84.784,74.444,88.849,91.058,0,0
2009-04-07,815.55,1275.42,-0.479,84.052,69.987,91.005,91.164,0,0
2009-04-08,825.16,1300.75,-0.473,81.208,63.955,90.437,89.233,0,0
2009-04-09,856.56,1340.28,-0.453,80.481,62.421,89.815,89.206,0,0
2009-04-13,858.73,1336.67,-0.451,80.348,62.606,89.788,88.651,0,0
2009-04-14,841.5,1322.31,-0.462,82.002,63.929,91.574,90.503,0,0
2009-04-15,852.06,1316.51,-0.456,81.49,63.757,91.27,89.444,0,0
2009-04-16,865.3,1352.98,-0.447,79.105,61.667,91.204,84.444,0,0
2009-04-17,869.6,1353.92,-0.444,78.386,60.952,89.365,84.841,0,0
2009-04-20,832.39,1309.37,-0.468,81.971,70.225,89.788,85.899,0,0
2009-04-21,850.08,1329.06,-0.457,78.964,68.479,88.413,80.0,0,0
2009-04-22,843.55,1335.72,-0.461,81.314,69.048,85.794,89.101,0,0
2009-04-23,851.92,1344.41,-0.456,78.677,62.434,85.767,87.831,0,0
2009-04-24,866.23,1373.28,-0.447,78.364,61.548,85.688,87.857,0,0
2009-04-27,857.51,1369.94,-0.452,78.545,61.164,85.582,88.889,0,0
2009-04-28,855.16,1361.92,-0.454,77.324,60.833,82.275,88.862,0,0
2009-04-29,873.64,1382.38,-0.442,76.786,59.537,82.434,88.386,0,0
2009-04-30,872.81,1394.33,-0.442,77.941,65.251,82.328,86.243,0,0
2009-05-01,877.52,1396.62,-0.439,76.407,65.595,82.011,81.614,0,0
2009-05-04,907.24,1427.96,-0.42,73.003,57.394,82.354,79.259,0,0
2009-05-05,903.8,1423.81,-0.423,72.795,57.91,82.143,78.333,0,0
2009-05-06,919.53,1423.85,-0.412,69.383,57.989,78.889,71.27,0,0
2009-05-07,907.39,1389.83,-0.42,67.716,58.651,81.667,62.831,0,0
2009-05-08,929.23,1394.16,-0.406,69.418,56.243,81.349,70.661,0,0
2009-05-11,909.24,1395.79,-0.419,70.141,58.466,84.392,67.566,0,0
2009-05-12,908.35,1377.4,-0.42,67.332,58.796,81.27,61.931,0,0
2009-05-13,883.92,1339.83,-0.435,74.546,67.632,84.497,71.508,0,0
2009-05-14,893.07,1359.67,-0.429,67.725,61.19,84.286,57.698,0,0
2009-05-15,882.88,1355.11,-0.436,68.316,61.587,87.011,56.349,0,0
2009-05-18,909.71,1392.73,-0.419,65.489,57.778,83.664,55.026,0,0
2009-05-19,908.13,1398.05,-0.42,67.756,58.201,83.558,61.508,0,0
2009-05-20,903.47,1393.72,-0.423,68.589,58.347,83.452,63.968,0,0
2009-05-21,888.33,1367.39,-0.432,75.992,67.077,86.27,74.63,0,0
2009-05-22,887.0,1363.17,-0.433,76.27,66.534,86.085,76.19,0,0
2009-05-26,910.33,1412.61,-0.418,66.777,61.984,83.611,54.735,0,0
2009-05-27,893.06,1401.88,-0.429,71.777,64.656,86.389,64.286,0,0
2009-05-28,906.83,1420.31,-0.421,69.572,57.249,86.31,65.159,0,0
2009-05-29,919.14,1435.57,-0.413,65.185,54.987,86.283,54.286,0,0
2009-06-01,942.87,1477.12,-0.398,64.299,56.852,86.468,49.577,0,0
2009-06-02,944.74,1480.31,-0.396,63.739,49.616,85.992,55.608,0,0
2009-06-03,931.76,1475.44,-0.405,66.874,57.103,87.91,55.608,0,0
2009-06-04,942.46,1492.74,-0.398,63.364,50.093,87.804,52.196,0,0
2009-06-05,940.09,1493.21,-0.399,60.816,50.45,85.675,46.323,0,0
2009-06-08,939.14,1488.49,-0.4,63.302,56.772,85.384,47.751,0,0
2009-06-09,942.43,1501.55,-0.398,58.32,50.093,81.852,43.016,0,0
2009-06-10,939.15,1495.27,-0.4,63.942,55.899,81.852,54.074,0,0
2009-06-11,944.89,1497.01,-0.396,58.395,49.96,77.103,48.122,0,0
2009-06-12,946.21,1489.97,-0.395,55.825,48.677,77.024,41.772,0,0
2009-06-15,923.72,1456.96,-0.41,60.974,51.799,78.241,52.884,0,0
2009-06-16,911.97,1443.25,-0.417,62.332,53.201,79.643,54.153,0,0
2009-06-17,910.71,1455.89,-0.418,61.42,53.135,79.59,51.534,0,0
2009-06-18,918.37,1453.8,-0.413,59.489,51.045,79.616,47.804,0,0
2009-06-19,921.23,1471.23,-0.411,57.522,50.397,75.926,46.243,0,0
2009-06-22,893.04,1426.61,-0.429,64.466,54.034,81.138,58.228,0,0
2009-06-23,895.1,1424.46,-0.428,64.48,53.651,79.392,60.397,0,0
2009-06-24,900.94,1447.06,-0.424,62.646,52.593,75.741,59.603,0,0
2009-06-25,920.26,1475.82,-0.412,59.489,47.91,76.164,54.392,0,0
2009-06-26,918.9,1480.2,-0.413,58.461,47.884,75.648,51.852,0,0
2009-06-29,927.23,1483.83,-0.408,55.899,46.058,74.18,47.46,0,0
2009-06-30,919.32,1477.25,-0.413,54.877,46.296,74.286,44.048,0,0
2009-07-01,923.33,1481.34,-0.41,52.443,44.841,71.138,41.349,0,0
2009-07-02,896.42,1446.28,-0.427,58.034,51.098,75.384,47.619,0,0
2009-07-06,898.72,1441.01,-0.426,55.45,49.114,75.357,41.878,0,0
2009-07-07,881.03,1404.78,-0.437,60.661,53.677,79.048,49.259,0,0
2009-07-08,879.56,1411.53,-0.438,58.461,53.823,78.995,42.566,0,0
2009-07-09,882.68,1414.98,-0.436,57.429,52.95,78.995,40.344,0,0
2009-07-10,879.13,1419.84,-0.438,57.892,53.333,78.73,41.614,0,0
2009-07-13,901.05,1447.7,-0.424,50.379,48.598,80.503,22.037,0,0
2009-07-14,905.84,1452.84,-0.421,48.787,47.183,76.005,23.175,0,0
2009-07-15,932.68,1500.98,-0.404,42.447,42.103,74.974,10.265,0,0
2009-07-16,940.74,1518.87,-0.399,40.573,38.545,75.0,8.175,0,0
2009-07-17,940.38,1527.26,-0.399,41.446,41.865,74.696,7.778,0,0
2009-07-20,951.13,1544.0,-0.392,38.448,35.701,74.802,4.841,0,0
2009-07-21,954.58,1553.01,-0.39,36.878,35.185,69.18,6.27,0,0
2009-07-22,954.07,1565.0,-0.39,35.82,34.497,69.153,3.81,0,0
2009-07-23,976.29,1601.52,-0.376,35.317,33.571,69.815,2.566,0,0
2009-07-24,979.26,1599.06,-0.374,34.859,33.492,69.153,1.931,0,0
2009-07-27,982.18,1599.31,-0.372,34.749,33.571,69.087,1.587,0,0
2009-07-28,979.62,1605.47,-0.374,34.638,33.439,69.048,1.429,0,0
2009-07-29,975.15,1599.61,-0.377,34.533,33.426,68.69,1.481,0,0
2009-07-30,986.75,1609.87,-0.37,34.603,33.28,68.995,1.534,0,0
2009-07-31,987.48,1603.36,-0.369,31.667,33.254,60.556,1.19,0,0
2009-08-03,1002.63,1628.12,-0.359,31.287,33.003,60.78,0.079,0,0
2009-08-04,1005.65,1628.49,-0.357,28.21,32.963,51.561,0.106,0,0
2009-08-05,1002.72,1614.44,-0.359,28.32,33.108,51.667,0.185,0,0
2009-08-06,997.08,1600.29,-0.363,30.317,38.624,52.116,0.212,0,0
2009-08-07,1010.48,1619.49,-0.354,30.066,38.082,52.037,0.079,0,0
2009-08-10,1007.1,1610.43,-0.357,27.822,32.725,50.608,0.132,0,0
2009-08-11,994.35,1594.69,-0.365,31.014,33.122,59.63,0.291,0,0
2009-08-12,1005.81,1619.59,-0.357,29.656,32.725,56.085,0.159,0,0
2009-08-13,1012.73,1628.65,-0.353,29.555,32.579,55.979,0.106,0,0
2009-08-14,1004.09,1611.58,-0.358,30.172,32.897,57.302,0.317,0,0
2009-08-17,979.73,1564.89,-0.374,34.951,38.823,65.423,0.608,0,0
2009-08-18,989.67,1586.5,-0.368,34.749,38.267,65.556,0.423,0,0
2009-08-19,996.46,1596.61,-0.363,34.683,38.069,65.608,0.37,0,0
2009-08-20,1007.37,1614.22,-0.356,32.332,32.13,64.63,0.238,0,0
2009-08-21,1026.13,1637.78,-0.344,32.456,31.415,65.873,0.079,0,0
2009-08-24,1025.57,1634.78,-0.345,32.518,31.521,65.899,0.132,0,0
2009-08-25,1028.0,1639.9,-0.343,32.302,31.058,65.767,0.079,0,0
2009-08-26,1028.12,1637.0,-0.343,32.359,31.23,65.714,0.132,0,0
2009-08-27,1030.98,1640.97,-0.341,32.094,30.648,65.556,0.079,0,0
2009-08-28,1028.93,1643.24,-0.343,32.249,30.794,65.608,0.344,0,0
2009-08-31,1020.62,1625.19,-0.348,32.24,30.979,65.317,0.423,0,0
2009-09-01,998.04,1595.84,-0.362,35.82,37.063,69.55,0.847,0,0
2009-09-02,994.75,1594.28,-0.364,33.981,31.429,69.537,0.979,0,0
2009-09-03,1003.24,1605.98,-0.359,33.765,30.833,69.643,0.82,0,0
2009-09-04,1016.4,1638.07,-0.351,33.532,30.291,69.563,0.741,0,0
2009-09-08,1025.39,1654.81,-0.345,33.285,29.524,69.643,0.688,0,0
2009-09-09,1033.37,1669.23,-0.34,31.883,29.008,66.085,0.556,0,0
2009-09-10,1044.14,1686.16,-0.333,31.371,28.228,65.569,0.317,0,0
2009-09-11,1042.73,1685.46,-0.334,31.424,28.069,65.463,0.741,0,0
2009-09-14,1049.34,1693.76,-0.33,31.138,27.659,65.198,0.556,0,0
2009-09-15,1052.63,1699.53,-0.327,28.034,27.487,56.005,0.608,0,0
2009-09-16,1068.76,1723.73,-0.317,28.148,26.984,56.799,0.661,0,0
2009-09-17,1065.49,1721.09,-0.319,28.148,26.958,56.905,0.582,0,0
2009-09-18,1068.3,1725.24,-0.317,27.862,26.892,56.323,0.37,0,0
2009-09-21,1064.66,1731.58,-0.32,27.16,26.614,54.392,0.476,0,0
2009-09-22,1071.66,1734.09,-0.315,26.702,25.78,53.823,0.503,0,0
2009-09-23,1060.87,1724.27,-0.322,29.519,26.667,60.86,1.032,0,0
2009-09-24,1050.78,1709.76,-0.329,30.035,26.997,61.865,1.243,0,0
2009-09-25,1044.38,1694.15,-0.333,30.137,26.931,62.05,1.429,0,0
2009-09-28,1062.98,1724.59,-0.321,29.81,25.212,63.399,0.82,0,0
2009-09-29,1060.61,1717.67,-0.322,29.643,25.185,62.712,1.032,0,0
2009-09-30,1057.08,1718.99,-0.325,26.636,25.41,53.148,1.349,0,0
2009-10-01,1029.85,1666.41,-0.342,30.37,25.344,63.677,2.09,0,0
2009-10-02,1025.21,1662.49,-0.345,30.097,24.656,63.598,2.037,0,0
2009-10-05,1040.46,1675.64,-0.335,29.153,21.958,63.73,1.772,0,0
2009-10-06,1054.72,1705.25,-0.326,28.347,19.59,63.81,1.64,0,0
2009-10-07,1057.58,1710.45,-0.324,28.157,19.127,63.73,1.614,0,0
2009-10-08,1065.48,1717.79,-0.319,27.601,17.989,63.651,1.164,0,0
2009-10-09,1071.49,1727.76,-0.315,26.658,15.106,63.624,1.243,0,0
2009-10-12,1076.19,1729.63,-0.312,25.948,13.426,63.307,1.111,0,0
2009-10-13,1073.19,1730.27,-0.314,27.804,18.743,63.32,1.349,0,0
2009-10-14,1092.02,1754.26,-0.302,25.666,12.738,63.201,1.058,0,0
2009-10-15,1096.56,1753.36,-0.299,23.43,7.262,62.103,0.926,0,0
2009-10-16,1087.68,1739.32,-0.305,25.705,13.545,62.381,1.19,0,0
2009-10-19,1097.91,1756.68,-0.299,25.745,13.558,62.46,1.217,0,0
2009-10-20,1091.06,1756.19,-0.303,26.208,15.503,61.746,1.376,0,0
2009-10-21,1081.4,1753.56,-0.309,23.108,11.812,55.873,1.64,0,0
2009-10-22,1092.91,1763.15,-0.302,22.094,9.696,54.868,1.72,0,0
2009-10-23,1079.6,1753.63,-0.31,25.445,13.056,61.164,2.116,0,0
2009-10-26,1066.95,1746.75,-0.318,29.083,20.701,63.849,2.698,0,0
2009-10-27,1063.41,1722.46,-0.321,30.031,23.545,63.823,2.725,0,0
2009-10-28,1042.63,1682.06,-0.334,33.686,28.69,67.791,4.577,0,0
2009-10-29,1066.11,1711.27,-0.319,29.043,20.013,64.392,2.725,0,0
2009-10-30,1036.19,1667.13,-0.338,34.409,29.921,69.339,3.968,0,0
2009-11-02,1042.88,1672.91,-0.334,34.004,29.735,68.836,3.439,0,0
2009-11-03,1045.41,1679.2,-0.332,31.878,23.704,68.28,3.651,0,0
2009-11-04,1046.5,1680.67,-0.331,31.565,22.923,68.228,3.545,0,0
2009-11-05,1066.63,1721.09,-0.319,32.086,23.876,69.101,3.28,0,0
2009-11-06,1069.3,1730.76,-0.317,32.156,24.193,69.021,3.254,0,0
2009-11-09,1093.08,1768.4,-0.302,28.153,11.68,70.344,2.434,0,0
2009-11-10,1093.01,1773.17,-0.302,30.6,19.233,70.238,2.328,0,0
2009-11-11,1098.51,1782.95,-0.298,27.637,11.534,69.286,2.09,0,0
2009-11-12,1087.24,1773.14,-0.305,29.859,13.876,72.712,2.989,0,0
2009-11-13,1093.48,1788.61,-0.301,28.88,11.653,72.579,2.407,0,0
2009-11-16,1109.3,1807.56,-0.291,28.377,10.066,73.082,1.984,0,0
2009-11-17,1110.32,1812.21,-0.291,28.417,10.37,72.685,2.196,0,0
2009-11-18,1109.8,1801.74,-0.291,28.801,11.362,72.394,2.646,0,0
2009-11-19,1094.9,1773.19,-0.3,31.781,14.087,77.579,3.677,0,0
2009-11-20,1091.38,1764.39,-0.303,31.054,15.278,74.048,3.836,0,0
2009-11-23,1106.24,1792.94,-0.293,28.801,12.95,70.225,3.228,0,0
2009-11-24,1105.65,1786.25,-0.294,28.748,14.577,68.254,3.413,0,0
2009-11-25,1110.63,1793.67,-0.29,27.227,14.339,64.034,3.307,0,0
2009-11-27,1091.49,1765.46,-0.303,29.092,16.019,66.706,4.55,0,0
2009-11-30,1095.63,1767.43,-0.3,26.601,15.146,60.132,4.524,0,0
2009-12-01,1108.86,1787.71,-0.292,25.78,12.632,60.688,4.021,0,0
2009-12-02,1109.24,1790.82,-0.291,25.556,11.667,60.688,4.312,0,0
2009-12-03,1099.92,1782.91,-0.297,26.508,13.995,61.111,4.418,0,0
2009-12-04,1105.98,1791.91,-0.293,25.088,11.64,59.524,4.101,0,0
2009-12-07,1103.25,1783.65,-0.295,25.375,12.13,59.577,4.418,0,0
2009-12-08,1091.94,1772.73,-0.302,26.702,14.854,60.093,5.159,0,0
2009-12-09,1095.95,1789.7,-0.3,26.124,12.937,60.251,5.185,0,0
2009-12-10,1102.35,1799.37,-0.296,26.371,14.206,60.384,4.524,0,0
2009-12-11,1106.41,1792.06,-0.293,24.581,12.91,56.336,4.497,0,0
2009-12-14,1114.11,1809.09,-0.288,23.915,11.045,56.362,4.339,0,0
2009-12-15,1107.93,1798.21,-0.292,23.593,10.132,55.357,5.291,0,0
2009-12-16,1109.18,1800.82,-0.291,24.321,12.288,55.331,5.344,0,0
2009-12-17,1096.08,1778.27,-0.3,26.287,13.585,59.034,6.243,0,0
2009-12-18,1102.47,1807.36,-0.296,24.387,12.13,55.132,5.899,0,0
2009-12-21,1114.05,1828.79,-0.288,24.193,11.389,55.582,5.608,0,0
2009-12-22,1118.02,1839.51,-0.286,22.822,9.775,53.611,5.079,0,0
2009-12-23,1120.59,1851.99,-0.284,22.385,8.439,53.585,5.132,0,0
2009-12-24,1126.48,1869.84,-0.28,21.918,7.54,53.611,4.603,0,0
2009-12-28,1127.78,1878.18,-0.279,20.172,7.844,48.069,4.603,0,0
2009-12-29,1126.2,1872.02,-0.28,20.454,8.161,48.095,5.106,0,0
2009-12-30,1126.42,1878.65,-0.28,19.497,7.831,45.582,5.079,0,0
2009-12-31,1115.1,1860.31,-0.288,22.31,9.55,51.243,6.138,0,0
2010-01-04,1132.99,1886.7,-0.276,21.693,7.143,52.513,5.423,0,0
2010-01-05,1136.52,1888.43,-0.274,21.477,6.415,52.196,5.82,0,0
2010-01-06,1137.14,1878.42,-0.273,21.548,6.402,52.05,6.19,0,0
2010-01-07,1141.69,1876.72,-0.271,19.771,6.415,47.024,5.873,0,0
2010-01-08,1144.98,1892.59,-0.268,19.272,6.521,45.106,6.19,0,0
2010-01-11,1146.98,1886.24,-0.267,19.03,6.468,44.458,6.164,0,0
2010-01-12,1136.22,1861.79,-0.274,20.071,7.024,46.071,7.116,0,0
2010-01-13,1145.68,1886.13,-0.268,20.018,6.653,46.098,7.302,0,0
2010-01-14,1148.46,1886.52,-0.266,19.872,6.693,45.675,7.249,0,0
2010-01-15,1136.03,1864.52,-0.274,21.847,7.209,50.212,8.122,0,0
2010-01-19,1150.23,1895.48,-0.265,19.969,6.468,46.138,7.302,0,0
2010-01-20,1138.04,1867.95,-0.273,21.843,6.786,50.516,8.228,0,0
2010-01-21,1116.48,1850.57,-0.287,24.528,8.545,55.384,9.656,0,0
2010-01-22,1091.76,1794.82,-0.302,28.276,10.622,62.037,12.169,0,0
2010-01-25,1096.78,1802.39,-0.299,28.166,10.053,62.143,12.302,0,0
2010-01-26,1092.17,1803.86,-0.302,31.746,19.206,61.878,14.153,0,0
2010-01-27,1097.5,1818.9,-0.299,30.45,16.614,62.037,12.698,0,0
2010-01-28,1084.53,1771.1,-0.307,34.418,21.296,66.005,15.952,0,0
2010-01-29,1073.87,1741.04,-0.314,35.67,19.577,66.164,21.27,0,0
2010-02-01,1089.19,1760.72,-0.304,30.564,11.455,63.757,16.481,0,0
2010-02-02,1103.32,1776.92,-0.295,28.422,9.735,63.386,12.143,0,0
2010-02-03,1097.28,1784.7,-0.299,29.753,11.561,63.333,14.365,0,0
2010-02-04,1063.11,1732.99,-0.321,41.459,27.672,69.325,27.381,0,0
2010-02-05,1066.19,1746.12,-0.319,38.668,21.865,69.272,24.868,0,0
2010-02-08,1056.74,1734.88,-0.325,41.521,30.899,69.14,24.524,0,0
2010-02-09,1070.52,1753.84,-0.316,38.082,22.897,70.238,21.111,0,0
2010-02-10,1068.13,1749.76,-0.318,39.083,23.624,70.0,23.624,0,0
2010-02-11,1078.47,1775.74,-0.311,37.443,20.794,70.159,21.376,0,0
2010-02-12,1075.51,1779.11,-0.313,39.052,20.886,69.921,26.349,0,0
2010-02-16,1094.87,1802.06,-0.3,33.805,13.69,67.804,19.921,0,0
2010-02-17,1099.51,1810.86,-0.298,33.884,13.426,68.942,19.286,0,0
2010-02-18,1106.75,1823.39,-0.293,32.156,12.063,67.606,16.799,0,0
2010-02-19,1109.17,1823.32,-0.291,30.04,11.071,62.275,16.772,0,0
2010-02-22,1108.01,1817.63,-0.292,28.739,12.169,57.063,16.984,0,0
2010-02-23,1094.6,1793.82,-0.301,32.804,17.09,61.19,20.132,0,0
2010-02-24,1105.24,1812.51,-0.294,29.656,12.222,61.19,15.556,0,0
2010-02-25,1102.94,1812.91,-0.295,32.178,19.497,61.138,15.899,0,0
2010-02-26,1104.49,1818.68,-0.294,28.867,13.783,56.68,16.138,0,0
2010-03-01,1115.71,1846.4,-0.287,27.425,11.534,56.085,14.656,0,0
2010-03-02,1118.31,1851.21,-0.285,26.869,10.317,55.212,15.079,0,0
2010-03-03,1118.79,1851.57,-0.285,26.878,10.079,54.418,16.138,0,0
2010-03-04,1122.97,1859.72,-0.283,26.817,10.013,53.717,16.72,0,0
2010-03-05,1138.7,1888.56,-0.272,20.75,9.511,39.352,13.386,0,0
2010-03-08,1138.5,1890.89,-0.273,20.97,9.101,39.339,14.471,0,0
2010-03-09,1140.45,1901.38,-0.271,20.767,9.193,38.585,14.524,0,0
2010-03-10,1145.61,1917.35,-0.268,21.151,9.008,37.963,16.481,0,0
2010-03-11,1150.24,1923.81,-0.265,20.586,8.981,37.646,15.132,0,0
2010-03-12,1149.99,1924.43,-0.265,20.86,9.299,37.434,15.847,0,0
2010-03-15,1150.51,1920.09,-0.265,22.623,15.172,37.09,15.608,0,0
2010-03-16,1159.46,1932.24,-0.259,19.211,9.114,32.989,15.529,0,0
2010-03-17,1166.21,1936.22,-0.255,18.47,8.585,32.857,13.968,0,0
2010-03-18,1165.83,1943.94,-0.255,18.228,8.347,32.659,13.677,0,0
2010-03-19,1159.9,1932.43,-0.259,18.898,8.929,33.981,13.783,0,0
2010-03-22,1165.81,1949.59,-0.255,18.968,8.532,33.849,14.524,0,0
2010-03-23,1174.17,1963.2,-0.25,14.929,8.399,22.103,14.286,0,0
2010-03-24,1167.72,1951.84,-0.254,15.498,8.889,23.029,14.577,0,0
2010-03-25,1165.73,1949.15,-0.255,15.079,9.246,22.791,13.201,0,0
2010-03-26,1166.59,1952.63,-0.255,15.084,9.286,22.897,13.069,0,0
2010-03-29,1173.22,1961.22,-0.25,14.687,8.942,21.521,13.598,0,0
2010-03-30,1173.27,1967.96,-0.25,15.207,9.339,21.759,14.524,0,0
2010-03-31,1169.43,1958.34,-0.253,15.873,9.616,22.5,15.503,0,0
2010-04-01,1178.1,1959.56,-0.247,15.961,9.008,23.426,15.45,0,0
2010-04-05,1187.44,1977.83,-0.241,15.049,8.968,20.939,15.238,0,0
2010-04-06,1189.44,1981.95,-0.24,14.881,9.034,20.265,15.344,0,0
2010-04-07,1182.45,1977.3,-0.245,15.428,9.484,21.243,15.556,0,0
2010-04-08,1186.44,1980.73,-0.242,15.728,9.325,21.111,16.746,0,0
2010-04-09,1194.37,1994.43,-0.237,15.547,8.638,21.706,16.296,0,0
2010-04-12,1196.48,1995.65,-0.236,14.894,8.413,21.058,15.212,0,0
2010-04-13,1197.3,2003.81,-0.235,15.326,8.915,21.032,16.032,0,0
2010-04-14,1210.65,2028.82,-0.226,14.872,7.765,22.725,14.127,0,0
2010-04-15,1211.67,2038.64,-0.226,14.824,8.73,22.328,13.413,0,0
2010-04-16,1192.13,2012.84,-0.238,22.465,15.701,35.661,16.032,0,0
2010-04-19,1197.52,2013.53,-0.235,21.803,15.886,35.317,14.206,0,0
2010-04-20,1207.17,2023.6,-0.229,18.929,8.77,35.635,12.381,0,0
2010-04-21,1205.94,2034.53,-0.23,20.97,15.45,35.397,12.063,0,0
2010-04-22,1208.67,2045.16,-0.228,20.348,15.595,34.392,11.058,0,0
2010-04-23,1217.28,2055.33,-0.222,18.139,8.81,34.735,10.873,0,0
2010-04-26,1212.05,2049.09,-0.226,20.811,16.296,35.476,10.661,0,0
2010-04-27,1183.71,2006.25,-0.244,26.781,23.651,44.286,12.407,0,0
2010-04-28,1191.36,2007.59,-0.239,24.718,17.513,44.63,12.011,0,0
2010-04-29,1206.78,2042.89,-0.229,24.608,16.653,45.952,11.217,0,0
2010-04-30,1186.69,2000.63,-0.242,29.722,24.312,50.913,13.942,0,0
2010-05-03,1202.26,2031.6,-0.232,25.586,12.381,51.627,12.751,0,0
2010-05-04,1173.6,1968.97,-0.25,36.715,31.455,57.765,20.926,0,0
2010-05-05,1165.87,1958.26,-0.255,32.297,15.899,57.791,23.201,0,0
2010-05-06,1128.15,1893.75,-0.279,50.035,48.228,64.392,37.487,0,0
2010-05-07,1110.88,1849.44,-0.29,54.255,53.505,67.698,41.561,0,0
2010-05-10,1159.73,1942.61,-0.259,38.554,18.413,71.984,25.265,0,0
2010-05-11,1155.79,1940.48,-0.262,40.591,20.344,71.931,29.497,0,0
2010-05-12,1171.67,1975.58,-0.251,39.568,21.733,71.971,25.0,0,0
2010-05-13,1157.44,1945.52,-0.26,42.972,25.251,74.167,29.497,0,0
2010-05-14,1135.68,1907.1,-0.274,51.036,43.254,74.193,35.661,0,0
2010-05-17,1136.94,1915.45,-0.274,50.697,43.003,74.114,34.974,0,0
2010-05-18,1120.8,1887.06,-0.284,55.018,45.728,76.389,42.937,0,0
2010-05-19,1115.05,1873.42,-0.288,57.438,50.767,76.574,44.974,0,0
2010-05-20,1071.59,1800.12,-0.315,67.191,69.206,77.95,54.418,0,0
2010-05-21,1087.69,1822.77,-0.305,63.188,59.709,78.849,51.005,0,0
2010-05-24,1073.65,1815.28,-0.314,67.482,67.672,80.728,54.048,0,0
2010-05-25,1074.03,1815.68,-0.314,67.597,67.804,79.722,55.265,0,0
2010-05-26,1067.95,1796.47,-0.318,68.351,69.008,79.537,56.508,0,0
2010-05-27,1103.06,1862.71,-0.295,57.646,39.339,83.175,50.423,0,0
2010-05-28,1089.41,1852.39,-0.304,61.843,47.937,83.095,54.497,0,0
2010-06-01,1070.71,1835.04,-0.316,71.72,68.36,89.233,57.566,0,0
2010-06-02,1098.38,1879.59,-0.298,61.12,42.037,89.471,51.852,0,0
2010-06-03,1102.83,1895.66,-0.295,62.76,47.024,89.802,51.455,0,0
2010-06-04,1064.88,1832.04,-0.32,72.791,69.418,89.828,59.127,0,0
2010-06-07,1050.47,1798.16,-0.329,75.353,75.357,89.775,60.926,0,0
2010-06-08,1062.0,1795.7,-0.321,73.492,71.31,88.479,60.688,0,0
2010-06-09,1055.69,1778.92,-0.326,74.171,72.579,88.452,61.481,0,0
2010-06-10,1086.84,1830.09,-0.306,66.358,51.561,89.259,58.254,0,0
2010-06-11,1091.6,1847.15,-0.303,63.536,45.066,88.717,56.825,0,0
2010-06-14,1089.63,1845.48,-0.304,65.578,50.476,87.077,59.18,0,0
2010-06-15,1115.23,1897.48,-0.287,60.586,39.034,87.302,55.423,0,0
2010-06-16,1114.61,1905.31,-0.288,60.106,38.929,85.04,56.349,0,0
2010-06-17,1116.04,1910.65,-0.287,62.196,45.595,84.484,56.508,0,0
2010-06-18,1117.51,1913.48,-0.286,58.444,39.511,78.889,56.931,0,0
2010-06-21,1113.2,1895.84,-0.289,61.292,46.786,78.677,58.413,0,0
2010-06-22,1095.31,1880.54,-0.3,66.817,59.127,78.783,62.54,0,0
2010-06-23,1092.04,1874.42,-0.302,67.557,59.206,78.783,64.683,0,0
2010-06-24,1073.69,1844.59,-0.314,72.478,67.963,82.302,67.169,0,0
2010-06-25,1076.76,1838.52,-0.312,69.577,59.101,81.138,68.492,0,0
2010-06-28,1074.57,1836.0,-0.313,69.101,59.947,77.619,69.735,0,0
2010-06-29,1041.24,1764.06,-0.335,76.711,77.249,78.333,74.55,0,0
2010-06-30,1030.71,1739.14,-0.341,78.748,78.439,80.661,77.143,0,0
2010-07-01,1027.37,1734.41,-0.344,79.149,79.034,80.529,77.884,0,0
2010-07-02,1022.58,1728.34,-0.347,77.597,80.066,74.206,78.519,0,0
2010-07-06,1028.06,1734.68,-0.343,75.19,77.143,70.463,77.963,0,0
2010-07-07,1060.27,1789.72,-0.323,68.682,58.148,73.135,74.762,0,0
2010-07-08,1070.25,1798.31,-0.316,67.994,56.64,73.214,74.127,0,0
2010-07-09,1077.96,1814.79,-0.311,66.089,54.524,70.701,73.042,0,0
2010-07-12,1078.75,1821.03,-0.311,66.526,55.463,70.542,73.571,0,0
2010-07-13,1095.34,1845.03,-0.3,62.416,45.013,71.627,70.608,0,0
2010-07-14,1095.17,1853.41,-0.3,61.296,45.41,69.22,69.259,0,0
2010-07-15,1096.48,1856.24,-0.299,60.485,45.463,69.193,66.799,0,0
2010-07-16,1064.88,1803.48,-0.32,71.208,65.847,75.397,72.381,0,0
2010-07-19,1071.25,1819.28,-0.316,69.753,61.587,76.323,71.349,0,0
2010-07-20,1083.48,1840.67,-0.308,64.339,47.579,75.675,69.762,0,0
2010-07-21,1069.59,1817.3,-0.317,70.992,66.72,75.304,70.952,0,0
2010-07-22,1093.67,1863.1,-0.301,67.108,59.246,76.759,65.317,0,0
2010-07-23,1102.66,1875.38,-0.295,61.936,48.095,72.288,65.423,0,0
2010-07-26,1115.01,1890.4,-0.288,58.333,39.563,71.23,64.206,0,0
2010-07-27,1113.84,1888.81,-0.288,58.386,40.225,71.124,63.81,0,0
2010-07-28,1106.13,1872.62,-0.293,60.93,57.434,64.325,61.032,0,0
2010-07-29,1101.53,1860.3,-0.296,61.892,62.09,60.648,62.937,0,0
2010-07-30,1101.6,1864.0,-0.296,59.652,57.249,60.489,61.217,0,0
2010-08-02,1125.86,1898.99,-0.281,55.683,49.881,60.82,56.349,0,0
2010-08-03,1120.46,1891.81,-0.284,57.641,54.325,61.19,57.407,0,0
2010-08-04,1127.24,1909.2,-0.28,51.129,38.201,58.201,56.984,0,0
2010-08-05,1125.81,1904.95,-0.281,53.236,44.815,58.122,56.772,0,0
2010-08-06,1121.64,1902.88,-0.283,54.638,45.476,57.434,61.005,0,0
2010-08-09,1127.79,1915.17,-0.279,56.473,52.116,57.407,59.894,0,0
2010-08-10,1121.06,1899.24,-0.284,60.044,60.635,57.011,62.487,0,0
2010-08-11,1089.47,1845.38,-0.304,67.218,68.545,63.452,69.656,0,0
2010-08-12,1083.61,1832.17,-0.308,68.496,71.349,63.452,70.688,0,0
2010-08-13,1079.25,1818.8,-0.31,65.582,69.444,57.011,70.291,0,0
2010-08-16,1079.38,1821.51,-0.31,65.079,67.407,56.746,71.085,0,0
2010-08-17,1092.54,1845.37,-0.302,60.82,57.302,56.878,68.28,0,0
2010-08-18,1094.16,1850.8,-0.301,54.696,45.119,50.847,68.122,0,0
2010-08-19,1075.63,1823.0,-0.313,66.16,71.587,54.775,72.116,0,0
2010-08-20,1071.69,1825.75,-0.315,66.693,72.817,54.458,72.804,0,0
2010-08-23,1067.36,1808.31,-0.318,67.209,74.656,53.585,73.386,0,0
2010-08-24,1051.87,1775.27,-0.328,70.855,79.074,57.698,75.794,0,0
2010-08-25,1055.33,1790.88,-0.326,69.956,75.741,57.804,76.323,0,0
2010-08-26,1047.22,1769.02,-0.331,71.367,78.545,57.884,77.672,0,0
2010-08-27,1064.59,1791.64,-0.32,65.86,62.368,59.63,75.582,0,0
2010-08-30,1048.92,1772.07,-0.33,72.187,77.923,60.437,78.201,0,0
2010-08-31,1049.33,1767.43,-0.33,72.28,77.937,60.463,78.439,0,0
2010-09-01,1080.29,1820.05,-0.31,64.352,54.153,64.696,74.206,0,0
2010-09-02,1090.1,1840.58,-0.304,61.684,47.156,65.146,72.751,0,0
2010-09-03,1104.51,1870.31,-0.294,60.11,44.339,65.357,70.635,0,0
2010-09-07,1091.84,1856.5,-0.302,63.131,46.892,69.299,73.201,0,0
2010-09-08,1098.87,1880.0,-0.298,64.004,50.913,69.431,71.667,0,0
2010-09-09,1104.18,1886.14,-0.295,62.857,55.728,62.632,70.212,0,0
2010-09-10,1109.55,1892.34,-0.291,62.046,54.299,62.553,69.286,0,0
2010-09-13,1121.9,1921.67,-0.283,58.347,45.86,62.646,66.534,0,0
2010-09-14,1121.1,1928.59,-0.284,56.217,40.053,62.619,65.979,0,0
2010-09-15,1125.07,1939.6,-0.281,55.534,39.696,62.116,64.788,0,0
2010-09-16,1124.66,1948.11,-0.281,57.54,45.582,62.169,64.868,0,0
2010-09-17,1125.59,1955.83,-0.281,57.637,50.979,56.825,65.106,0,0
2010-09-20,1142.71,1989.43,-0.27,53.823,42.738,57.328,61.402,0,0
2010-09-21,1139.78,1989.11,-0.272,52.152,37.566,57.222,61.667,0,0
2010-09-22,1134.28,1982.76,-0.275,53.311,44.484,52.116,63.333,0,0
2010-09-23,1124.83,1982.15,-0.281,57.037,52.196,52.857,66.058,0,0
2010-09-24,1148.67,2023.84,-0.266,50.181,35.675,53.677,61.19,0,0
2010-09-27,1142.16,2010.99,-0.27,52.544,42.235,53.413,61.984,0,0
2010-09-28,1147.7,2012.43,-0.267,49.647,41.204,46.601,61.138,0,0
2010-09-29,1144.73,2009.08,-0.269,50.075,41.111,46.812,62.302,0,0
2010-09-30,1141.2,1998.04,-0.271,47.086,35.979,42.262,63.016,0,0
2010-10-01,1146.24,1996.6,-0.268,46.023,33.902,42.024,62.143,0,0
2010-10-04,1137.03,1975.33,-0.274,49.819,42.963,41.865,64.63,0,0
2010-10-05,1160.75,2024.63,-0.258,43.329,32.447,37.354,60.185,0,0
2010-10-06,1159.97,2006.52,-0.259,42.817,32.302,37.341,58.81,0,0
2010-10-07,1158.06,2011.63,-0.26,45.11,38.492,37.474,59.365,0,0
2010-10-08,1165.15,2027.03,-0.256,41.786,31.23,35.82,58.307,0,0
2010-10-11,1165.32,2026.98,-0.255,40.811,31.839,32.606,57.989,0,0
2010-10-12,1169.77,2041.55,-0.253,39.819,30.225,32.54,56.693,0,0
2010-10-13,1178.1,2057.25,-0.247,38.483,27.804,32.804,54.841,0,0
2010-10-14,1173.81,2054.51,-0.25,39.396,29.511,32.963,55.714,0,0
2010-10-15,1176.19,2097.73,-0.249,40.529,36.243,32.937,52.407,0,0
2010-10-18,1184.71,2104.15,-0.243,36.984,28.492,31.693,50.767,0,0
2010-10-19,1165.9,2069.73,-0.255,45.101,37.672,40.013,57.619,0,0
2010-10-20,1178.17,2085.75,-0.247,44.828,42.116,40.489,51.878,0,0
2010-10-21,1180.26,2090.1,-0.246,44.722,42.037,39.484,52.646,0,0
2010-10-22,1183.08,2104.21,-0.244,40.035,35.595,35.622,48.889,0,0
2010-10-25,1185.62,2113.55,-0.242,40.904,39.762,35.437,47.513,0,0
2010-10-26,1185.64,2119.05,-0.242,37.729,35.026,35.41,42.751,0,0
2010-10-27,1182.45,2125.88,-0.245,37.112,34.841,35.437,41.058,0,0
2010-10-28,1183.78,2129.73,-0.244,38.823,34.206,35.357,46.905,0,0
2010-10-29,1183.26,2124.45,-0.244,36.698,28.889,35.357,45.847,0,0
2010-11-01,1184.38,2128.42,-0.243,41.151,42.063,34.828,46.561,0,0
2010-11-02,1193.57,2151.72,-0.237,33.02,24.709,31.812,42.54,0,0
2010-11-03,1197.96,2158.36,-0.235,33.69,31.323,31.812,37.937,0,0
2010-11-04,1221.06,2187.8,-0.22,28.276,19.802,34.127,30.899,0,0
2010-11-05,1225.85,2186.71,-0.217,26.578,19.299,33.347,27.09,0,0
2010-11-08,1223.25,2188.94,-0.218,26.464,19.246,33.452,26.693,0,0
2010-11-09,1213.4,2176.88,-0.225,27.103,21.614,33.981,25.714,0,0
2010-11-10,1218.71,2187.74,-0.221,26.411,19.881,33.902,25.45,0,0
2010-11-11,1213.54,2173.11,-0.225,27.412,22.698,33.929,25.608,0,0
2010-11-12,1199.21,2137.95,-0.234,33.197,31.389,39.762,28.439,0,0
2010-11-15,1197.75,2131.48,-0.235,34.925,36.944,39.577,28.254,0,0
2010-11-16,1178.34,2093.63,-0.247,41.878,48.36,39.656,37.619,0,0
2010-11-17,1178.59,2100.0,-0.247,39.352,44.101,39.167,34.788,0,0
2010-11-18,1196.69,2134.77,-0.235,36.111,40.741,40.344,27.249,0,0
2010-11-19,1199.73,2135.27,-0.233,37.716,45.159,39.947,28.042,0,0
2010-11-22,1197.84,2150.86,-0.235,36.808,41.138,39.921,29.365,0,0
2010-11-23,1180.73,2116.61,-0.246,42.897,52.593,45.172,30.926,0,0
2010-11-24,1198.35,2160.52,-0.234,35.37,34.458,46.759,24.894,0,0
2010-11-26,1189.4,2153.91,-0.24,39.431,43.492,46.812,27.989,0,0
2010-11-29,1187.76,2144.56,-0.241,37.381,37.341,46.839,27.963,0,0
2010-11-30,1180.55,2117.33,-0.246,41.526,44.749,46.918,32.91,0,0
2010-12-01,1206.07,2162.83,-0.229,37.597,37.434,49.22,26.138,0,0
2010-12-02,1221.53,2185.3,-0.22,30.855,19.907,50.066,22.593,0,0
2010-12-03,1224.71,2191.17,-0.218,33.399,28.796,47.963,23.439,0,0
2010-12-06,1223.12,2189.81,-0.219,31.821,23.796,47.804,23.862,0,0
2010-12-07,1223.75,2189.35,-0.218,31.649,23.386,47.698,23.862,0,0
2010-12-08,1228.28,2200.6,-0.215,29.903,20.093,46.865,22.751,0,0
2010-12-09,1233.0,2201.57,-0.212,27.61,15.608,45.767,21.455,0,0
2010-12-10,1240.4,2215.34,-0.207,26.42,15.291,45.714,18.254,0,0
2010-12-13,1240.46,2207.45,-0.207,24.744,15.159,41.085,17.989,0,0
2010-12-14,1241.59,2212.59,-0.207,23.964,13.796,41.032,17.063,0,0
2010-12-15,1235.23,2202.45,-0.211,24.687,22.063,33.823,18.175,0,0
2010-12-16,1242.87,2218.02,-0.206,24.123,21.693,33.823,16.852,0,0
2010-12-17,1243.91,2218.29,-0.205,20.066,14.206,30.41,15.582,0,0
2010-12-20,1247.08,2223.04,-0.203,19.242,12.447,30.384,14.894,0,0
2010-12-21,1254.6,2234.57,-0.198,18.611,11.376,30.357,14.101,0,0
2010-12-22,1258.84,2235.91,-0.196,15.957,12.037,22.262,13.571,0,0
2010-12-23,1256.77,2230.27,-0.197,15.97,12.831,21.508,13.571,0,0
2010-12-27,1257.54,2229.86,-0.197,16.155,13.664,20.754,14.048,0,0
2010-12-28,1258.51,2227.42,-0.196,16.195,14.061,20.503,14.021,0,0
2010-12-29,1259.78,2231.64,-0.195,15.075,11.693,19.325,14.206,0,0
2010-12-30,1257.88,2225.72,-0.196,13.369,12.196,13.651,14.259,0,0
2010-12-31,1257.64,2217.86,-0.196,13.236,11.839,13.532,14.339,0,0
2011-01-03,1271.87,2254.23,-0.187,12.681,11.349,13.545,13.148,0,0
2011-01-04,1270.2,2251.46,-0.188,12.813,11.706,13.558,13.175,0,0
2011-01-05,1276.56,2270.4,-0.184,11.909,10.569,13.571,11.587,0,0
2011-01-06,1273.85,2277.51,-0.186,11.733,10.053,13.638,11.508,0,0
2011-01-07,1271.5,2276.7,-0.188,12.429,11.653,13.73,11.905,0,0
2011-01-10,1269.75,2284.38,-0.189,12.116,11.548,13.558,11.243,0,0
2011-01-11,1274.48,2288.73,-0.186,12.125,11.005,13.598,11.772,0,0
2011-01-12,1285.96,2304.88,-0.178,11.905,10.675,14.114,10.926,0,0
2011-01-13,1283.76,2305.53,-0.18,12.072,10.979,13.81,11.429,0,0
2011-01-14,1293.24,2323.43,-0.174,11.371,9.524,13.902,10.688,0,0
2011-01-18,1295.02,2328.79,-0.173,11.16,9.167,13.889,10.423,0,0
2011-01-19,1281.92,2303.32,-0.181,14.347,10.079,21.772,11.19,0,0
2011-01-20,1280.26,2286.08,-0.182,14.087,9.616,21.376,11.27,0,0
2011-01-21,1283.35,2268.32,-0.18,14.572,10.185,21.627,11.905,0,0
2011-01-24,1290.84,2300.39,-0.175,16.133,15.437,21.825,11.138,0,0
2011-01-25,1291.18,2304.03,-0.175,18.624,22.738,21.839,11.296,0,0
2011-01-26,1296.63,2314.19,-0.172,16.534,16.561,22.09,10.952,0,0
2011-01-27,1299.54,2330.07,-0.17,16.283,16.217,22.103,10.529,0,0
2011-01-28,1276.34,2270.51,-0.185,21.279,18.69,32.05,13.095,0,0
2011-01-31,1286.12,2281.91,-0.178,18.823,12.593,32.5,11.376,0,0
2011-02-01,1307.59,2324.95,-0.165,17.363,10.278,33.108,8.704,0,0
2011-02-02,1304.03,2321.09,-0.167,17.482,10.556,33.108,8.783,0,0
2011-02-03,1307.1,2323.07,-0.165,16.843,9.193,33.003,8.333,0,0
2011-02-04,1310.87,2338.2,-0.162,16.856,9.603,32.87,8.095,0,0
2011-02-07,1319.05,2349.2,-0.157,16.768,9.444,32.923,7.937,0,0
2011-02-08,1324.57,2363.61,-0.154,16.274,8.307,32.817,7.698,0,0
2011-02-09,1320.88,2360.95,-0.156,16.323,8.69,32.95,7.328,0,0
2011-02-10,1321.87,2364.35,-0.155,18.422,15.542,32.526,7.196,0,0
2011-02-11,1329.15,2379.15,-0.151,18.532,16.217,32.526,6.852,0,0
2011-02-14,1332.32,2385.6,-0.149,16.556,10.079,33.082,6.508,0,0
2011-02-15,1328.01,2381.92,-0.152,18.739,16.283,33.161,6.772,0,0
2011-02-16,1336.32,2397.94,-0.146,16.358,15.503,27.434,6.138,0,0
2011-02-17,1340.43,2397.57,-0.144,14.118,9.008,27.315,6.032,0,0
2011-02-18,1343.01,2392.47,-0.142,14.127,9.59,27.288,5.503,0,0
2011-02-22,1315.44,2322.86,-0.16,18.58,12.857,35.291,7.593,0,0
2011-02-23,1307.4,2300.94,-0.165,21.953,21.495,35.556,8.81,0,0
2011-02-24,1306.1,2313.31,-0.166,21.931,20.899,35.397,9.497,0,0
2011-02-25,1319.88,2346.29,-0.157,19.228,12.421,36.376,8.889,0,0
2011-02-28,1327.22,2350.99,-0.152,16.226,12.262,28.585,7.831,0,0
2011-03-01,1306.33,2315.26,-0.165,20.022,14.868,35.225,9.974,0,0
2011-03-02,1308.44,2326.77,-0.164,19.502,14.868,33.558,10.079,0,0
2011-03-03,1330.97,2371.76,-0.15,18.818,12.817,35.251,8.386,0,0
2011-03-04,1321.15,2359.96,-0.156,21.971,20.291,35.966,9.656,0,0
2011-03-07,1310.13,2328.07,-0.163,24.881,26.984,36.627,11.032,0,0
2011-03-08,1321.82,2337.55,-0.155,19.753,12.13,37.156,9.974,0,0
2011-03-09,1320.02,2322.69,-0.157,24.268,25.622,36.944,10.238,0,0
2011-03-10,1295.11,2284.29,-0.173,29.422,32.513,42.791,12.963,0,0
2011-03-11,1304.28,2299.26,-0.167,24.052,15.794,43.214,13.148,0,0
2011-03-14,1296.39,2290.72,-0.172,26.953,23.611,43.307,13.942,0,0
2011-03-15,1281.87,2259.62,-0.181,31.746,30.185,49.048,16.005,0,0
2011-03-16,1256.88,2202.97,-0.197,37.028,35.635,54.471,20.979,0,0
2011-03-17,1273.72,2225.24,-0.186,36.16,33.452,55.45,19.577,0,0
2011-03-18,1279.21,2221.07,-0.183,30.873,19.259,55.556,17.804,0,0
2011-03-21,1298.38,2262.7,-0.17,30.216,15.926,59.669,15.053,0,0
2011-03-22,1293.77,2257.96,-0.173,28.836,17.169,53.836,15.503,0,0
2011-03-23,1297.54,2270.5,-0.171,30.767,23.704,53.757,14.841,0,0
2011-03-24,1309.66,2312.09,-0.163,31.451,27.196,53.347,13.81,0,0
2011-03-25,1313.8,2316.36,-0.161,31.138,27.302,52.672,13.439,0,0
2011-03-28,1310.19,2303.1,-0.163,27.923,15.939,52.434,15.397,0,0
2011-03-29,1319.44,2325.54,-0.157,29.7,27.103,47.685,14.312,0,0
2011-03-30,1328.26,2336.52,-0.151,24.974,14.18,47.593,13.148,0,0
2011-03-31,1325.83,2338.99,-0.153,26.984,21.561,45.37,14.021,0,0
2011-04-01,1332.41,2342.92,-0.149,25.939,20.251,44.233,13.333,0,0
2011-04-04,1332.87,2334.54,-0.148,27.84,25.899,43.757,13.862,0,0
2011-04-05,1332.63,2327.87,-0.149,26.138,20.317,43.36,14.735,0,0
2011-04-06,1335.54,2332.34,-0.147,25.507,19.497,42.95,14.074,0,0
2011-04-07,1333.51,2332.88,-0.148,23.439,20.463,35.093,14.762,0,0
2011-04-08,1328.17,2321.18,-0.151,24.083,20.807,34.934,16.508,0,0
2011-04-11,1324.46,2314.5,-0.154,21.768,15.463,34.312,15.529,0,0
2011-04-12,1314.16,2298.3,-0.16,20.6,14.828,28.929,18.042,0,0
2011-04-13,1314.41,2316.63,-0.16,18.201,15.238,21.058,18.307,0,0
2011-04-14,1314.52,2311.25,-0.16,19.846,21.878,18.849,18.81,0,0
2011-04-15,1319.68,2307.58,-0.157,18.589,21.455,15.926,18.386,0,0
2011-04-18,1305.14,2292.34,-0.166,22.046,24.259,20.0,21.878,0,0
2011-04-19,1312.62,2306.77,-0.161,23.444,29.735,20.225,20.37,0,0
2011-04-20,1330.36,2357.76,-0.15,18.038,14.815,21.68,17.619,0,0
2011-04-21,1337.38,2377.3,-0.146,17.575,15.146,20.86,16.72,0,0
2011-04-25,1335.25,2383.72,-0.147,19.586,20.476,20.873,17.407,0,0
2011-04-26,1347.24,2396.03,-0.139,16.874,12.646,21.389,16.587,0,0
2011-04-27,1355.66,2413.59,-0.134,15.935,10.741,21.323,15.741,0,0
2011-04-28,1360.48,2409.9,-0.131,18.263,16.706,20.886,17.196,0,0
2011-04-29,1363.61,2404.08,-0.129,20.251,22.659,20.794,17.302,0,0
2011-05-02,1361.22,2404.24,-0.13,18.668,17.5,20.78,17.725,0,0
2011-05-03,1356.62,2392.8,-0.133,19.14,18.585,20.899,17.937,0,0
2011-05-04,1347.32,2387.51,-0.139,18.408,13.624,21.495,20.106,0,0
2011-05-05,1335.1,2375.21,-0.147,19.043,13.558,22.063,21.508,0,0
2011-05-06,1340.2,2383.18,-0.144,18.197,12.698,22.183,19.709,0,0
2011-05-09,1346.29,2390.97,-0.14,20.392,20.053,22.13,18.995,0,0
2011-05-10,1357.16,2411.35,-0.133,16.799,11.971,22.341,16.085,0,0
2011-05-11,1342.08,2393.08,-0.143,22.328,21.19,27.751,18.042,0,0
2011-05-12,1348.65,2407.89,-0.138,20.388,14.18,27.778,19.206,0,0
2011-05-13,1337.77,2379.24,-0.145,21.658,15.066,28.161,21.746,0,0
2011-05-16,1329.47,2337.85,-0.151,27.91,31.217,28.492,24.021,0,0
2011-05-17,1328.98,2343.51,-0.151,24.978,29.193,22.619,23.122,0,0
2011-05-18,1340.68,2362.95,-0.143,24.242,28.069,22.751,21.905,0,0
2011-05-19,1343.6,2369.67,-0.142,21.715,22.897,21.72,20.529,0,0
2011-05-20,1333.27,2351.43,-0.148,24.824,29.206,22.011,23.254,0,0
2011-05-23,1317.37,2316.78,-0.158,29.899,35.423,27.844,26.429,0,0
2011-05-24,1316.28,2303.55,-0.159,29.81,33.122,27.315,28.995,0,0
2011-05-25,1320.47,2310.95,-0.156,29.365,31.23,27.024,29.841,0,0
2011-05-26,1325.69,2325.93,-0.153,24.956,17.976,27.712,29.18,0,0
2011-05-27,1331.1,2336.09,-0.15,25.11,17.95,29.206,28.175,0,0
2011-05-31,1345.2,2372.54,-0.141,23.351,15.886,29.246,24.921,0,0
2011-06-01,1314.55,2322.48,-0.16,31.164,23.426,36.971,33.095,0,0
2011-06-02,1312.94,2326.7,-0.161,33.228,28.426,36.733,34.524,0,0
2011-06-03,1300.16,2292.31,-0.169,38.135,39.55,36.865,37.989,0,0
2011-06-06,1286.17,2274.48,-0.178,43.739,49.921,40.847,40.45,0,0
2011-06-07,1284.94,2268.96,-0.179,43.563,49.021,40.423,41.243,0,0
2011-06-08,1279.56,2252.89,-0.182,44.89,53.135,39.286,42.249,0,0
2011-06-09,1289.0,2256.65,-0.176,40.719,44.511,35.873,41.772,0,0
2011-06-10,1270.98,2221.09,-0.188,47.077,55.384,40.37,45.476,0,0
2011-06-13,1271.83,2222.28,-0.187,47.482,56.138,40.172,46.138,0,0
2011-06-14,1287.87,2250.34,-0.177,40.009,33.108,42.077,44.841,0,0
2011-06-15,1265.42,2209.01,-0.192,51.411,57.288,47.13,49.815,0,0
2011-06-16,1267.64,2199.93,-0.19,47.372,45.516,46.574,50.026,0,0
2011-06-17,1271.5,2192.96,-0.188,46.856,44.074,46.627,49.868,0,0
2011-06-20,1278.36,2204.36,-0.183,44.524,37.579,46.759,49.233,0,0
2011-06-21,1295.52,2251.82,-0.172,41.239,33.148,43.638,46.931,0,0
2011-06-22,1287.14,2235.75,-0.178,42.174,34.087,43.942,48.492,0,0
2011-06-23,1283.5,2255.05,-0.18,42.632,34.735,43.743,49.418,0,0
2011-06-24,1268.45,2217.06,-0.19,48.492,43.36,48.122,53.995,0,0
2011-06-27,1280.1,2252.24,-0.182,45.697,36.508,48.598,51.984,0,0
2011-06-28,1296.67,2285.75,-0.172,48.452,40.728,54.841,49.788,0,0
2011-06-29,1307.41,2294.43,-0.165,42.482,32.169,47.156,48.122,0,0
2011-06-30,1320.64,2325.07,-0.156,40.988,29.656,46.958,46.349,0,0
2011-07-01,1339.67,2361.39,-0.144,37.91,25.04,45.622,43.069,0,0
2011-07-05,1337.88,2371.21,-0.145,37.553,27.169,41.204,44.286,0,0
2011-07-06,1339.22,2378.58,-0.144,37.205,25.251,41.124,45.238,0,0
2011-07-07,1353.22,2412.89,-0.135,35.11,21.693,41.283,42.354,0,0
2011-07-08,1343.8,2405.89,-0.141,37.5,25.476,41.601,45.423,0,0
2011-07-11,1319.49,2362.0,-0.157,47.011,48.241,42.87,49.921,0,0
2011-07-12,1313.64,2343.79,-0.161,47.5,49.286,43.029,50.185,0,0
2011-07-13,1317.72,2352.43,-0.158,43.893,40.212,41.812,49.656,0,0
2011-07-14,1308.87,2325.06,-0.164,47.69,55.529,35.979,51.561,0,0
2011-07-15,1316.14,2356.67,-0.159,47.681,55.754,36.098,51.19,0,0
2011-07-18,1305.44,2344.01,-0.166,50.247,60.767,36.587,53.386,0,0
2011-07-19,1326.73,2398.17,-0.152,45.988,49.828,37.817,50.317,0,0
2011-07-20,1325.84,2387.8,-0.153,41.587,36.984,36.852,50.926,0,0
2011-07-21,1343.8,2404.24,-0.141,39.193,34.021,37.209,46.349,0,0
2011-07-22,1345.02,2429.5,-0.141,41.31,39.616,37.037,47.275,0,0
2011-07-25,1337.43,2424.15,-0.145,44.074,50.608,31.349,50.265,0,0
2011-07-26,1331.94,2429.45,-0.149,45.071,52.778,31.323,51.111,0,0
2011-07-27,1304.89,2367.16,-0.166,52.985,63.862,38.638,56.455,0,0
2011-07-28,1300.67,2371.77,-0.169,53.126,63.532,38.042,57.804,0,0
2011-07-29,1292.28,2362.81,-0.174,52.879,61.296,37.315,60.026,0,0
2011-08-01,1286.94,2354.05,-0.178,54.802,66.958,36.177,61.27,0,0
2011-08-02,1254.05,2292.85,-0.199,62.35,76.905,43.876,66.27,0,0
2011-08-03,1260.34,2312.78,-0.195,59.66,69.286,44.061,65.635,0,0
2011-08-04,1200.07,2207.2,-0.233,70.855,83.704,55.212,73.651,0,0
2011-08-05,1199.38,2194.38,-0.234,72.006,83.624,58.082,74.312,0,0
2011-08-08,1119.46,2060.29,-0.285,77.738,91.005,62.923,79.286,0,0
2011-08-09,1172.53,2160.79,-0.251,72.69,76.944,63.849,77.275,0,0
2011-08-10,1120.76,2073.09,-0.284,79.453,90.159,68.175,80.026,0,0
2011-08-11,1172.64,2167.07,-0.251,71.314,67.354,68.836,77.751,0,0
2011-08-12,1178.81,2182.05,-0.247,72.747,72.579,68.783,76.878,0,0
2011-08-15,1204.49,2214.12,-0.23,68.761,63.373,68.862,74.048,0,0
2011-08-16,1192.76,2194.27,-0.238,69.894,65.37,68.757,75.556,0,0
2011-08-17,1193.89,2181.62,-0.237,72.011,71.005,68.73,76.296,0,0
2011-08-18,1140.65,2073.03,-0.271,80.595,88.783,72.394,80.608,0,0
2011-08-19,1123.53,2038.22,-0.282,83.316,89.392,79.312,81.243,0,0
2011-08-22,1123.82,2044.73,-0.282,83.505,88.704,80.437,81.376,0,0
2011-08-23,1162.35,2129.27,-0.257,81.618,78.81,86.362,79.683,0,0
2011-08-24,1177.6,2145.04,-0.248,74.22,59.365,85.066,78.228,0,0
2011-08-25,1159.27,2108.21,-0.259,78.422,68.294,87.341,79.63,0,0
2011-08-26,1176.8,2161.97,-0.248,75.013,59.233,87.315,78.492,0,0
2011-08-29,1210.08,2223.96,-0.227,72.571,55.476,87.394,74.841,0,0
2011-08-30,1212.92,2237.69,-0.225,70.957,54.749,84.921,73.201,0,0
2011-08-31,1218.89,2241.01,-0.221,71.878,54.484,88.214,72.937,0,0
2011-09-01,1204.42,2219.05,-0.23,74.916,62.434,87.95,74.365,0,0
2011-09-02,1173.97,2167.83,-0.25,79.806,71.759,90.331,77.328,0,0
2011-09-06,1165.24,2167.6,-0.256,82.116,82.037,86.984,77.328,0,0
2011-09-07,1198.62,2223.75,-0.234,72.518,56.283,86.455,74.815,0,0
2011-09-08,1185.9,2214.29,-0.242,77.575,69.974,85.767,76.984,0,0
2011-09-09,1154.23,2163.66,-0.263,84.868,84.841,87.751,82.011,0,0
2011-09-12,1162.27,2191.84,-0.257,83.307,81.085,87.725,81.111,0,0
2011-09-13,1172.87,2220.58,-0.251,80.529,74.048,87.381,80.159,0,0
2011-09-14,1188.68,2252.75,-0.241,78.713,69.127,87.54,79.471,0,0
2011-09-15,1209.11,2286.56,-0.227,75.573,61.772,87.751,77.196,0,0
2011-09-16,1216.01,2306.09,-0.223,73.422,61.243,83.148,75.873,0,0
2011-09-19,1204.09,2308.76,-0.231,77.099,73.757,79.074,78.466,0,0
2011-09-20,1202.09,2295.89,-0.232,78.721,77.751,79.074,79.339,0,0
2011-09-21,1166.76,2258.3,-0.255,83.589,85.291,82.698,82.778,0,0
2011-09-22,1129.56,2184.59,-0.278,86.874,89.233,86.019,85.37,0,0
2011-09-23,1136.43,2206.86,-0.274,84.951,86.349,83.294,85.212,0,0
2011-09-26,1162.95,2234.28,-0.257,80.789,75.212,83.532,83.624,0,0
2011-09-27,1175.38,2253.55,-0.249,78.585,70.212,82.95,82.593,0,0
2011-09-28,1151.06,2220.84,-0.265,85.269,84.854,85.741,85.212,0,0
2011-09-29,1160.4,2197.68,-0.259,83.342,79.735,85.741,84.55,0,0
2011-09-30,1131.42,2139.18,-0.277,87.037,88.069,86.032,87.011,0,0
2011-10-03,1099.23,2085.04,-0.298,88.28,90.635,86.085,88.122,0,0
2011-10-04,1123.95,2129.21,-0.282,85.273,81.429,86.799,87.593,0,0
2011-10-05,1144.03,2182.77,-0.269,80.481,68.796,86.058,86.587,0,0
2011-10-06,1164.97,2217.99,-0.256,76.054,59.497,83.849,84.815,0,0
2011-10-07,1155.46,2202.76,-0.262,79.255,73.029,79.259,85.476,0,0
2011-10-10,1194.89,2278.65,-0.237,74.912,62.884,80.238,81.614,0,0
2011-10-11,1195.54,2294.92,-0.236,77.174,68.955,80.185,82.381,0,0
2011-10-12,1207.25,2307.18,-0.229,72.222,55.476,80.132,81.058,0,0
2011-10-13,1203.66,2326.88,-0.231,72.377,56.085,79.616,81.429,0,0
2011-10-14,1224.58,2371.94,-0.218,70.847,53.915,79.233,79.392,0,0
2011-10-17,1200.86,2334.38,-0.233,76.274,63.122,83.399,82.302,0,0
2011-10-18,1225.38,2364.87,-0.217,72.407,53.823,83.558,79.841,0,0
2011-10-19,1209.88,2316.81,-0.227,77.297,67.804,82.897,81.19,0,0
2011-10-20,1215.39,2306.29,-0.223,74.965,66.918,77.526,80.45,0,0
2011-10-21,1238.25,2335.93,-0.209,73.673,66.111,77.738,77.169,0,0
2011-10-24,1254.19,2384.42,-0.199,66.94,49.272,77.421,74.127,0,0
2011-10-25,1229.05,2335.87,-0.215,74.18,63.704,81.825,77.011,0,0
2011-10-26,1242.0,2334.79,-0.206,71.583,62.526,77.222,75.0,0,0
2011-10-27,1284.59,2399.83,-0.179,65.873,50.966,77.447,69.206,0,0
2011-10-28,1285.09,2401.29,-0.179,62.196,45.106,71.799,69.683,0,0
2011-10-31,1253.3,2360.08,-0.199,64.48,48.995,71.402,73.042,0,0
2011-11-01,1218.28,2298.37,-0.222,72.945,63.968,76.614,78.254,0,0
2011-11-02,1237.9,2318.32,-0.209,67.134,50.212,76.481,74.709,0,0
2011-11-03,1261.15,2367.71,-0.194,66.817,53.571,76.481,70.397,0,0
2011-11-04,1253.23,2356.32,-0.199,67.094,54.008,76.349,70.926,0,0
2011-11-07,1261.12,2371.04,-0.194,66.261,53.677,75.026,70.079,0,0
2011-11-08,1275.92,2400.01,-0.185,66.944,57.685,75.079,68.069,0,0
2011-11-09,1229.1,2314.1,-0.215,72.751,62.778,81.217,74.259,0,0
2011-11-10,1239.7,2312.07,-0.208,72.429,64.907,81.19,71.19,0,0
2011-11-11,1263.85,2355.78,-0.193,67.143,52.646,81.349,67.434,0,0
2011-11-14,1251.78,2341.32,-0.2,68.748,60.225,76.521,69.497,0,0
2011-11-15,1257.81,2366.24,-0.196,65.886,52.91,76.124,68.624,0,0
2011-11-16,1236.91,2324.37,-0.21,67.897,55.741,76.23,71.72,0,0
2011-11-17,1216.13,2272.09,-0.223,75.983,71.429,80.78,75.741,0,0
2011-11-18,1215.65,2253.95,-0.223,74.162,68.558,80.225,73.704,0,0
2011-11-21,1192.98,2211.14,-0.238,78.836,76.561,83.069,76.878,0,0
2011-11-22,1188.04,2216.33,-0.241,78.139,78.122,79.709,76.587,0,0
2011-11-23,1161.79,2166.54,-0.258,81.777,83.439,82.897,78.995,0,0
2011-11-25,1158.67,2150.88,-0.26,80.891,82.659,80.833,79.18,0,0
2011-11-28,1192.55,2224.22,-0.238,70.41,54.127,83.267,73.836,0,0
2011-11-29,1195.19,2211.39,-0.236,71.151,59.974,79.722,73.757,0,0
2011-11-30,1246.96,2295.2,-0.203,63.02,47.249,77.183,64.63,0,0
2011-12-01,1244.58,2309.2,-0.205,63.201,47.857,76.799,64.947,0,0
2011-12-02,1244.28,2302.04,-0.205,63.179,47.606,76.138,65.794,0,0
2011-12-05,1257.08,2326.95,-0.197,61.376,45.608,76.296,62.222,0,0
2011-12-06,1258.47,2321.49,-0.196,61.318,45.992,76.138,61.825,0,0
2011-12-07,1261.01,2320.54,-0.194,60.996,45.556,75.847,61.587,0,0
2011-12-08,1234.35,2282.59,-0.211,65.357,55.86,74.444,65.767,0,0
2011-12-09,1255.19,2318.68,-0.198,61.38,46.23,74.577,63.333,0,0
2011-12-12,1236.47,2292.24,-0.21,68.25,60.688,78.452,65.608,0,0
2011-12-13,1225.73,2268.37,-0.217,70.075,65.251,78.201,66.772,0,0
2011-12-14,1211.82,2233.03,-0.226,73.717,72.725,81.204,67.222,0,0
2011-12-15,1215.75,2226.71,-0.223,69.383,63.214,77.712,67.222,0,0
2011-12-16,1219.66,2238.18,-0.221,65.106,56.124,72.103,67.09,0,0
2011-12-19,1205.35,2215.27,-0.23,73.439,73.981,76.653,69.683,0,0
2011-12-20,1241.3,2281.94,-0.207,61.036,47.474,71.111,64.524,0,0
2011-12-21,1243.72,2249.03,-0.205,65.705,64.167,67.765,65.185,0,0
2011-12-22,1254.0,2266.77,-0.199,57.041,46.323,61.548,63.254,0,0
2011-12-23,1265.33,2287.57,-0.192,57.787,51.151,60.675,61.534,0,0
2011-12-27,1265.43,2293.12,-0.191,55.269,44.312,59.14,62.354,0,0
2011-12-28,1249.64,2267.08,-0.202,60.406,52.857,64.339,64.021,0,0
2011-12-29,1263.02,2285.07,-0.193,54.162,44.153,58.254,60.079,0,0
2011-12-30,1257.6,2277.83,-0.196,54.405,44.563,58.307,60.344,0,0
2012-01-03,1277.06,2321.96,-0.184,52.619,42.116,58.942,56.799,0,0
2012-01-04,1277.3,2329.71,-0.184,54.524,48.942,58.598,56.032,0,0
2012-01-05,1281.06,2348.98,-0.182,51.997,41.627,58.598,55.767,0,0
2012-01-06,1277.81,2356.17,-0.184,53.686,47.976,57.5,55.582,0,0
2012-01-09,1280.7,2350.65,-0.182,53.426,53.333,50.437,56.508,0,0
2012-01-10,1292.08,2367.38,-0.174,49.709,45.489,49.22,54.418,0,0
2012-01-11,1292.48,2372.25,-0.174,48.064,44.577,43.796,55.82,0,0
2012-01-12,1295.5,2381.99,-0.172,45.044,37.791,42.077,55.265,0,0
2012-01-13,1289.09,2371.98,-0.176,43.726,38.466,37.024,55.688,0,0
2012-01-17,1293.67,2393.24,-0.173,44.991,44.008,36.997,53.968,0,0
2012-01-18,1308.04,2425.96,-0.164,43.391,42.143,37.394,50.635,0,0
2012-01-19,1314.5,2441.7,-0.16,40.057,40.886,30.265,49.021,0,0
2012-01-20,1315.38,2437.02,-0.16,36.962,40.529,21.971,48.386,0,0
2012-01-23,1316.0,2437.22,-0.159,34.616,34.153,21.971,47.725,0,0
2012-01-24,1314.65,2433.96,-0.16,33.787,33.942,21.653,45.767,0,0
2012-01-25,1326.06,2465.66,-0.153,32.487,31.746,21.587,44.127,0,0
2012-01-26,1318.43,2454.63,-0.158,31.283,32.249,22.05,39.55,0,0
2012-01-27,1316.33,2461.77,-0.159,29.528,31.984,16.918,39.683,0,0
2012-01-30,1313.01,2465.32,-0.161,28.086,32.632,16.362,35.265,0,0
2012-01-31,1312.41,2467.95,-0.161,29.074,32.738,16.177,38.307,0,0
2012-02-01,1324.09,2488.18,-0.154,26.221,30.0,15.146,33.519,0,0
2012-02-02,1325.54,2495.83,-0.153,26.279,29.021,14.153,35.661,0,0
2012-02-03,1344.9,2529.17,-0.141,24.449,27.275,13.267,32.804,0,0
2012-02-06,1344.33,2528.3,-0.141,25.123,27.712,13.188,34.471,0,0
2012-02-07,1347.05,2532.06,-0.139,24.436,27.262,13.188,32.857,0,0
2012-02-08,1349.96,2545.72,-0.137,23.858,26.772,12.95,31.852,0,0
2012-02-09,1351.95,2563.93,-0.136,22.826,26.931,12.923,28.624,0,0
2012-02-10,1342.64,2547.32,-0.142,23.056,27.143,13.426,28.598,0,0
2012-02-13,1351.77,2569.49,-0.136,22.235,26.323,13.161,27.222,0,0
2012-02-14,1350.5,2575.24,-0.137,23.042,27.183,13.214,28.73,0,0
2012-02-15,1343.23,2556.01,-0.142,23.457,27.447,13.003,29.921,0,0
2012-02-16,1358.04,2592.29,-0.132,21.27,23.267,13.558,26.984,0,0
2012-02-17,1361.23,2584.24,-0.13,21.971,25.317,13.532,27.063,0,0
2012-02-21,1362.21,2590.24,-0.13,22.65,25.847,13.505,28.598,0,0
2012-02-22,1357.66,2579.78,-0.133,23.404,26.944,13.902,29.365,0,0
2012-02-23,1363.46,2594.93,-0.129,22.315,25.635,12.632,28.677,0,0
2012-02-24,1365.74,2604.21,-0.127,21.31,24.643,12.249,27.037,0,0
2012-02-27,1367.59,2606.76,-0.126,20.511,24.153,12.196,25.185,0,0
2012-02-28,1372.18,2633.46,-0.123,20.529,26.138,12.143,23.307,0,0
2012-02-29,1365.68,2623.1,-0.127,21.689,27.156,12.354,25.556,0,0
2012-03-01,1374.09,2643.54,-0.122,22.853,33.161,12.196,23.201,0,0
2012-03-02,1369.63,2641.58,-0.125,22.465,33.029,12.381,21.984,0,0
2012-03-05,1364.33,2614.92,-0.128,22.72,34.246,11.058,22.857,0,0
2012-03-06,1343.36,2588.95,-0.142,26.715,36.852,16.997,26.296,0,0
2012-03-07,1352.63,2607.85,-0.136,28.148,41.362,17.368,25.714,0,0
2012-03-08,1365.91,2637.18,-0.127,25.498,33.862,18.056,24.577,0,0
2012-03-09,1370.87,2646.85,-0.124,22.765,26.508,18.161,23.624,0,0
2012-03-12,1371.09,2646.85,-0.124,21.217,27.235,14.352,22.063,0,0
2012-03-13,1395.95,2697.43,-0.108,18.946,24.643,13.73,18.466,0,0
2012-03-14,1394.28,2708.41,-0.109,18.607,25.344,13.757,16.72,0,0
2012-03-15,1402.6,2714.79,-0.104,16.953,23.082,13.492,14.286,0,0
2012-03-16,1404.17,2712.78,-0.103,16.058,22.024,12.05,14.101,0,0
2012-03-19,1409.75,2733.26,-0.099,17.853,27.381,12.103,14.074,1,0
2012-03-20,1405.52,2737.63,-0.102,16.486,22.169,12.288,15.0,0,0
2012-03-21,1402.89,2736.88,-0.104,16.499,23.161,12.156,14.18,0,0
2012-03-22,1392.78,2731.5,-0.11,22.011,37.87,12.632,15.529,0,0
2012-03-23,1397.11,2728.55,-0.107,18.999,30.476,12.685,13.836,0,0
2012-03-26,1416.51,2778.02,-0.095,16.645,25.503,13.611,10.82,1,0
2012-03-27,1412.52,2782.12,-0.098,19.034,31.481,13.743,11.878,1,0
2012-03-28,1405.54,2770.97,-0.102,21.424,37.487,13.77,13.016,0,0
2012-03-29,1403.28,2762.05,-0.103,21.878,37.884,13.651,14.101,0,0
2012-03-30,1408.47,2755.27,-0.1,20.366,34.63,13.585,12.884,0,0
2012-04-02,1419.04,2784.42,-0.093,20.159,33.757,13.598,13.122,1,0
2012-04-03,1413.38,2782.78,-0.097,19.444,36.429,7.937,13.968,1,0
2012-04-04,1398.96,2745.0,-0.106,22.782,39.074,12.659,16.614,0,0
2012-04-05,1398.08,2762.5,-0.107,23.611,42.209,12.09,16.534,0,0
2012-04-09,1382.2,2739.98,-0.117,27.76,45.304,17.817,20.159,0,0
2012-04-10,1358.59,2695.12,-0.132,30.908,46.706,23.505,22.513,0,0
2012-04-11,1368.71,2708.13,-0.126,24.537,29.233,21.68,22.698,0,0
2012-04-12,1387.57,2740.26,-0.113,24.766,33.598,22.765,17.937,0,0
2012-04-13,1370.26,2698.99,-0.125,31.182,44.524,27.196,21.825,0,0
2012-04-16,1369.57,2670.1,-0.125,31.605,44.127,27.09,23.598,0,0
2012-04-17,1390.78,2723.58,-0.111,25.948,28.003,29.259,20.582,0,0
2012-04-18,1385.14,2716.14,-0.115,28.095,34.894,29.286,20.106,0,0
2012-04-19,1376.92,2686.82,-0.12,29.237,35.648,29.444,22.619,0,0
2012-04-20,1378.53,2676.04,-0.119,29.987,35.41,29.048,25.503,0,0
2012-04-23,1366.94,2653.5,-0.127,33.73,43.757,29.392,28.042,0,0
2012-04-24,1371.97,2638.73,-0.123,30.503,36.587,30.926,23.995,0,0
2012-04-25,1390.69,2709.62,-0.111,29.969,39.405,32.619,17.884,0,0
2012-04-26,1399.98,2725.23,-0.106,29.691,38.016,32.778,18.28,0,0
2012-04-27,1403.36,2741.34,-0.103,30.322,38.677,32.817,19.471,0,0
2012-04-30,1397.91,2723.68,-0.107,28.232,31.508,33.399,19.788,0,0
2012-05-01,1405.82,2726.92,-0.102,25.137,23.016,33.161,19.233,0,0
2012-05-02,1402.31,2734.77,-0.104,28.51,29.683,35.053,20.794,0,0
2012-05-03,1391.57,2704.59,-0.111,30.265,41.124,30.807,18.862,0,0
2012-05-04,1369.1,2637.92,-0.125,35.097,44.616,36.283,24.392,0,0
2012-05-07,1369.58,2639.28,-0.125,31.19,36.032,31.72,25.82,0,0
2012-05-08,1363.72,2629.87,-0.129,33.007,47.712,25.542,25.767,0,0
2012-05-09,1354.58,2621.35,-0.135,32.421,44.153,25.278,27.831,0,0
2012-05-10,1357.99,2616.24,-0.132,30.974,43.862,23.267,25.794,0,0
2012-05-11,1353.39,2615.98,-0.135,27.16,38.28,18.069,25.132,0,0
2012-05-14,1338.35,2590.28,-0.145,33.073,48.532,23.069,27.619,0,0
2012-05-15,1330.66,2580.75,-0.15,34.153,53.915,21.19,27.354,0,0
2012-05-16,1324.8,2561.56,-0.154,34.802,55.225,21.164,28.016,0,0
2012-05-17,1304.86,2509.05,-0.166,37.474,57.116,26.442,28.862,0,0
2012-05-18,1295.22,2478.53,-0.172,39.255,60.82,26.442,30.503,0,0
2012-05-21,1315.99,2545.43,-0.159,34.193,43.757,28.611,30.212,0,0
2012-05-22,1316.63,2539.2,-0.159,36.093,49.431,28.373,30.476,0,0
2012-05-23,1318.86,2547.08,-0.157,37.553,51.772,26.548,34.339,0,0
2012-05-24,1320.68,2531.35,-0.156,36.698,48.955,26.799,34.339,0,0
2012-05-25,1317.82,2527.05,-0.158,35.123,43.228,27.09,35.053,0,0
2012-05-29,1332.42,2558.97,-0.149,32.381,34.656,28.228,34.259,0,0
2012-05-30,1313.32,2537.4,-0.161,41.345,53.029,33.254,37.751,0,0
2012-05-31,1310.33,2524.87,-0.163,42.615,53.704,35.225,38.915,0,0
2012-06-01,1278.04,2458.83,-0.183,51.384,63.862,47.698,42.593,0,0
2012-06-04,1278.18,2478.13,-0.183,49.85,63.333,41.799,44.418,0,0
2012-06-05,1285.5,2487.5,-0.179,44.268,48.148,42.249,42.407,0,0
2012-06-06,1315.13,2546.32,-0.16,43.003,45.093,46.693,37.222,0,0
2012-06-07,1314.99,2535.41,-0.16,42.76,44.735,46.481,37.063,0,0
2012-06-08,1325.66,2559.21,-0.153,44.775,49.749,48.201,36.376,0,0
2012-06-11,1308.93,2517.18,-0.164,52.138,59.722,57.09,39.603,0,0
2012-06-12,1324.18,2546.2,-0.154,42.491,38.32,52.54,36.614,0,0
2012-06-13,1314.88,2527.44,-0.16,51.041,59.735,52.566,40.82,0,0
2012-06-14,1329.1,2539.97,-0.151,49.577,56.772,53.042,38.915,0,0
2012-06-15,1342.84,2571.23,-0.142,46.481,53.624,47.963,37.857,0,0
2012-06-18,1344.78,2592.52,-0.141,42.663,48.743,40.595,38.651,0,0
2012-06-19,1357.98,2620.83,-0.132,38.946,40.516,39.683,36.64,0,0
2012-06-20,1355.69,2623.33,-0.134,37.716,40.463,36.521,36.164,0,0
2012-06-21,1325.51,2556.96,-0.153,47.028,55.185,43.81,42.09,0,0
2012-06-22,1335.02,2585.53,-0.147,40.608,37.659,43.955,40.212,0,0
2012-06-25,1313.72,2533.54,-0.161,51.949,60.82,49.841,45.185,0,0
2012-06-26,1319.99,2549.84,-0.157,51.314,60.238,49.392,44.312,0,0
2012-06-27,1331.85,2565.53,-0.149,44.065,45.317,43.915,42.963,0,0
2012-06-28,1329.04,2536.65,-0.151,48.157,57.156,43.876,43.439,0,0
2012-06-29,1362.16,2615.72,-0.13,37.231,34.497,38.439,38.757,0,0
2012-07-02,1365.51,2625.03,-0.128,36.914,33.929,37.817,38.995,0,0
2012-07-03,1374.02,2645.84,-0.122,36.102,32.751,37.619,37.937,0,0
2012-07-05,1367.58,2647.47,-0.126,35.847,33.082,35.384,39.074,0,0
2012-07-06,1354.68,2612.29,-0.134,39.515,41.27,36.111,41.164,0,0
2012-07-09,1352.46,2610.31,-0.136,37.87,35.728,35.847,42.037,0,0
2012-07-10,1341.47,2585.52,-0.143,43.907,56.111,30.952,44.656,0,0
2012-07-11,1341.45,2570.99,-0.143,43.448,54.709,30.159,45.476,0,0
2012-07-12,1334.76,2545.3,-0.147,45.388,59.206,30.0,46.958,0,0
2012-07-13,1356.78,2584.97,-0.133,41.914,50.767,30.952,44.021,0,0
2012-07-16,1353.64,2577.05,-0.135,41.433,49.405,30.317,44.577,0,0
2012-07-17,1363.67,2591.65,-0.129,39.065,43.003,30.225,43.968,0,0
2012-07-18,1372.78,2625.87,-0.123,34.885,33.929,28.347,42.381,0,0
2012-07-19,1376.51,2655.81,-0.121,35.362,39.497,24.656,41.931,0,0
2012-07-20,1362.66,2618.04,-0.129,38.823,50.714,21.627,44.127,0,0
2012-07-23,1350.52,2589.93,-0.137,41.653,56.958,21.944,46.058,0,0
2012-07-24,1338.31,2567.46,-0.145,41.936,60.344,16.283,49.18,0,0
2012-07-25,1337.89,2549.2,-0.145,42.522,61.733,16.204,49.63,0,0
2012-07-26,1360.02,2584.85,-0.131,39.859,54.802,17.474,47.302,0,0
2012-07-27,1385.97,2647.03,-0.114,31.362,31.164,19.696,43.228,0,0
2012-07-30,1385.3,2642.12,-0.115,30.335,31.971,15.675,43.36,0,0
2012-07-31,1379.32,2642.53,-0.119,36.742,49.868,15.754,44.603,0,0
2012-08-01,1375.32,2635.13,-0.121,37.787,52.183,15.675,45.503,0,0
2012-08-02,1365.0,2625.52,-0.128,39.881,57.143,15.966,46.534,0,0
2012-08-03,1390.99,2676.0,-0.111,32.901,38.241,17.685,42.778,0,0
2012-08-06,1394.23,2694.09,-0.109,31.966,36.045,17.659,42.196,0,0
2012-08-07,1401.35,2717.16,-0.105,30.348,33.333,17.103,40.608,0,0
2012-08-08,1402.22,2714.02,-0.104,30.622,34.034,16.349,41.481,0,0
2012-08-09,1402.8,2719.61,-0.104,28.571,28.148,15.926,41.64,0,0
2012-08-10,1405.87,2722.96,-0.102,27.826,28.28,14.167,41.032,0,0
2012-08-13,1404.11,2728.68,-0.103,29.599,35.225,12.725,40.847,0,0
2012-08-14,1403.93,2727.79,-0.103,29.705,35.728,12.487,40.899,0,0
2012-08-15,1405.53,2735.47,-0.102,26.944,28.056,12.169,40.608,0,0
2012-08-16,1415.51,2768.09,-0.096,26.124,26.601,12.646,39.127,1,0
2012-08-17,1418.16,2780.3,-0.094,24.092,25.529,7.672,39.074,1,0
2012-08-20,1418.13,2784.33,-0.094,23.92,26.019,7.063,38.677,1,0
2012-08-21,1413.17,2772.2,-0.097,24.14,25.939,6.508,39.974,1,0
2012-08-22,1413.49,2783.42,-0.097,26.327,33.003,6.481,39.497,1,0
2012-08-23,1402.08,2762.02,-0.104,29.264,40.833,5.794,41.164,0,0
2012-08-24,1411.13,2778.05,-0.098,23.479,28.796,3.677,37.963,1,0
2012-08-27,1410.44,2782.55,-0.099,29.383,45.688,3.73,38.73,1,0
2012-08-28,1409.3,2782.69,-0.1,29.612,45.37,3.492,39.974,1,0
2012-08-29,1410.49,2784.0,-0.099,25.741,33.651,3.36,40.212,1,0
2012-08-30,1399.48,2753.74,-0.106,31.142,47.606,3.439,42.381,0,0
2012-08-31,1406.58,2772.24,-0.101,26.402,34.603,1.799,42.804,0,0
2012-09-04,1404.94,2772.03,-0.102,29.63,43.995,1.825,43.069,0,0
2012-09-05,1403.44,2766.95,-0.103,30.697,46.534,1.772,43.783,0,0
2012-09-06,1432.12,2829.71,-0.085,22.919,25.212,4.127,39.418,1,0
2012-09-07,1437.92,2825.11,-0.081,26.327,35.701,4.259,39.021,1,0
2012-09-10,1429.08,2788.35,-0.087,27.187,37.037,4.524,40.0,1,0
2012-09-11,1433.56,2784.89,-0.084,26.759,36.548,4.55,39.18,1,0
2012-09-12,1436.56,2791.68,-0.082,26.248,36.045,4.577,38.122,1,0
2012-09-13,1459.99,2831.35,-0.067,21.578,22.963,6.614,35.159,1,0
2012-09-14,1465.77,2855.23,-0.063,21.019,21.124,6.323,35.608,1,0
2012-09-17,1461.19,2856.44,-0.066,21.812,22.368,7.037,36.032,1,0
2012-09-18,1459.32,2857.38,-0.068,22.046,23.082,7.183,35.873,1,0
2012-09-19,1461.05,2864.03,-0.067,23.523,28.373,6.799,35.397,1,0
2012-09-20,1460.26,2861.7,-0.067,27.068,38.267,6.931,36.005,1,0
2012-09-21,1460.15,2861.64,-0.067,26.38,36.204,6.138,36.799,1,0
2012-09-24,1456.89,2843.98,-0.069,27.835,40.41,6.138,36.958,1,0
2012-09-25,1441.59,2804.53,-0.079,32.297,47.394,11.349,38.148,1,0
2012-09-26,1433.32,2781.63,-0.084,30.494,40.159,11.72,39.603,1,0
2012-09-27,1447.15,2821.6,-0.075,24.921,26.534,12.249,35.979,1,0
2012-09-28,1440.67,2799.19,-0.08,27.434,34.788,11.905,35.608,1,0
2012-10-01,1444.49,2794.28,-0.077,27.421,34.696,11.931,35.635,1,0
2012-10-02,1445.75,2799.29,-0.076,30.463,42.831,11.892,36.667,1,0
2012-10-03,1450.99,2818.84,-0.073,30.653,45.106,11.878,34.974,1,0
2012-10-04,1461.4,2828.6,-0.066,24.881,32.05,8.889,33.704,1,0
2012-10-05,1460.93,2811.94,-0.067,27.28,38.214,8.81,34.815,1,0
2012-10-08,1455.88,2786.92,-0.07,28.541,41.839,8.598,35.185,1,0
2012-10-09,1441.48,2741.92,-0.079,31.662,48.532,9.339,37.116,1,0
2012-10-10,1432.56,2728.54,-0.085,33.126,50.86,9.683,38.836,1,0
2012-10-11,1432.84,2719.21,-0.085,27.465,36.971,7.434,37.989,1,0
2012-10-12,1428.59,2720.14,-0.087,32.125,49.921,7.381,39.074,1,0
2012-10-15,1440.13,2739.87,-0.08,29.453,41.984,7.778,38.598,1,0
2012-10-16,1454.92,2778.38,-0.07,26.226,32.937,8.862,36.878,1,0
2012-10-17,1460.91,2775.62,-0.067,24.22,27.024,9.339,36.296,1,0
2012-10-18,1457.34,2744.17,-0.069,26.362,33.228,9.378,36.481,1,0
2012-10-19,1433.19,2678.32,-0.084,35.564,48.241,16.601,41.852,1,0
2012-10-22,1433.82,2694.56,-0.084,34.691,45.423,17.143,41.508,1,0
2012-10-23,1413.11,2666.02,-0.097,37.077,49.061,17.989,44.18,1,0
2012-10-24,1408.75,2655.55,-0.1,39.056,55.979,17.937,43.254,1,0
2012-10-25,1412.97,2657.66,-0.097,36.825,51.085,16.693,42.698,1,0
2012-10-26,1411.94,2665.83,-0.098,37.482,53.347,16.587,42.513,1,0
2012-10-31,1412.16,2647.92,-0.098,36.614,51.508,16.508,41.825,1,0
2012-11-01,1427.59,2687.52,-0.088,31.437,36.481,18.069,39.762,1,0
2012-11-02,1414.2,2656.28,-0.096,35.569,46.349,18.585,41.772,1,0
2012-11-05,1417.26,2672.91,-0.094,34.444,44.868,18.069,40.397,1,0
2012-11-06,1428.39,2681.05,-0.087,30.807,33.981,19.894,38.545,1,0
2012-11-07,1394.53,2612.69,-0.109,41.138,53.082,27.368,42.963,0,0
2012-11-08,1377.51,2572.57,-0.12,44.374,57.169,31.72,44.233,0,0
2012-11-09,1379.85,2584.1,-0.118,44.004,56.667,31.667,43.677,0,0
2012-11-12,1380.03,2582.77,-0.118,44.383,56.442,31.653,45.053,0,0
2012-11-13,1374.53,2561.86,-0.122,45.864,59.603,31.799,46.19,0,0
2012-11-14,1355.49,2531.87,-0.134,50.137,63.624,36.68,50.106,0,0
2012-11-15,1353.33,2524.36,-0.135,50.071,64.405,35.251,50.556,0,0
2012-11-16,1359.88,2534.16,-0.131,49.175,62.844,35.397,49.286,0,0
2012-11-19,1386.89,2595.83,-0.114,44.987,49.074,39.431,46.455,0,0
2012-11-20,1387.81,2594.66,-0.113,44.259,54.537,33.294,44.947,0,0
2012-11-21,1391.03,2600.48,-0.111,43.704,53.267,33.452,44.392,0,0
2012-11-23,1409.15,2639.59,-0.1,39.444,48.003,29.722,40.608,1,0
2012-11-26,1406.29,2651.67,-0.101,34.409,32.394,29.643,41.19,0,0
2012-11-27,1398.94,2641.42,-0.106,35.445,33.677,29.828,42.831,0,0
2012-11-28,1409.93,2665.27,-0.099,35.0,31.336,30.437,43.228,1,0
2012-11-29,1415.95,2680.03,-0.095,34.422,30.212,30.463,42.593,1,0
2012-11-30,1416.18,2677.88,-0.095,36.358,36.362,29.352,43.36,1,0
2012-12-03,1409.46,2671.84,-0.099,37.041,38.545,29.034,43.545,1,0
2012-12-04,1407.05,2667.89,-0.101,35.159,31.415,29.008,45.053,0,0
2012-12-05,1409.28,2637.89,-0.1,34.361,30.106,28.532,44.444,1,0
2012-12-06,1413.94,2656.3,-0.097,33.929,36.852,20.146,44.788,1,0
2012-12-07,1418.07,2640.54,-0.094,29.083,28.717,13.532,45.0,1,0
2012-12-10,1418.55,2647.57,-0.094,31.261,34.854,13.664,45.265,1,0
2012-12-11,1427.84,2682.07,-0.088,28.386,26.548,14.061,44.55,1,0
2012-12-12,1428.48,2674.57,-0.087,28.197,26.667,13.479,44.444,1,0
2012-12-13,1419.45,2654.01,-0.093,26.504,27.262,7.989,44.259,1,0
2012-12-14,1413.58,2628.09,-0.097,27.341,27.791,8.201,46.032,1,0
2012-12-17,1430.36,2664.26,-0.086,25.564,25.556,9.127,42.011,1,0
2012-12-18,1446.79,2705.39,-0.076,24.012,24.312,7.169,40.556,1,0
2012-12-19,1435.81,2690.99,-0.083,25.309,25.397,7.91,42.619,1,0
2012-12-20,1443.69,2693.55,-0.078,24.784,24.722,8.016,41.614,1,0
2012-12-21,1430.15,2664.67,-0.086,26.764,26.561,7.963,45.767,1,0
2012-12-24,1426.66,2658.05,-0.088,27.54,27.646,8.016,46.958,1,0
2012-12-26,1419.83,2637.18,-0.093,28.704,28.757,7.989,49.365,1,0
2012-12-27,1418.1,2632.94,-0.094,30.904,35.754,7.672,49.286,1,0
2012-12-28,1402.43,2606.36,-0.104,36.556,43.81,15.093,50.767,0,0
2012-12-31,1426.19,2660.93,-0.089,30.97,28.135,18.32,46.455,1,0
2013-01-02,1462.42,2746.47,-0.066,27.707,23.558,19.167,40.397,1,0
2013-01-03,1459.37,2732.26,-0.068,27.729,23.452,18.73,41.005,1,0
2013-01-04,1466.47,2724.49,-0.063,26.217,21.944,17.288,39.418,1,0
2013-01-07,1461.89,2724.22,-0.066,27.39,23.36,17.487,41.323,1,0
2013-01-08,1457.15,2718.72,-0.069,27.8,23.492,17.817,42.09,1,0
2013-01-09,1461.02,2727.65,-0.067,27.906,23.757,17.87,42.09,1,0
2013-01-10,1472.12,2744.18,-0.059,26.98,22.249,18.003,40.688,1,0
2013-01-11,1472.05,2748.26,-0.059,26.931,22.407,17.513,40.873,1,0
2013-01-14,1470.68,2735.7,-0.06,26.556,22.897,16.746,40.026,1,0
2013-01-15,1472.34,2722.98,-0.059,26.032,22.619,16.376,39.101,1,0
2013-01-16,1472.63,2734.73,-0.059,25.591,22.804,15.794,38.175,1,0
2013-01-17,1480.94,2747.15,-0.054,24.669,22.209,14.947,36.852,1,0
2013-01-18,1485.98,2743.24,-0.051,24.25,21.23,14.167,37.354,1,0
2013-01-22,1492.56,2746.19,-0.046,24.361,21.019,14.153,37.91,1,0
2013-01-23,1494.81,2762.17,-0.045,26.336,28.161,13.36,37.487,1,0
2013-01-24,1494.82,2723.53,-0.045,23.382,19.775,13.386,36.984,1,0
2013-01-25,1502.96,2736.73,-0.04,24.872,25.913,13.228,35.476,1,0
2013-01-28,1500.18,2742.43,-0.042,22.65,19.59,13.307,35.053,1,0
2013-01-29,1507.84,2743.58,-0.037,20.362,19.114,6.706,35.265,1,0
2013-01-30,1501.96,2738.71,-0.04,20.287,19.312,5.41,36.138,1,0
2013-01-31,1498.11,2731.53,-0.043,19.436,19.405,1.759,37.143,1,0
2013-02-01,1513.17,2763.96,-0.033,17.976,17.487,2.077,34.365,1,0
2013-02-04,1495.71,2715.68,-0.044,23.739,26.772,7.196,37.249,1,0
2013-02-05,1511.29,2754.99,-0.034,20.622,19.59,7.434,34.841,1,0
2013-02-06,1512.12,2746.35,-0.034,20.229,18.889,7.407,34.392,1,0
2013-02-07,1509.39,2746.5,-0.036,22.632,25.41,7.487,35.0,1,0
2013-02-08,1517.93,2775.56,-0.03,19.74,18.532,7.434,33.254,1,0
2013-02-11,1517.01,2774.64,-0.031,20.225,19.034,7.487,34.153,1,0
2013-02-12,1519.43,2762.62,-0.029,19.921,18.519,7.46,33.783,0,0
2013-02-13,1520.33,2773.77,-0.029,19.683,18.069,7.54,33.439,0,0
2013-02-14,1521.38,2771.43,-0.028,21.376,24.021,7.513,32.593,0,0
2013-02-15,1519.79,2764.67,-0.029,19.511,18.347,7.513,32.672,0,0
2013-02-19,1530.94,2782.86,-0.022,18.086,16.759,7.579,29.921,0,0
2013-02-20,1511.95,2739.99,-0.034,26.962,32.5,14.312,34.074,1,0
2013-02-21,1502.42,2711.51,-0.04,29.034,36.706,14.841,35.556,1,0
2013-02-22,1515.6,2737.28,-0.032,27.249,32.778,15.635,33.333,1,0
2013-02-25,1487.85,2700.97,-0.049,33.541,39.246,23.28,38.095,1,0
2013-02-26,1496.94,2713.02,-0.044,29.696,29.616,23.677,35.794,1,0
2013-02-27,1515.99,2741.26,-0.031,25.525,19.167,24.497,32.91,1,0
2013-02-28,1514.68,2738.58,-0.032,27.822,26.058,24.418,32.989,1,0
2013-03-01,1518.2,2747.75,-0.03,29.264,30.992,24.444,32.354,0,0
2013-03-04,1525.2,2759.53,-0.026,30.657,34.537,23.889,33.545,0,0
2013-03-05,1539.79,2799.25,-0.016,24.22,22.103,19.101,31.455,0,0
2013-03-06,1541.46,2792.56,-0.015,21.53,16.098,18.254,30.238,0,0
2013-03-07,1544.26,2799.49,-0.013,21.671,16.574,18.307,30.132,0,0
2013-03-08,1551.18,2804.11,-0.009,21.146,15.688,18.386,29.365,0,0
2013-03-11,1556.22,2811.86,-0.006,21.556,15.728,18.095,30.847,0,0
2013-03-12,1552.48,2800.81,-0.008,21.746,15.476,18.175,31.587,0,0
2013-03-13,1554.52,2798.68,-0.007,21.905,16.508,18.201,31.005,0,0
2013-03-14,1563.23,2807.3,-0.001,21.014,14.934,18.558,29.55,0,0
2013-03-15,1560.7,2799.41,-0.003,26.036,29.259,18.69,30.159,0,0
2013-03-18,1552.1,2792.3,-0.008,24.881,23.942,19.14,31.561,0,0
2013-03-19,1548.34,2787.27,-0.011,25.454,25.185,18.823,32.354,0,0
2013-03-20,1558.71,2805.91,-0.004,21.927,24.22,11.455,30.106,0,0
2013-03-21,1545.8,2774.85,-0.012,22.275,23.677,11.825,31.323,0,0
2013-03-22,1556.89,2800.81,-0.005,19.237,17.474,11.587,28.651,0,0
2013-03-25,1551.69,2789.45,-0.009,17.315,17.513,3.452,30.979,0,0
2013-03-26,1563.77,2806.5,-0.001,16.429,17.553,3.585,28.148,0,0
2013-03-27,1562.85,2809.98,-0.001,18.377,23.849,2.659,28.624,0,0
2013-03-28,1569.19,2818.69,0.0,15.362,15.648,2.685,27.751,0,0
2013-04-01,1562.17,2797.07,-0.004,18.571,22.712,3.108,29.894,0,0
2013-04-02,1570.25,2820.62,0.0,16.42,16.812,3.188,29.259,0,0
2013-04-03,1553.69,2795.04,-0.011,20.366,19.934,8.28,32.884,0,0
2013-04-04,1559.98,2794.92,-0.007,18.779,16.706,8.386,31.243,0,0
2013-04-05,1553.28,2771.75,-0.011,21.442,24.511,8.624,31.19,0,0
2013-04-08,1563.07,2786.13,-0.005,19.652,21.442,8.836,28.677,0,0
2013-04-09,1568.61,2804.67,-0.001,19.634,22.05,8.915,27.937,0,0
2013-04-10,1587.73,2859.21,0.0,15.661,12.354,10.212,24.418,0,0
2013-04-11,1593.37,2859.07,0.0,15.591,11.825,10.37,24.577,0,0
2013-04-12,1588.85,2856.48,-0.003,18.99,20.278,10.265,26.429,0,0
2013-04-15,1552.36,2797.47,-0.026,31.847,38.968,22.024,34.55,0,0
2013-04-16,1574.57,2838.41,-0.012,28.911,33.624,23.532,29.577,0,0
2013-04-17,1552.01,2781.98,-0.026,33.554,38.677,29.788,32.196,0,0
2013-04-18,1541.61,2741.95,-0.032,34.991,40.622,29.775,34.577,1,0
2013-04-19,1555.25,2780.46,-0.024,33.66,40.542,29.907,30.529,0,0
2013-04-22,1562.5,2810.07,-0.019,25.935,19.22,29.484,29.101,0,0
2013-04-23,1578.78,2835.37,-0.009,26.914,23.69,30.701,26.349,0,0
2013-04-24,1578.79,2834.12,-0.009,28.038,27.778,29.987,26.349,0,0
2013-04-25,1585.16,2848.66,-0.005,23.038,13.386,30.278,25.45,0,0
2013-04-26,1582.24,2840.55,-0.007,29.017,29.603,30.04,27.407,0,0
2013-04-29,1593.61,2866.95,0.0,22.769,13.558,30.489,24.259,0,0
2013-04-30,1597.57,2887.44,0.0,24.352,19.074,30.04,23.942,0,0
2013-05-01,1582.7,2873.35,-0.009,27.897,30.437,25.238,28.016,0,0
2013-05-02,1597.59,2911.14,0.0,20.595,13.056,26.27,22.46,0,0
2013-05-03,1614.42,2944.59,0.0,19.347,11.667,26.746,19.63,0,0
2013-05-06,1617.5,2955.36,0.0,18.642,9.894,26.561,19.471,0,0
2013-05-07,1625.96,2952.88,0.0,18.003,9.167,26.693,18.148,0,0
2013-05-08,1632.69,2968.24,0.0,17.09,9.101,25.026,17.143,0,0
2013-05-09,1626.67,2961.12,-0.004,17.253,9.021,25.437,17.302,0,0
2013-05-10,1633.7,2981.02,0.0,17.037,8.347,26.495,16.27,0,0
2013-05-13,1633.77,2982.09,0.0,13.563,8.664,15.331,16.693,0,0
2013-05-14,1650.34,2996.05,0.0,12.65,8.399,14.074,15.476,0,0
2013-05-15,1658.78,3002.62,0.0,12.275,15.556,6.508,14.762,0,0
2013-05-16,1650.47,2999.34,-0.005,12.482,15.595,6.138,15.714,0,0
2013-05-17,1667.47,3028.96,0.0,12.222,15.37,6.323,14.974,0,0
2013-05-20,1666.29,3020.97,-0.001,9.987,8.373,6.587,15.0,0,0
2013-05-21,1669.16,3026.45,0.0,9.577,8.333,5.952,14.444,0,0
2013-05-22,1655.35,2999.13,-0.008,10.763,8.638,7.275,16.376,0,0
2013-05-23,1650.51,2991.45,-0.011,11.442,9.114,7.646,17.566,0,0
2013-05-24,1649.6,2991.02,-0.012,11.64,9.418,7.593,17.91,0,0
2013-05-28,1660.06,3011.94,-0.005,11.287,10.423,7.513,15.926,0,0
2013-05-29,1648.36,2994.82,-0.012,12.884,12.275,8.439,17.937,0,0
2013-05-30,1654.41,3011.83,-0.009,11.878,11.614,7.09,16.931,0,0
2013-05-31,1630.74,2981.76,-0.023,15.992,13.201,14.034,20.741,0,0
2013-06-03,1640.42,2990.79,-0.017,15.198,12.646,13.214,19.735,0,0
2013-06-04,1631.38,2973.69,-0.023,16.34,14.22,13.717,21.085,0,0
2013-06-05,1608.9,2937.14,-0.036,21.605,17.46,21.243,26.111,1,0
2013-06-06,1622.56,2950.3,-0.028,20.123,14.921,22.037,23.413,0,0
2013-06-07,1643.38,2990.87,-0.015,19.405,14.828,23.519,19.868,0,0
2013-06-10,1642.81,2990.49,-0.016,20.084,16.997,23.519,19.735,0,0
2013-06-11,1626.13,2959.84,-0.026,24.264,20.767,28.664,23.36,0,0
2013-06-12,1612.52,2926.14,-0.034,28.51,29.431,28.241,27.857,1,0
2013-06-13,1636.36,2962.9,-0.02,23.589,18.717,30.119,21.931,0,0
2013-06-14,1626.73,2943.86,-0.025,24.815,19.22,30.225,25.0,0,0
2013-06-17,1639.04,2971.26,-0.018,23.117,17.804,30.04,21.508,0,0
2013-06-18,1651.81,2996.09,-0.01,22.169,15.714,31.032,19.762,0,0
2013-06-19,1628.93,2959.5,-0.024,29.612,28.942,36.746,23.148,0,0
2013-06-20,1588.19,2890.33,-0.049,41.843,48.995,45.873,30.661,1,0
2013-06-21,1592.43,2877.94,-0.046,40.432,46.376,46.032,28.889,1,0
2013-06-24,1573.09,2848.2,-0.058,46.071,51.997,51.296,34.921,1,0
2013-06-25,1588.03,2866.5,-0.049,40.895,35.582,51.839,35.265,1,0
2013-06-26,1603.26,2893.85,-0.039,39.114,32.593,52.262,32.487,1,0
2013-06-27,1613.2,2906.84,-0.034,36.305,23.214,54.325,31.376,1,0
2013-06-28,1606.28,2909.6,-0.038,37.765,31.349,49.722,32.222,1,0
2013-07-01,1614.96,2927.35,-0.032,39.012,36.878,49.656,30.503,1,0
2013-07-02,1614.08,2929.63,-0.033,39.409,37.646,49.471,31.111,1,0
2013-07-03,1615.41,2941.41,-0.032,37.932,37.487,44.325,31.984,1,0
2013-07-05,1631.89,2963.22,-0.022,37.011,38.677,43.545,28.81,0,0
2013-07-08,1640.46,2966.13,-0.017,33.236,29.987,42.738,26.984,0,0
2013-07-09,1652.32,2984.32,-0.01,32.156,29.709,42.024,24.735,0,0
2013-07-10,1652.62,3000.66,-0.01,30.631,30.159,36.839,24.894,0,0
2013-07-11,1675.02,3059.46,0.0,24.312,14.471,37.011,21.455,0,0
2013-07-12,1680.19,3079.07,0.0,23.06,13.082,35.066,21.032,0,0
2013-07-15,1682.5,3079.85,0.0,22.967,13.042,34.537,21.323,0,0
2013-07-16,1676.26,3077.47,-0.004,24.021,15.013,34.431,22.619,0,0
2013-07-17,1680.91,3085.28,-0.001,25.723,21.349,33.757,22.063,0,0
2013-07-18,1689.37,3077.82,0.0,20.917,14.127,27.196,21.429,0,0
2013-07-19,1692.09,3044.93,0.0,18.373,21.772,12.5,20.847,0,0
2013-07-22,1695.53,3055.23,0.0,15.141,13.254,11.111,21.058,0,0
2013-07-23,1692.39,3031.4,-0.002,12.976,13.294,4.048,21.587,0,0
2013-07-24,1685.94,3041.16,-0.006,17.293,25.0,4.312,22.566,0,0
2013-07-25,1690.25,3061.67,-0.003,16.627,22.685,3.757,23.439,0,0
2013-07-26,1691.65,3076.23,-0.002,14.056,16.64,3.704,21.825,0,0
2013-07-29,1685.33,3068.95,-0.006,15.811,18.757,3.704,24.974,0,0
2013-07-30,1685.96,3085.33,-0.006,18.144,25.198,3.704,25.529,0,0
2013-07-31,1685.73,3090.19,-0.006,21.102,33.836,3.73,25.741,0,0
2013-08-01,1706.87,3126.3,0.0,17.681,25.582,4.894,22.566,0,0
2013-08-02,1709.67,3143.52,0.0,20.379,35.304,3.558,22.275,0,0
2013-08-05,1707.14,3143.19,-0.001,15.961,20.741,3.73,23.413,0,0
2013-08-06,1697.37,3122.2,-0.007,19.211,28.056,4.074,25.503,0,0
2013-08-07,1690.91,3118.69,-0.011,20.701,30.516,4.312,27.275,0,0
2013-08-08,1697.48,3130.13,-0.007,17.134,22.249,3.175,25.979,0,0
2013-08-09,1691.42,3118.57,-0.011,17.257,19.921,3.254,28.598,0,0
2013-08-12,1689.47,3125.93,-0.012,17.394,21.601,3.307,27.275,0,0
2013-08-13,1694.16,3141.06,-0.009,19.775,30.384,3.254,25.688,0,0
2013-08-14,1685.39,3129.45,-0.014,23.276,37.024,3.466,29.339,0,0
2013-08-15,1661.32,3076.23,-0.028,28.426,43.228,9.881,32.169,0,0
2013-08-16,1655.83,3073.91,-0.031,30.137,46.19,9.907,34.312,1,0
2013-08-19,1646.06,3069.76,-0.037,33.153,51.19,10.119,38.148,1,0
2013-08-20,1652.35,3082.17,-0.034,25.19,27.804,10.437,37.328,1,0
2013-08-21,1642.8,3071.47,-0.039,28.823,36.243,10.648,39.577,1,0
2013-08-22,1656.96,3101.82,-0.031,25.181,25.979,11.786,37.778,1,0
2013-08-23,1663.5,3124.27,-0.027,25.084,25.079,11.997,38.175,0,0
2013-08-26,1656.78,3122.67,-0.031,26.071,25.847,12.103,40.265,1,0
2013-08-27,1630.48,3059.58,-0.046,36.817,44.431,20.251,45.767,1,0
2013-08-28,1634.96,3072.17,-0.044,37.712,46.64,20.437,46.058,1,0
2013-08-29,1638.17,3093.36,-0.042,31.16,28.81,18.373,46.296,1,0
2013-08-30,1632.97,3073.81,-0.045,34.713,38.598,18.188,47.354,1,0
2013-09-03,1639.77,3091.76,-0.041,38.532,48.915,19.934,46.746,1,0
2013-09-04,1653.08,3124.54,-0.033,31.931,29.643,21.071,45.079,1,0
2013-09-05,1655.08,3129.94,-0.032,39.021,51.098,21.071,44.894,1,0
2013-09-06,1655.17,3133.38,-0.032,31.583,29.471,20.728,44.55,1,0
2013-09-09,1671.71,3169.93,-0.022,29.978,27.09,22.024,40.82,0,0
2013-09-10,1683.99,3185.07,-0.015,29.233,25.013,23.135,39.55,0,0
2013-09-11,1689.13,3179.86,-0.012,29.233,25.225,24.696,37.778,0,0
2013-09-12,1683.42,3175.57,-0.015,33.364,34.603,25.489,40.0,0,0
2013-09-13,1687.99,3178.28,-0.013,27.253,25.899,16.997,38.862,0,0
2013-09-16,1697.6,3168.69,-0.007,26.865,25.291,17.077,38.228,0,0
2013-09-17,1704.76,3190.83,-0.003,26.058,24.749,16.442,36.984,0,0
2013-09-18,1725.52,3231.31,0.0,25.988,27.09,17.487,33.386,0,0
2013-09-19,1722.34,3237.61,-0.002,26.636,29.841,16.151,33.915,0,0
2013-09-20,1709.91,3224.73,-0.009,25.93,23.532,16.693,37.566,0,0
2013-09-23,1701.84,3219.34,-0.014,26.75,24.405,17.354,38.492,0,0
2013-09-24,1697.42,3218.66,-0.016,30.251,33.32,17.116,40.317,0,0
2013-09-25,1692.77,3208.55,-0.019,24.832,25.463,8.029,41.005,0,0
2013-09-26,1698.67,3234.04,-0.016,24.665,24.987,8.108,40.899,0,0
2013-09-27,1691.75,3230.3,-0.02,25.873,25.569,8.585,43.466,0,0
2013-09-30,1681.55,3218.2,-0.025,28.272,28.029,9.114,47.672,0,0
2013-10-01,1695.0,3253.05,-0.018,27.231,26.045,9.59,46.058,0,0
2013-10-02,1693.87,3253.26,-0.018,27.134,25.992,9.087,46.323,0,0
2013-10-03,1678.66,3213.83,-0.027,33.157,42.844,10.569,46.058,0,0
2013-10-04,1690.5,3242.57,-0.02,31.437,36.997,11.177,46.138,0,0
2013-10-07,1676.12,3215.69,-0.029,34.233,44.378,11.151,47.169,0,0
2013-10-08,1655.45,3153.87,-0.041,37.976,45.926,17.659,50.344,1,0
2013-10-09,1656.4,3142.54,-0.04,36.292,39.577,17.421,51.878,1,0
2013-10-10,1692.56,3210.84,-0.019,31.521,25.926,23.135,45.503,0,0
2013-10-11,1703.2,3233.83,-0.013,36.195,39.788,23.32,45.476,0,0
2013-10-14,1710.14,3256.02,-0.009,30.564,24.14,23.294,44.259,0,0
2013-10-15,1698.06,3244.66,-0.016,35.719,35.291,23.664,48.201,0,0
2013-10-16,1721.54,3281.67,-0.002,30.146,23.624,23.981,42.831,0,0
2013-10-17,1733.15,3301.28,0.0,31.984,29.802,24.458,41.693,0,0
2013-10-18,1744.5,3353.88,0.0,30.913,29.034,23.942,39.762,0,0
2013-10-21,1744.66,3361.18,0.0,30.838,30.026,23.651,38.836,0,0
2013-10-22,1754.67,3366.93,0.0,27.5,20.41,23.704,38.386,0,0
2013-10-23,1746.38,3346.05,-0.005,29.167,21.468,23.968,42.063,0,0
2013-10-24,1752.07,3362.38,-0.001,29.175,22.315,23.942,41.27,0,0
2013-10-25,1759.77,3383.83,0.0,28.461,21.177,23.73,40.476,0,0
2013-10-28,1762.11,3382.68,0.0,28.664,21.997,23.148,40.847,0,0
2013-10-29,1771.95,3391.75,0.0,27.319,21.032,23.016,37.91,0,0
2013-10-30,1763.31,3385.38,-0.005,31.808,30.899,23.439,41.085,0,0
2013-10-31,1756.54,3377.73,-0.009,31.993,30.291,22.646,43.042,0,0
2013-11-01,1761.64,3379.76,-0.006,30.079,24.074,22.513,43.651,0,0
2013-11-04,1767.93,3384.75,-0.002,29.07,22.447,21.481,43.28,0,0
2013-11-05,1762.97,3388.82,-0.005,29.771,32.46,13.042,43.81,0,0
2013-11-06,1770.49,3385.38,-0.001,29.815,32.698,12.989,43.757,0,0
2013-11-07,1747.15,3321.41,-0.014,33.139,34.127,16.667,48.624,0,0
2013-11-08,1770.61,3366.84,-0.001,34.466,41.019,18.466,43.915,0,0
2013-11-11,1771.89,3362.98,-0.0,28.682,25.265,18.241,42.54,0,0
2013-11-12,1767.69,3365.23,-0.002,29.171,26.944,17.262,43.307,0,0
2013-11-13,1782.0,3405.56,0.0,26.583,25.106,15.569,39.074,0,0
2013-11-14,1790.62,3415.14,0.0,26.182,25.661,14.392,38.492,0,0
2013-11-15,1798.18,3422.58,0.0,27.196,32.474,13.373,35.741,0,0
2013-11-18,1791.53,3388.87,-0.004,28.276,33.254,13.796,37.778,0,0
2013-11-19,1787.87,3378.13,-0.006,29.18,37.235,13.638,36.667,0,0
2013-11-20,1781.37,3367.17,-0.009,33.034,46.177,13.532,39.392,0,0
2013-11-21,1795.85,3402.74,-0.001,28.84,37.143,14.299,35.079,0,0
2013-11-22,1804.76,3422.02,0.0,31.182,47.421,14.458,31.667,0,0
2013-11-25,1802.48,3427.49,-0.001,33.139,51.336,14.616,33.466,0,0
2013-11-26,1802.75,3445.76,-0.001,33.483,50.807,14.114,35.529,0,0
2013-11-27,1807.23,3470.48,0.0,31.561,46.362,13.69,34.63,0,0
2013-11-29,1805.81,3487.82,-0.001,30.926,45.754,13.347,33.677,0,0
2013-12-02,1800.9,3481.15,-0.004,31.918,48.519,13.638,33.598,0,0
2013-12-03,1795.15,3479.34,-0.007,34.167,51.111,13.849,37.54,0,0
2013-12-04,1792.81,3483.01,-0.008,31.49,43.373,13.717,37.381,0,0
2013-12-05,1785.03,3477.73,-0.012,33.995,47.447,14.008,40.529,0,0
2013-12-06,1805.09,3504.26,-0.001,26.75,36.561,6.68,37.011,0,0
2013-12-09,1808.37,3516.17,0.0,22.068,27.037,4.934,34.233,0,0
2013-12-10,1802.62,3514.2,-0.003,21.795,28.148,5.146,32.09,0,0
2013-12-11,1782.22,3468.99,-0.014,33.355,49.96,12.751,37.354,0,0
2013-12-12,1775.5,3460.29,-0.018,35.45,57.143,12.143,37.063,0,0
2013-12-13,1775.32,3456.4,-0.018,34.48,52.884,11.878,38.677,0,0
2013-12-16,1786.54,3475.79,-0.012,30.547,41.058,12.487,38.095,0,0
2013-12-17,1781.0,3469.32,-0.015,33.964,49.14,12.46,40.291,0,0
2013-12-18,1810.65,3509.63,0.0,31.909,46.389,16.746,32.593,0,0
2013-12-19,1809.6,3498.63,-0.001,34.228,52.447,16.614,33.624,0,0
2013-12-20,1818.32,3531.19,0.0,28.029,36.601,16.032,31.455,0,0
2013-12-23,1827.99,3569.4,0.0,27.121,34.471,18.373,28.519,0,0
2013-12-24,1833.32,3572.8,0.0,24.374,25.873,18.148,29.101,0,0
2013-12-26,1842.02,3584.58,0.0,23.514,25.265,17.315,27.963,0,0
2013-12-27,1841.4,3574.02,-0.0,24.03,25.198,17.341,29.55,0,0
2013-12-30,1841.07,3570.08,-0.001,23.81,24.272,17.341,29.815,0,0
2013-12-31,1848.36,3592.0,0.0,23.858,24.021,17.209,30.344,0,0
2014-01-02,1831.98,3563.57,-0.009,26.989,27.593,18.664,34.709,0,0
2014-01-03,1831.37,3538.73,-0.009,29.877,35.542,18.638,35.45,0,0
2014-01-06,1826.77,3526.96,-0.012,32.619,43.108,18.399,36.349,0,0
2014-01-07,1837.88,3557.85,-0.006,25.648,26.111,16.971,33.862,0,0
2014-01-08,1837.49,3567.54,-0.006,26.433,26.958,17.024,35.317,0,0
2014-01-09,1838.13,3552.58,-0.006,28.907,34.299,16.653,35.767,0,0
2014-01-10,1842.37,3565.08,-0.003,21.698,23.558,6.429,35.106,0,0
2014-01-13,1819.2,3512.8,-0.016,31.085,35.873,15.476,41.905,0,0
2014-01-14,1838.88,3580.65,-0.005,28.713,33.148,17.143,35.847,0,0
2014-01-15,1848.38,3609.84,0.0,24.678,23.399,16.958,33.677,0,0
2014-01-16,1845.89,3611.29,-0.001,27.901,32.116,16.772,34.815,0,0
2014-01-17,1838.7,3591.25,-0.005,27.875,34.206,12.937,36.481,0,0
2014-01-21,1843.8,3617.7,-0.002,24.295,24.286,13.069,35.529,0,0
2014-01-22,1844.86,3627.72,-0.002,30.529,43.307,12.831,35.45,0,0
2014-01-23,1828.46,3613.76,-0.011,34.392,46.481,13.81,42.884,0,0
2014-01-24,1790.29,3541.48,-0.031,43.223,50.78,27.566,51.323,1,0
2014-01-27,1781.56,3509.02,-0.036,45.626,56.64,27.275,52.963,1,0
2014-01-28,1792.5,3505.72,-0.03,42.906,50.066,28.175,50.476,1,0
2014-01-29,1774.2,3467.82,-0.04,46.746,52.712,33.902,53.624,1,0
2014-01-30,1794.19,3532.41,-0.029,44.788,48.003,34.96,51.402,0,0
2014-01-31,1782.59,3521.92,-0.036,46.795,51.799,34.775,53.81,1,0
2014-02-03,1741.89,3440.5,-0.058,55.679,63.016,43.122,60.899,1,0
2014-02-04,1755.2,3470.2,-0.05,53.466,56.64,44.418,59.339,1,0
2014-02-05,1751.64,3454.9,-0.052,54.731,60.622,43.677,59.894,1,0
2014-02-06,1773.43,3497.6,-0.041,50.423,50.82,45.794,54.656,1,0
2014-02-07,1797.02,3561.91,-0.028,48.192,47.593,47.302,49.683,0,0
2014-02-10,1799.84,3582.11,-0.026,42.637,31.693,48.201,48.016,0,0
2014-02-11,1819.75,3621.72,-0.015,39.396,29.101,44.167,44.921,0,0
2014-02-12,1819.26,3627.36,-0.016,39.722,30.899,43.532,44.735,0,0
2014-02-13,1829.83,3659.56,-0.01,39.03,27.751,45.212,44.127,0,0
2014-02-14,1838.63,3663.88,-0.005,38.505,27.024,45.37,43.122,0,0
2014-02-18,1840.76,3679.43,-0.004,38.527,27.063,46.323,42.196,0,0
2014-02-19,1828.75,3652.85,-0.011,38.832,27.791,46.481,42.222,0,0
2014-02-20,1839.78,3671.93,-0.005,38.739,27.143,48.519,40.556,0,0
2014-02-21,1836.25,3662.6,-0.007,38.937,26.759,48.042,42.011,0,0
2014-02-24,1847.61,3685.81,-0.0,36.878,33.386,38.413,38.836,0,0
2014-02-25,1845.12,3679.14,-0.002,35.397,27.275,38.307,40.608,0,0
2014-02-26,1845.16,3676.6,-0.002,34.872,24.325,38.148,42.143,0,0
2014-02-27,1854.29,3699.8,0.0,36.186,38.399,29.815,40.344,0,0
2014-02-28,1859.45,3696.1,0.0,36.781,42.09,28.968,39.286,0,0
2014-03-03,1845.73,3668.37,-0.007,39.308,44.325,29.18,44.418,0,0
2014-03-04,1873.91,3719.93,0.0,25.988,22.341,16.442,39.18,0,0
2014-03-05,1873.81,3727.19,-0.0,26.583,23.466,16.442,39.841,0,0
2014-03-06,1877.03,3720.93,0.0,26.027,23.519,15.992,38.571,0,0
2014-03-07,1878.04,3703.4,0.0,25.481,22.989,14.378,39.074,0,0
2014-03-10,1877.17,3706.34,-0.0,24.996,21.72,12.474,40.794,0,0
2014-03-11,1867.63,3691.5,-0.006,29.802,31.905,13.399,44.101,0,0
2014-03-12,1868.2,3707.06,-0.005,30.348,32.169,12.05,46.825,0,0
2014-03-13,1846.34,3651.49,-0.017,38.77,42.857,21.124,52.328,0,0
2014-03-14,1841.13,3627.87,-0.02,37.037,37.87,20.886,52.354,0,0
2014-03-17,1858.83,3662.51,-0.01,34.806,34.577,22.698,47.143,0,0
2014-03-18,1872.25,3706.62,-0.003,33.285,32.235,23.545,44.074,0,0
2014-03-19,1860.77,3682.74,-0.009,34.652,34.14,23.439,46.376,0,0
2014-03-20,1872.01,3693.97,-0.003,31.689,26.918,23.492,44.656,0,0
2014-03-21,1866.52,3653.07,-0.006,38.536,46.27,23.73,45.608,0,0
2014-03-24,1857.44,3617.39,-0.011,33.113,28.545,23.704,47.09,0,0
2014-03-25,1865.62,3629.73,-0.007,33.078,27.328,25.159,46.746,0,0
2014-03-26,1852.56,3582.89,-0.014,35.41,29.96,26.323,49.947,0,0
2014-03-27,1849.04,3563.13,-0.015,35.917,32.593,25.899,49.259,0,0
2014-03-28,1857.62,3571.49,-0.011,39.268,42.249,26.349,49.206,0,0
2014-03-31,1872.34,3595.74,-0.003,36.089,38.188,25.952,44.127,0,0
2014-04-01,1885.52,3658.4,0.0,27.531,24.061,19.352,39.18,0,0
2014-04-02,1890.9,3665.99,0.0,27.35,24.246,19.497,38.307,0,0
2014-04-03,1888.77,3637.58,-0.001,29.418,25.873,19.55,42.831,0,0
2014-04-04,1865.09,3539.38,-0.014,38.069,33.558,30.251,50.397,0,0
2014-04-07,1845.04,3507.75,-0.024,44.206,39.696,36.786,56.138,0,0
2014-04-08,1851.96,3538.23,-0.021,42.037,35.939,36.812,53.36,0,0
2014-04-09,1872.18,3600.44,-0.01,40.86,32.037,38.981,51.561,0,0
2014-04-10,1833.08,3487.76,-0.031,53.66,57.447,41.971,61.561,1,0
2014-04-11,1815.69,3446.85,-0.04,57.663,64.987,42.817,65.185,1,0
2014-04-14,1830.61,3474.63,-0.032,52.778,52.579,42.579,63.175,1,0
2014-04-15,1842.98,3487.85,-0.025,48.576,41.058,42.553,62.116,0,0
2014-04-16,1862.31,3533.09,-0.015,46.583,38.466,43.664,57.619,0,0
2014-04-17,1864.85,3534.53,-0.014,46.534,38.664,43.32,57.619,0,0
2014-04-21,1871.89,3559.95,-0.01,45.075,34.894,43.479,56.852,0,0
2014-04-22,1879.55,3588.81,-0.006,43.571,31.865,43.267,55.582,0,0
2014-04-23,1875.39,3557.04,-0.008,44.771,33.77,43.056,57.487,0,0
2014-04-24,1878.61,3591.03,-0.006,44.537,34.947,42.368,56.296,0,0
2014-04-25,1863.4,3533.1,-0.015,47.522,39.934,43.505,59.127,0,0
2014-04-28,1869.43,3545.03,-0.011,48.17,42.593,43.294,58.624,0,0
2014-04-29,1878.33,3573.99,-0.007,46.79,40.172,42.765,57.434,0,0
2014-04-30,1883.95,3582.02,-0.004,49.048,49.008,42.235,55.899,0,0
2014-05-01,1883.68,3594.36,-0.004,49.638,48.955,43.029,56.931,0,0
2014-05-02,1881.14,3587.64,-0.005,48.422,48.677,41.561,55.026,0,0
2014-05-05,1884.66,3605.09,-0.003,46.759,48.333,34.802,57.143,0,0
2014-05-06,1867.72,3556.51,-0.012,49.96,60.992,27.513,61.376,0,0
2014-05-07,1878.21,3546.47,-0.007,50.309,64.312,27.646,58.968,0,0
2014-05-08,1875.63,3540.42,-0.008,49.713,61.574,26.481,61.085,0,0
2014-05-09,1878.48,3555.7,-0.007,37.928,41.124,11.177,61.481,0,0
2014-05-12,1896.65,3612.73,0.0,39.193,51.931,7.341,58.307,0,0
2014-05-13,1897.45,3611.13,0.0,33.995,38.466,5.82,57.698,0,0
2014-05-14,1888.53,3593.25,-0.005,42.557,61.984,6.005,59.683,0,0
2014-05-15,1870.85,3565.17,-0.014,42.765,58.743,6.111,63.439,0,0
2014-05-16,1877.86,3587.2,-0.01,43.422,60.423,6.349,63.492,0,0
2014-05-19,1885.08,3615.62,-0.007,38.898,47.302,6.402,62.989,0,0
2014-05-20,1872.83,3600.31,-0.013,45.388,63.519,6.905,65.741,0,0
2014-05-21,1888.03,3635.61,-0.005,38.964,47.077,7.249,62.566,0,0
2014-05-22,1892.49,3650.86,-0.003,37.989,44.524,7.354,62.09,0,0
2014-05-23,1900.53,3677.33,0.0,33.554,34.683,5.608,60.37,0,0
2014-05-27,1911.91,3723.07,0.0,31.027,29.696,6.032,57.354,0,0
2014-05-28,1909.78,3712.26,-0.001,34.189,39.18,5.952,57.434,0,0
2014-05-29,1920.03,3735.72,0.0,33.426,38.929,6.27,55.079,0,0
2014-05-30,1923.57,3736.82,0.0,30.406,31.799,6.27,53.148,0,0
2014-06-02,1924.97,3732.96,0.0,33.986,40.265,6.164,55.529,0,0
2014-06-03,1924.24,3730.07,-0.0,34.03,39.471,6.243,56.376,0,0
2014-06-04,1927.88,3743.59,0.0,34.978,45.172,4.577,55.185,0,0
2014-06-05,1940.46,3776.95,0.0,29.916,35.516,4.656,49.577,0,0
2014-06-06,1949.44,3794.57,0.0,24.109,21.468,4.008,46.852,0,0
2014-06-09,1951.27,3795.74,0.0,23.827,21.098,4.061,46.323,0,0
2014-06-10,1950.79,3800.86,-0.0,27.65,31.825,3.373,47.751,0,0
2014-06-11,1943.89,3797.85,-0.004,25.088,22.421,3.558,49.286,0,0
2014-06-12,1930.11,3763.8,-0.011,34.444,42.262,4.14,56.931,0,0
2014-06-13,1936.16,3775.56,-0.008,27.87,24.312,3.241,56.058,0,0
2014-06-16,1937.78,3779.93,-0.007,28.704,25.913,3.267,56.931,0,0
2014-06-17,1941.99,3781.32,-0.005,28.188,24.021,3.294,57.249,0,0
2014-06-18,1956.98,3804.61,0.0,25.141,18.479,2.923,54.021,0,0
2014-06-19,1959.48,3800.8,0.0,28.893,29.524,2.817,54.339,0,0
2014-06-20,1962.87,3802.64,0.0,29.149,31.085,2.844,53.519,0,0
2014-06-23,1962.61,3805.31,-0.0,28.752,29.894,2.87,53.492,0,0
2014-06-24,1949.98,3799.53,-0.007,28.263,24.193,3.108,57.487,0,0
2014-06-25,1959.53,3827.33,-0.002,26.795,23.466,3.267,53.651,0,0
2014-06-26,1957.22,3826.91,-0.003,27.888,26.349,3.135,54.18,0,0
2014-06-27,1960.96,3844.44,-0.001,27.888,27.698,3.188,52.778,0,0
2014-06-30,1960.23,3849.48,-0.001,28.404,27.5,3.267,54.444,0,0
2014-07-01,1973.32,3894.33,0.0,25.176,21.071,3.585,50.873,0,0
2014-07-02,1974.62,3899.27,0.0,25.767,23.029,3.611,50.661,0,0
2014-07-03,1985.44,3923.01,0.0,23.064,17.632,3.439,48.122,0,0
2014-07-07,1977.65,3910.71,-0.004,25.454,25.146,3.545,47.672,0,0
2014-07-08,1963.71,3864.07,-0.011,30.538,33.571,4.048,53.995,0,0
2014-07-09,1972.83,3892.91,-0.006,29.422,31.362,4.101,52.804,0,0
2014-07-10,1964.68,3880.04,-0.01,30.917,33.571,4.18,55.0,0,0
2014-07-11,1967.57,3904.58,-0.009,30.212,33.201,3.915,53.519,0,0
2014-07-14,1977.1,3929.46,-0.004,31.971,40.384,4.021,51.508,0,0
2014-07-15,1973.28,3914.46,-0.006,32.412,40.119,4.153,52.963,0,0
2014-07-16,1981.57,3932.33,-0.002,31.424,41.31,4.233,48.73,0,0
2014-07-17,1958.12,3878.01,-0.014,34.59,40.41,12.698,50.661,0,0
2014-07-18,1978.22,3939.89,-0.004,31.583,35.595,14.577,44.577,0,0
2014-07-21,1973.63,3934.14,-0.006,33.104,37.275,14.709,47.328,0,0
2014-07-22,1983.53,3961.62,-0.001,31.164,35.82,15.0,42.672,0,0
2014-07-23,1987.01,3986.19,0.0,30.692,33.69,14.048,44.339,0,0
2014-07-24,1987.98,3983.19,0.0,29.669,32.209,13.757,43.042,0,0
2014-07-25,1978.34,3965.17,-0.005,30.78,36.23,14.312,41.799,0,0
2014-07-28,1978.91,3967.24,-0.005,30.719,34.907,14.339,42.91,0,0
2014-07-29,1969.95,3959.03,-0.009,35.353,46.111,15.0,44.947,0,0
2014-07-30,1970.07,3976.07,-0.009,35.926,46.376,13.915,47.487,0,0
2014-07-31,1930.67,3892.5,-0.029,50.525,63.36,28.823,59.392,0,0
2014-08-01,1925.15,3879.67,-0.032,50.679,61.878,29.074,61.085,1,0
2014-08-04,1938.99,3908.77,-0.025,45.062,44.18,29.921,61.085,0,0
2014-08-05,1920.21,3874.94,-0.034,51.997,61.071,30.714,64.206,1,0
2014-08-06,1920.24,3874.27,-0.034,49.392,52.804,30.053,65.317,1,0
2014-08-07,1909.57,3857.94,-0.039,54.131,64.167,30.265,67.963,1,0
2014-08-08,1931.59,3888.09,-0.028,47.213,43.836,32.751,65.053,0,0
2014-08-11,1936.92,3910.46,-0.026,46.019,42.103,32.619,63.333,0,0
2014-08-12,1933.75,3905.23,-0.027,50.075,52.632,32.619,64.974,0,0
2014-08-13,1946.72,3949.2,-0.021,46.949,44.074,33.862,62.91,0,0
2014-08-14,1955.18,3969.11,-0.016,42.147,38.69,25.079,62.672,0,0
2014-08-15,1955.06,3987.51,-0.017,41.887,39.749,23.135,62.778,0,0
2014-08-18,1971.74,4020.5,-0.008,39.965,36.587,24.471,58.836,0,0
2014-08-19,1981.6,4040.13,-0.003,38.668,33.757,24.497,57.751,0,0
2014-08-20,1986.51,4040.71,-0.001,38.426,33.095,24.749,57.434,0,0
2014-08-21,1992.37,4047.03,0.0,36.772,31.27,25.0,54.048,0,0
2014-08-22,1988.4,4052.75,-0.002,38.708,32.513,24.325,59.286,0,0
2014-08-25,1997.92,4067.48,0.0,37.659,31.508,24.854,56.614,0,0
2014-08-26,2000.02,4071.67,0.0,37.143,30.516,24.14,56.772,0,0
2014-08-27,2000.12,4073.18,0.0,37.174,30.265,24.193,57.063,0,0
2014-08-28,1996.74,4066.27,-0.002,31.883,29.484,7.963,58.201,0,0
2014-08-29,2003.37,4082.56,0.0,31.076,30.529,7.619,55.079,0,0
2014-09-02,2002.28,4095.81,-0.001,31.292,30.886,7.275,55.714,0,0
2014-09-03,2000.72,4070.96,-0.001,32.857,39.153,5.952,53.466,0,0
2014-09-04,1997.65,4066.13,-0.003,32.844,38.347,6.085,54.101,0,0
2014-09-05,2007.71,4089.92,0.0,29.22,28.823,5.45,53.386,0,0
2014-09-08,2001.54,4095.47,-0.003,30.472,28.796,5.238,57.381,0,0
2014-09-09,1988.44,4061.88,-0.01,35.15,39.974,5.635,59.841,0,0
2014-09-10,1995.69,4094.97,-0.006,32.606,32.87,5.503,59.444,0,0
2014-09-11,1997.45,4092.65,-0.005,30.948,29.061,5.45,58.333,0,0
2014-09-12,1985.54,4069.23,-0.011,33.064,32.553,5.899,60.741,0,0
2014-09-15,1984.13,4029.89,-0.012,40.904,53.981,5.952,62.778,0,0
2014-09-16,1998.98,4067.27,-0.004,38.668,53.519,5.635,56.852,0,0
2014-09-17,2001.57,4073.57,-0.003,35.026,43.571,5.582,55.926,0,0
2014-09-18,2011.36,4103.08,0.0,33.382,39.854,5.688,54.603,0,0
2014-09-19,2010.4,4100.09,-0.0,35.247,42.831,5.714,57.196,0,0
2014-09-22,1994.29,4061.23,-0.008,43.999,60.78,7.169,64.048,0,0
2014-09-23,1982.77,4051.57,-0.014,46.407,64.405,7.328,67.487,0,0
2014-09-24,1998.3,4094.31,-0.006,42.932,56.852,7.87,64.074,0,0
2014-09-25,1965.99,4007.82,-0.023,53.02,69.894,20.86,68.307,0,0
2014-09-26,1982.85,4053.72,-0.014,48.474,60.357,22.844,62.222,0,0
2014-09-29,1977.8,4047.18,-0.017,51.812,68.148,22.632,64.656,0,0
2014-09-30,1972.29,4049.45,-0.019,54.563,72.487,22.791,68.413,0,0
2014-10-01,1946.16,3984.74,-0.032,59.819,77.513,32.791,69.153,1,0
2014-10-02,1946.17,3985.87,-0.032,58.064,74.683,32.844,66.667,1,0
2014-10-03,1967.9,4027.31,-0.022,56.433,69.775,35.106,64.418,0,0
2014-10-06,1964.82,4016.27,-0.023,57.253,69.577,35.066,67.116,0,0
2014-10-07,1935.1,3958.59,-0.038,65.591,79.921,42.328,74.524,1,0
2014-10-08,1968.89,4041.12,-0.021,60.979,67.619,45.926,69.392,0,0
2014-10-09,1928.21,3969.32,-0.041,70.459,81.614,53.492,76.27,1,0
2014-10-10,1906.13,3870.86,-0.052,74.74,88.386,56.892,78.942,1,0
2014-10-13,1874.74,3808.0,-0.068,77.544,91.402,60.357,80.873,1,1
2014-10-14,1877.7,3810.45,-0.066,75.992,87.566,59.696,80.714,1,1
2014-10-15,1862.49,3785.97,-0.074,77.006,89.815,59.722,81.481,1,1
2014-10-16,1862.76,3765.28,-0.074,76.72,88.28,60.185,81.693,1,1
2014-10-17,1886.76,3815.47,-0.062,72.853,70.661,67.421,80.476,1,1
2014-10-20,1904.01,3870.08,-0.053,69.017,59.312,68.029,79.709,1,0
2014-10-21,1941.28,3971.39,-0.035,69.555,63.439,69.325,75.899,1,0
2014-10-22,1927.11,3949.59,-0.042,71.839,64.934,72.989,77.593,1,0
2014-10-23,1950.82,4012.27,-0.03,66.847,54.854,70.794,74.894,1,0
2014-10-24,1964.58,4042.02,-0.023,67.421,60.357,70.661,71.243,0,0
2014-10-27,1961.63,4046.02,-0.025,68.232,61.362,70.582,72.751,0,0
2014-10-28,1985.05,4106.63,-0.013,65.295,56.362,70.688,68.836,0,0
2014-10-29,1982.3,4090.55,-0.014,64.66,57.368,67.037,69.577,0,0
2014-10-30,1994.65,4100.64,-0.008,66.953,64.392,67.13,69.339,0,0
2014-10-31,2018.05,4158.21,0.0,63.488,59.96,66.296,64.206,0,0
2014-11-03,2017.81,4169.28,-0.0,60.741,52.897,66.257,63.069,0,0
2014-11-04,2012.1,4156.23,-0.003,64.228,69.048,61.653,61.984,0,0
2014-11-05,2023.57,4153.27,0.0,61.702,64.669,60.595,59.841,0,0
2014-11-06,2031.21,4164.08,0.0,53.435,51.601,49.868,58.836,0,0
2014-11-07,2031.92,4160.5,0.0,49.295,50.952,39.497,57.434,0,0
2014-11-10,2038.26,4175.95,0.0,44.727,51.005,25.582,57.593,0,0
2014-11-11,2039.68,4187.16,0.0,44.788,50.661,25.635,58.069,0,0
2014-11-12,2038.25,4195.4,-0.001,44.709,50.82,23.228,60.079,0,0
2014-11-13,2039.33,4213.48,-0.0,48.386,60.185,23.148,61.825,0,0
2014-11-14,2039.82,4224.99,0.0,45.084,51.098,22.354,61.799,0,0
2014-11-17,2041.32,4213.79,0.0,42.729,43.082,21.825,63.28,0,0
2014-11-18,2051.8,4242.19,0.0,41.856,49.484,15.899,60.185,0,0
2014-11-19,2048.72,4222.66,-0.002,42.306,50.675,14.286,61.958,0,0
2014-11-20,2052.75,4242.09,0.0,40.904,48.876,13.333,60.503,0,0
2014-11-21,2063.5,4251.32,0.0,35.847,36.402,13.228,57.91,0,0
2014-11-24,2069.41,4284.32,0.0,36.001,37.09,12.844,58.069,0,0
2014-11-25,2067.03,4288.23,-0.001,35.212,35.926,9.153,60.556,0,0
2014-11-26,2072.83,4317.99,0.0,37.496,45.622,7.844,59.021,0,0
2014-11-28,2067.56,4337.79,-0.003,44.4,64.352,7.897,60.952,0,0
2014-12-01,2053.44,4287.81,-0.009,46.512,67.196,7.87,64.471,0,0
2014-12-02,2066.55,4305.96,-0.003,42.914,62.54,7.95,58.254,0,0
2014-12-03,2074.33,4312.93,0.0,34.872,40.0,7.95,56.667,0,0
2014-12-04,2071.92,4311.93,-0.001,38.329,49.021,7.976,57.989,0,0
2014-12-05,2075.37,4311.57,0.0,37.535,48.254,6.918,57.434,0,0
2014-12-08,2060.31,4278.34,-0.007,46.495,67.619,7.341,64.524,0,0
2014-12-09,2059.82,4294.67,-0.007,45.635,64.563,7.341,65.0,0,0
2014-12-10,2026.14,4224.87,-0.024,54.987,73.743,19.074,72.143,0,0
2014-12-11,2035.33,4246.48,-0.019,53.801,70.979,19.709,70.714,0,0
2014-12-12,2002.33,4199.28,-0.035,60.992,75.992,32.222,74.762,1,0
2014-12-15,1989.63,4157.41,-0.041,62.817,78.267,33.016,77.169,1,0
2014-12-16,1972.74,4089.6,-0.049,63.933,79.312,33.677,78.81,1,0
2014-12-17,2012.89,4165.1,-0.03,60.608,68.254,39.762,73.81,1,0
2014-12-18,2061.23,4267.77,-0.007,52.024,45.41,46.058,64.603,0,0
2014-12-19,2070.65,4281.78,-0.002,50.939,43.505,46.085,63.228,0,0
2014-12-22,2078.54,4293.67,0.0,49.899,42.87,46.085,60.741,0,0
2014-12-23,2082.17,4279.3,0.0,49.475,41.892,46.058,60.476,0,0
2014-12-24,2081.88,4283.1,-0.0,51.852,50.0,46.058,59.497,0,0
2014-12-26,2088.77,4314.09,0.0,50.093,48.426,46.111,55.741,0,0
2014-12-29,2090.57,4312.64,0.0,47.487,40.397,46.005,56.058,0,0
2014-12-30,2080.35,4282.35,-0.005,51.116,49.497,45.675,58.175,0,0
2014-12-31,2058.9,4236.28,-0.015,52.703,42.95,51.058,64.101,0,0
2015-01-02,2058.2,4230.24,-0.015,52.906,42.923,50.952,64.841,0,0
2015-01-05,2020.58,4160.96,-0.033,63.541,63.942,56.283,70.397,1,0
2015-01-06,2002.61,4110.83,-0.042,70.216,70.146,67.09,73.413,1,0
2015-01-07,2025.9,4160.0,-0.031,65.049,58.188,68.36,68.598,1,0
2015-01-08,2062.14,4240.55,-0.014,59.96,46.468,69.577,63.836,0,0
2015-01-09,2044.81,4213.28,-0.022,62.937,56.733,65.304,66.772,0,0
2015-01-12,2028.26,4169.97,-0.03,69.647,73.505,65.489,69.947,0,0
2015-01-13,2023.03,4166.2,-0.032,68.36,74.22,59.907,70.952,1,0
2015-01-14,2011.27,4145.84,-0.038,69.78,76.72,59.868,72.751,1,0
2015-01-15,1992.67,4089.65,-0.047,71.759,80.503,59.96,74.815,1,0
2015-01-16,2019.42,4142.14,-0.034,67.795,73.148,58.545,71.693,1,0
2015-01-20,2022.55,4171.21,-0.033,66.543,75.661,53.254,70.714,1,0
2015-01-21,2032.12,4192.09,-0.028,63.664,68.36,53.294,69.339,0,0
2015-01-22,2063.15,4270.36,-0.013,54.039,47.024,55.807,59.286,0,0
2015-01-23,2051.82,4278.14,-0.019,61.803,67.619,56.019,61.772,0,0
2015-01-26,2057.09,4275.72,-0.016,58.245,55.41,56.574,62.751,0,0
2015-01-27,2029.55,4165.5,-0.029,65.22,65.384,64.061,66.217,0,0
2015-01-28,2002.16,4140.38,-0.042,73.351,77.513,71.217,71.323,1,0
2015-01-29,2021.25,4181.35,-0.033,70.917,73.386,72.011,67.354,1,0
2015-01-30,1994.99,4148.43,-0.046,74.537,77.632,72.275,73.704,1,1
2015-02-02,2020.85,4188.59,-0.033,64.877,50.556,73.386,70.688,1,0
2015-02-03,2050.03,4229.15,-0.019,60.375,46.878,69.272,64.974,0,0
2015-02-04,2041.51,4221.2,-0.023,64.109,55.357,68.77,68.201,0,0
2015-02-05,2062.52,4256.18,-0.013,62.509,53.519,68.717,65.291,0,0
2015-02-06,2055.47,4228.68,-0.017,64.837,60.82,66.892,66.799,0,0
2015-02-09,2046.74,4216.09,-0.021,65.75,60.886,66.31,70.053,0,0
2015-02-10,2068.59,4281.16,-0.011,61.799,51.389,66.601,67.407,0,0
2015-02-11,2068.53,4297.28,-0.011,59.409,43.611,66.495,68.122,0,0
2015-02-12,2088.48,4347.97,-0.001,56.415,39.841,64.563,64.841,0,0
2015-02-13,2096.99,4384.03,0.0,56.036,43.823,61.958,62.328,0,0
2015-02-17,2100.34,4385.34,0.0,55.168,42.725,60.159,62.619,0,0
2015-02-18,2099.68,4390.91,-0.0,53.616,37.143,60.37,63.333,0,0
2015-02-19,2097.45,4411.86,-0.001,53.84,36.839,60.37,64.312,0,0
2015-02-20,2110.3,4443.05,0.0,50.692,34.352,57.328,60.397,0,0
2015-02-23,2109.66,4449.49,-0.0,54.18,44.299,56.574,61.667,0,0
2015-02-24,2115.48,4451.03,0.0,49.572,34.524,54.59,59.603,0,0
2015-02-25,2113.86,4440.59,-0.001,47.39,34.55,47.434,60.185,0,0
2015-02-26,2110.74,4462.27,-0.002,47.5,44.815,36.944,60.741,0,0
2015-02-27,2104.5,4440.67,-0.005,50.485,52.672,35.026,63.757,0,0
2015-03-02,2117.39,4483.05,0.0,44.105,52.103,21.349,58.862,0,0
2015-03-03,2107.78,4458.78,-0.005,39.524,38.36,19.974,60.238,0,0
2015-03-04,2098.53,4445.36,-0.009,46.23,57.368,17.381,63.942,0,0
2015-03-05,2101.04,4452.06,-0.008,43.272,49.339,16.825,63.651,0,0
2015-03-06,2071.26,4399.23,-0.022,54.815,67.791,27.765,68.889,0,0
2015-03-09,2079.43,4412.99,-0.018,52.487,61.931,27.698,67.831,0,0
2015-03-10,2044.16,4329.08,-0.035,62.641,72.037,40.675,75.212,1,0
2015-03-11,2040.24,4305.38,-0.036,62.743,73.479,38.373,76.376,1,0
2015-03-12,2065.95,4336.23,-0.024,56.023,53.638,41.336,73.095,0,0
2015-03-13,2053.4,4314.9,-0.03,61.737,69.431,40.251,75.529,1,0
2015-03-16,2081.19,4370.47,-0.017,55.384,52.91,43.585,69.656,0,0
2015-03-17,2074.28,4375.63,-0.02,59.524,64.96,43.611,70.0,0,0
2015-03-18,2099.5,4422.5,-0.008,53.144,47.672,45.093,66.667,0,0
2015-03-19,2089.27,4426.82,-0.013,53.135,49.735,45.225,64.444,0,0
2015-03-20,2108.1,4458.54,-0.004,48.964,39.378,45.397,62.116,0,0
2015-03-23,2104.42,4445.54,-0.006,48.774,38.73,45.423,62.169,0,0
2015-03-24,2091.5,4430.99,-0.012,50.437,40.913,45.661,64.735,0,0
2015-03-25,2061.05,4329.29,-0.027,55.701,46.164,52.923,68.016,0,0
2015-03-26,2056.15,4315.26,-0.029,62.919,66.706,52.95,69.101,0,0
2015-03-27,2061.02,4332.86,-0.027,62.302,63.161,53.029,70.714,0,0
2015-03-30,2086.24,4382.82,-0.015,54.03,43.585,54.061,64.444,0,0
2015-03-31,2067.89,4333.69,-0.023,60.022,61.323,54.907,63.836,0,0
2015-04-01,2059.69,4311.26,-0.027,59.987,54.259,54.854,70.847,0,0
2015-04-02,2066.96,4316.01,-0.024,56.755,52.183,55.119,62.963,0,0
2015-04-06,2080.62,4350.98,-0.017,49.317,42.46,48.056,57.434,0,0
2015-04-07,2076.33,4344.08,-0.019,51.01,49.603,48.003,55.423,0,0
2015-04-08,2081.9,4375.96,-0.017,45.0,42.778,37.354,54.868,0,0
2015-04-09,2091.18,4403.95,-0.012,43.157,40.714,37.381,51.376,0,0
2015-04-10,2102.06,4422.02,-0.007,41.323,39.352,35.569,49.048,0,0
2015-04-13,2092.43,4409.21,-0.012,42.848,39.987,35.304,53.254,0,0
2015-04-14,2095.84,4397.64,-0.01,40.983,36.958,32.235,53.757,0,0
2015-04-15,2106.63,4424.53,-0.005,39.427,30.754,32.288,55.238,0,0
2015-04-16,2104.99,4418.83,-0.006,39.118,33.452,30.013,53.889,0,0
2015-04-17,2081.18,4351.8,-0.017,48.298,43.849,38.955,62.09,0,0
2015-04-20,2100.4,4417.4,-0.008,46.636,41.481,38.955,59.471,0,0
2015-04-21,2097.29,4435.98,-0.009,44.925,36.111,38.929,59.735,0,0
2015-04-22,2107.96,4460.81,-0.004,45.181,35.82,38.77,60.952,0,0
2015-04-23,2112.93,4477.07,-0.002,39.303,32.394,26.362,59.153,0,0
2015-04-24,2117.69,4536.78,0.0,42.138,42.354,24.008,60.053,0,0
2015-04-27,2108.92,4525.04,-0.004,44.043,42.209,24.815,65.106,0,0
2015-04-28,2114.76,4515.27,-0.001,40.944,36.653,22.05,64.127,0,0
2015-04-29,2106.85,4488.15,-0.005,46.433,53.201,20.595,65.503,0,0
2015-04-30,2085.51,4414.25,-0.015,49.7,48.426,30.013,70.661,0,0
2015-05-01,2108.29,4479.06,-0.004,48.377,45.688,32.063,67.381,0,0
2015-05-04,2114.49,4482.61,-0.002,44.652,36.204,31.296,66.455,0,0
2015-05-05,2089.46,4409.39,-0.013,54.118,50.794,39.788,71.772,0,0
2015-05-06,2080.15,4379.75,-0.018,58.836,62.302,40.159,74.048,0,0
2015-05-07,2088.0,4401.55,-0.014,54.608,50.886,39.947,72.989,0,0
2015-05-08,2116.1,4458.65,-0.001,50.551,40.463,43.069,68.122,0,0
2015-05-11,2105.33,4438.64,-0.006,51.958,42.222,43.201,70.45,0,0
2015-05-12,2099.12,4420.65,-0.009,54.912,49.233,43.413,72.09,0,0
2015-05-13,2098.48,4426.56,-0.009,52.698,42.434,42.619,73.042,0,0
2015-05-14,2121.1,4495.04,0.0,50.604,37.95,45.159,68.704,0,0
2015-05-15,2122.73,4494.29,0.0,49.63,43.069,36.878,68.942,0,0
2015-05-18,2129.2,4512.95,0.0,48.602,41.124,36.058,68.624,0,0
2015-05-19,2127.83,4503.72,-0.001,53.386,54.392,36.058,69.709,0,0
2015-05-20,2125.85,4505.3,-0.002,49.982,44.735,35.688,69.524,0,0
2015-05-21,2130.82,4529.47,0.0,48.955,43.862,33.849,69.153,0,0
2015-05-22,2126.06,4527.16,-0.002,50.181,46.799,33.981,69.762,0,0
2015-05-26,2104.2,4472.96,-0.012,59.89,66.164,40.728,72.778,0,0
2015-05-27,2123.48,4546.06,-0.003,53.937,48.466,42.632,70.714,0,0
2015-05-28,2120.79,4535.66,-0.005,57.288,57.619,42.421,71.825,0,0
2015-05-29,2107.39,4508.25,-0.011,58.108,64.643,35.45,74.233,0,0
2015-06-01,2111.73,4521.85,-0.009,52.504,50.291,33.28,73.942,0,0
2015-06-02,2109.6,4508.89,-0.01,52.65,50.886,33.228,73.836,0,0
2015-06-03,2114.07,4519.86,-0.008,49.678,53.122,22.659,73.254,0,0
2015-06-04,2095.84,4487.03,-0.016,56.442,71.085,24.14,74.101,0,0
2015-06-05,2092.83,4477.19,-0.018,55.093,65.608,23.929,75.741,0,0
2015-06-08,2079.28,4431.51,-0.024,57.597,77.275,20.463,75.053,0,0
2015-06-09,2080.15,4427.61,-0.024,56.94,77.05,20.04,73.73,0,0
2015-06-10,2105.2,4485.46,-0.012,48.655,56.905,23.479,65.582,0,0
2015-06-11,2108.86,4488.47,-0.01,50.026,55.966,23.611,70.503,0,0
2015-06-12,2094.11,4453.79,-0.017,57.588,73.28,21.786,77.698,0,0
2015-06-15,2084.43,4432.92,-0.022,59.352,76.746,22.156,79.153,0,0
2015-06-16,2096.29,4455.9,-0.016,58.188,73.624,22.685,78.254,0,0
2015-06-17,2100.44,4468.98,-0.014,53.228,58.955,22.976,77.751,0,0
2015-06-18,2121.24,4531.85,-0.004,48.849,46.614,25.622,74.312,0,0
2015-06-19,2109.99,4513.42,-0.01,51.049,50.0,26.349,76.799,0,0
2015-06-22,2122.85,4544.04,-0.004,51.874,48.36,32.288,74.974,0,0
2015-06-23,2124.2,4548.74,-0.003,46.728,49.471,16.561,74.153,0,0
2015-06-24,2108.58,4524.6,-0.01,55.406,74.55,15.979,75.688,0,0
2015-06-25,2102.31,4514.01,-0.013,57.037,77.698,16.243,77.169,0,0
2015-06-26,2101.49,4484.28,-0.014,54.824,75.212,15.053,74.206,0,0
2015-06-29,2057.64,4379.87,-0.034,66.133,86.667,32.077,79.656,1,0
2015-06-30,2063.11,4396.76,-0.032,66.239,85.132,32.421,81.164,1,0
2015-07-01,2077.42,4429.23,-0.025,65.503,81.733,33.161,81.614,0,0
2015-07-02,2076.78,4433.39,-0.025,64.744,80.833,32.288,81.111,0,0
2015-07-06,2068.76,4418.66,-0.029,66.168,84.921,32.526,81.058,0,0
2015-07-07,2081.34,4429.06,-0.023,62.8,76.772,32.632,78.995,0,0
2015-07-08,2046.68,4351.58,-0.039,70.683,86.442,43.069,82.54,1,0
2015-07-09,2051.31,4352.03,-0.037,69.198,85.556,41.614,80.423,1,0
2015-07-10,2076.62,4420.15,-0.025,68.651,82.725,43.254,79.974,0,0
2015-07-13,2099.6,4494.47,-0.015,61.675,63.783,44.444,76.799,0,0
2015-07-14,2108.95,4523.47,-0.01,58.787,56.204,44.312,75.847,0,0
2015-07-15,2107.4,4528.36,-0.011,66.481,76.402,43.915,79.127,0,0
2015-07-16,2124.29,4594.9,-0.003,66.755,80.661,45.053,74.55,0,0
2015-07-17,2126.64,4661.6,-0.002,66.958,84.074,42.116,74.683,0,0
2015-07-20,2128.28,4679.68,-0.001,65.838,83.968,41.693,71.852,0,0
2015-07-21,2119.21,4674.41,-0.005,65.758,84.868,41.561,70.847,0,0
2015-07-22,2114.15,4623.24,-0.008,67.377,85.754,41.64,74.735,0,0
2015-07-23,2102.15,4602.83,-0.013,67.205,85.741,41.455,74.418,0,0
2015-07-24,2079.65,4557.37,-0.024,72.584,88.439,48.307,81.005,0,0
2015-07-27,2067.64,4519.09,-0.03,74.189,89.127,48.704,84.735,0,0
2015-07-28,2093.25,4560.23,-0.018,60.767,60.767,40.0,81.534,0,0
2015-07-29,2108.57,4581.6,-0.01,60.062,58.439,40.423,81.323,0,0
2015-07-30,2108.63,4598.59,-0.01,62.275,65.714,40.132,80.979,0,0
2015-07-31,2103.84,4588.91,-0.013,68.457,83.823,40.278,81.27,0,0
2015-08-03,2098.04,4580.46,-0.015,69.7,84.788,40.159,84.153,0,0
2015-08-04,2093.32,4567.47,-0.018,69.903,85.278,39.749,84.683,0,0
2015-08-05,2099.84,4602.24,-0.015,65.362,85.146,25.833,85.106,0,0
2015-08-06,2083.56,4528.51,-0.022,66.442,85.344,27.526,86.455,0,0
2015-08-07,2077.57,4520.08,-0.025,66.213,86.905,24.775,86.958,0,0
2015-08-10,2104.18,4573.11,-0.013,58.086,63.373,25.648,85.238,0,0
2015-08-11,2084.07,4513.99,-0.022,66.411,85.225,27.341,86.667,0,0
2015-08-12,2086.05,4528.19,-0.021,63.192,75.331,27.447,86.799,0,0
2015-08-13,2083.39,4519.32,-0.022,65.586,84.127,25.569,87.063,0,0
2015-08-14,2091.54,4530.74,-0.018,65.516,81.402,28.452,86.693,0,0
2015-08-17,2102.44,4566.37,-0.013,59.815,64.034,29.431,85.979,0,0
2015-08-18,2096.92,4542.07,-0.016,67.275,86.283,29.14,86.402,0,0
2015-08-19,2079.61,4510.9,-0.024,68.514,87.672,30.304,87.566,0,0
2015-08-20,2035.73,4385.13,-0.045,74.987,90.979,44.299,89.683,1,0
2015-08-21,1970.89,4197.27,-0.075,79.568,93.624,53.307,91.772,1,0
2015-08-24,1893.21,4038.6,-0.112,84.365,97.116,61.905,94.074,0,0
2015-08-25,1867.61,4016.32,-0.124,85.935,97.593,65.556,94.656,0,0
2015-08-26,1940.51,4219.6,-0.089,82.892,90.423,65.82,92.434,1,1
2015-08-27,1987.66,4324.82,-0.067,74.974,67.751,66.243,90.926,1,1
2015-08-28,1988.87,4329.12,-0.067,77.31,74.167,67.632,90.132,1,1
2015-08-31,1972.18,4274.58,-0.074,81.795,87.09,67.632,90.661,1,1
2015-09-01,1913.85,4142.63,-0.102,86.631,95.847,70.503,93.545,0,0
2015-09-02,1948.86,4256.23,-0.085,85.714,93.915,70.926,92.302,1,1
2015-09-03,1951.13,4234.65,-0.084,79.868,75.847,70.926,92.831,1,1
2015-09-04,1921.22,4184.72,-0.098,87.491,95.899,72.659,93.915,1,1
2015-09-08,1969.41,4303.53,-0.076,79.158,67.923,76.878,92.672,1,1
2015-09-09,1942.04,4253.45,-0.089,88.064,92.831,77.844,93.519,1,1
2015-09-10,1952.29,4296.3,-0.084,88.399,93.73,77.844,93.624,1,1
2015-09-11,1961.05,4323.23,-0.08,87.275,90.754,77.844,93.228,1,1
2015-09-14,1953.03,4308.76,-0.083,88.02,92.421,78.333,93.307,1,1
2015-09-15,1978.09,4360.28,-0.072,80.71,67.778,82.288,92.063,1,1
2015-09-16,1995.31,4383.67,-0.064,81.817,66.944,87.288,91.217,1,1
2015-09-17,1990.2,4384.96,-0.066,84.678,66.892,95.503,91.64,1,1
2015-09-18,1958.03,4323.86,-0.081,94.392,93.717,96.151,93.307,1,1
2015-09-21,1966.97,4336.13,-0.077,92.954,92.368,93.823,92.672,1,1
2015-09-22,1942.74,4274.1,-0.088,93.739,95.146,92.5,93.571,1,1
2015-09-23,1938.76,4273.53,-0.09,93.404,95.423,90.741,94.048,1,1
2015-09-24,1932.24,4261.1,-0.093,93.668,95.82,90.45,94.735,1,1
2015-09-25,1931.34,4224.74,-0.094,93.589,95.688,90.37,94.709,1,1
2015-09-28,1881.77,4103.47,-0.117,95.309,97.54,92.09,96.296,0,0
2015-09-29,1884.09,4083.37,-0.116,95.198,97.077,92.063,96.455,0,0
2015-09-30,1920.03,4181.06,-0.099,92.623,91.971,90.317,95.582,1,1
2015-10-01,1923.82,4192.96,-0.097,93.563,95.132,90.079,95.476,1,1
2015-10-02,1951.36,4267.45,-0.084,86.512,75.172,90.238,94.127,1,1
2015-10-05,1987.05,4331.43,-0.067,82.654,67.262,87.738,92.963,1,1
2015-10-06,1979.92,4306.7,-0.071,89.436,88.228,86.852,93.228,1,1
2015-10-07,1995.83,4333.46,-0.063,85.437,81.786,82.196,92.328,1,1
2015-10-08,2013.43,4350.15,-0.055,81.883,72.566,80.939,92.143,1,1
2015-10-09,2014.89,4370.01,-0.054,84.264,80.82,80.04,91.931,1,1
2015-10-12,2017.46,4382.56,-0.053,80.882,72.235,78.32,92.09,1,1
2015-10-13,2003.69,4352.94,-0.06,84.118,81.548,78.135,92.672,1,1
2015-10-14,1994.24,4346.92,-0.064,85.331,85.212,77.87,92.91,1,1
2015-10-15,2023.86,4418.22,-0.05,84.612,83.571,78.545,91.72,1,1
2015-10-16,2033.11,4438.62,-0.046,81.764,86.931,67.037,91.323,1,1
2015-10-19,2033.66,4462.07,-0.046,81.292,85.952,66.759,91.164,1,1
2015-10-20,2030.77,4438.18,-0.047,78.47,86.415,58.175,90.82,1,1
2015-10-21,2018.94,4413.52,-0.053,79.131,87.143,58.373,91.878,1,1
2015-10-22,2052.51,4503.22,-0.037,78.492,87.183,57.817,90.476,1,1
2015-10-23,2075.15,4624.09,-0.026,76.499,82.407,57.989,89.101,0,0
2015-10-26,2071.18,4630.85,-0.028,72.222,85.331,42.262,89.074,0,0
2015-10-27,2065.89,4639.23,-0.03,74.171,89.907,42.976,89.63,1,1
2015-10-28,2090.35,4678.58,-0.019,68.924,77.963,40.344,88.466,0,0
2015-10-29,2089.41,4670.76,-0.019,70.335,82.116,40.556,88.333,0,0
2015-10-30,2079.36,4648.83,-0.024,71.146,84.524,40.0,88.915,0,0
2015-11-02,2104.05,4703.92,-0.013,62.116,62.156,37.685,86.508,0,0
2015-11-03,2109.79,4719.05,-0.01,63.854,68.611,36.812,86.138,0,0
2015-11-04,2102.31,4717.55,-0.013,64.4,69.14,37.183,86.878,0,0
2015-11-05,2099.93,4702.9,-0.014,68.148,80.807,36.521,87.116,0,0
2015-11-06,2099.2,4707.23,-0.015,69.48,84.616,36.653,87.169,0,0
2015-11-09,2078.58,4655.52,-0.025,72.015,88.704,38.823,88.519,0,0
2015-11-10,2081.72,4641.73,-0.023,71.459,88.28,37.844,88.254,0,0
2015-11-11,2075.0,4636.94,-0.026,71.975,89.749,37.685,88.492,0,0
2015-11-12,2045.97,4588.93,-0.04,75.807,91.587,46.257,89.577,1,1
2015-11-13,2023.04,4502.14,-0.051,79.524,92.831,54.762,90.979,1,1
2015-11-16,2053.19,4565.47,-0.036,76.966,83.638,57.844,89.418,1,1
2015-11-17,2050.44,4565.82,-0.038,79.378,91.124,57.831,89.18,1,1
2015-11-18,2083.58,4653.44,-0.022,77.253,85.106,59.405,87.249,0,0
2015-11-19,2081.24,4655.35,-0.023,76.649,85.741,56.905,87.302,0,0
2015-11-20,2089.17,4686.36,-0.02,76.548,87.407,55.595,86.64,0,0
2015-11-23,2086.59,4674.79,-0.021,75.163,83.743,55.582,86.164,0,0
2015-11-24,2089.14,4669.41,-0.02,72.826,77.169,55.463,85.847,0,0
2015-11-25,2088.87,4672.88,-0.02,69.449,68.704,54.167,85.476,0,0
2015-11-27,2090.11,4680.47,-0.019,71.914,76.283,54.22,85.238,0,0
2015-11-30,2080.41,4664.51,-0.024,74.449,82.487,54.22,86.64,0,0
2015-12-01,2102.63,4716.16,-0.013,74.008,82.897,55.0,84.127,0,0
2015-12-02,2079.51,4686.22,-0.024,78.113,86.786,61.442,86.111,0,0
2015-12-03,2049.62,4606.75,-0.038,81.583,89.788,67.315,87.646,1,1
2015-12-04,2091.69,4716.12,-0.018,81.138,86.653,72.288,84.471,0,0
2015-12-07,2077.07,4693.62,-0.025,82.879,88.228,74.537,85.873,0,0
2015-12-08,2063.59,4694.77,-0.032,83.823,90.529,73.929,87.011,1,1
2015-12-09,2047.62,4622.14,-0.039,84.334,90.979,74.511,87.513,1,1
2015-12-10,2052.23,4643.05,-0.037,83.642,89.061,74.537,87.328,1,1
2015-12-11,2012.37,4537.56,-0.056,86.063,93.254,75.622,89.312,1,1
2015-12-14,2021.94,4570.16,-0.051,84.33,93.122,71.534,88.333,1,1
2015-12-15,2043.41,4597.33,-0.041,79.224,80.132,70.556,86.984,1,1
2015-12-16,2073.07,4664.56,-0.027,78.673,78.743,72.037,85.238,0,0
2015-12-17,2041.89,4598.14,-0.042,84.123,91.071,75.37,85.926,1,1
2015-12-18,2005.55,4514.83,-0.059,86.803,93.201,79.405,87.804,1,1
2015-12-21,2021.15,4560.55,-0.051,84.96,88.042,79.643,87.196,1,1
2015-12-22,2038.97,4589.26,-0.043,82.006,79.603,80.146,86.27,1,1
2015-12-23,2064.29,4624.59,-0.031,75.798,62.778,80.357,84.259,1,1
2015-12-24,2060.99,4622.77,-0.033,76.16,63.228,80.357,84.894,1,1
2015-12-28,2056.5,4621.35,-0.035,78.139,69.934,80.357,84.127,1,1
2015-12-29,2078.36,4691.08,-0.025,79.616,76.085,80.622,82.143,0,0
2015-12-30,2063.36,4652.01,-0.032,80.851,77.196,81.098,84.259,1,1
2015-12-31,2043.94,4593.27,-0.041,78.316,70.635,78.254,86.058,1,1
2016-01-04,2012.66,4497.86,-0.055,85.26,89.14,78.466,88.175,1,1
2016-01-05,2016.71,4484.18,-0.054,85.273,87.844,80.066,87.91,1,1
2016-01-06,1990.26,4443.99,-0.066,88.92,94.021,83.32,89.418,1,1
2016-01-07,1943.09,4305.72,-0.088,91.407,96.217,86.653,91.349,1,1
2016-01-08,1922.03,4270.78,-0.098,92.465,97.196,87.765,92.434,1,1
2016-01-11,1923.67,4283.55,-0.097,92.332,96.931,87.712,92.354,1,1
2016-01-12,1938.68,4333.72,-0.09,91.16,95.899,85.939,91.64,1,1
2016-01-13,1890.28,4183.12,-0.113,93.21,98.148,88.069,93.413,0,0
2016-01-14,1921.84,4272.97,-0.098,92.328,96.667,88.201,92.116,1,1
2016-01-15,1880.33,4141.08,-0.118,93.439,98.519,88.598,93.201,0,0
2016-01-19,1881.33,4147.07,-0.117,93.347,98.201,88.003,93.836,0,0
2016-01-20,1859.33,4136.28,-0.127,93.805,98.889,87.791,94.735,0,0
2016-01-21,1868.99,4142.6,-0.123,93.607,98.558,87.685,94.577,0,0
2016-01-22,1906.9,4259.77,-0.105,91.918,94.312,88.056,93.386,0,0
2016-01-25,1877.08,4196.53,-0.119,93.907,98.003,89.272,94.444,0,0
2016-01-26,1903.63,4233.85,-0.107,90.586,88.188,90.053,93.519,0,0
2016-01-27,1882.95,4128.86,-0.116,93.439,95.833,90.066,94.418,0,0
2016-01-28,1893.36,4186.06,-0.111,94.449,97.354,92.209,93.783,0,0
2016-01-29,1940.24,4279.17,-0.089,91.614,90.423,92.989,91.429,1,1
2016-02-01,1939.38,4286.56,-0.09,91.477,88.73,93.505,92.196,1,1
2016-02-02,1903.03,4193.1,-0.107,94.621,96.706,93.505,93.651,0,0
2016-02-03,1912.53,4171.97,-0.102,94.189,95.701,93.638,93.228,0,0
2016-02-04,1915.45,4167.77,-0.101,93.364,93.532,93.413,93.148,0,0
2016-02-05,1880.05,4024.47,-0.118,95.238,97.434,93.307,94.974,0,0
2016-02-08,1853.44,3960.67,-0.13,96.076,98.81,93.28,96.138,0,0
2016-02-09,1852.21,3947.8,-0.131,95.944,98.413,93.228,96.19,0,0
2016-02-10,1851.86,3966.28,-0.131,95.6,97.593,93.148,96.058,0,0
2016-02-11,1829.08,3962.22,-0.142,96.111,99.021,92.963,96.349,0,0
2016-02-12,1864.78,4019.19,-0.125,90.335,84.841,92.989,93.175,0,0
2016-02-16,1895.58,4104.33,-0.11,85.864,75.741,92.169,89.683,0,0
2016-02-17,1926.82,4199.1,-0.096,86.38,82.156,92.302,84.683,1,1
2016-02-18,1917.83,4151.49,-0.1,87.813,82.659,90.966,89.815,1,1
2016-02-19,1917.78,4164.09,-0.1,89.145,85.437,90.913,91.085,1,1
2016-02-22,1945.5,4231.27,-0.087,84.458,73.228,90.437,89.709,1,1
2016-02-23,1921.27,4162.54,-0.098,84.881,73.81,90.357,90.476,1,1
2016-02-24,1929.8,4200.66,-0.094,81.905,67.288,90.172,88.254,1,1
2016-02-25,1951.7,4241.06,-0.084,80.952,66.548,88.029,88.28,1,1
2016-02-26,1948.05,4235.62,-0.086,80.886,66.217,87.976,88.466,1,1
2016-02-29,1932.23,4201.12,-0.093,82.707,72.87,86.865,88.386,1,1
2016-03-01,1978.35,4333.61,-0.072,79.683,64.392,87.143,87.513,1,1
2016-03-02,1986.45,4334.39,-0.068,77.249,64.048,82.778,84.921,1,1
2016-03-03,1993.4,4325.86,-0.064,78.704,68.876,82.183,85.053,1,1
2016-03-04,1999.99,4329.0,-0.061,76.601,62.619,82.156,85.026,1,1
2016-03-07,2001.76,4303.33,-0.061,76.243,67.91,76.852,83.968,1,1
2016-03-08,1979.26,4265.51,-0.071,77.751,69.63,76.085,87.54,1,1
2016-03-09,1989.26,4293.23,-0.066,75.384,62.87,75.952,87.328,1,1
2016-03-10,1989.57,4286.97,-0.066,75.198,62.685,75.899,87.011,1,1
2016-03-11,2022.19,4361.83,-0.051,70.238,59.854,69.643,81.217,1,1
2016-03-14,2019.64,4367.33,-0.052,70.331,60.0,68.294,82.698,1,1
2016-03-15,2015.93,4367.08,-0.054,69.63,61.124,67.103,80.661,1,0
2016-03-16,2027.22,4404.2,-0.049,70.833,74.034,59.974,78.492,1,0
2016-03-17,2040.59,4400.26,-0.042,69.625,76.243,57.791,74.841,1,0
2016-03-18,2049.58,4410.83,-0.038,64.074,64.061,55.622,72.54,1,0
2016-03-21,2051.6,4426.98,-0.037,58.589,57.712,53.108,64.947,1,0
2016-03-22,2049.8,4437.62,-0.038,55.278,56.825,43.638,65.37,1,0
2016-03-23,2036.71,4402.56,-0.044,58.981,59.365,44.431,73.148,1,0
2016-03-24,2035.94,4405.53,-0.045,58.924,59.272,43.849,73.651,1,0
2016-03-28,2037.05,4398.07,-0.044,64.581,73.386,43.77,76.587,1,0
2016-03-29,2055.01,4467.72,-0.036,58.761,57.169,42.659,76.455,1,0
2016-03-30,2063.95,4490.88,-0.031,58.611,70.159,31.997,73.677,1,0
2016-03-31,2059.74,4483.66,-0.033,54.431,54.921,32.421,75.952,1,0
2016-04-01,2072.78,4532.08,-0.027,53.228,53.783,31.534,74.365,0,0
2016-04-04,2066.13,4511.7,-0.03,54.577,55.556,32.116,76.058,1,0
2016-04-05,2045.17,4470.75,-0.04,60.45,58.638,42.791,79.921,1,0
2016-04-06,2066.66,4543.78,-0.03,54.356,55.569,33.426,74.074,1,0
2016-04-07,2041.91,4475.29,-0.042,60.423,58.571,44.418,78.28,1,0
2016-04-08,2047.6,4474.93,-0.039,60.52,57.989,44.497,79.074,1,0
2016-04-11,2041.99,4458.71,-0.042,59.233,58.228,39.471,80.0,1,0
2016-04-12,2061.72,4496.04,-0.032,58.038,56.058,41.389,76.667,1,0
2016-04-13,2082.42,4554.72,-0.023,55.617,51.878,43.228,71.746,0,0
2016-04-14,2082.78,4554.63,-0.023,54.903,51.812,42.844,70.053,0,0
2016-04-15,2080.73,4543.16,-0.024,57.795,58.029,42.077,73.28,0,0
2016-04-18,2094.34,4569.31,-0.017,55.044,50.463,42.712,71.958,0,0
2016-04-19,2100.8,4537.09,-0.014,56.124,55.079,42.817,70.476,0,0
2016-04-20,2102.4,4540.44,-0.013,52.831,46.31,42.632,69.55,0,0
2016-04-21,2091.48,4540.8,-0.018,53.664,46.64,42.05,72.302,0,0
2016-04-22,2091.58,4474.19,-0.018,55.282,51.865,41.971,72.011,0,0
2016-04-25,2087.79,4474.13,-0.02,53.695,46.918,42.235,71.931,0,0
2016-04-26,2091.7,4452.97,-0.018,52.077,43.651,40.78,71.799,0,0
2016-04-27,2095.15,4416.63,-0.017,51.138,41.601,40.437,71.376,0,0
2016-04-28,2075.81,4363.99,-0.026,57.055,54.087,42.923,74.153,0,0
2016-04-29,2065.3,4341.3,-0.031,61.08,64.378,43.333,75.529,1,0
2016-05-02,2081.43,4381.3,-0.023,59.299,60.675,44.656,72.566,0,0
2016-05-03,2063.37,4341.39,-0.032,60.163,68.849,36.772,74.868,1,0
2016-05-04,2051.12,4312.01,-0.037,59.956,68.69,34.458,76.72,1,0
2016-05-05,2050.63,4309.48,-0.038,58.598,75.939,23.664,76.19,1,0
2016-05-06,2057.14,4330.17,-0.035,55.952,70.622,23.77,73.466,1,0
2016-05-09,2058.69,4341.23,-0.034,51.631,59.563,23.664,71.667,1,0
2016-05-10,2084.39,4402.04,-0.022,49.506,55.648,24.881,67.989,0,0
2016-05-11,2064.46,4361.03,-0.031,55.838,71.653,24.722,71.138,1,0
2016-05-12,2064.11,4342.81,-0.031,57.826,76.429,24.749,72.302,1,0
2016-05-13,2046.61,4326.53,-0.04,59.202,75.952,26.548,75.106,1,0
2016-05-16,2066.66,4380.48,-0.03,52.901,59.114,27.976,71.614,1,0
2016-05-17,2047.21,4322.56,-0.039,54.969,60.476,29.802,74.63,1,0
2016-05-18,2047.63,4338.23,-0.039,54.18,58.532,29.749,74.259,1,0
2016-05-19,2040.04,4315.58,-0.043,57.914,69.101,29.484,75.159,1,0
2016-05-20,2052.32,4362.9,-0.037,52.324,51.574,32.116,73.28,1,0
2016-05-23,2048.04,4355.1,-0.039,52.928,53.122,32.143,73.519,1,0
2016-05-24,2076.06,4444.3,-0.026,50.617,46.587,35.952,69.312,0,0
2016-05-25,2090.54,4476.43,-0.019,48.664,44.352,36.614,65.026,0,0
2016-05-26,2090.1,4487.96,-0.019,49.608,51.944,33.836,63.042,0,0
2016-05-27,2099.06,4512.54,-0.015,46.058,42.513,32.593,63.069,0,0
2016-05-31,2096.95,4523.89,-0.016,45.6,42.672,31.825,62.302,0,0
2016-06-01,2099.33,4520.07,-0.015,44.519,42.844,30.106,60.608,0,0
2016-06-02,2105.26,4531.35,-0.012,42.601,41.19,29.312,57.302,0,0
2016-06-03,2099.13,4509.79,-0.015,44.303,44.55,29.762,58.598,0,0
2016-06-06,2109.41,4523.63,-0.01,41.371,42.632,29.894,51.587,0,0
2016-06-07,2112.13,4513.09,-0.009,40.701,40.41,29.921,51.772,0,0
2016-06-08,2119.12,4520.63,-0.005,39.361,39.272,26.561,52.249,0,0
2016-06-09,2115.48,4512.69,-0.007,43.457,50.053,23.995,56.323,0,0
2016-06-10,2096.07,4461.05,-0.016,46.252,54.074,26.587,58.095,0,0
2016-06-13,2079.06,4422.76,-0.024,50.586,66.759,26.534,58.466,0,0
2016-06-14,2075.32,4424.91,-0.026,51.856,70.119,24.233,61.217,0,0
2016-06-15,2071.5,4409.51,-0.028,51.239,67.526,22.381,63.81,0,0
2016-06-16,2077.99,4424.23,-0.025,50.362,64.365,22.593,64.127,0,0
2016-06-17,2071.22,4374.38,-0.028,52.809,70.41,22.54,65.476,0,0
2016-06-20,2083.25,4400.16,-0.022,49.427,62.804,22.46,63.016,0,0
2016-06-21,2088.9,4413.4,-0.02,50.309,65.661,22.302,62.963,0,0
2016-06-22,2085.45,4404.73,-0.021,46.261,55.238,20.37,63.175,0,0
2016-06-23,2113.32,4467.48,-0.008,40.463,44.537,21.508,55.344,0,0
2016-06-24,2037.41,4285.7,-0.044,66.508,79.722,50.146,69.656,1,0
2016-06-27,2000.54,4201.05,-0.061,73.849,86.177,60.82,74.55,1,0
2016-06-28,2036.09,4290.47,-0.044,65.944,65.344,62.91,69.577,1,0
2016-06-29,2070.77,4364.74,-0.028,58.369,54.471,63.942,56.693,0,0
2016-06-30,2098.86,4417.7,-0.015,53.973,50.569,64.444,46.905,0,0
2016-07-01,2102.95,4437.45,-0.013,54.118,50.794,65.212,46.349,0,0
2016-07-05,2088.55,4410.75,-0.02,62.213,67.884,67.116,51.64,0,0
2016-07-06,2099.73,4444.7,-0.015,59.678,66.786,67.275,44.974,0,0
2016-07-07,2097.9,4459.58,-0.015,58.673,58.069,69.828,48.122,0,0
2016-07-08,2129.9,4528.36,-0.0,49.96,47.632,63.677,38.571,0,0
2016-07-11,2137.16,4554.71,0.0,51.146,52.249,63.466,37.725,0,0
2016-07-12,2152.14,4577.61,0.0,47.39,44.127,63.439,34.603,0,0
2016-07-13,2152.43,4565.77,0.0,46.539,43.995,60.807,34.815,0,0
2016-07-14,2163.75,4596.49,0.0,45.106,42.196,59.656,33.466,0,0
2016-07-15,2161.74,4589.83,-0.001,44.599,41.204,59.471,33.122,0,0
2016-07-18,2166.89,4619.68,0.0,43.347,39.656,58.029,32.354,0,0
2016-07-19,2163.78,4603.28,-0.001,46.204,54.418,51.892,32.302,0,0
2016-07-20,2173.02,4657.2,0.0,39.559,38.003,50.225,30.45,0,0
2016-07-21,2165.17,4647.02,-0.004,41.402,39.709,50.317,34.18,0,0
2016-07-22,2175.03,4666.07,0.0,38.726,34.603,49.881,31.693,0,0
2016-07-25,2168.48,4665.93,-0.003,33.426,35.556,34.061,30.661,0,0
2016-07-26,2169.18,4672.11,-0.003,28.351,34.312,20.291,30.45,0,0
2016-07-27,2166.58,4702.88,-0.004,27.059,34.087,16.243,30.847,0,0
2016-07-28,2170.06,4721.41,-0.002,24.762,34.127,11.27,28.889,0,0
2016-07-29,2173.6,4730.23,-0.001,23.536,34.762,8.519,27.328,0,0
2016-08-01,2170.84,4756.04,-0.002,24.405,36.415,8.757,28.042,0,0
2016-08-02,2157.03,4719.21,-0.008,28.721,46.931,8.598,30.635,0,0
2016-08-03,2163.79,4734.33,-0.005,24.22,35.013,8.571,29.074,0,0
2016-08-04,2164.25,4743.81,-0.005,29.563,50.516,8.571,29.603,0,0
2016-08-05,2182.87,4791.21,0.0,20.825,29.775,6.27,26.429,0,0
2016-08-08,2180.89,4784.74,-0.001,23.056,35.146,6.296,27.725,0,0
2016-08-09,2181.74,4795.75,-0.001,25.758,44.048,5.979,27.249,0,0
2016-08-10,2175.49,4783.39,-0.003,26.508,44.656,6.19,28.677,0,0
2016-08-11,2185.79,4803.31,0.0,20.847,28.492,6.111,27.937,0,0
2016-08-12,2184.05,4807.08,-0.001,20.388,28.254,6.111,26.799,0,0
2016-08-15,2190.15,4827.12,0.0,21.975,33.968,6.217,25.741,0,0
2016-08-16,2178.15,4797.19,-0.005,26.548,42.685,6.64,30.317,0,0
2016-08-17,2182.22,4805.45,-0.004,25.767,41.825,6.534,28.942,0,0
2016-08-18,2187.02,4808.68,-0.001,20.291,28.016,6.481,26.376,0,0
2016-08-19,2183.87,4806.14,-0.003,22.91,32.354,5.82,30.556,0,0
2016-08-22,2182.64,4808.56,-0.003,21.349,26.772,5.82,31.455,0,0
2016-08-23,2186.9,4818.48,-0.001,20.675,25.542,5.873,30.608,0,0
2016-08-24,2175.44,4783.49,-0.007,24.771,33.28,6.376,34.656,0,0
2016-08-25,2172.47,4775.43,-0.008,25.295,34.696,6.429,34.762,0,0
2016-08-26,2169.04,4783.69,-0.01,25.891,37.91,6.429,33.333,0,0
2016-08-29,2180.38,4791.09,-0.004,26.071,40.357,6.905,30.952,0,0
2016-08-30,2176.12,4775.99,-0.006,24.418,35.026,6.138,32.09,0,0
2016-08-31,2170.95,4771.05,-0.009,24.312,29.735,6.164,37.037,0,0
2016-09-01,2170.86,4783.94,-0.009,26.318,36.257,6.217,36.481,0,0
2016-09-02,2179.98,4798.74,-0.005,24.259,33.571,5.899,33.307,0,0
2016-09-06,2186.48,4829.51,-0.002,23.355,32.421,5.979,31.667,0,0
2016-09-07,2186.16,4831.86,-0.002,26.556,40.595,6.005,33.069,0,0
2016-09-08,2181.3,4804.0,-0.004,29.215,45.397,6.005,36.243,0,0
2016-09-09,2127.81,4681.54,-0.028,42.725,54.616,23.902,49.656,0,0
2016-09-12,2159.04,4764.65,-0.014,37.35,40.053,29.511,42.487,0,0
2016-09-13,2127.02,4722.85,-0.029,47.857,55.397,39.55,48.624,0,0
2016-09-14,2125.77,4746.06,-0.029,49.215,59.471,39.312,48.862,0,0
2016-09-15,2147.26,4819.9,-0.02,41.089,38.981,40.476,43.81,0,0
2016-09-16,2139.16,4818.05,-0.023,47.403,53.902,40.503,47.804,0,0
2016-09-19,2139.12,4796.07,-0.023,50.556,59.339,43.624,48.704,0,0
2016-09-20,2139.76,4805.22,-0.023,46.155,46.429,43.73,48.307,0,0
2016-09-21,2163.12,4853.75,-0.012,41.75,35.595,45.265,44.392,0,0
2016-09-22,2177.18,4891.36,-0.006,39.215,31.852,45.582,40.212,0,0
2016-09-23,2164.69,4858.91,-0.012,42.923,41.548,46.164,41.058,0,0
2016-09-26,2146.1,4817.17,-0.02,46.631,44.974,46.667,48.254,0,0
2016-09-27,2159.93,4866.71,-0.014,43.783,42.381,46.772,42.196,0,0
2016-09-28,2171.37,4875.27,-0.009,42.174,39.325,46.984,40.212,0,0
2016-09-29,2151.13,4838.3,-0.018,50.132,56.958,47.937,45.503,0,0
2016-09-30,2168.27,4875.7,-0.01,48.889,54.153,48.889,43.624,0,0
2016-10-03,2161.2,4866.63,-0.013,50.864,55.926,48.862,47.804,0,0
2016-10-04,2150.49,4859.47,-0.018,54.427,63.624,48.968,50.688,0,0
2016-10-05,2159.73,4877.75,-0.014,52.549,59.048,49.947,48.651,0,0
2016-10-06,2160.77,4873.92,-0.013,51.971,55.833,49.974,50.106,0,0
2016-10-07,2153.74,4864.52,-0.017,49.123,58.254,35.913,53.201,0,0
2016-10-10,2163.66,4893.77,-0.012,44.048,48.69,32.341,51.111,0,0
2016-10-11,2136.73,4821.91,-0.024,51.9,67.619,31.23,56.852,0,0
2016-10-12,2139.18,4819.64,-0.023,46.825,52.579,31.257,56.64,0,0
2016-10-13,2132.55,4803.1,-0.026,44.625,46.402,28.929,58.545,0,0
2016-10-14,2132.98,4808.48,-0.026,51.049,65.357,28.479,59.312,0,0
2016-10-17,2126.5,4796.17,-0.029,53.902,71.587,28.849,61.27,0,0
2016-10-18,2139.6,4839.72,-0.023,49.101,60.41,30.119,56.772,0,0
2016-10-19,2144.29,4836.61,-0.021,42.328,45.331,26.759,54.894,0,0
2016-10-20,2141.34,4832.71,-0.022,50.802,64.101,29.894,58.413,0,0
2016-10-21,2141.16,4851.86,-0.022,50.004,62.249,30.622,57.143,0,0
2016-10-24,2151.33,4909.97,-0.018,49.55,65.04,29.696,53.915,0,0
2016-10-25,2143.16,4891.45,-0.021,49.334,62.566,28.929,56.508,0,0
2016-10-26,2139.43,4860.59,-0.023,51.883,66.548,30.397,58.704,0,0
2016-10-27,2133.04,4836.45,-0.026,54.863,74.14,29.259,61.19,0,0
2016-10-28,2126.41,4805.59,-0.029,56.42,74.18,28.862,66.217,0,0
2016-10-31,2126.15,4801.27,-0.029,53.995,68.307,28.81,64.868,0,0
2016-11-01,2111.72,4766.94,-0.036,57.346,74.709,28.995,68.333,1,0
2016-11-02,2097.94,4726.91,-0.042,59.735,80.476,29.021,69.709,1,0
2016-11-03,2088.66,4679.1,-0.046,61.517,81.799,29.63,73.122,1,0
2016-11-04,2085.18,4660.46,-0.048,60.397,78.228,29.656,73.307,1,0
2016-11-07,2131.52,4773.73,-0.027,52.496,50.767,41.243,65.476,0,0
2016-11-08,2139.56,4804.92,-0.023,52.094,63.228,29.537,63.519,0,0
2016-11-09,2163.26,4825.18,-0.012,48.699,53.704,32.632,59.762,0,0
2016-11-10,2167.48,4747.03,-0.01,54.224,71.257,32.421,58.995,0,0
2016-11-11,2164.45,4751.95,-0.012,53.179,62.884,32.685,63.968,0,0
2016-11-14,2164.2,4702.04,-0.012,50.362,52.341,32.262,66.481,0,0
2016-11-15,2180.39,4764.47,-0.004,46.962,44.762,32.791,63.333,0,0
2016-11-16,2176.94,4792.27,-0.006,50.437,52.963,32.87,65.476,0,0
2016-11-17,2187.12,4826.59,-0.001,49.444,52.209,33.082,63.042,0,0
2016-11-18,2181.9,4808.04,-0.004,49.885,51.958,32.698,65.0,0,0
2016-11-21,2198.18,4859.0,0.0,51.446,61.733,30.86,61.746,0,0
2016-11-22,2202.94,4873.84,0.0,44.295,42.275,30.317,60.291,0,0
2016-11-23,2204.72,4853.86,0.0,44.608,42.183,30.212,61.429,0,0
2016-11-25,2213.35,4870.02,0.0,43.245,39.894,29.788,60.053,0,0
2016-11-28,2201.72,4857.02,-0.005,48.016,49.577,30.317,64.153,0,0
2016-11-29,2204.66,4873.21,-0.004,47.809,49.802,30.265,63.36,0,0
2016-11-30,2198.81,4810.81,-0.007,48.391,53.267,29.101,62.804,0,0
2016-12-01,2191.08,4734.1,-0.01,53.382,69.272,27.725,63.148,0,0
2016-12-02,2191.95,4739.37,-0.01,51.296,64.55,26.561,62.778,0,0
2016-12-05,2204.71,4778.14,-0.004,42.676,46.019,23.571,58.439,0,0
2016-12-06,2212.23,4788.67,-0.001,37.108,43.505,10.331,57.487,0,0
2016-12-07,2241.35,4851.94,0.0,38.007,53.717,11.706,48.598,0,0
2016-12-08,2246.19,4859.19,0.0,32.319,37.526,10.807,48.624,0,0
2016-12-09,2259.53,4895.9,0.0,30.26,35.093,10.529,45.159,0,0
2016-12-12,2256.96,4874.3,-0.001,31.067,36.693,10.529,45.979,0,0
2016-12-13,2271.72,4935.84,0.0,29.859,33.81,10.767,45.0,0,0
2016-12-14,2253.28,4921.22,-0.008,31.936,40.569,11.772,43.466,0,0
2016-12-15,2262.03,4933.41,-0.004,30.362,40.847,11.72,38.519,0,0
2016-12-16,2258.07,4914.86,-0.006,31.323,39.683,11.852,42.434,0,0
2016-12-19,2262.53,4934.85,-0.004,31.605,39.444,11.508,43.862,0,0
2016-12-20,2270.76,4953.8,-0.0,31.089,38.413,10.278,44.577,0,0
2016-12-21,2265.18,4948.91,-0.003,34.303,46.72,9.048,47.143,0,0
2016-12-22,2260.96,4934.39,-0.005,35.0,48.651,9.153,47.196,0,0
2016-12-23,2263.79,4940.02,-0.003,32.787,41.614,9.153,47.593,0,0
2016-12-27,2268.88,4965.81,-0.001,31.618,40.992,8.545,45.317,0,0
2016-12-28,2249.92,4926.29,-0.01,37.5,45.648,10.238,56.614,0,0
2016-12-29,2249.26,4918.28,-0.01,36.402,41.984,10.0,57.222,0,0
2016-12-30,2238.83,4863.62,-0.014,38.558,43.902,10.291,61.481,0,0
2017-01-03,2257.83,4911.33,-0.006,37.019,42.857,11.852,56.349,0,0
2017-01-04,2270.75,4937.21,-0.0,32.222,31.746,11.878,53.042,0,0
2017-01-05,2269.0,4964.95,-0.001,32.288,31.601,11.931,53.333,0,0
2017-01-06,2276.98,5007.08,0.0,29.837,30.04,8.757,50.714,0,0
2017-01-09,2268.9,5024.9,-0.004,30.78,30.225,8.915,53.201,0,0
2017-01-10,2268.9,5035.17,-0.004,30.608,29.497,8.545,53.783,0,0
2017-01-11,2275.32,5050.21,-0.001,31.795,36.429,8.558,50.397,0,0
2017-01-12,2270.44,5041.43,-0.003,32.522,36.31,8.161,53.095,0,0
2017-01-13,2274.64,5059.51,-0.001,30.864,34.299,7.368,50.926,0,0
2017-01-17,2267.89,5044.65,-0.004,29.193,27.169,7.368,53.042,0,0
2017-01-18,2271.89,5055.85,-0.002,28.893,27.831,7.394,51.455,0,0
2017-01-19,2263.69,5051.17,-0.006,34.242,41.071,7.553,54.101,0,0
2017-01-20,2271.31,5063.2,-0.002,36.512,49.683,7.553,52.302,0,0
2017-01-23,2265.2,5065.7,-0.005,37.183,50.291,7.606,53.651,0,0
2017-01-24,2280.07,5101.06,0.0,32.213,41.468,8.082,47.09,0,0
2017-01-25,2298.37,5151.47,0.0,25.265,25.952,8.519,41.323,0,0
2017-01-26,2296.68,5156.92,-0.001,27.963,33.558,8.32,42.011,0,0
2017-01-27,2294.69,5168.06,-0.002,29.788,36.931,7.09,45.344,0,0
2017-01-30,2280.9,5129.33,-0.008,31.058,35.212,7.778,50.185,0,0
2017-01-31,2278.87,5116.77,-0.008,30.049,31.72,7.394,51.032,0,0
2017-02-01,2279.55,5152.69,-0.008,31.984,39.418,6.349,50.185,0,0
2017-02-02,2280.85,5147.7,-0.008,31.173,36.601,5.939,50.979,0,0
2017-02-03,2297.42,5161.6,-0.0,31.182,42.381,6.852,44.312,0,0
2017-02-06,2292.56,5167.96,-0.003,32.575,43.611,6.839,47.275,0,0
2017-02-07,2293.08,5185.88,-0.002,32.95,47.235,6.429,45.185,0,0
2017-02-08,2294.67,5196.58,-0.002,28.435,33.492,6.442,45.37,0,0
2017-02-09,2307.87,5212.16,0.0,24.987,27.024,7.037,40.899,0,0
2017-02-10,2316.1,5226.69,0.0,21.49,19.854,7.05,37.566,0,0
2017-02-13,2328.25,5256.82,0.0,20.278,20.093,7.328,33.413,0,0
2017-02-14,2337.58,5271.07,0.0,18.593,17.381,7.156,31.243,0,0
2017-02-15,2349.25,5302.39,0.0,18.219,20.952,7.381,26.323,0,0
2017-02-16,2347.22,5300.64,-0.001,16.23,15.688,6.944,26.058,0,0
2017-02-17,2351.16,5324.72,0.0,15.569,15.013,6.958,24.735,0,0
2017-02-21,2365.38,5350.73,0.0,13.576,11.032,6.839,22.857,0,0
2017-02-22,2362.82,5352.13,-0.001,14.109,12.989,6.534,22.804,0,0
2017-02-23,2363.81,5332.37,-0.001,14.934,16.825,5.807,22.169,0,0
2017-02-24,2367.34,5343.31,0.0,13.153,12.262,5.767,21.429,0,0
2017-02-27,2369.75,5347.55,0.0,14.228,14.153,6.548,21.984,0,0
2017-02-28,2363.64,5330.31,-0.003,17.562,22.13,6.349,24.206,0,0
2017-03-01,2395.96,5390.99,0.0,19.599,32.593,8.373,17.831,0,0
2017-03-02,2381.92,5363.26,-0.006,17.354,23.175,9.444,19.444,0,0
2017-03-03,2383.12,5373.48,-0.005,19.872,34.63,9.484,15.503,0,0
2017-03-06,2375.31,5360.31,-0.009,22.901,40.0,9.471,19.233,0,0
2017-03-07,2368.39,5351.28,-0.012,24.652,45.794,9.616,18.545,0,0
2017-03-08,2362.98,5359.81,-0.014,26.213,49.59,9.762,19.286,0,0
2017-03-09,2364.87,5363.98,-0.013,26.958,50.556,9.788,20.529,0,0
2017-03-10,2372.6,5385.9,-0.01,24.44,44.881,9.656,18.783,0,0
2017-03-13,2373.47,5394.57,-0.009,18.602,27.659,9.603,18.545,0,0
2017-03-14,2365.45,5382.17,-0.013,24.136,42.698,9.709,20.0,0,0
2017-03-15,2385.26,5416.25,-0.004,19.109,28.81,10.661,17.857,0,0
2017-03-16,2381.38,5412.08,-0.006,17.919,23.571,10.503,19.683,0,0
2017-03-17,2378.25,5408.76,-0.007,18.801,26.402,10.582,19.418,0,0
2017-03-20,2373.47,5413.31,-0.009,17.16,22.011,10.741,18.73,0,0
2017-03-21,2344.02,5332.53,-0.022,32.901,48.862,22.063,27.778,0,0
2017-03-22,2348.45,5367.55,-0.02,32.152,46.495,22.288,27.672,0,0
2017-03-23,2345.96,5355.14,-0.021,29.616,39.854,22.302,26.693,0,0
2017-03-24,2343.98,5364.0,-0.022,31.186,41.852,22.209,29.497,0,0
2017-03-27,2341.59,5374.27,-0.023,31.473,42.487,22.063,29.868,0,0
2017-03-28,2358.57,5407.21,-0.016,23.638,24.312,23.638,22.963,0,0
2017-03-29,2361.13,5430.27,-0.015,23.038,26.442,19.444,23.228,0,0
2017-03-30,2368.06,5439.74,-0.012,25.838,36.706,19.167,21.64,0,0
2017-03-31,2362.72,5436.23,-0.014,23.708,28.717,19.683,22.725,0,0
2017-04-03,2358.84,5432.2,-0.015,29.868,44.828,19.431,25.344,0,0
2017-04-04,2360.16,5440.41,-0.015,29.317,45.992,19.365,22.593,0,0
2017-04-05,2352.95,5418.52,-0.018,31.195,48.201,19.458,25.926,0,0
2017-04-06,2357.49,5420.88,-0.016,24.63,30.357,19.563,23.968,0,0
2017-04-07,2355.54,5418.37,-0.017,25.432,31.693,19.392,25.212,0,0
2017-04-10,2357.16,5421.68,-0.016,24.07,28.228,19.431,24.55,0,0
2017-04-11,2353.78,5398.4,-0.018,24.493,27.275,19.272,26.931,0,0
2017-04-12,2344.93,5377.03,-0.021,26.464,31.786,17.765,29.841,0,0
2017-04-13,2328.95,5353.59,-0.028,34.272,49.616,19.365,33.836,0,0
2017-04-17,2349.01,5399.2,-0.02,28.228,33.399,22.05,29.233,0,0
2017-04-18,2342.19,5391.66,-0.022,30.648,36.759,22.937,32.249,0,0
2017-04-19,2338.17,5399.64,-0.024,30.855,49.497,10.741,32.328,0,0
2017-04-20,2355.84,5443.53,-0.017,23.973,31.706,12.063,28.148,0,0
2017-04-21,2348.69,5442.05,-0.02,27.24,40.185,12.328,29.206,0,0
2017-04-24,2374.15,5508.03,-0.009,20.904,28.929,11.481,22.302,0,0
2017-04-25,2388.61,5548.19,-0.003,16.865,20.503,11.918,18.175,0,0
2017-04-26,2387.45,5541.09,-0.004,22.16,37.13,11.283,18.069,0,0
2017-04-27,2388.77,5571.28,-0.003,21.675,37.659,9.907,17.46,0,0
2017-04-28,2384.2,5583.53,-0.005,23.902,42.937,9.934,18.836,0,0
2017-05-01,2388.33,5629.63,-0.003,27.121,53.81,9.299,18.254,0,0
2017-05-02,2391.17,5644.07,-0.002,27.209,52.831,9.14,19.656,0,0
2017-05-03,2388.13,5625.16,-0.003,28.585,54.815,9.378,21.561,0,0
2017-05-04,2389.52,5626.32,-0.003,31.102,61.23,8.981,23.095,0,0
2017-05-05,2399.29,5646.09,0.0,26.058,48.135,9.167,20.873,0,0
2017-05-08,2399.38,5659.07,0.0,27.928,53.757,9.101,20.926,0,0
2017-05-09,2396.92,5678.31,-0.001,25.026,43.571,9.339,22.169,0,0
2017-05-10,2399.63,5681.68,0.0,24.272,40.675,9.101,23.042,0,0
2017-05-11,2394.44,5674.22,-0.002,29.026,52.95,8.915,25.212,0,0
2017-05-12,2390.9,5686.81,-0.004,32.672,62.302,7.672,28.042,0,0
2017-05-15,2402.32,5704.48,0.0,26.376,48.466,6.746,23.915,0,0
2017-05-16,2400.67,5724.44,-0.001,31.887,62.725,6.376,26.561,0,0
2017-05-17,2357.03,5580.55,-0.019,44.74,69.312,23.849,41.058,0,0
2017-05-18,2365.72,5626.31,-0.015,42.756,65.688,23.241,39.339,0,0
2017-05-19,2381.73,5651.56,-0.009,37.729,52.566,23.796,36.825,0,0
2017-05-22,2394.02,5699.4,-0.003,36.424,55.423,21.865,31.984,0,0
2017-05-23,2398.42,5703.35,-0.002,36.75,58.175,21.151,30.926,0,0
2017-05-24,2404.39,5730.3,0.0,35.37,56.68,21.257,28.175,0,0
2017-05-25,2415.07,5778.37,0.0,34.524,57.632,21.706,24.233,0,0
2017-05-26,2415.82,5788.36,0.0,33.964,55.661,21.627,24.603,0,0
2017-05-30,2412.91,5794.63,-0.001,37.619,63.77,21.706,27.381,0,0
2017-05-31,2411.8,5788.8,-0.002,35.688,55.939,21.786,29.339,0,0
2017-06-01,2430.06,5816.51,0.0,28.131,34.299,23.214,26.878,0,0
2017-06-02,2439.07,5881.46,0.0,34.374,54.405,23.188,25.529,0,0
2017-06-05,2436.1,5878.12,-0.001,36.539,58.73,23.135,27.751,0,0
2017-06-06,2429.33,5856.77,-0.004,35.926,55.066,23.452,29.259,0,0
2017-06-07,2433.14,5877.59,-0.002,38.285,61.429,23.426,30.0,0,0
2017-06-08,2433.79,5885.3,-0.002,36.975,59.854,23.479,27.593,0,0
2017-06-09,2431.77,5741.94,-0.003,28.774,33.452,23.294,29.577,0,0
2017-06-12,2429.39,5708.18,-0.004,28.496,32.09,23.294,30.106,0,0
2017-06-13,2440.35,5751.82,0.0,26.803,29.683,23.294,27.434,0,0
2017-06-14,2437.92,5727.07,-0.001,30.688,39.22,23.373,29.471,0,0
2017-06-15,2432.46,5700.89,-0.003,30.11,54.246,5.344,30.741,0,0
2017-06-16,2433.15,5681.48,-0.003,29.449,52.712,5.317,30.317,0,0
2017-06-19,2453.46,5772.22,0.0,28.329,54.458,5.556,24.974,0,0
2017-06-20,2437.03,5726.31,-0.007,32.61,60.873,6.402,30.556,0,0
2017-06-21,2435.61,5782.39,-0.007,33.549,65.384,6.455,28.81,0,0
2017-06-22,2434.5,5779.87,-0.008,32.526,61.68,6.429,29.471,0,0
2017-06-23,2438.3,5803.11,-0.006,28.959,53.889,6.005,26.984,0,0
2017-06-26,2439.07,5777.59,-0.006,23.241,34.431,6.032,29.259,0,0
2017-06-27,2419.38,5671.6,-0.014,34.29,55.278,8.042,39.55,0,0
2017-06-28,2440.69,5753.03,-0.005,31.667,54.418,9.577,31.005,0,0
2017-06-29,2419.7,5653.02,-0.014,37.152,60.132,10.397,40.926,0,0
2017-06-30,2423.41,5646.92,-0.012,30.745,42.897,10.635,38.704,0,0
2017-07-03,2429.01,5596.96,-0.01,26.636,32.13,10.82,36.958,0,0
2017-07-05,2432.54,5648.82,-0.009,35.754,59.352,10.714,37.196,0,0
2017-07-06,2409.75,5597.9,-0.018,41.186,66.733,12.593,44.233,0,0
2017-07-07,2425.18,5656.47,-0.012,39.766,64.458,13.836,41.005,0,0
2017-07-10,2427.43,5694.15,-0.011,40.163,66.865,13.889,39.735,0,0
2017-07-11,2425.53,5709.8,-0.011,40.066,65.013,13.915,41.27,0,0
2017-07-12,2443.25,5778.95,-0.004,36.16,58.823,15.159,34.497,0,0
2017-07-13,2447.83,5793.36,-0.002,34.352,53.452,15.238,34.365,0,0
2017-07-14,2459.27,5838.08,0.0,31.79,51.389,14.563,29.418,0,0
2017-07-17,2459.14,5839.74,-0.0,31.124,46.72,14.616,32.037,0,0
2017-07-18,2460.61,5880.1,0.0,32.862,51.587,12.341,34.656,0,0
2017-07-19,2473.83,5916.16,0.0,30.057,48.466,11.733,29.974,0,0
2017-07-20,2473.45,5921.22,-0.0,30.869,50.661,11.733,30.212,0,0
2017-07-21,2472.54,5921.53,-0.001,28.408,44.484,11.693,29.048,0,0
2017-07-24,2469.91,5941.37,-0.002,32.125,54.259,11.852,30.265,0,0
2017-07-25,2477.13,5930.65,0.0,22.989,28.704,12.011,28.254,0,0
2017-07-26,2477.83,5950.73,0.0,27.84,44.683,10.106,28.73,0,0
2017-07-27,2475.42,5917.03,-0.001,25.353,34.894,8.704,32.46,0,0
2017-07-28,2472.1,5908.92,-0.002,25.52,36.508,6.64,33.413,0,0
2017-07-31,2470.3,5880.33,-0.003,23.704,29.577,6.772,34.762,0,0
2017-08-01,2476.35,5895.17,-0.001,24.974,35.423,6.878,32.619,0,0
2017-08-02,2477.57,5914.23,-0.0,24.555,31.839,6.905,34.921,0,0
2017-08-03,2472.16,5891.2,-0.002,28.558,40.489,5.688,39.497,0,0
2017-08-04,2476.83,5899.91,-0.0,31.464,48.386,5.714,40.291,0,0
2017-08-07,2480.91,5934.73,0.0,32.24,50.265,5.767,40.688,0,0
2017-08-08,2474.92,5926.35,-0.002,34.722,52.632,5.82,45.714,0,0
2017-08-09,2474.02,5919.39,-0.003,36.146,56.376,5.794,46.27,0,0
2017-08-10,2438.21,5788.19,-0.017,48.836,70.939,18.876,56.693,0,0
2017-08-11,2441.32,5831.53,-0.016,47.76,67.222,18.228,57.831,0,0
2017-08-14,2465.84,5908.17,-0.006,45.78,63.598,20.675,53.069,0,0
2017-08-15,2464.61,5907.73,-0.007,47.685,68.267,20.714,54.074,0,0
2017-08-16,2468.11,5917.42,-0.005,47.249,67.394,20.146,54.206,0,0
2017-08-17,2430.01,5796.32,-0.021,57.826,76.667,33.823,62.989,0,0
2017-08-18,2425.55,5790.91,-0.022,58.496,77.09,34.14,64.259,0,0
2017-08-21,2428.37,5786.54,-0.021,59.656,77.844,34.193,66.931,0,0
2017-08-22,2452.51,5873.33,-0.011,54.824,66.151,36.759,61.561,0,0
2017-08-23,2444.04,5851.78,-0.015,58.457,73.016,38.228,64.127,0,0
2017-08-24,2438.97,5834.44,-0.017,58.272,71.481,38.333,65.0,0,0
2017-08-25,2443.05,5822.53,-0.015,55.935,65.397,38.413,63.995,0,0
2017-08-28,2444.24,5838.08,-0.015,56.856,68.294,38.492,63.783,0,0
2017-08-29,2446.3,5862.14,-0.014,57.284,69.683,38.254,63.915,0,0
2017-08-30,2457.59,5932.9,-0.009,57.72,71.442,39.074,62.646,0,0
2017-08-31,2471.65,5988.6,-0.004,52.447,57.738,39.815,59.788,0,0
2017-09-01,2476.55,5987.9,-0.002,51.01,55.04,39.841,58.148,0,0
2017-09-05,2457.85,5932.73,-0.009,57.835,67.13,41.693,64.683,0,0
2017-09-06,2465.54,5951.13,-0.006,51.252,48.757,41.905,63.095,0,0
2017-09-07,2465.1,5964.31,-0.006,55.864,62.381,41.878,63.333,0,0
2017-09-08,2461.43,5913.37,-0.008,52.575,65.688,28.28,63.757,0,0
2017-09-11,2488.11,5980.53,0.0,47.853,58.929,30.82,53.81,0,0
2017-09-12,2496.48,5995.64,0.0,39.766,38.029,28.677,52.593,0,0
2017-09-13,2498.37,6004.38,0.0,41.834,44.921,28.677,51.905,0,0
2017-09-14,2495.62,5968.82,-0.001,42.531,46.429,28.757,52.407,0,0
2017-09-15,2500.23,5988.0,0.0,36.111,45.794,11.64,50.899,0,0
2017-09-18,2503.87,5981.12,0.0,36.451,45.053,11.442,52.857,0,0
2017-09-19,2506.65,5991.08,0.0,36.433,45.04,11.481,52.778,0,0
2017-09-20,2508.24,5973.61,0.0,40.542,59.167,8.968,53.492,0,0
2017-09-21,2500.6,5934.91,-0.003,40.362,57.963,7.857,55.265,0,0
2017-09-22,2502.22,5932.32,-0.002,40.56,59.458,7.672,54.55,0,0
2017-09-25,2496.66,5867.35,-0.005,38.042,49.881,7.897,56.349,0,0
2017-09-26,2496.84,5881.34,-0.005,33.311,36.442,7.963,55.529,0,0
2017-09-27,2507.04,5937.79,-0.0,33.32,37.884,8.347,53.73,0,0
2017-09-28,2510.06,5933.07,0.0,34.921,44.352,7.817,52.593,0,0
2017-09-29,2519.36,5979.3,0.0,29.546,31.243,7.315,50.079,0,0
2017-10-02,2529.12,5981.92,0.0,30.265,36.257,7.632,46.905,0,0
2017-10-03,2534.58,5995.06,0.0,26.953,30.556,6.204,44.101,0,0
2017-10-04,2537.74,5998.84,0.0,25.119,27.831,6.23,41.296,0,0
2017-10-05,2552.07,6057.14,0.0,23.28,25.476,5.873,38.492,0,0
2017-10-06,2549.33,6064.57,-0.001,27.24,36.905,5.794,39.021,0,0
2017-10-09,2544.73,6058.53,-0.003,34.317,56.601,5.556,40.794,0,0
2017-10-10,2550.64,6063.52,-0.001,32.13,49.802,5.582,41.005,0,0
2017-10-11,2555.24,6081.25,0.0,29.819,45.172,5.635,38.651,0,0
2017-10-12,2550.93,6069.99,-0.002,33.748,50.979,5.688,44.577,0,0
2017-10-13,2553.17,6092.45,-0.001,34.034,50.198,5.714,46.19,0,0
2017-10-16,2557.64,6114.53,0.0,34.524,53.307,5.767,44.497,0,0
2017-10-17,2559.36,6122.61,0.0,26.614,29.524,5.82,44.497,0,0
2017-10-18,2561.26,6114.35,0.0,31.318,44.696,5.847,43.413,0,0
2017-10-19,2562.1,6092.62,0.0,31.596,45.079,5.741,43.968,0,0
2017-10-20,2575.21,6108.82,0.0,26.618,34.828,5.847,39.18,0,0
2017-10-23,2564.98,6067.83,-0.004,34.246,53.241,6.085,43.413,0,0
2017-10-24,2569.13,6080.22,-0.002,33.814,53.32,6.111,42.011,0,0
2017-10-25,2557.15,6055.04,-0.007,37.976,58.347,6.27,49.312,0,0
2017-10-26,2560.4,6037.87,-0.006,38.73,61.64,6.323,48.228,0,0
2017-10-27,2581.07,6213.47,0.0,36.574,64.22,6.587,38.915,0,0
2017-10-30,2572.83,6227.59,-0.003,38.417,65.278,6.825,43.148,0,0
2017-10-31,2575.26,6248.56,-0.002,35.948,59.458,6.852,41.534,0,0
2017-11-01,2579.36,6248.65,-0.001,31.618,48.69,6.905,39.259,0,0
2017-11-02,2579.85,6236.39,-0.0,39.392,68.942,7.778,41.455,0,0
2017-11-03,2587.84,6295.58,0.0,35.644,62.791,6.31,37.831,0,0
2017-11-06,2591.13,6313.61,0.0,35.569,68.783,6.283,31.64,0,0
2017-11-07,2590.64,6320.78,-0.0,34.07,63.148,6.31,32.751,0,0
2017-11-08,2594.38,6345.81,0.0,35.626,67.156,6.336,33.386,0,0
2017-11-09,2584.62,6312.21,-0.004,37.588,66.64,6.574,39.55,0,0
2017-11-10,2582.3,6309.07,-0.005,39.039,68.399,6.653,42.063,0,0
2017-11-13,2584.84,6316.18,-0.004,39.48,69.59,6.68,42.169,0,0
2017-11-14,2578.87,6293.64,-0.006,41.486,70.847,6.971,46.64,0,0
2017-11-15,2564.62,6258.36,-0.011,43.827,72.553,7.368,51.561,0,0
2017-11-16,2585.64,6339.14,-0.003,39.343,64.392,9.431,44.206,0,0
2017-11-17,2578.85,6314.51,-0.006,32.989,43.638,8.929,46.402,0,0
2017-11-20,2582.14,6308.61,-0.005,40.282,63.717,8.452,48.677,0,0
2017-11-21,2599.03,6378.63,0.0,36.993,57.765,9.696,43.519,0,0
2017-11-22,2597.08,6386.12,-0.001,32.716,45.331,8.69,44.127,0,0
2017-11-24,2602.42,6409.29,0.0,33.347,50.714,8.796,40.529,0,0
2017-11-27,2601.42,6405.97,-0.0,33.933,52.235,7.421,42.143,0,0
2017-11-28,2627.04,6422.56,0.0,28.426,43.942,9.511,31.825,0,0
2017-11-29,2626.07,6311.38,-0.0,30.789,50.926,9.669,31.772,0,0
2017-11-30,2647.58,6365.56,0.0,25.591,39.167,10.807,26.799,0,0
2017-12-01,2642.22,6337.87,-0.002,24.44,33.201,11.098,29.021,0,0
2017-12-04,2639.44,6263.7,-0.003,25.838,35.807,12.474,29.233,0,0
2017-12-05,2629.57,6265.11,-0.007,27.698,38.69,13.717,30.688,0,0
2017-12-06,2629.27,6293.05,-0.007,27.87,39.153,13.743,30.714,0,0
2017-12-07,2636.98,6316.28,-0.004,25.732,31.733,13.981,31.481,0,0
2017-12-08,2651.5,6344.57,0.0,22.734,29.96,13.664,24.577,0,0
2017-12-11,2659.99,6393.89,0.0,22.804,33.598,12.698,22.116,0,0
2017-12-12,2664.11,6383.65,0.0,19.89,25.966,12.725,20.979,0,0
2017-12-13,2662.85,6394.67,-0.0,19.841,25.741,12.328,21.455,0,0
2017-12-14,2652.01,6389.91,-0.005,23.889,35.886,11.812,23.968,0,0
2017-12-15,2675.81,6466.32,0.0,17.954,24.683,12.143,17.037,0,0
2017-12-18,2690.16,6513.27,0.0,21.944,37.778,11.944,16.111,0,0
2017-12-19,2681.47,6480.67,-0.003,24.757,45.463,12.831,15.979,0,0
2017-12-20,2679.25,6472.48,-0.004,26.142,49.524,12.288,16.614,0,0
2017-12-21,2684.57,6472.69,-0.002,24.008,43.77,12.116,16.138,0,0
2017-12-22,2683.34,6465.17,-0.003,19.7,30.172,12.262,16.667,0,0
2017-12-26,2680.5,6433.16,-0.004,22.271,38.717,12.46,15.635,0,0
2017-12-27,2682.62,6435.15,-0.003,16.887,24.22,10.225,16.217,0,0
2017-12-28,2687.54,6441.42,-0.001,15.886,21.892,10.238,15.529,0,0
2017-12-29,2673.61,6396.42,-0.006,16.543,22.196,9.524,17.91,0,0
2018-01-02,2695.81,6511.34,0.0,18.245,28.28,11.402,15.053,0,0
2018-01-03,2713.06,6575.8,0.0,17.416,28.69,11.23,12.328,0,0
2018-01-04,2723.99,6584.58,0.0,20.238,38.426,10.728,11.561,0,0
2018-01-05,2743.15,6653.29,0.0,14.572,22.857,11.31,9.55,0,0
2018-01-08,2747.71,6676.63,0.0,12.341,16.64,11.336,9.048,0,0
2018-01-09,2751.29,6677.94,0.0,17.654,32.262,11.204,9.497,0,0
2018-01-10,2748.23,6662.66,-0.001,20.154,39.418,11.31,9.735,0,0
2018-01-11,2767.56,6708.49,0.0,20.256,40.41,12.235,8.122,0,0
2018-01-12,2786.24,6758.54,0.0,20.132,41.124,12.765,6.508,0,0
2018-01-16,2776.42,6737.14,-0.004,21.164,43.347,12.526,7.619,0,0
2018-01-17,2802.56,6810.28,0.0,13.541,21.825,12.817,5.979,0,0
2018-01-18,2798.03,6811.38,-0.002,20.763,43.042,13.188,6.058,0,0
2018-01-19,2810.3,6834.33,0.0,17.954,36.918,12.077,4.868,0,0
2018-01-22,2832.97,6906.28,0.0,15.335,29.272,12.844,3.889,0,0
2018-01-23,2839.13,6963.46,0.0,9.938,13.267,12.817,3.73,0,0
2018-01-24,2837.54,6919.35,-0.001,12.897,22.09,12.95,3.651,0,0
2018-01-25,2839.25,6916.3,0.0,15.437,30.503,12.685,3.122,0,0
2018-01-26,2872.87,7022.97,0.0,14.96,27.063,15.225,2.593,0,0
2018-01-29,2853.53,6988.32,-0.007,19.272,37.54,17.5,2.778,0,0
2018-01-30,2822.43,6930.73,-0.018,25.6,42.222,31.19,3.386,0,0
2018-01-31,2823.81,6949.99,-0.017,19.647,25.079,30.582,3.28,0,0
2018-02-01,2821.98,6901.5,-0.018,26.997,47.103,31.164,2.725,0,0
2018-02-02,2762.13,6760.29,-0.039,37.813,59.339,47.884,6.217,1,0
2018-02-05,2648.94,6495.92,-0.078,59.515,80.45,62.063,36.032,1,0
2018-02-06,2695.14,6665.98,-0.062,52.491,70.423,64.193,22.857,1,0
2018-02-07,2681.66,6582.02,-0.067,55.331,73.519,64.193,28.28,1,0
2018-02-08,2581.0,6306.1,-0.102,67.165,86.243,67.447,47.804,0,0
2018-02-09,2619.55,6412.68,-0.088,61.962,78.876,68.36,38.651,1,0
2018-02-12,2656.0,6523.85,-0.075,56.975,69.643,70.966,30.317,1,0
2018-02-13,2662.94,6553.86,-0.073,57.743,70.198,70.966,32.063,1,0
2018-02-14,2698.63,6675.03,-0.061,51.865,61.878,70.966,22.751,1,0
2018-02-15,2731.2,6794.92,-0.049,40.675,38.148,70.992,12.884,1,0
2018-02-16,2732.22,6770.66,-0.049,43.422,46.336,70.966,12.963,1,0
2018-02-20,2716.26,6779.69,-0.055,45.944,49.074,71.032,17.725,1,0
2018-02-21,2701.33,6759.26,-0.06,55.882,72.646,71.005,23.995,1,0
2018-02-22,2703.96,6761.85,-0.059,55.088,69.497,71.005,24.762,1,0
2018-02-23,2747.3,6896.6,-0.044,44.131,47.897,71.111,13.386,1,0
2018-02-26,2779.6,6989.1,-0.032,45.75,38.545,89.762,8.942,1,0
2018-02-27,2744.28,6900.35,-0.045,57.795,68.955,90.939,13.492,1,0
2018-02-28,2713.83,6854.42,-0.055,63.616,75.807,90.913,24.127,1,0
2018-03-01,2677.67,6750.54,-0.068,66.962,75.992,91.693,33.201,1,0
2018-03-02,2691.25,6811.04,-0.063,64.625,67.156,96.825,29.894,1,0
2018-03-05,2720.94,6881.28,-0.053,55.498,45.661,95.86,24.974,1,0
2018-03-06,2728.12,6913.02,-0.05,55.551,49.206,93.743,23.704,1,0
2018-03-07,2726.8,6929.39,-0.051,59.414,59.444,93.505,25.291,1,0
2018-03-08,2738.97,6966.43,-0.047,57.632,58.889,93.452,20.556,1,0
2018-03-09,2786.57,7101.18,-0.03,45.683,40.304,85.106,11.64,1,0
2018-03-12,2783.02,7131.12,-0.031,47.584,45.238,84.788,12.725,1,0
2018-03-13,2765.31,7046.51,-0.037,48.849,45.939,84.471,16.138,1,0
2018-03-14,2749.48,7040.98,-0.043,55.384,61.151,84.762,20.238,1,0
2018-03-15,2747.33,7030.97,-0.044,57.566,67.751,83.757,21.19,1,0
2018-03-16,2752.01,7019.95,-0.042,56.071,64.96,83.069,20.185,1,0
2018-03-19,2712.92,6864.88,-0.056,63.571,71.283,86.627,32.804,1,0
2018-03-20,2716.94,6885.92,-0.054,64.087,73.598,86.362,32.302,1,0
2018-03-21,2711.93,6853.45,-0.056,65.194,74.14,86.098,35.344,1,0
2018-03-22,2643.69,6682.26,-0.08,75.198,82.593,90.331,52.672,1,0
2018-03-23,2588.26,6508.09,-0.099,80.538,88.915,91.323,61.376,1,0
2018-03-26,2658.55,6753.83,-0.075,75.309,80.212,92.963,52.751,1,1
2018-03-27,2612.62,6529.84,-0.091,79.162,83.968,93.201,60.317,1,1
2018-03-28,2605.0,6460.81,-0.093,79.943,85.489,92.169,62.169,1,1
2018-03-29,2640.87,6581.13,-0.081,69.656,58.042,90.952,59.974,1,0
2018-04-02,2581.88,6390.84,-0.101,82.963,88.902,92.791,67.196,0,0
2018-04-03,2614.45,6458.83,-0.09,74.877,66.468,92.817,65.344,1,0
2018-04-04,2644.69,6560.06,-0.079,73.408,63.175,93.003,64.048,1,1
2018-04-05,2662.84,6594.84,-0.073,70.992,56.27,93.003,63.704,1,1
2018-04-06,2604.47,6433.21,-0.093,84.03,85.529,94.048,72.513,1,1
2018-04-09,2613.16,6472.34,-0.09,85.044,86.045,95.78,73.307,1,1
2018-04-10,2656.87,6615.87,-0.075,79.872,75.079,96.019,68.519,1,1
2018-04-11,2642.19,6583.44,-0.08,81.376,76.68,95.939,71.508,1,1
2018-04-12,2663.99,6656.26,-0.073,79.043,72.196,95.992,68.942,1,1
2018-04-13,2656.3,6628.34,-0.075,77.809,65.556,95.966,71.905,1,1
2018-04-16,2677.84,6675.18,-0.068,74.66,57.95,96.349,69.683,1,1
2018-04-17,2706.39,6816.37,-0.058,70.331,54.008,94.021,62.963,1,1
2018-04-18,2708.64,6833.21,-0.057,72.266,59.709,93.968,63.122,1,1
2018-04-19,2693.13,6774.89,-0.063,80.838,82.725,93.995,65.794,1,1
2018-04-20,2670.14,6667.75,-0.071,82.879,85.463,92.037,71.138,1,1
2018-04-23,2670.29,6648.8,-0.071,82.086,84.458,89.048,72.751,1,1
2018-04-24,2634.56,6509.05,-0.083,85.225,88.175,90.093,77.407,1,1
2018-04-25,2639.4,6513.94,-0.081,83.435,85.979,86.944,77.381,1,1
2018-04-26,2666.94,6649.65,-0.072,81.905,84.233,87.09,74.392,1,1
2018-04-27,2669.91,6656.35,-0.071,81.706,83.783,86.574,74.762,1,1
2018-04-30,2648.05,6605.57,-0.078,82.416,88.228,79.921,79.101,1,1
2018-05-01,2654.8,6681.96,-0.076,82.033,87.156,79.524,79.418,1,1
2018-05-02,2635.67,6644.48,-0.083,83.743,89.603,79.034,82.593,1,1
2018-05-03,2629.73,6643.48,-0.085,84.356,90.397,78.624,84.048,1,1
2018-05-04,2663.42,6769.12,-0.073,74.198,74.246,69.034,79.312,1,1
2018-05-07,2672.63,6821.87,-0.07,74.947,77.54,69.074,78.228,1,1
2018-05-08,2671.92,6815.48,-0.07,77.152,85.701,66.839,78.915,1,1
2018-05-09,2697.79,6893.21,-0.061,73.347,83.267,62.646,74.127,1,1
2018-05-10,2723.07,6963.55,-0.052,62.438,57.672,62.659,66.984,1,0
2018-05-11,2727.72,6952.56,-0.051,62.773,62.474,57.381,68.466,1,0
2018-05-14,2730.13,6964.37,-0.05,62.077,61.958,56.786,67.487,1,0
2018-05-15,2711.45,6888.54,-0.056,70.022,81.468,56.296,72.302,1,0
2018-05-16,2722.46,6929.97,-0.052,67.491,73.796,56.508,72.169,1,0
2018-05-17,2720.13,6901.63,-0.053,66.23,70.198,55.899,72.593,1,0
2018-05-18,2712.97,6866.25,-0.056,67.985,74.431,54.471,75.053,1,0
2018-05-21,2733.01,6905.53,-0.049,62.222,61.058,55.317,70.291,1,0
2018-05-22,2724.44,6893.62,-0.052,61.698,69.683,40.463,74.947,1,0
2018-05-23,2733.29,6953.63,-0.049,61.195,70.159,40.225,73.201,1,0
2018-05-24,2727.76,6949.7,-0.051,61.706,70.384,38.413,76.323,1,0
2018-05-25,2721.33,6960.92,-0.053,62.081,70.066,38.823,77.354,1,0
2018-05-29,2689.86,6926.54,-0.064,72.143,83.267,50.463,82.698,1,0
2018-05-30,2724.01,6976.37,-0.052,66.442,69.365,53.717,76.243,1,0
2018-05-31,2705.27,6967.73,-0.058,71.605,81.733,53.664,79.418,1,0
2018-06-01,2734.62,7083.93,-0.048,64.824,64.656,54.974,74.841,1,0
2018-06-04,2746.87,7143.57,-0.044,65.467,70.384,52.447,73.571,1,0
2018-06-05,2748.8,7166.75,-0.043,68.144,78.73,51.759,73.942,1,0
2018-06-06,2772.35,7210.08,-0.035,64.127,77.804,45.053,69.524,1,0
2018-06-07,2770.37,7152.83,-0.036,57.297,58.638,43.439,69.815,1,0
2018-06-08,2779.03,7152.62,-0.033,55.463,57.103,41.931,67.354,1,0
2018-06-11,2782.0,7168.48,-0.032,61.089,72.394,41.958,68.915,1,0
2018-06-12,2786.85,7209.18,-0.03,55.697,55.794,42.037,69.259,0,0
2018-06-13,2775.63,7205.26,-0.034,56.508,57.328,41.111,71.085,1,0
2018-06-14,2782.49,7279.59,-0.031,54.356,52.778,41.005,69.286,1,0
2018-06-15,2779.66,7255.76,-0.032,56.429,57.513,41.058,70.714,1,0
2018-06-18,2773.75,7251.41,-0.035,62.429,74.272,41.005,72.011,1,0
2018-06-19,2762.59,7228.04,-0.038,64.387,78.241,40.635,74.286,1,0
2018-06-20,2767.32,7280.7,-0.037,64.242,78.995,40.265,73.466,1,0
2018-06-21,2749.76,7217.49,-0.043,67.121,82.05,41.402,77.91,1,0
2018-06-22,2754.88,7197.51,-0.041,62.143,69.497,41.296,75.635,1,0
2018-06-25,2717.07,7038.17,-0.054,73.016,82.897,53.003,83.148,1,0
2018-06-26,2723.06,7068.2,-0.052,69.718,83.082,42.738,83.333,1,0
2018-06-27,2699.63,6969.67,-0.06,71.102,86.892,40.569,85.847,1,0
2018-06-28,2716.31,7031.6,-0.054,69.524,83.161,40.384,85.026,1,0
2018-06-29,2718.37,7040.8,-0.054,68.519,83.082,37.447,85.026,1,0
2018-07-02,2726.71,7097.82,-0.051,68.907,85.198,37.183,84.339,1,0
2018-07-03,2713.22,7014.55,-0.056,69.96,86.085,37.844,85.952,1,0
2018-07-05,2736.61,7101.05,-0.047,63.007,64.55,40.873,83.598,1,0
2018-07-06,2759.82,7207.33,-0.039,62.28,62.606,42.884,81.349,1,0
2018-07-09,2784.17,7276.0,-0.031,58.188,53.082,44.63,76.852,1,0
2018-07-10,2793.84,7282.6,-0.028,57.284,50.979,44.947,75.926,0,0
2018-07-11,2774.02,7243.98,-0.034,60.414,55.582,46.376,79.286,1,0
2018-07-12,2798.29,7366.25,-0.026,63.082,66.124,47.725,75.397,0,0
2018-07-13,2801.31,7375.82,-0.025,62.901,65.132,47.646,75.926,0,0
2018-07-16,2798.43,7357.9,-0.026,62.108,58.942,50.661,76.72,0,0
2018-07-17,2809.55,7403.89,-0.022,59.625,55.661,48.69,74.524,0,0
2018-07-18,2815.62,7390.13,-0.02,56.962,49.233,48.161,73.492,0,0
2018-07-19,2804.49,7352.36,-0.024,60.256,55.78,48.823,76.164,0,0
2018-07-20,2801.83,7350.23,-0.025,65.617,72.778,47.513,76.561,0,0
2018-07-23,2806.98,7371.78,-0.023,63.642,69.008,47.5,74.418,0,0
2018-07-24,2820.4,7406.25,-0.018,58.254,71.032,31.376,72.354,0,0
2018-07-25,2846.07,7508.59,-0.009,52.756,57.249,33.003,68.016,0,0
2018-07-26,2837.44,7400.75,-0.012,53.898,64.921,30.265,66.508,0,0
2018-07-27,2818.82,7296.78,-0.019,51.98,64.603,32.077,59.259,0,0
2018-07-30,2802.6,7193.1,-0.024,55.974,66.019,33.492,68.413,0,0
2018-07-31,2816.29,7231.98,-0.02,53.47,63.095,33.638,63.677,0,0
2018-08-01,2813.36,7272.89,-0.021,51.883,70.198,32.989,52.46,0,0
2018-08-02,2827.22,7372.15,-0.016,51.195,68.413,31.733,53.439,0,0
2018-08-03,2840.35,7395.49,-0.011,47.897,62.937,26.442,54.312,0,0
2018-08-06,2850.4,7438.99,-0.008,43.629,55.119,23.122,52.646,0,0
2018-08-07,2858.45,7462.65,-0.005,43.289,52.87,21.68,55.317,0,0
2018-08-08,2857.7,7469.55,-0.005,46.847,61.852,20.066,58.624,0,0
2018-08-09,2853.58,7466.96,-0.007,49.841,72.116,17.963,59.444,0,0
2018-08-10,2833.28,7408.3,-0.014,53.999,79.101,20.41,62.487,0,0
2018-08-13,2821.93,7401.17,-0.018,54.727,79.497,21.138,63.545,0,0
2018-08-14,2839.96,7447.17,-0.011,51.213,72.804,21.548,59.286,0,0
2018-08-15,2818.37,7354.66,-0.019,57.39,80.556,22.566,69.048,0,0
2018-08-16,2840.69,7374.29,-0.011,51.962,65.648,23.545,66.693,0,0
2018-08-17,2850.13,7377.54,-0.008,47.544,57.315,23.889,61.429,0,0
2018-08-20,2857.05,7371.42,-0.006,45.586,56.415,23.942,56.402,0,0
2018-08-21,2862.96,7397.23,-0.003,41.27,50.159,23.36,50.291,0,0
2018-08-22,2861.82,7424.6,-0.004,43.43,55.291,21.931,53.069,0,0
2018-08-23,2856.98,7413.84,-0.006,48.386,65.529,21.825,57.804,0,0
2018-08-24,2874.69,7485.4,0.0,46.327,63.294,21.561,54.127,0,0
2018-08-27,2896.74,7559.13,0.0,38.183,46.455,21.323,46.772,0,0
2018-08-28,2897.52,7570.25,0.0,40.19,51.415,20.82,48.333,0,0
2018-08-29,2914.04,7660.18,0.0,38.104,45.476,21.455,47.381,0,0
2018-08-30,2901.13,7642.67,-0.004,46.742,66.31,21.958,51.958,0,0
2018-08-31,2901.52,7654.55,-0.004,47.046,69.497,21.852,49.788,0,0
2018-09-04,2896.72,7622.32,-0.006,49.343,76.045,21.905,50.079,0,0
2018-09-05,2888.6,7523.26,-0.009,48.563,71.587,22.037,52.063,0,0
2018-09-06,2878.05,7453.17,-0.012,52.143,77.249,24.101,55.079,0,0
2018-09-07,2871.68,7430.26,-0.015,53.399,78.677,29.246,52.275,0,0
2018-09-10,2877.13,7447.68,-0.013,52.593,78.876,27.553,51.349,0,0
2018-09-11,2887.89,7507.87,-0.009,51.376,79.087,27.209,47.831,0,0
2018-09-12,2888.92,7488.06,-0.009,47.178,76.706,25.807,39.021,0,0
2018-09-13,2904.18,7561.69,-0.003,39.969,63.677,24.061,32.169,0,0
2018-09-14,2904.98,7545.5,-0.003,40.529,63.003,22.394,36.19,0,0
2018-09-17,2888.8,7434.73,-0.009,41.486,64.524,23.823,36.111,0,0
2018-09-18,2904.31,7494.4,-0.003,35.287,48.545,24.696,32.619,0,0
2018-09-19,2907.95,7490.32,-0.002,36.27,52.13,22.394,34.286,0,0
2018-09-20,2930.75,7569.03,0.0,32.187,48.294,23.638,24.63,0,0
2018-09-21,2929.67,7531.07,-0.0,35.379,56.759,23.399,25.979,0,0
2018-09-24,2919.37,7548.75,-0.004,41.865,70.661,23.241,31.693,0,0
2018-09-25,2915.56,7563.19,-0.005,44.475,77.249,21.733,34.444,0,0
2018-09-26,2905.97,7563.09,-0.008,45.009,80.0,22.275,32.751,0,0
2018-09-27,2914.0,7629.57,-0.006,43.598,77.95,21.151,31.693,0,0
2018-09-28,2913.98,7627.65,-0.006,45.093,80.119,20.423,34.735,0,0
2018-10-01,2924.59,7645.45,-0.002,43.135,77.672,20.833,30.899,0,0
2018-10-02,2923.43,7628.28,-0.002,42.959,75.093,20.688,33.095,0,0
2018-10-03,2925.51,7637.43,-0.002,43.294,78.28,19.537,32.063,0,0
2018-10-04,2901.61,7490.0,-0.01,47.729,80.966,22.143,40.079,0,0
2018-10-05,2885.57,7399.01,-0.015,51.601,84.312,22.976,47.513,0,0
2018-10-08,2884.43,7352.82,-0.016,51.261,82.46,22.884,48.439,0,0
2018-10-09,2880.34,7371.62,-0.017,51.746,85.37,22.672,47.196,0,0
2018-10-10,2785.68,7044.5,-0.049,69.978,92.222,52.765,64.947,1,0
2018-10-11,2728.37,6964.03,-0.069,76.138,95.397,61.058,71.958,1,0
2018-10-12,2767.13,7157.21,-0.056,73.333,93.598,62.328,64.074,1,0
2018-10-15,2750.79,7068.67,-0.061,74.396,93.426,62.381,67.381,1,1
2018-10-16,2809.92,7276.43,-0.041,68.236,79.074,64.18,61.455,1,0
2018-10-17,2809.21,7278.63,-0.041,71.005,86.72,64.153,62.143,1,0
2018-10-18,2768.78,7116.09,-0.055,76.12,93.386,68.307,66.667,1,0
2018-10-19,2767.78,7107.23,-0.056,76.94,94.339,68.307,68.175,1,1
2018-10-22,2755.88,7141.21,-0.06,77.072,95.185,68.307,67.725,1,1
2018-10-23,2740.69,7118.67,-0.065,77.813,95.741,68.333,69.365,1,1
2018-10-24,2656.1,6789.15,-0.094,82.857,97.54,72.354,78.677,1,1
2018-10-25,2705.57,7016.39,-0.077,81.124,93.532,72.963,76.878,1,1
2018-10-26,2658.69,6852.4,-0.093,83.642,96.984,74.55,79.392,1,1
2018-10-29,2641.25,6713.9,-0.099,84.568,97.249,74.444,82.011,1,1
2018-10-30,2682.63,6810.12,-0.085,83.289,92.963,74.656,82.249,1,1
2018-10-31,2711.74,6967.1,-0.075,86.455,86.455,91.561,81.349,1,1
2018-11-01,2740.37,7069.17,-0.065,84.436,78.717,93.717,80.873,1,1
2018-11-02,2723.06,6965.29,-0.071,87.562,85.78,94.894,82.011,1,1
2018-11-05,2738.31,6937.09,-0.066,86.658,82.579,95.198,82.196,1,1
2018-11-06,2755.45,6988.85,-0.06,81.138,66.005,95.688,81.72,1,1
2018-11-07,2813.89,7203.13,-0.04,80.767,74.987,93.214,74.101,1,1
2018-11-08,2806.83,7158.59,-0.042,83.633,82.963,90.476,77.46,1,1
2018-11-09,2781.01,7039.15,-0.051,85.767,86.19,90.37,80.741,1,1
2018-11-12,2726.22,6829.1,-0.07,90.697,93.717,93.082,85.291,1,1
2018-11-13,2722.18,6830.91,-0.071,89.052,89.101,92.368,85.688,1,1
2018-11-14,2701.58,6769.87,-0.078,90.542,92.116,92.341,87.169,1,1
2018-11-15,2730.2,6890.45,-0.068,87.61,88.638,89.934,84.259,1,1
2018-11-16,2736.27,6867.02,-0.066,88.973,91.402,89.934,85.582,1,1
2018-11-19,2690.73,6642.92,-0.082,91.764,94.537,92.712,88.042,1,1
2018-11-20,2641.89,6526.96,-0.099,93.854,96.032,94.471,91.058,1,1
2018-11-21,2649.93,6575.66,-0.096,88.836,83.915,91.376,91.217,1,1
2018-11-23,2632.56,6527.35,-0.102,92.055,93.836,90.423,91.905,0,0
2018-11-26,2673.45,6678.34,-0.088,82.2,67.407,87.923,91.27,1,1
2018-11-27,2682.17,6701.04,-0.085,89.991,91.31,87.579,91.085,1,1
2018-11-28,2743.79,6913.33,-0.064,82.571,70.529,88.399,88.783,1,1
2018-11-29,2737.8,6892.4,-0.066,85.123,77.897,88.267,89.206,1,1
2018-11-30,2760.17,6949.01,-0.058,85.714,81.23,88.056,87.857,1,1
2018-12-03,2790.37,7062.13,-0.048,79.07,64.471,88.214,84.524,1,1
2018-12-04,2700.06,6795.21,-0.079,92.826,94.537,92.725,91.217,1,1
2018-12-06,2695.95,6838.85,-0.08,93.245,95.529,92.646,91.561,1,1
2018-12-07,2633.08,6613.28,-0.102,94.903,97.196,94.312,93.201,0,0
2018-12-10,2637.72,6682.74,-0.1,94.877,97.222,94.312,93.095,1,1
2018-12-11,2636.78,6704.24,-0.1,94.903,97.302,94.127,93.28,0,0
2018-12-12,2651.07,6763.96,-0.095,93.435,95.635,91.971,92.698,1,1
2018-12-13,2650.54,6767.97,-0.096,93.836,96.733,91.944,92.831,1,1
2018-12-14,2599.95,6594.96,-0.113,95.406,97.91,94.153,94.153,0,0
2018-12-17,2545.94,6448.39,-0.131,96.671,99.021,95.516,95.476,0,0
2018-12-18,2546.16,6491.52,-0.131,96.552,98.77,95.437,95.45,0,0
2018-12-19,2506.96,6342.97,-0.145,97.147,99.577,95.384,96.481,0,0
2018-12-20,2467.42,6243.19,-0.158,97.474,100.0,95.198,97.222,0,0
2018-12-21,2416.62,6046.56,-0.175,97.981,100.0,96.19,97.751,0,0
2018-12-24,2351.1,5899.35,-0.198,98.364,100.0,97.13,97.963,0,0
2018-12-26,2467.7,6262.77,-0.158,90.375,75.608,97.923,97.593,0,0
2018-12-27,2488.83,6288.3,-0.151,90.309,75.437,97.897,97.593,0,0
2018-12-28,2485.74,6285.27,-0.152,88.862,70.913,97.712,97.963,0,0
2018-12-31,2506.85,6329.97,-0.145,88.673,70.608,97.685,97.725,0,0
2019-01-02,2510.03,6360.87,-0.144,88.699,70.926,97.632,97.54,0,0
2019-01-03,2447.89,6147.13,-0.165,98.148,96.296,99.471,98.677,0,0
2019-01-04,2531.94,6422.67,-0.136,89.109,70.437,99.325,97.566,0,0
2019-01-07,2549.69,6488.25,-0.13,88.884,70.026,99.299,97.328,0,0
2019-01-08,2574.41,6551.85,-0.122,89.793,73.889,98.664,96.825,0,0
2019-01-09,2584.96,6600.69,-0.118,89.44,73.479,98.201,96.64,0,0
2019-01-10,2596.64,6620.94,-0.114,87.632,68.651,97.976,96.27,0,0
2019-01-11,2596.26,6601.4,-0.114,87.421,68.452,97.566,96.243,0,0
2019-01-14,2582.61,6541.04,-0.119,89.255,73.399,97.566,96.799,0,0
2019-01-15,2610.3,6669.64,-0.109,88.527,72.738,96.574,96.27,0,0
2019-01-16,2616.1,6668.56,-0.107,87.981,72.421,95.119,96.402,0,0
2019-01-17,2635.96,6718.45,-0.101,89.943,79.074,95.093,95.661,0,0
2019-01-18,2670.71,6784.61,-0.089,84.705,66.019,93.254,94.841,1,1
2019-01-22,2632.9,6646.81,-0.102,89.25,79.021,93.201,95.529,0,0
2019-01-23,2638.7,6658.76,-0.1,85.97,71.733,90.516,95.661,1,1
2019-01-24,2642.33,6702.55,-0.098,84.167,71.362,85.688,95.45,1,1
2019-01-25,2664.76,6787.37,-0.091,80.75,65.648,81.468,95.132,1,1
2019-01-28,2643.85,6697.09,-0.098,81.182,66.217,81.587,95.741,1,1
2019-01-29,2640.0,6632.79,-0.099,81.173,65.939,81.574,96.005,1,1
2019-01-30,2681.05,6807.91,-0.085,80.538,64.683,82.116,94.815,1,1
2019-01-31,2704.1,6906.84,-0.077,79.921,63.981,81.865,93.915,1,1
2019-02-01,2706.53,6875.52,-0.077,76.424,63.651,71.918,93.704,1,1
2019-02-04,2724.87,6959.96,-0.07,73.461,61.918,65.952,92.513,1,1
2019-02-05,2737.7,7023.52,-0.066,72.557,60.291,65.635,91.746,1,1
2019-02-06,2731.61,6997.62,-0.068,74.206,65.317,65.106,92.196,1,1
2019-02-07,2706.05,6904.98,-0.077,73.783,61.852,66.455,93.042,1,1
2019-02-08,2707.88,6913.13,-0.076,73.88,62.011,66.429,93.201,1,1
2019-02-11,2709.8,6909.18,-0.075,73.818,61.799,66.429,93.228,1,1
2019-02-12,2744.73,7014.67,-0.063,73.933,63.307,66.878,91.614,1,1
2019-02-13,2753.03,7015.88,-0.061,71.517,57.169,66.19,91.19,1,1
2019-02-14,2745.73,7022.42,-0.063,72.249,58.466,66.561,91.72,1,1
2019-02-15,2775.6,7055.18,-0.053,69.837,53.783,66.336,89.392,1,0
2019-02-19,2779.76,7066.61,-0.052,69.127,52.91,65.212,89.259,1,0
2019-02-20,2784.7,7062.34,-0.05,64.502,56.204,48.122,89.18,1,0
2019-02-21,2774.88,7035.16,-0.053,65.847,58.042,49.339,90.159,1,0
2019-02-22,2792.67,7090.63,-0.047,67.033,63.942,48.294,88.862,1,0
2019-02-25,2796.11,7115.43,-0.046,63.99,56.376,47.526,88.069,1,0
2019-02-26,2793.9,7123.22,-0.047,63.386,56.706,45.384,88.069,1,0
2019-02-27,2792.38,7117.0,-0.047,67.694,69.868,45.304,87.91,1,0
2019-02-28,2784.49,7097.53,-0.05,62.672,57.183,42.5,88.333,1,0
2019-03-01,2803.69,7151.57,-0.043,59.652,51.243,41.971,85.741,1,0
2019-03-04,2792.81,7150.83,-0.047,62.086,56.852,42.897,86.508,1,0
2019-03-05,2789.65,7156.79,-0.048,64.819,65.503,42.288,86.667,1,0
2019-03-06,2771.45,7112.47,-0.054,68.02,72.183,43.413,88.466,1,0
2019-03-07,2748.93,7026.88,-0.062,69.749,74.735,44.696,89.815,1,0
2019-03-08,2743.07,7015.69,-0.064,68.086,71.561,42.778,89.921,1,0
2019-03-11,2783.3,7164.02,-0.05,62.765,54.974,46.468,86.852,1,0
2019-03-12,2791.52,7201.28,-0.048,62.178,54.788,46.508,85.238,1,0
2019-03-13,2810.92,7256.98,-0.041,60.507,53.955,44.153,83.413,1,0
2019-03-14,2808.48,7243.01,-0.042,60.622,54.153,44.167,83.545,1,0
2019-03-15,2822.48,7306.99,-0.037,58.664,53.28,40.622,82.09,1,0
2019-03-18,2832.94,7326.28,-0.033,56.627,50.37,38.823,80.688,1,0
2019-03-19,2832.57,7349.28,-0.033,57.046,51.944,38.876,80.317,1,0
2019-03-20,2824.23,7380.75,-0.036,60.445,61.005,39.511,80.82,1,0
2019-03-21,2854.88,7493.27,-0.026,58.007,56.601,40.886,76.534,0,0
2019-03-22,2800.71,7326.06,-0.044,70.375,70.317,57.209,83.598,1,0
2019-03-25,2798.36,7316.96,-0.045,66.583,58.823,57.169,83.757,1,0
2019-03-26,2818.46,7351.15,-0.038,66.689,60.847,57.738,81.481,1,0
2019-03-27,2805.37,7308.19,-0.043,67.597,61.971,57.989,82.831,1,0
2019-03-28,2815.44,7320.47,-0.039,65.397,56.759,57.976,81.455,1,0
2019-03-29,2834.4,7378.77,-0.033,63.302,53.823,57.963,78.122,1,0
2019-04-01,2867.19,7478.42,-0.022,59.087,46.27,58.955,72.037,0,0
2019-04-02,2867.24,7499.64,-0.022,62.892,57.989,58.915,71.772,0,0
2019-04-03,2873.4,7544.97,-0.02,58.047,45.661,58.135,70.344,0,0
2019-04-04,2879.39,7540.57,-0.018,54.868,44.074,56.905,63.624,0,0
2019-04-05,2892.74,7578.84,-0.013,50.772,41.667,56.31,54.339,0,0
2019-04-08,2895.77,7599.74,-0.012,50.966,41.323,53.796,57.778,0,0
2019-04-09,2878.2,7568.49,-0.018,53.113,44.22,54.934,60.185,0,0
2019-04-10,2888.21,7611.49,-0.015,53.563,42.765,54.405,63.519,0,0
2019-04-11,2888.32,7594.89,-0.014,54.66,46.138,54.431,63.413,0,0
2019-04-12,2907.41,7628.15,-0.008,49.475,43.862,49.854,54.709,0,0
2019-04-15,2905.58,7629.12,-0.009,48.505,40.899,49.775,54.841,0,0
2019-04-16,2907.06,7654.73,-0.008,53.294,56.958,49.802,53.122,0,0
2019-04-17,2900.45,7680.72,-0.01,53.818,58.32,49.749,53.386,0,0
2019-04-18,2905.03,7689.72,-0.009,44.109,41.177,47.712,43.439,0,0
2019-04-22,2907.97,7713.49,-0.008,40.34,46.614,27.712,46.693,0,0
2019-04-23,2933.68,7810.71,0.0,35.004,38.492,29.325,37.196,0,0
2019-04-24,2927.25,7784.41,-0.002,36.345,42.593,29.22,37.222,0,0
2019-04-25,2926.17,7816.92,-0.003,39.978,52.725,27.447,39.762,0,0
2019-04-26,2939.88,7826.68,0.0,36.702,44.511,27.659,37.937,0,0
2019-04-29,2943.03,7839.04,0.0,35.216,39.339,26.971,39.339,0,0
2019-04-30,2945.83,7781.46,0.0,32.756,38.333,23.532,36.402,0,0
2019-05-01,2923.73,7751.85,-0.008,38.862,46.362,26.336,43.889,0,0
2019-05-02,2917.52,7724.06,-0.01,40.146,46.958,26.627,46.852,0,0
2019-05-03,2945.64,7845.73,-0.0,39.272,43.598,29.643,44.577,0,0
2019-05-06,2932.47,7794.09,-0.005,39.259,40.78,30.066,46.931,0,0
2019-05-07,2884.05,7640.15,-0.021,54.793,61.548,46.931,55.899,0,0
2019-05-08,2879.42,7617.55,-0.023,51.19,56.812,46.283,50.476,0,0
2019-05-09,2870.72,7582.75,-0.025,54.246,65.331,46.164,51.243,0,0
2019-05-10,2881.4,7586.53,-0.022,47.623,50.132,46.733,46.005,0,0
2019-05-13,2811.87,7324.13,-0.045,68.585,80.476,61.865,63.413,1,0
2019-05-14,2834.41,7401.88,-0.038,61.83,63.228,62.5,59.762,1,0
2019-05-15,2850.96,7503.25,-0.032,58.704,62.315,62.791,51.005,1,0
2019-05-16,2876.32,7580.14,-0.024,55.079,62.024,63.161,40.053,0,0
2019-05-17,2859.53,7503.68,-0.029,61.477,75.688,64.934,43.81,0,0
2019-05-20,2840.23,7376.7,-0.036,62.35,76.349,65.198,45.503,1,0
2019-05-21,2864.36,7451.02,-0.028,55.335,54.061,66.997,44.947,0,0
2019-05-22,2856.27,7420.66,-0.03,60.648,67.249,66.997,47.698,1,0
2019-05-23,2822.24,7307.93,-0.042,70.891,80.397,71.296,60.979,1,0
2019-05-24,2826.06,7300.96,-0.041,69.96,78.889,71.548,59.444,1,0
2019-05-28,2802.39,7278.38,-0.049,73.858,84.788,71.733,65.053,1,0
2019-05-29,2783.02,7216.86,-0.055,75.101,85.317,71.759,68.228,1,0
2019-05-30,2788.86,7245.4,-0.053,73.294,85.952,71.653,62.275,1,1
2019-05-31,2752.06,7127.96,-0.066,76.596,88.915,74.233,66.64,1,1
2019-06-03,2744.45,6978.02,-0.068,72.963,76.349,80.635,61.905,1,1
2019-06-04,2803.27,7166.75,-0.048,63.973,55.728,83.042,53.148,1,0
2019-06-05,2826.15,7220.9,-0.041,64.656,65.476,80.503,47.989,1,0
2019-06-06,2843.49,7275.93,-0.035,61.614,58.228,80.556,46.058,1,0
2019-06-07,2873.34,7417.29,-0.025,57.434,51.64,80.873,39.788,0,0
2019-06-10,2886.73,7501.93,-0.02,54.277,48.519,80.847,33.466,0,0
2019-06-11,2885.72,7513.85,-0.02,52.941,52.95,74.18,31.693,0,0
2019-06-12,2879.84,7472.29,-0.022,57.549,65.926,73.995,32.725,0,0
2019-06-13,2891.64,7510.68,-0.018,50.428,47.394,73.889,30.0,0,0
2019-06-14,2886.98,7479.11,-0.02,52.981,55.238,73.307,30.397,0,0
2019-06-17,2889.67,7526.52,-0.019,54.634,60.886,73.148,29.868,0,0
2019-06-18,2917.75,7635.4,-0.01,47.584,43.968,73.175,25.608,0,0
2019-06-19,2926.46,7667.74,-0.007,49.757,54.008,70.82,24.444,0,0
2019-06-20,2954.18,7738.05,0.0,42.994,39.405,71.058,18.519,0,0
2019-06-21,2950.46,7728.78,-0.001,42.526,44.775,63.492,19.312,0,0
2019-06-24,2945.35,7723.02,-0.003,43.241,45.384,63.624,20.714,0,0
2019-06-25,2917.38,7591.54,-0.012,49.056,58.042,63.81,25.317,0,0
2019-06-26,2913.78,7627.05,-0.014,47.963,55.291,62.91,25.688,0,0
2019-06-27,2924.92,7657.05,-0.01,43.704,43.862,62.963,24.286,0,0
2019-06-28,2941.76,7671.08,-0.004,35.688,35.569,49.696,21.799,0,0
2019-07-01,2964.33,7768.14,0.0,32.46,32.87,48.399,16.111,0,0
2019-07-02,2973.01,7799.82,0.0,28.638,33.783,37.235,14.894,0,0
2019-07-03,2995.82,7857.69,0.0,26.455,30.675,35.225,13.466,0,0
2019-07-05,2990.41,7841.3,-0.002,26.856,31.574,35.397,13.598,0,0
2019-07-08,2975.95,7785.79,-0.007,27.778,34.14,34.96,14.233,0,0
2019-07-09,2979.63,7826.86,-0.005,27.557,33.571,34.788,14.312,0,0
2019-07-10,2993.07,7903.4,-0.001,28.792,38.108,34.828,13.439,0,0
2019-07-11,2999.91,7896.78,0.0,28.02,36.31,34.444,13.307,0,0
2019-07-12,3013.77,7943.24,0.0,25.057,28.003,34.048,13.122,0,0
2019-07-15,3014.3,7966.93,0.0,27.028,35.146,33.823,12.116,0,0
2019-07-16,3004.04,7927.08,-0.003,25.185,28.519,34.392,12.646,0,0
2019-07-17,2984.42,7888.76,-0.01,30.591,43.585,34.352,13.836,0,0
2019-07-18,2995.11,7904.13,-0.006,30.763,44.775,34.392,13.122,0,0
2019-07-19,2976.61,7834.9,-0.013,32.178,49.074,33.73,13.73,0,0
2019-07-22,2985.03,7905.12,-0.01,31.958,49.312,33.81,12.751,0,0
2019-07-23,3005.47,7954.56,-0.003,27.006,34.246,34.55,12.222,0,0
2019-07-24,3019.56,8010.61,0.0,21.821,24.841,29.352,11.27,0,0
2019-07-25,3003.67,7929.87,-0.005,25.225,32.778,30.648,12.249,0,0
2019-07-26,3025.86,8016.95,0.0,24.951,32.884,31.124,10.847,0,0
2019-07-29,3020.97,7989.08,-0.002,29.039,44.563,31.019,11.534,0,0
2019-07-30,3013.18,7952.47,-0.004,25.093,32.963,30.489,11.825,0,0
2019-07-31,2980.38,7848.78,-0.015,33.448,44.206,43.095,13.042,0,0
2019-08-01,2953.56,7801.15,-0.024,40.22,56.495,43.32,20.847,0,0
2019-08-02,2932.05,7692.8,-0.031,45.141,65.833,44.114,25.476,1,0
2019-08-05,2844.74,7415.69,-0.06,63.549,80.952,60.966,48.73,1,0
2019-08-06,2881.77,7521.32,-0.048,60.181,76.548,62.116,41.878,1,0
2019-08-07,2883.98,7551.9,-0.047,60.0,77.791,62.077,40.132,1,0
2019-08-08,2938.09,7724.83,-0.029,46.521,45.939,63.783,29.841,0,0
2019-08-09,2918.65,7646.27,-0.035,57.716,74.669,63.743,34.735,1,0
2019-08-12,2882.7,7561.68,-0.047,64.912,82.302,68.148,44.286,1,0
2019-08-13,2926.32,7728.15,-0.033,57.769,72.407,69.021,31.878,1,0
2019-08-14,2840.6,7490.13,-0.061,70.864,86.852,73.598,52.143,1,0
2019-08-15,2847.6,7484.89,-0.059,70.56,86.812,73.545,51.323,1,0
2019-08-16,2888.68,7604.11,-0.045,58.029,55.86,74.074,44.153,1,0
2019-08-19,2923.65,7719.32,-0.034,55.542,57.077,74.339,35.212,1,0
2019-08-20,2900.51,7664.47,-0.041,61.865,70.463,74.286,40.847,1,0
2019-08-21,2924.43,7733.22,-0.034,60.481,68.479,76.085,36.878,1,0
2019-08-22,2922.95,7707.43,-0.034,61.398,71.812,76.032,36.349,1,0
2019-08-23,2847.11,7464.99,-0.059,73.704,87.037,81.64,52.434,1,0
2019-08-26,2878.38,7575.02,-0.049,71.098,81.958,86.574,44.762,1,0
2019-08-27,2869.16,7566.03,-0.052,74.369,86.852,91.786,44.471,1,1
2019-08-28,2887.94,7587.9,-0.046,62.712,58.003,89.894,40.238,1,0
2019-08-29,2924.58,7702.31,-0.033,59.471,52.328,90.132,35.952,1,0
2019-08-30,2926.46,7691.0,-0.033,59.59,51.786,89.947,37.037,1,0
2019-09-03,2906.27,7609.51,-0.04,63.611,60.013,85.767,45.053,1,0
2019-09-04,2937.78,7719.25,-0.029,59.771,56.296,85.608,37.407,0,0
2019-09-05,2976.0,7862.54,-0.016,53.258,44.299,85.926,29.55,0,0
2019-09-06,2978.71,7852.54,-0.016,52.54,43.915,83.598,30.106,0,0
2019-09-09,2978.43,7832.4,-0.016,56.847,56.548,83.307,30.688,0,0
2019-09-10,2979.39,7814.74,-0.015,48.32,36.31,78.571,30.079,0,0
2019-09-11,3000.93,7887.58,-0.008,45.516,33.466,76.336,26.746,0,0
2019-09-12,3009.57,7917.34,-0.005,41.005,37.963,65.45,19.603,0,0
2019-09-13,3007.39,7892.95,-0.006,38.955,32.024,64.392,20.45,0,0
2019-09-16,2997.96,7852.41,-0.009,41.041,33.386,63.862,25.873,0,0
2019-09-17,3005.7,7888.79,-0.007,39.594,32.857,63.386,22.54,0,0
2019-09-18,3006.73,7888.56,-0.006,41.795,39.034,62.778,23.571,0,0
2019-09-19,3006.79,7901.79,-0.006,42.549,39.603,62.302,25.741,0,0
2019-09-20,2992.07,7823.55,-0.011,46.204,41.019,62.619,34.974,0,0
2019-09-23,2991.78,7818.61,-0.011,40.503,42.143,43.757,35.608,0,0
2019-09-24,2966.6,7710.04,-0.02,44.268,46.071,44.167,42.566,0,0
2019-09-25,2984.87,7803.54,-0.014,40.957,39.352,44.074,39.444,0,0
2019-09-26,2977.62,7771.99,-0.016,46.327,52.275,43.955,42.751,0,0
2019-09-27,2961.79,7681.58,-0.021,45.132,45.86,42.05,47.487,0,0
2019-09-30,2976.74,7749.45,-0.016,41.847,39.921,42.421,43.201,0,0
2019-10-01,2940.25,7684.14,-0.028,58.408,68.016,54.167,53.042,0,0
2019-10-02,2887.61,7550.79,-0.046,67.288,75.82,64.14,61.905,1,0
2019-10-03,2910.63,7638.39,-0.038,64.674,71.825,61.825,60.37,1,0
2019-10-04,2952.01,7754.1,-0.024,57.399,52.103,65.093,55.0,0,0
2019-10-07,2938.79,7725.13,-0.029,62.751,64.392,65.159,58.704,0,0
2019-10-08,2893.06,7604.27,-0.044,72.888,81.481,71.177,66.005,1,0
2019-10-09,2919.4,7690.53,-0.035,64.559,58.201,71.561,63.915,1,0
2019-10-10,2938.13,7740.36,-0.029,65.578,61.614,71.865,63.254,0,0
2019-10-11,2970.27,7843.88,-0.018,59.352,45.132,73.32,59.603,0,0
2019-10-14,2966.15,7842.33,-0.02,63.902,56.878,73.294,61.534,0,0
2019-10-15,2995.68,7942.85,-0.01,56.473,41.204,72.844,55.37,0,0
2019-10-16,2989.69,7920.21,-0.012,61.627,53.915,72.897,58.069,0,0
2019-10-17,2997.95,7942.14,-0.009,62.372,57.235,72.95,56.931,0,0
2019-10-18,2986.2,7868.49,-0.013,63.845,57.791,72.923,60.82,0,0
2019-10-21,3006.72,7940.33,-0.006,57.782,45.079,73.082,55.185,0,0
2019-10-22,2995.99,7874.62,-0.01,58.117,43.81,72.817,57.725,0,0
2019-10-23,3004.52,7889.47,-0.007,56.446,38.108,72.685,58.545,0,0
2019-10-24,3010.29,7966.72,-0.005,59.272,49.312,72.606,55.899,0,0
2019-10-25,3022.55,8029.22,-0.001,51.662,39.603,67.394,47.989,0,0
2019-10-28,3039.42,8110.67,0.0,49.528,37.698,67.526,43.36,0,0
2019-10-29,3036.89,8047.51,-0.001,46.477,33.902,61.958,43.571,0,0
2019-10-30,3046.77,8083.11,0.0,46.574,46.534,50.86,42.328,0,0
2019-10-31,3037.56,8083.83,-0.003,45.974,48.704,50.86,38.36,0,0
2019-11-01,3066.91,8161.17,0.0,43.086,47.368,48.955,32.937,0,0
2019-11-04,3078.27,8210.66,0.0,37.337,33.585,47.95,30.476,0,0
2019-11-05,3074.62,8210.18,-0.001,31.803,29.815,31.839,33.757,0,0
2019-11-06,3076.78,8196.03,-0.0,35.013,42.063,31.204,31.772,0,0
2019-11-07,3085.18,8219.65,0.0,34.405,44.974,30.728,27.513,0,0
2019-11-08,3093.08,8255.89,0.0,28.549,33.188,25.159,27.302,0,0
2019-11-11,3087.01,8241.91,-0.002,29.308,33.638,25.423,28.862,0,0
2019-11-12,3091.84,8263.79,-0.0,29.819,40.873,23.373,25.212,0,0
2019-11-13,3094.04,8259.81,0.0,30.97,45.0,22.831,25.079,0,0
2019-11-14,3096.63,8257.83,0.0,30.362,44.722,22.844,23.519,0,0
2019-11-15,3120.46,8315.52,0.0,23.721,29.96,22.103,19.101,0,0
2019-11-18,3122.03,8328.48,0.0,27.218,40.86,21.561,19.233,0,0
2019-11-19,3120.18,8338.74,-0.001,26.054,38.307,21.362,18.492,0,0
2019-11-20,3108.46,8283.75,-0.004,28.474,43.307,21.746,20.37,0,0
2019-11-21,3103.54,8265.62,-0.006,28.951,40.754,22.077,24.021,0,0
2019-11-22,3110.29,8272.05,-0.004,24.246,26.812,21.878,24.048,0,0
2019-11-25,3133.64,8371.93,0.0,20.375,20.185,20.066,20.873,0,0
2019-11-26,3140.52,8385.75,0.0,19.938,20.013,17.817,21.984,0,0
2019-11-27,3153.63,8444.71,0.0,19.533,19.074,17.989,21.534,0,0
2019-11-29,3140.98,8403.68,-0.004,21.182,22.288,18.479,22.778,0,0
2019-12-02,3113.87,8309.26,-0.013,30.511,43.413,19.418,28.704,0,0
2019-12-03,3093.2,8254.74,-0.019,33.219,44.299,20.516,34.841,0,0
2019-12-04,3112.76,8296.53,-0.013,27.169,29.921,21.905,29.683,0,0
2019-12-05,3117.43,8308.4,-0.011,28.108,33.545,21.944,28.836,0,0
2019-12-06,3145.91,8397.37,-0.002,24.387,25.013,24.101,24.048,0,0
2019-12-09,3135.96,8362.74,-0.006,25.511,26.601,24.352,25.582,0,0
2019-12-10,3132.52,8354.29,-0.007,26.675,26.746,24.206,29.074,0,0
2019-12-11,3141.63,8402.61,-0.004,25.639,26.296,24.378,26.243,0,0
2019-12-12,3168.57,8466.89,0.0,22.456,20.053,25.516,21.799,0,0
2019-12-13,3168.8,8487.71,0.0,22.346,22.341,25.622,19.074,0,0
2019-12-16,3191.45,8570.33,0.0,20.044,18.849,25.489,15.794,0,0
2019-12-17,3192.52,8575.7,0.0,20.088,18.532,25.542,16.19,0,0
2019-12-18,3191.14,8580.62,-0.0,20.582,19.087,25.516,17.143,0,0
2019-12-19,3205.37,8641.29,0.0,19.22,15.688,25.198,16.772,0,0
2019-12-20,3221.22,8678.49,0.0,17.888,12.751,25.225,15.688,0,0
2019-12-23,3224.01,8696.01,0.0,18.183,12.077,25.304,17.169,0,0
2019-12-24,3223.38,8699.51,-0.0,17.619,11.548,24.669,16.64,0,0
2019-12-26,3239.91,8778.31,0.0,16.578,9.987,26.574,13.175,0,0
2019-12-27,3240.02,8770.98,0.0,18.408,10.767,31.918,12.54,0,0
2019-12-30,3221.29,8709.73,-0.006,20.154,13.175,32.394,14.894,0,0
2019-12-31,3230.78,8733.07,-0.003,18.285,11.085,29.669,14.101,0,0
2020-01-02,3257.85,8872.22,0.0,16.556,9.656,27.817,12.196,0,0
2020-01-03,3234.85,8793.9,-0.007,20.185,15.754,30.833,13.968,0,0
2020-01-06,3246.28,8848.52,-0.004,19.012,14.537,30.886,11.614,0,0
2020-01-07,3237.18,8846.45,-0.006,19.25,17.421,29.563,10.767,0,0
2020-01-08,3253.05,8912.37,-0.001,16.693,11.442,28.849,9.788,0,0
2020-01-09,3274.7,8989.63,0.0,14.533,7.183,29.616,6.799,0,0
2020-01-10,3265.35,8966.64,-0.003,19.264,19.815,30.437,7.54,0,0
2020-01-13,3288.13,9070.65,0.0,16.142,11.164,29.907,7.354,0,0
2020-01-14,3283.15,9033.42,-0.002,15.181,6.402,30.172,8.968,0,0
2020-01-15,3289.29,9035.67,0.0,14.449,6.68,29.471,7.196,0,0
2020-01-16,3316.81,9125.0,0.0,14.859,5.886,31.839,6.852,0,0
2020-01-17,3329.62,9173.73,0.0,15.428,11.23,29.127,5.926,0,0
2020-01-21,3320.79,9166.63,-0.003,18.47,19.458,29.947,6.005,0,0
2020-01-22,3321.75,9188.58,-0.002,18.153,20.357,29.656,4.444,0,0
2020-01-23,3325.54,9216.98,-0.001,17.593,19.524,29.656,3.598,0,0
2020-01-24,3295.47,9141.47,-0.01,21.116,26.865,32.54,3.942,0,0
2020-01-27,3243.63,8952.18,-0.026,32.875,46.336,47.632,4.656,0,0
2020-01-28,3276.24,9090.93,-0.016,30.613,38.598,49.749,3.492,0,0
2020-01-29,3273.4,9101.61,-0.017,33.664,48.228,49.008,3.757,0,0
2020-01-30,3283.66,9136.09,-0.014,31.618,41.164,49.061,4.63,0,0
2020-01-31,3225.52,8991.51,-0.031,41.742,58.161,58.333,8.73,1,0
2020-02-03,3248.92,9126.23,-0.024,40.11,56.177,58.439,5.714,0,0
2020-02-04,3297.59,9334.06,-0.01,33.823,37.447,60.238,3.783,0,0
2020-02-05,3334.69,9367.48,0.0,26.213,16.31,60.873,1.455,0,0
2020-02-06,3345.78,9445.92,0.0,29.533,26.323,60.899,1.376,0,0
2020-02-07,3327.71,9401.1,-0.005,32.002,32.989,61.005,2.011,0,0
2020-02-10,3352.09,9516.84,0.0,32.187,33.519,61.217,1.825,0,0
2020-02-11,3357.75,9517.86,0.0,28.047,21.971,61.005,1.164,0,0
2020-02-12,3379.45,9613.2,0.0,28.999,24.749,61.19,1.058,0,0
2020-02-13,3373.94,9595.7,-0.002,27.707,20.82,61.27,1.032,0,0
2020-02-14,3380.16,9623.58,0.0,27.077,19.722,60.979,0.529,0,0
2020-02-18,3370.29,9629.8,-0.003,28.514,18.598,66.071,0.873,0,0
2020-02-19,3386.15,9718.73,0.0,28.563,18.32,66.733,0.635,0,0
2020-02-20,3373.23,9627.83,-0.004,31.111,25.397,66.931,1.005,0,0
2020-02-21,3337.75,9446.69,-0.014,36.878,32.381,75.714,2.54,0,0
2020-02-24,3225.89,9079.63,-0.047,53.148,63.267,81.151,15.026,1,0
2020-02-25,3128.21,8834.87,-0.076,65.732,81.468,82.976,32.751,1,0
2020-02-26,3116.39,8873.76,-0.08,67.985,84.259,82.421,37.275,1,0
2020-02-27,2978.76,8436.67,-0.12,78.898,93.042,87.328,56.323,0,0
2020-02-28,2954.22,8461.83,-0.128,80.053,94.868,87.275,58.016,0,0
2020-03-02,3090.23,8877.98,-0.087,67.782,71.111,86.548,45.688,1,0
2020-03-03,3003.37,8594.49,-0.113,78.929,92.619,88.479,55.688,0,0
2020-03-04,3130.12,8949.28,-0.076,70.604,81.667,88.69,41.455,1,0
2020-03-05,3023.94,8671.66,-0.107,79.793,93.651,89.802,55.926,0,0
2020-03-06,2972.37,8530.34,-0.122,81.772,95.026,90.503,59.788,0,0
2020-03-09,2746.56,7948.03,-0.189,86.168,99.841,91.045,67.619,0,0
2020-03-10,2882.23,8372.27,-0.149,82.831,93.108,91.019,64.365,0,0
2020-03-11,2741.38,8006.12,-0.19,86.517,99.841,91.349,68.36,0,0
2020-03-12,2480.64,7263.65,-0.267,87.637,100.0,91.429,71.481,0,0
2020-03-13,2711.02,7995.26,-0.199,86.552,95.106,91.402,73.148,0,0
2020-03-16,2386.13,7020.38,-0.295,90.0,99.974,93.545,76.481,0,0
2020-03-17,2529.19,7473.95,-0.253,90.388,99.392,93.519,78.254,0,0
2020-03-18,2398.1,7175.18,-0.292,92.54,99.868,96.005,81.746,0,0
2020-03-19,2409.39,7288.52,-0.288,94.092,99.259,98.386,84.63,0,0
2020-03-20,2304.92,6994.29,-0.319,96.27,99.868,99.974,88.968,0,0
2020-03-23,2237.4,7006.92,-0.339,97.072,99.934,99.934,91.349,0,0
2020-03-24,2447.33,7553.83,-0.277,91.274,81.958,99.854,92.011,0,0
2020-03-25,2475.56,7469.62,-0.269,93.823,89.153,99.854,92.46,0,0
2020-03-26,2630.07,7897.13,-0.223,88.876,74.683,99.749,92.196,0,0
2020-03-27,2541.47,7588.37,-0.249,89.308,74.775,99.815,93.333,0,0
2020-03-30,2626.65,7889.01,-0.224,89.277,74.577,99.735,93.519,0,0
2020-03-31,2584.59,7813.5,-0.237,88.038,70.437,99.683,93.995,0,0
2020-04-01,2470.5,7486.29,-0.27,95.088,90.529,99.841,94.894,0,0
2020-04-02,2526.9,7635.66,-0.254,96.142,93.439,99.669,95.317,0,0
2020-04-03,2488.65,7528.11,-0.265,97.231,96.085,99.63,95.979,0,0
2020-04-06,2663.68,8081.66,-0.213,88.325,70.013,99.458,95.503,0,0
2020-04-07,2659.41,8049.31,-0.215,88.461,70.026,99.272,96.085,0,0
2020-04-08,2749.98,8229.54,-0.188,87.84,69.735,99.021,94.762,0,0
2020-04-09,2789.82,8238.53,-0.176,87.416,69.418,98.545,94.286,0,0
2020-04-13,2761.63,8332.74,-0.184,87.941,69.762,98.717,95.344,0,0
2020-04-14,2846.06,8692.16,-0.159,86.953,68.942,98.188,93.73,0,0
2020-04-15,2783.36,8591.96,-0.178,87.994,69.55,98.558,95.873,0,0
2020-04-16,2799.55,8757.83,-0.173,87.725,69.101,98.069,96.005,0,0
2020-04-17,2874.56,8832.41,-0.151,86.737,68.333,98.042,93.836,0,0
2020-04-20,2823.16,8726.51,-0.166,87.518,68.902,97.937,95.714,0,0
2020-04-21,2736.56,8403.0,-0.192,92.315,80.807,97.91,98.228,0,0
2020-04-22,2799.31,8664.64,-0.173,89.264,73.426,97.804,96.561,0,0
2020-04-23,2797.8,8641.5,-0.174,89.308,73.373,97.778,96.772,0,0
2020-04-24,2836.74,8786.6,-0.162,90.873,79.788,97.566,95.265,0,0
2020-04-27,2878.48,8837.66,-0.15,87.751,72.421,96.759,94.074,0,0
2020-04-28,2863.39,8677.6,-0.154,86.552,68.082,96.706,94.868,0,0
2020-04-29,2939.51,8982.76,-0.132,84.885,66.812,95.728,92.116,0,0
2020-04-30,2912.43,9000.51,-0.14,86.583,72.222,94.511,93.016,0,0
2020-05-01,2830.71,8718.18,-0.164,92.011,84.18,95.661,96.19,0,0
2020-05-04,2842.74,8834.11,-0.16,91.305,83.757,94.418,95.741,0,0
2020-05-05,2868.44,8930.62,-0.153,89.189,78.995,93.968,94.603,0,0
2020-05-06,2848.42,8984.86,-0.159,92.412,87.897,93.968,95.37,0,0
2020-05-07,2881.19,9101.88,-0.149,85.071,67.646,93.439,94.127,0,0
2020-05-08,2929.8,9220.35,-0.135,84.211,66.72,93.373,92.54,0,0
2020-05-11,2930.19,9298.92,-0.135,83.677,66.931,91.376,92.725,0,0
2020-05-12,2870.12,9112.45,-0.152,90.304,82.937,93.003,94.974,0,0
2020-05-13,2820.0,9000.08,-0.167,93.933,92.13,92.95,96.72,0,0
2020-05-14,2852.5,9094.42,-0.158,91.371,85.82,92.923,95.37,0,0
2020-05-15,2863.7,9152.64,-0.154,91.636,87.566,92.606,94.735,0,0
2020-05-18,2953.91,9331.93,-0.128,82.725,65.979,90.952,91.243,0,0
2020-05-19,2922.94,9298.54,-0.137,83.267,66.521,90.37,92.91,0,0
2020-05-20,2971.61,9485.02,-0.122,82.169,65.529,90.238,90.741,0,0
2020-05-21,2948.51,9377.99,-0.129,82.738,65.966,90.265,91.984,0,0
2020-05-22,2955.45,9413.99,-0.127,82.399,65.794,90.132,91.27,0,0
2020-05-26,2991.77,9389.98,-0.116,81.089,64.616,90.0,88.651,0,0
2020-05-27,3036.13,9442.05,-0.103,79.339,63.28,90.106,84.63,0,0
2020-05-28,3029.73,9416.71,-0.105,79.233,63.095,89.153,85.45,0,0
2020-05-29,3044.31,9555.53,-0.101,78.58,62.791,88.743,84.206,0,0
2020-06-01,3055.73,9598.89,-0.098,76.79,62.474,84.272,83.624,1,1
2020-06-02,3080.82,9657.31,-0.09,75.595,61.931,84.246,80.608,1,1
2020-06-03,3122.87,9704.69,-0.078,73.205,59.881,84.497,75.238,1,1
2020-06-04,3112.35,9629.66,-0.081,73.796,60.066,84.127,77.196,1,1
2020-06-05,3193.93,9824.39,-0.057,67.959,53.638,85.238,65.0,1,0
2020-06-08,3232.39,9901.52,-0.045,62.116,43.413,84.947,57.989,1,0
2020-06-09,3207.18,9967.17,-0.053,67.756,55.701,85.265,62.302,1,0
2020-06-10,3190.14,10094.26,-0.058,68.884,59.802,80.079,66.772,1,0
2020-06-11,3002.1,9588.48,-0.113,79.317,64.881,84.974,88.095,0,0
2020-06-12,3041.31,9663.78,-0.102,78.051,64.048,84.947,85.159,0,0
2020-06-15,3066.59,9776.89,-0.094,76.9,63.188,84.947,82.566,1,1
2020-06-16,3124.74,9949.37,-0.077,74.056,61.905,84.55,75.714,1,1
2020-06-17,3113.49,9982.48,-0.081,72.875,62.46,79.101,77.063,1,1
2020-06-18,3115.34,10012.05,-0.08,72.967,62.778,78.981,77.143,1,1
2020-06-19,3097.74,10008.64,-0.085,73.629,63.347,78.915,78.624,1,1
2020-06-22,3117.86,10130.33,-0.079,72.65,63.28,78.902,75.767,1,1
2020-06-23,3131.29,10209.82,-0.075,72.002,63.095,78.836,74.074,1,1
2020-06-24,3050.33,10002.7,-0.099,77.579,65.132,84.484,83.122,1,1
2020-06-25,3083.76,10101.83,-0.089,76.085,64.696,84.511,79.048,1,1
2020-06-26,3009.05,9849.36,-0.111,81.327,70.357,88.307,85.317,0,0
2020-06-29,3053.24,9961.16,-0.098,78.258,64.59,88.439,81.746,1,1
2020-06-30,3100.29,10156.85,-0.084,77.923,68.029,88.598,77.143,1,1
2020-07-01,3115.86,10279.25,-0.08,76.08,63.585,88.386,76.27,1,1
2020-07-02,3130.01,10341.89,-0.076,76.601,67.209,88.36,74.233,1,1
2020-07-06,3179.72,10604.06,-0.061,73.986,66.508,88.386,67.063,1,1
2020-07-07,3145.32,10524.01,-0.071,76.94,67.738,90.886,72.196,1,1
2020-07-08,3169.94,10666.7,-0.064,74.153,63.056,90.939,68.466,1,1
2020-07-09,3152.05,10754.59,-0.069,79.33,75.132,91.111,71.746,1,1
2020-07-10,3185.04,10836.33,-0.059,71.177,63.069,83.135,67.328,1,1
2020-07-13,3155.22,10602.21,-0.068,72.416,62.87,83.188,71.19,1,1
2020-07-14,3197.52,10689.52,-0.056,69.771,61.019,83.558,64.735,1,0
2020-07-15,3226.56,10701.68,-0.047,66.772,59.246,82.447,58.624,1,0
2020-07-16,3215.57,10626.46,-0.05,67.381,59.246,82.394,60.503,1,0
2020-07-17,3224.73,10645.22,-0.048,65.789,58.505,82.222,56.64,1,0
2020-07-20,3251.84,10952.08,-0.04,64.365,59.087,81.495,52.513,1,0
2020-07-21,3257.3,10833.07,-0.038,63.757,58.399,81.442,51.429,1,0
2020-07-22,3276.02,10870.75,-0.033,64.096,61.005,81.389,49.894,1,0
2020-07-23,3235.66,10580.59,-0.044,63.223,56.772,79.802,53.095,1,0
2020-07-24,3215.63,10483.13,-0.05,65.375,57.751,79.802,58.571,1,0
2020-07-27,3239.41,10674.38,-0.043,62.077,57.46,74.299,54.471,1,0
2020-07-28,3218.44,10532.5,-0.05,64.021,58.347,73.981,59.735,1,0
2020-07-29,3258.44,10662.98,-0.038,60.335,56.627,73.505,50.873,1,0
2020-07-30,3246.22,10715.51,-0.041,61.032,57.407,73.624,52.063,1,0
2020-07-31,3271.12,10905.88,-0.034,59.951,57.963,73.743,48.148,1,0
2020-08-03,3294.61,11055.08,-0.027,58.545,57.354,72.513,45.767,0,0
2020-08-04,3306.51,11096.54,-0.024,56.138,57.474,66.336,44.603,0,0
2020-08-05,3327.77,11125.44,-0.017,54.912,56.138,66.138,42.46,0,0
2020-08-06,3349.16,11267.08,-0.011,54.056,56.534,65.741,39.894,0,0
2020-08-07,3351.28,11139.39,-0.01,52.434,53.889,65.238,38.175,0,0
2020-08-10,3360.47,11085.17,-0.008,51.235,51.825,64.153,37.725,0,0
2020-08-11,3333.69,10876.08,-0.015,51.746,52.685,64.087,38.466,0,0
2020-08-12,3380.35,11157.72,-0.002,50.291,52.487,64.709,33.677,0,0
2020-08-13,3373.43,11178.37,-0.004,48.347,53.016,64.616,27.407,0,0
2020-08-14,3372.85,11164.45,-0.004,45.93,52.579,64.577,20.635,0,0
2020-08-17,3381.99,11288.57,-0.001,45.538,53.783,64.339,18.492,0,0
2020-08-18,3389.78,11399.03,0.0,43.36,53.849,64.299,11.931,0,0
2020-08-19,3374.85,11318.64,-0.004,43.677,54.894,64.418,11.72,0,0
2020-08-20,3385.51,11477.05,-0.001,40.979,55.344,51.852,15.741,0,0
2020-08-21,3397.16,11555.16,0.0,39.312,56.032,50.741,11.164,0,0
2020-08-24,3431.28,11626.17,0.0,38.862,53.228,51.164,12.196,0,0
2020-08-25,3443.62,11721.81,0.0,36.675,53.492,49.735,6.799,0,0
2020-08-26,3478.73,11971.94,0.0,36.063,54.511,49.233,4.444,0,0
2020-08-27,3484.55,11926.16,0.0,34.81,53.082,47.937,3.413,0,0
2020-08-28,3508.01,11995.85,0.0,33.642,50.45,47.804,2.672,0,0
2020-08-31,3500.31,12110.7,-0.002,36.102,57.672,48.175,2.46,0,0
2020-09-01,3526.65,12292.86,0.0,36.19,57.593,48.757,2.222,0,0
2020-09-02,3580.84,12420.54,0.0,33.342,46.984,51.005,2.037,0,0
2020-09-03,3455.06,11771.37,-0.035,42.923,55.873,70.701,2.196,1,0
2020-09-04,3426.96,11622.13,-0.043,43.444,57.011,70.833,2.487,1,0
2020-09-08,3331.84,11068.26,-0.07,48.369,61.733,78.267,5.106,1,0
2020-09-09,3398.96,11395.85,-0.051,47.099,59.59,79.431,2.275,1,0
2020-09-10,3339.19,11154.12,-0.067,49.854,62.103,83.254,4.206,1,0
2020-09-11,3340.97,11087.4,-0.067,47.765,56.071,83.254,3.968,1,0
2020-09-14,3383.54,11277.76,-0.055,46.195,52.474,83.783,2.328,1,0
2020-09-15,3401.2,11438.87,-0.05,46.124,52.262,84.074,2.037,1,0
2020-09-16,3385.49,11247.6,-0.055,45.498,49.921,84.193,2.381,1,0
2020-09-17,3357.01,11080.95,-0.063,46.349,51.23,84.325,3.492,1,0
2020-09-18,3319.47,10936.98,-0.073,49.078,54.193,87.169,5.873,1,0
2020-09-21,3281.06,10980.22,-0.084,53.664,58.638,89.286,13.069,1,0
2020-09-22,3315.57,11186.37,-0.074,50.97,57.381,89.312,6.217,1,0
2020-09-23,3236.92,10833.33,-0.096,58.554,65.489,91.601,18.571,1,0
2020-09-24,3246.59,10896.47,-0.093,58.016,65.198,91.283,17.566,1,0
2020-09-25,3298.46,11151.13,-0.079,55.459,63.558,91.786,11.032,1,0
2020-09-28,3351.6,11364.45,-0.064,50.811,55.053,92.989,4.392,1,0
2020-09-29,3335.47,11322.95,-0.069,51.795,57.037,92.976,5.37,1,0
2020-09-30,3363.0,11418.06,-0.061,50.56,54.643,92.989,4.048,1,0
2020-10-01,3380.8,11583.2,-0.056,49.674,53.333,92.566,3.122,1,0
2020-10-02,3348.42,11255.69,-0.065,50.75,57.778,89.127,5.344,1,0
2020-10-05,3408.6,11509.06,-0.048,46.376,46.706,89.987,2.434,1,0
2020-10-06,3360.97,11291.27,-0.061,47.469,49.484,88.373,4.55,1,0
2020-10-07,3419.44,11503.19,-0.045,44.925,44.312,88.029,2.434,1,0
2020-10-08,3446.83,11550.94,-0.037,42.487,40.86,84.854,1.746,1,0
2020-10-09,3477.14,11725.85,-0.029,42.381,41.296,84.788,1.058,0,0
2020-10-12,3534.22,12088.11,-0.013,42.006,40.225,85.053,0.741,0,0
2020-10-13,3511.93,12083.17,-0.019,43.166,43.095,85.397,1.005,0,0
2020-10-14,3488.67,11985.36,-0.026,43.519,43.862,85.503,1.19,0,0
2020-10-15,3483.34,11898.57,-0.027,43.086,42.831,84.894,1.534,0,0
2020-10-16,3483.81,11852.17,-0.027,41.905,42.288,81.865,1.561,0,0
2020-10-19,3426.92,11634.35,-0.043,45.494,50.728,82.341,3.413,1,0
2020-10-20,3443.12,11677.84,-0.038,44.563,48.995,82.024,2.672,1,0
2020-10-21,3435.56,11665.37,-0.041,45.41,56.812,76.825,2.593,1,0
2020-10-22,3453.49,11662.91,-0.036,40.401,42.209,76.799,2.196,1,0
2020-10-23,3465.39,11692.57,-0.032,40.088,41.614,76.455,2.196,1,0
2020-10-26,3400.97,11504.52,-0.05,48.81,62.063,80.397,3.968,1,0
2020-10-27,3390.68,11598.95,-0.053,52.487,72.302,80.291,4.868,1,0
2020-10-28,3271.03,11142.76,-0.087,63.695,82.434,86.296,22.354,1,0
2020-10-29,3310.11,11350.74,-0.076,59.105,73.743,86.72,16.852,1,0
2020-10-30,3269.96,11052.95,-0.087,57.707,63.28,88.862,20.979,1,0
2020-11-02,3310.24,11084.76,-0.076,51.402,51.217,88.148,14.841,1,0
2020-11-03,3369.16,11279.91,-0.059,46.31,45.833,86.64,6.455,1,0
2020-11-04,3443.44,11777.02,-0.038,45.004,44.669,87.169,3.175,1,0
2020-11-05,3510.45,12078.07,-0.02,43.721,41.376,87.751,2.037,0,0
2020-11-06,3509.44,12091.35,-0.02,44.418,43.942,87.354,1.958,0,0
2020-11-09,3550.5,11830.39,-0.008,41.076,34.259,87.116,1.852,0,0
2020-11-10,3545.53,11624.29,-0.01,38.351,26.323,86.878,1.852,0,0
2020-11-11,3572.66,11892.93,-0.002,38.369,27.526,85.913,1.667,0,0
2020-11-12,3537.01,11827.14,-0.012,39.841,30.728,86.257,2.54,0,0
2020-11-13,3585.15,11937.84,0.0,38.519,26.892,86.442,2.222,0,0
2020-11-16,3626.91,12013.38,0.0,36.733,25.37,83.029,1.799,0,0
2020-11-17,3609.53,11977.49,-0.005,36.966,25.78,83.188,1.931,0,0
2020-11-18,3567.79,11894.71,-0.016,38.439,26.64,86.138,2.54,0,0
2020-11-19,3581.87,11985.43,-0.012,38.338,26.442,86.085,2.487,0,0
2020-11-20,3557.54,11906.44,-0.019,38.99,27.103,86.217,3.651,0,0
2020-11-23,3577.59,11905.94,-0.014,37.019,25.899,82.249,2.91,0,0
2020-11-24,3635.41,12079.81,0.0,36.49,23.73,82.354,3.386,0,0
2020-11-25,3629.65,12152.22,-0.002,33.765,23.505,73.294,4.497,0,0
2020-11-27,3638.35,12258.21,0.0,33.849,24.788,73.029,3.73,0,0
2020-11-30,3621.63,12268.32,-0.005,32.346,25.807,67.553,3.677,0,0
2020-12-01,3662.45,12455.33,0.0,31.054,24.841,67.474,0.847,0,0
2020-12-02,3669.01,12456.41,0.0,30.952,24.722,67.05,1.085,0,0
2020-12-03,3666.72,12467.13,-0.001,30.335,23.929,65.754,1.323,0,0
2020-12-04,3699.12,12528.48,0.0,29.361,22.249,64.246,1.587,0,0
2020-12-07,3691.96,12596.47,-0.002,31.504,28.519,64.405,1.587,0,0
2020-12-08,3702.25,12635.72,0.0,31.601,29.18,64.14,1.481,0,0
2020-12-09,3672.82,12364.64,-0.008,29.96,23.677,64.405,1.799,0,0
2020-12-10,3668.1,12401.74,-0.009,31.953,29.497,64.246,2.116,0,0
2020-12-11,3663.46,12375.41,-0.01,32.275,30.807,63.532,2.487,0,0
2020-12-14,3647.49,12462.21,-0.015,32.033,31.587,62.817,1.693,0,0
2020-12-15,3694.62,12595.92,-0.002,31.596,30.357,63.082,1.349,0,0
2020-12-16,3701.17,12668.16,-0.0,31.398,30.582,62.791,0.82,0,0
2020-12-17,3722.48,12752.06,0.0,27.372,29.722,51.442,0.952,0,0
2020-12-18,3709.41,12738.18,-0.004,26.071,25.0,51.733,1.481,0,0
2020-12-21,3694.92,12690.26,-0.007,28.294,31.772,51.019,2.09,0,0
2020-12-22,3687.26,12717.56,-0.009,28.616,32.288,50.992,2.566,0,0
2020-12-23,3690.01,12653.14,-0.009,25.481,25.794,47.421,3.228,0,0
2020-12-24,3703.06,12711.01,-0.005,25.309,25.807,47.447,2.672,0,0
2020-12-28,3735.36,12838.86,0.0,27.16,30.86,48.214,2.407,0,0
2020-12-29,3727.04,12843.49,-0.002,27.562,31.852,48.32,2.513,0,0
2020-12-30,3732.04,12845.36,-0.001,26.486,30.423,45.966,3.069,0,0
2020-12-31,3756.07,12888.28,0.0,24.211,23.651,46.892,2.09,0,0
2021-01-04,3700.65,12694.66,-0.015,30.384,26.376,60.754,4.021,0,0
2021-01-05,3726.86,12802.38,-0.008,29.951,25.344,60.41,4.101,0,0
2021-01-06,3748.14,12623.35,-0.002,28.752,21.72,60.78,3.757,0,0
2021-01-07,3803.79,12939.57,0.0,30.3,24.034,64.22,2.646,0,0
2021-01-08,3824.68,13105.2,0.0,30.031,23.757,63.558,2.778,0,0
2021-01-11,3799.61,12902.49,-0.007,30.472,23.942,64.114,3.36,0,0
2021-01-12,3801.19,12892.09,-0.006,30.503,23.876,64.061,3.571,0,0
2021-01-13,3809.84,12973.63,-0.004,29.599,22.328,63.717,2.751,0,0
2021-01-14,3795.54,12898.69,-0.008,29.039,22.235,61.971,2.91,0,0
2021-01-15,3768.25,12803.93,-0.015,29.418,20.939,63.452,3.862,0,0
2021-01-19,3798.91,12996.54,-0.007,29.193,20.741,63.849,2.989,0,0
2021-01-20,3851.85,13296.45,0.0,28.995,19.696,64.934,2.354,0,0
2021-01-21,3853.07,13404.99,0.0,29.25,21.508,63.968,2.275,0,0
2021-01-22,3841.47,13366.4,-0.003,30.053,22.672,64.127,3.36,0,0
2021-01-25,3855.36,13483.29,0.0,29.396,20.569,64.153,3.466,0,0
2021-01-26,3849.62,13490.19,-0.001,30.322,22.659,64.259,4.048,0,0
2021-01-27,3750.77,13112.65,-0.027,36.001,27.143,73.452,7.407,0,0
2021-01-28,3787.38,13201.53,-0.018,34.907,24.021,73.743,6.958,0,0
2021-01-29,3714.24,12925.38,-0.037,38.338,27.275,77.897,9.841,1,0
2021-02-01,3773.86,13248.9,-0.021,37.13,25.026,78.373,7.989,0,0
2021-02-02,3826.31,13456.12,-0.008,34.678,23.519,74.775,5.741,0,0
2021-02-03,3830.17,13402.37,-0.007,34.581,22.09,74.696,6.958,0,0
2021-02-04,3871.74,13560.89,0.0,33.135,18.889,74.907,5.608,0,0
2021-02-05,3886.83,13603.96,0.0,32.606,18.426,74.233,5.159,0,0
2021-02-08,3915.59,13695.02,0.0,32.271,18.003,74.286,4.524,0,0
2021-02-09,3911.23,13687.08,-0.001,32.425,18.042,74.233,5.0,0,0
2021-02-10,3909.88,13655.27,-0.001,31.662,15.754,74.259,4.974,0,0
2021-02-11,3916.38,13734.35,0.0,31.768,15.913,74.259,5.132,0,0
2021-02-12,3934.83,13807.7,0.0,30.899,14.775,73.135,4.788,0,0
2021-02-16,3932.59,13773.77,-0.001,31.742,16.217,73.029,5.979,0,0
2021-02-17,3931.33,13699.71,-0.001,31.116,13.915,73.003,6.429,0,0
2021-02-18,3913.97,13637.51,-0.005,31.327,13.042,72.738,8.201,0,0
2021-02-19,3906.71,13580.78,-0.007,31.446,12.765,72.817,8.757,0,0
2021-02-22,3876.5,13223.74,-0.015,32.059,12.275,73.003,10.899,0,0
2021-02-23,3881.37,13194.71,-0.014,31.675,11.627,72.976,10.423,0,0
2021-02-24,3925.43,13302.19,-0.002,31.102,10.41,73.294,9.603,0,0
2021-02-25,3829.34,12828.31,-0.027,36.772,17.897,73.082,19.339,0,0
2021-02-26,3811.15,12909.44,-0.031,37.183,25.741,72.976,12.831,1,0
2021-03-01,3901.82,13282.95,-0.008,30.243,15.119,67.54,8.069,0,0
2021-03-02,3870.29,13059.95,-0.016,31.499,20.344,67.222,6.931,0,0
2021-03-03,3819.72,12683.33,-0.029,36.173,24.669,72.95,10.899,0,0
2021-03-04,3768.47,12464.0,-0.042,40.392,31.786,77.249,12.143,1,0
2021-03-05,3841.94,12668.51,-0.024,35.833,20.622,78.122,8.757,0,0
2021-03-08,3821.35,12299.08,-0.029,39.074,27.937,78.148,11.138,0,0
2021-03-09,3875.44,12794.49,-0.015,34.312,15.516,78.399,9.021,0,0
2021-03-10,3898.81,12752.07,-0.009,34.233,16.296,78.466,7.937,0,0
2021-03-11,3939.34,13052.9,0.0,32.315,12.011,78.532,6.402,0,0
2021-03-12,3943.34,12937.29,0.0,31.914,11.693,78.492,5.556,0,0
2021-03-15,3968.94,13082.54,0.0,30.75,8.783,78.783,4.683,0,0
2021-03-16,3962.71,13152.28,-0.002,30.723,8.77,78.188,5.212,0,0
2021-03-17,3974.12,13202.38,0.0,30.741,9.603,78.122,4.497,0,0
2021-03-18,3915.46,12789.14,-0.015,33.761,14.087,81.138,6.058,0,0
2021-03-19,3913.1,12866.99,-0.015,33.241,11.786,81.058,6.878,0,0
2021-03-22,3940.59,13086.51,-0.008,32.372,9.167,80.913,7.037,0,0
2021-03-23,3910.52,13017.79,-0.016,33.139,10.146,81.257,8.016,0,0
2021-03-24,3889.14,12798.88,-0.021,35.137,15.159,80.728,9.524,0,0
2021-03-25,3909.52,12780.51,-0.016,33.682,15.013,76.772,9.259,0,0
2021-03-26,3974.54,12979.12,0.0,30.877,9.193,77.143,6.296,0,0
2021-03-29,3971.09,12965.74,-0.001,31.455,10.926,75.714,7.725,0,0
2021-03-30,3958.55,12896.53,-0.004,31.239,10.886,75.45,7.381,0,0
2021-03-31,3972.89,13091.44,-0.0,29.272,8.717,71.005,8.095,0,0
2021-04-01,4019.87,13329.52,0.0,26.146,7.103,64.061,7.275,0,0
2021-04-05,4077.91,13598.16,0.0,25.785,7.778,63.148,6.429,0,0
2021-04-06,4073.94,13578.46,-0.001,25.988,7.474,62.738,7.751,0,0
2021-04-07,4079.95,13616.7,0.0,27.848,14.233,62.169,7.143,0,0
2021-04-08,4097.17,13758.51,0.0,27.571,14.246,62.037,6.429,0,0
2021-04-09,4128.8,13845.06,0.0,25.035,8.082,61.759,5.265,0,0
2021-04-12,4127.99,13819.35,-0.0,26.975,13.664,61.812,5.45,0,0
2021-04-13,4141.59,13986.49,0.0,26.243,12.95,61.548,4.233,0,0
2021-04-14,4124.66,13803.91,-0.004,24.409,6.415,61.812,5.0,0,0
2021-04-15,4170.42,14026.19,0.0,24.131,6.336,62.381,3.677,0,0
2021-04-16,4185.47,14041.91,0.0,19.392,6.349,48.201,3.624,0,0
2021-04-19,4163.26,13907.67,-0.005,20.115,6.534,49.206,4.603,0,0
2021-04-20,4134.94,13809.3,-0.012,20.441,6.746,49.762,4.815,0,0
2021-04-21,4173.42,13935.15,-0.003,19.991,6.72,49.18,4.074,0,0
2021-04-22,4134.98,13762.36,-0.012,20.37,6.508,49.841,4.762,0,0
2021-04-23,4180.17,13941.44,-0.001,20.379,6.561,50.291,4.286,0,0
2021-04-26,4187.62,14026.16,0.0,19.687,6.442,48.466,4.153,0,0
2021-04-27,4186.72,13960.28,-0.0,19.815,6.772,48.228,4.444,0,0
2021-04-28,4183.18,13901.62,-0.001,19.841,6.825,47.778,4.921,0,0
2021-04-29,4211.47,13970.2,0.0,19.735,6.614,48.042,4.55,0,0
2021-04-30,4181.17,13860.76,-0.007,20.525,7.156,48.201,6.217,0,0
2021-05-03,4192.66,13799.72,-0.004,19.766,7.606,45.582,6.111,0,0
2021-05-04,4164.66,13544.67,-0.011,22.91,14.312,46.481,7.937,0,0
2021-05-05,4167.59,13503.37,-0.01,23.1,15.119,46.508,7.672,0,0
2021-05-06,4201.62,13613.73,-0.002,23.422,16.005,47.063,7.196,0,0
2021-05-07,4232.6,13719.63,0.0,23.007,16.786,46.918,5.317,0,0
2021-05-10,4188.43,13359.08,-0.01,28.739,18.836,59.392,7.989,0,0
2021-05-11,4152.1,13351.27,-0.019,27.932,13.399,59.921,10.476,0,0
2021-05-12,4063.04,13001.63,-0.04,36.42,26.944,68.214,14.101,1,0
2021-05-13,4112.5,13109.15,-0.028,34.687,25.053,68.32,10.688,0,0
2021-05-14,4173.85,13393.12,-0.014,31.592,15.159,70.78,8.836,0,0
2021-05-17,4163.29,13312.91,-0.016,33.761,21.852,70.701,8.73,0,0
2021-05-18,4127.83,13217.68,-0.025,32.399,15.86,70.754,10.582,0,0
2021-05-19,4115.68,13237.91,-0.028,32.377,13.968,70.304,12.857,0,0
2021-05-20,4159.12,13494.09,-0.017,30.675,10.794,70.489,10.741,0,0
2021-05-21,4155.86,13411.74,-0.018,31.054,12.222,69.775,11.164,0,0
2021-05-24,4197.05,13641.75,-0.008,30.057,10.741,70.278,9.153,0,0
2021-05-25,4188.13,13657.73,-0.011,30.657,10.926,70.278,10.767,0,0
2021-05-26,4195.99,13702.74,-0.009,32.531,16.627,70.278,10.688,0,0
2021-05-27,4200.88,13657.85,-0.007,32.438,16.64,70.013,10.661,0,0
2021-05-28,4204.11,13686.51,-0.007,30.269,9.788,69.616,11.402,0,0
2021-06-01,4202.04,13654.59,-0.007,30.591,10.939,69.484,11.349,0,0
2021-06-02,4208.12,13675.79,-0.006,30.485,10.886,69.087,11.481,0,0
2021-06-03,4192.85,13529.68,-0.009,30.772,11.799,69.14,11.376,0,0
2021-06-04,4229.89,13770.77,-0.001,29.528,10.45,68.479,9.656,0,0
2021-06-07,4226.52,13802.89,-0.001,29.436,10.569,67.976,9.762,0,0
2021-06-08,4227.26,13810.86,-0.001,29.396,17.341,61.534,9.312,0,0
2021-06-09,4219.55,13814.94,-0.003,29.431,16.098,60.979,11.217,0,0
2021-06-10,4239.18,13960.35,0.0,21.076,7.831,44.762,10.635,0,0
2021-06-11,4247.44,13998.3,0.0,22.482,13.929,42.646,10.873,0,0
2021-06-14,4255.15,14128.2,0.0,20.683,13.413,38.399,10.238,0,0
2021-06-15,4246.59,14030.41,-0.002,23.214,20.833,38.254,10.556,0,0
2021-06-16,4223.7,13983.01,-0.007,21.283,15.714,36.389,11.746,0,0
2021-06-17,4221.86,14163.81,-0.008,19.162,9.788,35.556,12.143,0,0
2021-06-18,4166.45,14049.58,-0.021,27.183,16.905,48.902,15.741,0,0
2021-06-21,4224.79,14137.23,-0.007,27.487,15.728,52.817,13.915,0,0
2021-06-22,4246.44,14270.42,-0.002,24.59,9.312,51.892,12.566,0,0
2021-06-23,4241.84,14274.24,-0.003,27.108,16.045,51.812,13.466,0,0
2021-06-24,4266.49,14365.96,0.0,26.975,15.516,52.077,13.333,0,0
2021-06-25,4280.7,14345.18,0.0,23.452,7.434,51.997,10.926,0,0
2021-06-28,4290.61,14524.98,0.0,23.633,7.249,52.037,11.614,0,0
2021-06-29,4291.8,14572.75,0.0,24.25,8.333,51.958,12.46,0,0
2021-06-30,4297.5,14554.8,0.0,24.943,8.452,51.958,14.418,0,0
2021-07-01,4319.94,14560.05,0.0,24.74,8.214,51.72,14.286,0,0
2021-07-02,4352.34,14727.63,0.0,23.593,7.831,50.966,11.984,0,0
2021-07-06,4343.54,14786.36,-0.002,24.021,8.214,51.151,12.698,0,0
2021-07-07,4358.13,14810.54,0.0,23.955,8.175,51.177,12.513,0,0
2021-07-08,4320.82,14722.14,-0.009,26.12,11.336,52.474,14.55,0,0
2021-07-09,4369.55,14826.09,0.0,24.317,8.069,53.796,11.085,0,0
2021-07-12,4384.63,14877.89,0.0,26.711,14.828,53.929,11.376,0,0
2021-07-13,4369.21,14874.54,-0.004,28.995,18.267,54.193,14.524,0,0
2021-07-14,4374.3,14900.44,-0.002,26.905,12.209,54.114,14.392,0,0
2021-07-15,4360.03,14794.69,-0.006,30.049,21.508,53.638,15.0,0,0
2021-07-16,4327.16,14681.38,-0.013,31.966,23.347,54.934,17.619,0,0
2021-07-19,4258.49,14549.09,-0.029,38.902,39.312,56.283,21.111,0,0
2021-07-20,4323.06,14728.21,-0.014,31.667,23.399,56.627,14.974,0,0
2021-07-21,4358.69,14842.63,-0.006,29.427,16.944,56.865,14.471,0,0
2021-07-22,4367.48,14940.17,-0.004,31.861,26.389,56.865,12.328,0,0
2021-07-23,4411.79,15111.79,0.0,29.854,20.397,57.5,11.667,0,0
2021-07-26,4422.3,15125.95,0.0,30.225,20.767,57.474,12.434,0,0
2021-07-27,4401.46,14956.97,-0.005,30.057,18.373,57.751,14.048,0,0
2021-07-28,4400.64,15018.1,-0.005,29.524,15.026,57.725,15.82,0,0
2021-07-29,4419.15,15048.36,-0.001,31.367,21.27,57.804,15.026,0,0
2021-07-30,4395.26,14959.9,-0.006,33.276,24.167,57.937,17.725,0,0
2021-08-02,4387.16,14963.62,-0.008,34.471,25.82,59.286,18.307,0,0
2021-08-03,4423.15,15061.42,0.0,35.454,30.251,59.868,16.243,0,0
2021-08-04,4402.66,15083.39,-0.005,38.461,37.474,59.947,17.963,0,0
2021-08-05,4429.1,15181.64,0.0,39.043,40.701,59.286,17.143,0,0
2021-08-06,4436.52,15109.36,0.0,36.402,34.048,58.122,17.037,0,0
2021-08-09,4432.35,15133.11,-0.001,37.967,38.32,58.042,17.54,0,0
2021-08-10,4436.75,15053.58,0.0,37.059,36.389,57.857,16.931,0,0
2021-08-11,4442.41,15027.76,0.0,34.259,28.519,57.831,16.429,0,0
2021-08-12,4460.83,15088.98,0.0,33.448,29.101,56.667,14.577,0,0
2021-08-13,4468.0,15136.68,0.0,31.795,25.635,55.225,14.524,0,0
2021-08-16,4479.71,15140.77,0.0,28.201,29.444,39.683,15.476,0,0
2021-08-17,4448.08,15002.83,-0.007,28.898,34.299,37.315,15.079,0,0
2021-08-18,4400.27,14857.92,-0.018,38.686,49.325,49.59,17.143,0,0
2021-08-19,4405.8,14933.94,-0.016,38.047,44.233,49.511,20.397,0,0
2021-08-20,4441.67,15092.57,-0.008,33.942,35.966,48.426,17.434,0,0
2021-08-23,4479.53,15312.82,-0.0,31.495,29.947,50.066,14.471,0,0
2021-08-24,4486.23,15357.68,0.0,29.546,26.323,49.193,13.122,0,0
2021-08-25,4496.19,15368.92,0.0,30.772,28.677,49.14,14.497,0,0
2021-08-26,4470.0,15278.52,-0.006,33.981,36.217,50.013,15.714,0,0
2021-08-27,4509.37,15432.95,0.0,28.721,20.754,50.648,14.762,0,0
2021-08-30,4528.79,15605.09,0.0,29.559,23.849,50.516,14.312,0,0
2021-08-31,4522.68,15582.51,-0.001,29.705,23.466,49.431,16.217,0,0
2021-09-01,4524.09,15611.57,-0.001,29.727,24.405,48.267,16.508,0,0
2021-09-02,4536.95,15604.25,0.0,28.131,20.146,47.712,16.534,0,0
2021-09-03,4535.43,15652.86,-0.0,31.036,28.571,47.712,16.825,0,0
2021-09-07,4520.03,15675.76,-0.004,33.924,35.066,48.108,18.598,0,0
2021-09-08,4514.07,15620.85,-0.005,32.773,33.042,48.267,17.011,0,0
2021-09-09,4493.28,15561.05,-0.01,38.673,48.519,49.087,18.413,0,0
2021-09-10,4458.58,15440.75,-0.017,39.021,45.04,50.516,21.508,0,0
2021-09-13,4468.73,15434.5,-0.015,36.605,37.646,51.905,20.265,0,0
2021-09-14,4443.05,15382.9,-0.021,39.153,43.902,52.315,21.243,0,0
2021-09-15,4480.7,15503.53,-0.012,36.843,37.923,52.712,19.894,0,0
2021-09-16,4473.75,15515.91,-0.014,36.429,47.09,39.312,22.884,0,0
2021-09-17,4432.99,15333.47,-0.023,36.733,42.791,41.958,25.45,0,0
2021-09-20,4357.73,15012.19,-0.04,49.409,58.743,55.41,34.074,1,0
2021-09-21,4354.19,15027.77,-0.04,53.197,69.841,54.061,35.688,1,0
2021-09-22,4395.64,15176.51,-0.031,50.243,63.757,55.78,31.19,1,0
2021-09-23,4448.98,15316.58,-0.019,44.502,46.085,57.976,29.444,0,0
2021-09-24,4455.48,15329.68,-0.018,46.111,51.759,57.738,28.836,0,0
2021-09-27,4443.11,15204.82,-0.021,42.795,41.151,56.627,30.608,0,0
2021-09-28,4352.63,14770.3,-0.041,55.432,55.41,66.124,44.762,1,0
2021-09-29,4359.46,14752.89,-0.039,54.277,50.952,66.138,45.741,1,0
2021-09-30,4307.54,14689.62,-0.051,63.937,67.487,71.389,52.937,1,0
2021-10-01,4357.04,14791.87,-0.04,59.268,57.976,72.421,47.407,1,0
2021-10-04,4300.46,14472.12,-0.052,65.489,64.563,77.46,54.444,1,0
2021-10-05,4345.72,14674.15,-0.042,63.351,60.212,78.148,51.693,1,0
2021-10-06,4363.55,14766.75,-0.038,58.668,47.116,78.254,50.635,1,0
2021-10-07,4399.76,14897.13,-0.03,57.914,50.463,78.307,44.974,1,0
2021-10-08,4391.34,14820.75,-0.032,61.481,60.635,78.201,45.608,1,0
2021-10-11,4361.19,14713.73,-0.039,66.124,68.32,78.201,51.852,1,0
2021-10-12,4350.65,14662.11,-0.041,65.864,67.804,78.122,51.667,1,0
2021-10-13,4363.8,14774.6,-0.038,63.845,60.714,77.857,52.963,1,0
2021-10-14,4438.26,15052.42,-0.022,52.469,36.27,78.466,42.672,0,0
2021-10-15,4471.37,15146.92,-0.014,48.849,31.164,76.653,38.73,0,0
2021-10-18,4486.46,15300.89,-0.011,50.582,41.614,72.619,37.513,0,0
2021-10-19,4519.63,15410.72,-0.004,47.782,36.177,70.979,36.19,0,0
2021-10-20,4536.19,15388.71,-0.0,43.272,26.653,70.251,32.91,0,0
2021-10-21,4549.78,15489.59,0.0,42.892,28.069,68.016,32.593,0,0
2021-10-22,4544.9,15355.07,-0.001,42.681,28.175,68.016,31.852,0,0
2021-10-25,4566.48,15514.19,0.0,42.557,29.365,67.937,30.37,0,0
2021-10-26,4574.79,15559.49,0.0,41.975,33.161,61.071,31.693,0,0
2021-10-27,4551.68,15598.39,-0.005,49.731,51.349,61.653,36.19,0,0
2021-10-28,4596.42,15778.16,0.0,45.123,51.521,54.034,29.815,0,0
2021-10-29,4605.38,15850.47,0.0,43.907,50.714,53.175,27.831,0,0
2021-11-01,4613.67,15905.28,0.0,32.288,32.606,39.021,25.238,0,0
2021-11-02,4630.65,15972.49,0.0,39.295,53.757,38.016,26.111,0,0
2021-11-03,4660.57,16144.5,0.0,35.392,41.601,38.254,26.323,0,0
2021-11-04,4680.06,16346.24,0.0,37.385,49.405,37.328,25.423,0,0
2021-11-05,4697.53,16359.38,0.0,30.251,30.595,36.799,23.36,0,0
2021-11-08,4701.7,16336.03,0.0,29.374,31.481,33.836,22.804,0,0
2021-11-09,4685.25,16219.94,-0.003,34.29,43.082,34.18,25.608,0,0
2021-11-10,4646.71,15985.57,-0.012,33.382,34.233,38.161,27.751,0,0
2021-11-11,4649.27,16032.47,-0.011,36.592,48.77,32.037,28.968,0,0
2021-11-12,4682.85,16199.89,-0.004,33.854,42.262,31.918,27.381,0,0
2021-11-15,4682.8,16189.12,-0.004,30.639,31.812,32.09,28.016,0,0
2021-11-16,4700.9,16309.77,-0.0,33.457,42.077,30.86,27.434,0,0
2021-11-17,4688.67,16308.07,-0.003,38.946,56.548,31.772,28.519,0,0
2021-11-18,4704.54,16482.971,0.0,39.502,58.148,32.606,27.751,0,0
2021-11-19,4697.96,16573.34,-0.001,40.053,59.048,32.698,28.413,0,0
2021-11-22,4682.94,16380.98,-0.005,41.411,62.235,33.108,28.889,0,0
2021-11-23,4690.7,16306.72,-0.003,39.806,56.825,33.095,29.497,0,0
2021-11-24,4701.46,16367.81,-0.001,33.117,39.286,31.071,28.995,0,0
2021-11-26,4594.62,16025.58,-0.023,54.281,71.746,52.95,38.148,0,0
2021-11-29,4655.27,16399.24,-0.01,52.8,71.19,54.907,32.302,0,0
2021-11-30,4567.0,16135.92,-0.029,63.452,82.778,63.373,44.206,0,0
2021-12-01,4513.04,15877.72,-0.041,68.541,85.661,67.421,52.54,1,0
2021-12-02,4577.1,15990.76,-0.027,61.204,70.251,69.365,43.995,0,0
2021-12-03,4538.43,15712.04,-0.035,64.872,72.037,72.156,50.423,1,0
2021-12-06,4591.67,15846.16,-0.024,56.027,54.788,72.712,40.582,0,0
2021-12-07,4686.75,16325.66,-0.004,49.832,44.272,74.114,31.111,0,0
2021-12-08,4701.21,16394.34,-0.001,48.567,43.413,74.061,28.228,0,0
2021-12-09,4667.45,16149.57,-0.008,50.776,45.833,73.955,32.54,0,0
2021-12-10,4712.02,16331.98,0.0,51.953,51.878,74.193,29.788,0,0
2021-12-13,4668.97,16082.55,-0.009,58.413,66.706,74.96,33.571,0,0
2021-12-14,4634.09,15914.9,-0.017,58.514,62.354,75.04,38.148,0,0
2021-12-15,4709.85,16289.59,-0.0,57.2,63.042,76.759,31.799,0,0
2021-12-16,4668.67,15863.94,-0.009,60.075,66.944,77.09,36.19,0,0
2021-12-17,4620.64,15801.46,-0.019,63.034,64.788,80.741,43.571,0,0
2021-12-20,4568.02,15627.64,-0.031,71.68,80.093,83.307,51.64,1,0
2021-12-21,4649.23,15986.28,-0.013,57.892,49.074,84.101,40.503,0,0
2021-12-22,4696.56,16180.14,-0.003,56.627,48.082,84.206,37.593,0,0
2021-12-23,4725.79,16308.21,0.0,53.708,42.91,84.114,34.101,0,0
2021-12-27,4791.19,16567.5,0.0,49.837,39.101,80.595,29.815,0,0
2021-12-28,4786.35,16488.66,-0.001,48.959,38.439,80.079,28.36,0,0
2021-12-29,4793.06,16491.01,0.0,47.712,37.394,75.582,30.159,0,0
2021-12-30,4778.73,16429.1,-0.003,47.094,37.698,71.336,32.249,0,0
2021-12-31,4766.18,16320.08,-0.006,47.077,37.619,70.966,32.646,0,0
2022-01-03,4796.56,16501.77,0.0,45.467,35.754,70.013,30.635,0,0
2022-01-04,4793.54,16279.73,-0.001,47.121,41.164,69.696,30.503,0,0
2022-01-05,4700.58,15771.78,-0.02,57.407,60.873,73.545,37.804,0,0
2022-01-06,4696.05,15765.36,-0.021,56.711,61.561,73.466,35.106,0,0
2022-01-07,4677.03,15592.19,-0.025,60.379,65.106,73.228,42.804,0,0
2022-01-10,4670.29,15614.43,-0.026,62.055,66.746,72.778,46.64,0,0
2022-01-11,4713.07,15844.12,-0.017,51.34,41.138,72.725,40.159,0,0
2022-01-12,4726.35,15905.1,-0.015,53.951,47.672,72.513,41.667,0,0
2022-01-13,4659.03,15495.62,-0.029,63.726,63.783,75.489,51.905,0,0
2022-01-14,4662.85,15611.59,-0.028,65.428,69.656,75.198,51.429,0,0
2022-01-18,4577.11,15210.76,-0.046,71.706,78.254,76.151,60.714,1,0
2022-01-19,4532.76,15047.84,-0.055,72.121,79.471,72.659,64.233,1,0
2022-01-20,4482.73,14846.46,-0.065,74.643,81.548,74.603,67.778,1,1
2022-01-21,4397.94,14438.4,-0.083,78.391,87.222,77.394,70.556,1,1
2022-01-24,4410.13,14509.58,-0.081,77.13,82.804,77.13,71.455,1,1
2022-01-25,4356.45,14149.12,-0.092,79.374,88.069,76.323,73.73,1,1
2022-01-26,4349.93,14172.76,-0.093,80.489,89.537,76.27,75.661,1,1
2022-01-27,4326.51,14003.11,-0.098,81.177,90.278,75.979,77.275,1,1
2022-01-28,4431.85,14454.61,-0.076,78.677,81.111,80.265,74.656,1,1
2022-01-31,4515.55,14930.05,-0.059,71.001,59.087,81.587,72.328,1,1
2022-02-01,4546.54,15019.68,-0.052,70.661,58.228,82.328,71.429,1,1
2022-02-02,4589.38,15139.74,-0.043,72.072,63.108,83.135,69.974,1,1
2022-02-03,4477.44,14501.11,-0.067,81.49,84.881,83.823,75.767,1,1
2022-02-04,4500.53,14694.35,-0.062,81.658,85.437,84.008,75.529,1,1
2022-02-07,4483.87,14571.25,-0.065,81.649,84.59,83.955,76.402,1,1
2022-02-08,4521.54,14747.03,-0.057,78.091,75.979,84.22,74.074,1,1
2022-02-09,4587.18,15056.96,-0.044,70.256,55.41,84.405,70.952,1,1
2022-02-10,4504.08,14705.64,-0.061,81.213,80.106,86.706,76.825,1,1
2022-02-11,4418.64,14253.84,-0.079,85.212,88.003,86.892,80.741,1,1
2022-02-14,4401.67,14268.59,-0.082,85.842,88.386,86.971,82.169,1,1
2022-02-15,4471.07,14620.82,-0.068,77.937,66.931,86.481,80.397,1,1
2022-02-16,4475.01,14603.64,-0.067,82.972,82.725,86.164,80.026,1,1
2022-02-17,4380.26,14171.74,-0.087,86.649,88.862,87.09,83.995,1,1
2022-02-18,4348.87,14009.54,-0.093,86.658,89.233,84.788,85.952,1,1
2022-02-22,4304.76,13870.53,-0.103,88.311,90.873,86.442,87.619,0,0
2022-02-23,4225.5,13509.43,-0.119,90.146,93.757,86.971,89.709,0,0
2022-02-24,4288.7,13974.67,-0.106,88.395,88.638,87.474,89.074,0,0
2022-02-25,4384.65,14189.16,-0.086,78.876,61.905,88.029,86.693,1,1
2022-02-28,4373.94,14237.81,-0.088,85.785,83.241,87.103,87.011,1,1
2022-03-01,4306.26,14005.99,-0.102,89.471,91.667,87.354,89.392,0,0
2022-03-02,4386.54,14243.69,-0.085,81.265,68.664,88.122,87.011,1,1
2022-03-03,4363.49,14035.21,-0.09,87.103,86.204,87.778,87.328,1,1
2022-03-04,4328.87,13837.83,-0.098,88.351,91.111,85.423,88.519,1,1
2022-03-07,4201.09,13319.38,-0.124,91.892,95.397,88.241,92.037,0,0
2022-03-08,4170.7,13267.61,-0.13,92.05,95.079,88.214,92.857,0,0
2022-03-09,4277.88,13742.2,-0.108,87.443,82.5,89.008,90.82,0,0
2022-03-10,4259.52,13591.0,-0.112,90.366,88.108,92.222,90.767,0,0
2022-03-11,4204.31,13301.83,-0.123,92.257,93.876,92.077,90.82,0,0
2022-03-14,4173.11,13046.64,-0.13,92.271,94.048,90.913,91.852,0,0
2022-03-15,4262.45,13458.56,-0.111,82.637,66.336,91.574,90.0,0,0
2022-03-16,4357.86,13956.79,-0.091,81.384,63.902,91.733,88.519,1,1
2022-03-17,4411.67,14118.6,-0.08,80.877,61.958,93.505,87.169,1,1
2022-03-18,4463.12,14420.08,-0.07,80.498,66.455,89.881,85.159,1,1
2022-03-21,4461.18,14376.09,-0.07,78.197,60.992,89.788,83.81,1,1
2022-03-22,4511.61,14654.33,-0.059,76.486,60.476,87.156,81.825,1,1
2022-03-23,4456.24,14447.55,-0.071,81.653,75.397,86.759,82.804,1,1
2022-03-24,4520.16,14765.69,-0.058,77.998,66.706,86.177,81.111,1,1
2022-03-25,4543.06,14754.31,-0.053,79.528,76.601,84.233,77.751,1,1
2022-03-28,4575.52,14987.4,-0.046,77.143,72.024,82.341,77.063,1,1
2022-03-29,4631.6,15239.32,-0.034,69.484,56.111,78.056,74.286,1,0
2022-03-30,4602.45,15071.55,-0.04,70.97,57.897,77.659,77.354,1,0
2022-03-31,4530.41,14838.49,-0.055,82.456,83.505,81.693,82.169,1,0
2022-04-01,4545.86,14861.21,-0.052,76.221,67.103,81.429,80.132,1,1
2022-04-04,4582.64,15159.58,-0.045,70.41,60.053,74.22,76.958,1,1
2022-04-05,4525.12,14820.64,-0.057,81.354,84.392,78.188,81.481,1,1
2022-04-06,4481.15,14498.89,-0.066,83.32,88.122,76.865,84.974,1,1
2022-04-07,4500.21,14531.81,-0.062,82.919,87.315,76.706,84.735,1,1
2022-04-08,4488.28,14327.26,-0.064,81.279,85.794,72.698,85.344,1,1
2022-04-11,4412.53,13990.21,-0.08,84.868,89.312,76.852,88.439,1,1
2022-04-12,4397.45,13940.24,-0.083,85.295,90.701,76.005,89.18,1,1
2022-04-13,4446.59,14217.29,-0.073,80.983,80.198,74.788,87.963,1,1
2022-04-14,4392.59,13893.21,-0.084,85.873,90.569,77.183,89.868,1,1
2022-04-18,4391.69,13910.76,-0.084,85.776,90.304,76.548,90.476,1,1
2022-04-19,4462.21,14210.26,-0.07,76.085,62.685,77.579,87.989,1,1
2022-04-20,4459.45,13998.53,-0.07,81.645,80.238,77.05,87.646,1,1
2022-04-21,4393.66,13720.45,-0.084,85.754,88.81,77.262,91.19,1,1
2022-04-22,4271.78,13356.87,-0.109,88.915,92.685,80.066,93.995,0,0
2022-04-25,4296.12,13533.22,-0.104,87.588,89.286,80.04,93.439,0,0
2022-04-26,4175.2,13009.71,-0.13,90.996,94.722,82.765,95.503,0,0
2022-04-27,4183.96,13003.36,-0.128,90.348,93.836,81.706,95.503,0,0
2022-04-28,4287.5,13456.06,-0.106,90.009,91.23,84.378,94.418,0,0
2022-04-29,4131.93,12854.8,-0.139,92.743,95.489,86.733,96.005,0,0
2022-05-02,4155.38,13075.85,-0.134,91.715,92.54,86.786,95.82,0,0
2022-05-03,4175.48,13089.9,-0.129,92.35,92.831,88.479,95.741,0,0
2022-05-04,4300.17,13535.71,-0.103,88.827,84.272,88.611,93.598,0,0
2022-05-05,4146.87,12850.55,-0.135,93.668,94.762,90.423,95.82,0,0
2022-05-06,4123.34,12693.53,-0.14,93.942,95.608,90.159,96.058,0,0
2022-05-09,3991.24,12187.72,-0.168,94.951,96.852,91.362,96.64,0,0
2022-05-10,4001.05,12345.86,-0.166,94.691,96.733,90.675,96.667,0,0
2022-05-11,3935.18,11967.56,-0.18,95.115,97.116,91.376,96.852,0,0
2022-05-12,3930.08,11945.5,-0.181,94.815,96.455,91.032,96.958,0,0
2022-05-13,4023.89,12387.4,-0.161,89.652,81.72,90.728,96.508,0,0
2022-05-16,4008.01,12243.58,-0.164,93.404,92.897,90.675,96.64,0,0
2022-05-17,4088.85,12564.1,-0.148,89.356,81.23,90.675,96.164,0,0
2022-05-18,3923.68,11928.31,-0.182,96.076,97.011,94.153,97.063,0,0
2022-05-19,3900.79,11875.63,-0.187,96.305,96.587,95.291,97.037,0,0
2022-05-20,3901.36,11835.62,-0.187,95.785,96.19,94.048,97.116,0,0
2022-05-23,3973.75,12034.28,-0.172,93.267,89.193,94.021,96.587,0,0
2022-05-24,3941.48,11769.84,-0.178,94.899,95.794,92.315,96.587,0,0
2022-05-25,3978.73,11943.93,-0.171,91.31,85.026,92.288,96.614,0,0
2022-05-26,4057.84,12276.79,-0.154,87.615,74.683,92.209,95.952,0,0
2022-05-27,4158.24,12681.42,-0.133,83.867,66.944,89.55,95.106,0,0
2022-05-31,4132.15,12642.1,-0.139,86.481,74.021,89.524,95.899,0,0
2022-06-01,4101.23,12548.36,-0.145,89.951,84.087,89.497,96.27,0,0
2022-06-02,4176.82,12892.89,-0.129,85.776,73.399,88.452,95.476,0,0
2022-06-03,4108.54,12548.03,-0.143,90.035,86.23,87.5,96.376,0,0
2022-06-06,4121.43,12599.63,-0.141,89.162,83.743,87.447,96.296,0,0
2022-06-07,4160.68,12711.68,-0.133,83.682,73.042,82.13,95.873,0,0
2022-06-08,4115.77,12615.13,-0.142,90.966,90.225,85.926,96.746,0,0
2022-06-09,4017.82,12269.78,-0.162,92.813,94.815,86.085,97.54,0,0
2022-06-10,3900.86,11832.82,-0.187,94.934,97.249,89.325,98.228,0,0
2022-06-13,3749.63,11288.32,-0.218,96.296,98.545,91.64,98.704,0,0
2022-06-14,3735.48,11311.69,-0.221,96.323,98.598,91.587,98.783,0,0
2022-06-15,3789.99,11593.77,-0.21,95.243,95.807,91.243,98.677,0,0
2022-06-16,3666.77,11127.57,-0.236,96.217,98.968,90.688,98.995,0,0
2022-06-17,3674.84,11265.99,-0.234,96.063,98.532,90.661,98.995,0,0
2022-06-21,3764.79,11546.76,-0.215,95.498,96.257,91.429,98.81,0,0
2022-06-22,3759.89,11527.71,-0.216,95.463,96.601,90.926,98.862,0,0
2022-06-23,3795.73,11697.68,-0.209,95.459,96.72,90.952,98.704,0,0
2022-06-24,3911.74,12105.85,-0.184,86.861,70.714,91.64,98.228,0,0
2022-06-27,3900.11,12008.24,-0.187,86.75,70.542,91.455,98.254,0,0
2022-06-28,3821.55,11637.77,-0.203,91.42,83.466,92.116,98.677,0,0
2022-06-29,3818.83,11658.26,-0.204,95.146,94.828,92.09,98.519,0,0
2022-06-30,3785.38,11503.72,-0.211,95.794,96.614,92.063,98.704,0,0
2022-07-01,3825.33,11585.68,-0.202,95.445,96.019,91.852,98.466,0,0
2022-07-05,3831.39,11779.9,-0.201,94.634,95.437,90.0,98.466,0,0
2022-07-06,3845.08,11852.59,-0.198,94.484,94.96,89.974,98.519,0,0
2022-07-07,3902.62,12109.05,-0.186,86.318,70.542,90.397,98.016,0,0
2022-07-08,3899.38,12125.69,-0.187,90.251,83.108,89.683,97.963,0,0
2022-07-11,3854.43,11860.28,-0.196,93.796,94.167,88.942,98.28,0,0
2022-07-12,3818.8,11744.99,-0.204,92.059,91.892,85.767,98.519,0,0
2022-07-13,3801.78,11728.53,-0.207,91.477,96.217,79.775,98.439,0,0
2022-07-14,3790.38,11768.4,-0.21,91.922,97.632,79.722,98.413,0,0
2022-07-15,3863.16,11983.62,-0.195,86.662,83.479,79.153,97.354,0,0
2022-07-18,3830.85,11877.5,-0.201,86.327,89.272,72.011,97.698,0,0
2022-07-19,3936.69,12249.42,-0.179,79.982,70.053,73.677,96.217,0,0
2022-07-20,3959.9,12439.68,-0.174,79.123,69.947,71.495,95.926,0,0
2022-07-21,3998.95,12619.41,-0.166,78.593,69.272,71.376,95.132,0,0
2022-07-22,3961.63,12396.47,-0.174,84.339,85.198,71.574,96.243,0,0
2022-07-25,3966.84,12328.41,-0.173,82.253,81.508,68.796,96.455,0,0
2022-07-26,3921.05,12086.9,-0.183,85.013,85.026,73.056,96.958,0,0
2022-07-27,4023.61,12601.47,-0.161,77.901,68.307,69.497,95.899,0,0
2022-07-28,4072.43,12717.87,-0.151,82.16,82.487,69.444,94.55,0,0
2022-07-29,4130.29,12947.97,-0.139,82.606,86.085,67.976,93.757,0,0
2022-08-01,4118.63,12940.78,-0.141,81.19,81.944,67.95,93.677,0,0
2022-08-02,4091.19,12901.6,-0.147,81.711,82.474,68.399,94.259,0,0
2022-08-03,4155.17,13253.26,-0.134,81.221,81.481,69.008,93.175,0,0
2022-08-04,4151.94,13311.04,-0.134,81.618,83.968,68.399,92.487,0,0
2022-08-05,4145.19,13207.69,-0.136,79.321,78.36,68.016,91.587,0,0
2022-08-08,4140.06,13159.16,-0.137,74.815,71.442,61.548,91.455,0,0
2022-08-09,4122.47,13008.17,-0.141,79.18,83.876,61.098,92.566,0,0
2022-08-10,4210.24,13378.32,-0.122,73.325,70.053,59.63,90.291,0,0
2022-08-11,4207.27,13291.99,-0.123,70.516,63.294,59.365,88.889,0,0
2022-08-12,4280.15,13565.87,-0.108,68.272,60.489,58.981,85.344,0,0
2022-08-15,4297.14,13667.18,-0.104,67.425,60.45,58.228,83.598,0,0
2022-08-16,4305.2,13635.21,-0.102,66.173,59.854,56.68,81.984,0,0
2022-08-17,4274.04,13470.86,-0.109,67.434,60.952,57.169,84.18,0,0
2022-08-18,4283.74,13505.99,-0.107,69.603,66.574,56.918,85.317,0,0
2022-08-19,4228.48,13242.9,-0.118,75.071,75.225,62.923,87.063,0,0
2022-08-22,4137.99,12890.54,-0.137,80.794,84.339,69.127,88.915,0,0
2022-08-23,4128.73,12881.79,-0.139,78.435,80.78,64.101,90.423,0,0
2022-08-24,4140.77,12917.86,-0.137,76.376,77.341,62.13,89.656,0,0
2022-08-25,4199.12,13143.58,-0.125,70.719,63.267,62.222,86.667,0,0
2022-08-26,4057.66,12605.17,-0.154,82.456,88.201,70.251,88.915,0,0
2022-08-29,4030.61,12484.32,-0.16,83.016,89.775,70.278,88.995,0,0
2022-08-30,3986.16,12342.7,-0.169,86.005,91.971,74.114,91.931,0,0
2022-08-31,3955.0,12272.03,-0.175,86.005,92.553,73.029,92.434,0,0
2022-09-01,3966.85,12274.62,-0.173,85.375,91.746,73.108,91.27,0,0
2022-09-02,3924.26,12098.44,-0.182,87.05,93.254,76.177,91.72,0,0
2022-09-06,3908.19,12011.31,-0.185,87.557,93.399,76.124,93.148,0,0
2022-09-07,3979.87,12259.39,-0.17,82.998,79.087,77.447,92.46,0,0
2022-09-08,4006.18,12321.19,-0.165,84.727,86.204,75.754,92.222,0,0
2022-09-09,4067.36,12588.29,-0.152,77.425,64.167,76.786,91.323,0,0
2022-09-12,4110.41,12739.72,-0.143,76.534,63.32,76.521,89.762,0,0
2022-09-13,3932.69,12033.62,-0.18,89.277,91.045,82.95,93.836,0,0
2022-09-14,3946.01,12134.4,-0.177,89.356,92.024,82.95,93.095,0,0
2022-09-15,3901.35,11927.49,-0.187,90.494,93.069,84.444,93.968,0,0
2022-09-16,3873.33,11861.38,-0.192,91.614,94.153,86.323,94.365,0,0
2022-09-19,3899.89,11953.27,-0.187,90.891,91.852,86.772,94.048,0,0
2022-09-20,3855.93,11851.54,-0.196,92.024,95.357,86.005,94.709,0,0
2022-09-21,3789.93,11637.79,-0.21,93.095,96.204,87.976,95.106,0,0
2022-09-22,3757.99,11501.65,-0.217,93.311,97.063,87.765,95.106,0,0
2022-09-23,3693.23,11311.24,-0.23,94.211,98.175,88.743,95.714,0,0
2022-09-26,3655.04,11254.11,-0.238,93.624,98.743,86.177,95.952,0,0
2022-09-27,3647.29,11271.75,-0.24,93.492,98.505,86.177,95.794,0,0
2022-09-28,3719.04,11493.83,-0.225,90.185,88.81,87.037,94.709,0,0
2022-09-29,3640.47,11164.78,-0.241,94.158,98.082,88.651,95.741,0,0
2022-09-30,3585.62,10971.22,-0.252,94.634,98.585,89.074,96.243,0,0
2022-10-03,3678.43,11229.73,-0.233,87.377,77.011,90.066,95.053,0,0
2022-10-04,3790.93,11582.54,-0.21,84.422,68.968,90.833,93.466,0,0
2022-10-05,3783.28,11573.18,-0.211,86.468,75.238,90.463,93.704,0,0
2022-10-06,3744.52,11485.5,-0.219,93.086,94.537,90.833,93.889,0,0
2022-10-07,3639.66,11039.47,-0.241,94.846,97.368,91.693,95.476,0,0
2022-10-10,3612.39,10926.97,-0.247,96.032,97.54,94.497,96.058,0,0
2022-10-11,3588.84,10791.35,-0.252,95.45,97.672,92.328,96.349,0,0
2022-10-12,3577.03,10785.62,-0.254,95.45,97.963,92.249,96.138,0,0
2022-10-13,3669.91,11033.58,-0.235,91.9,88.175,93.135,94.392,0,0
2022-10-14,3583.07,10692.06,-0.253,95.745,97.434,94.034,95.767,0,0
2022-10-17,3677.95,11062.53,-0.233,92.121,87.897,94.762,93.704,0,0
2022-10-18,3719.98,11147.74,-0.224,87.623,75.265,94.511,93.095,0,0
2022-10-19,3695.16,11103.38,-0.23,92.716,90.939,93.188,94.021,0,0
2022-10-20,3665.78,11046.71,-0.236,94.25,95.489,93.717,93.545,0,0
2022-10-21,3752.75,11310.33,-0.218,90.833,87.513,92.659,92.328,0,0
2022-10-24,3797.34,11430.26,-0.208,88.545,83.651,90.423,91.561,0,0
2022-10-25,3859.11,11669.99,-0.195,82.994,66.878,90.807,91.296,0,0
2022-10-26,3830.6,11405.9,-0.201,87.244,82.05,89.365,90.317,0,0
2022-10-27,3807.3,11191.63,-0.206,88.06,87.579,85.992,90.608,0,0
2022-10-28,3901.06,11546.21,-0.187,82.778,81.495,81.918,84.921,0,0
2022-10-31,3871.98,11405.57,-0.193,82.416,79.458,81.601,86.19,0,0
2022-11-01,3856.1,11288.95,-0.196,83.135,83.333,80.833,85.238,0,0
2022-11-02,3759.69,10906.34,-0.216,88.21,90.37,85.265,88.995,0,0
2022-11-03,3719.89,10690.6,-0.224,89.061,91.098,84.603,91.481,0,0
2022-11-04,3770.55,10857.03,-0.214,85.697,88.122,79.048,89.921,0,0
2022-11-07,3806.8,10977.0,-0.206,84.722,86.058,78.347,89.762,0,0
2022-11-08,3828.11,11059.5,-0.202,83.175,85.622,78.214,85.688,0,0
2022-11-09,3748.57,10797.55,-0.218,86.702,88.955,82.738,88.413,0,0
2022-11-10,3956.37,11605.96,-0.175,74.352,58.228,84.378,80.45,0,0
2022-11-11,3992.93,11817.01,-0.168,72.037,57.209,78.743,80.159,0,0
2022-11-14,3957.25,11700.94,-0.175,76.631,70.992,78.003,80.899,0,0
2022-11-15,3991.73,11871.15,-0.168,71.777,57.328,77.923,80.079,0,0
2022-11-16,3958.79,11699.09,-0.175,75.172,64.471,77.95,83.095,0,0
2022-11-17,3946.56,11676.86,-0.177,74.114,58.73,77.659,85.952,0,0
2022-11-18,3965.34,11677.02,-0.173,77.165,69.656,77.156,84.683,0,0
2022-11-21,3949.94,11553.45,-0.177,78.977,75.754,76.865,84.312,0,0
2022-11-22,4003.58,11724.84,-0.165,75.608,68.095,75.0,83.73,0,0
2022-11-23,4027.26,11838.72,-0.16,71.499,60.304,73.823,80.37,0,0
2022-11-25,4026.12,11756.03,-0.161,68.933,52.579,73.743,80.476,0,0
2022-11-28,3963.94,11587.75,-0.174,77.95,71.852,77.474,84.524,0,0
2022-11-29,3957.63,11503.45,-0.175,74.506,62.553,77.394,83.571,0,0
2022-11-30,4080.11,12030.06,-0.149,70.507,57.513,78.294,75.714,0,0
2022-12-01,4076.57,12041.89,-0.15,64.815,50.516,71.759,72.169,0,0
2022-12-02,4071.7,11994.26,-0.151,61.865,51.812,66.296,67.487,0,0
2022-12-05,3998.84,11786.8,-0.166,71.645,73.386,71.045,70.503,0,0
2022-12-06,3941.26,11549.69,-0.178,76.429,78.492,75.423,75.37,0,0
2022-12-07,3933.92,11497.39,-0.18,75.115,78.651,75.37,71.323,0,0
2022-12-08,3963.51,11637.5,-0.174,70.745,72.09,70.437,69.709,0,0
2022-12-09,3934.38,11563.33,-0.18,68.417,69.577,61.68,73.995,0,0
2022-12-12,3990.56,11706.44,-0.168,63.986,60.569,61.865,69.524,0,0
2022-12-13,4019.65,11834.21,-0.162,64.727,63.69,61.759,68.73,0,0
2022-12-14,3995.32,11740.92,-0.167,65.397,60.384,61.627,74.18,0,0
2022-12-15,3895.75,11345.22,-0.188,74.766,78.148,68.32,77.831,0,0
2022-12-16,3852.36,11243.72,-0.197,77.297,82.513,71.865,77.513,0,0
2022-12-19,3817.66,11084.59,-0.204,78.496,84.921,71.839,78.73,0,0
2022-12-20,3821.62,11072.42,-0.203,77.385,82.725,71.812,77.619,0,0
2022-12-21,3878.44,11235.88,-0.191,75.101,77.566,71.865,75.873,0,0
2022-12-22,3822.39,10956.14,-0.203,78.007,81.68,74.167,78.175,0,0
2022-12-23,3844.82,10985.45,-0.198,76.64,78.532,74.352,77.037,0,0
2022-12-27,3829.25,10822.51,-0.202,77.262,80.926,71.68,79.18,0,0
2022-12-28,3783.22,10679.34,-0.211,79.55,83.968,74.048,80.635,0,0
2022-12-29,3849.28,10951.05,-0.197,68.369,57.857,70.661,76.587,0,0
2022-12-30,3839.5,10939.76,-0.2,68.448,58.915,70.608,75.82,0,0
2023-01-03,3824.14,10862.64,-0.203,74.321,74.153,72.751,76.058,0,0
2023-01-04,3852.97,10914.8,-0.197,67.178,57.103,70.119,74.312,0,0
2023-01-05,3808.1,10741.22,-0.206,76.076,80.146,69.854,78.228,0,0
2023-01-06,3895.08,11040.35,-0.188,71.614,69.299,72.235,73.307,0,0
2023-01-09,3892.09,11108.45,-0.189,71.213,65.873,71.865,75.899,0,0
2023-01-10,3919.25,11205.78,-0.183,68.25,58.069,71.865,74.815,0,0
2023-01-11,3969.61,11402.52,-0.172,66.526,55.146,71.495,72.937,0,0
2023-01-12,3983.17,11459.61,-0.17,64.136,53.228,68.28,70.899,0,0
2023-01-13,3999.09,11541.48,-0.166,63.73,53.585,67.526,70.079,0,0
2023-01-17,3990.97,11557.19,-0.168,61.517,53.651,61.825,69.074,0,0
2023-01-18,3928.86,11410.29,-0.181,67.138,64.775,62.407,74.233,0,0
2023-01-19,3898.85,11295.67,-0.187,69.352,68.717,62.169,77.169,0,0
2023-01-20,3972.61,11619.03,-0.172,62.381,49.656,63.307,74.18,0,0
2023-01-23,4019.81,11872.54,-0.162,60.018,45.899,63.069,71.085,0,0
2023-01-24,4016.95,11846.64,-0.163,60.304,53.135,57.434,70.344,0,0
2023-01-25,4016.22,11814.69,-0.163,60.679,52.937,57.381,71.72,0,0
2023-01-26,4060.43,12051.48,-0.153,56.98,45.04,57.566,68.333,0,0
2023-01-27,4070.56,12166.6,-0.151,54.321,43.413,52.011,67.54,0,0
2023-01-30,4017.77,11912.39,-0.162,57.716,46.098,56.521,70.529,0,0
2023-01-31,4076.6,12101.93,-0.15,54.308,39.286,57.103,66.534,0,0
2023-02-01,4119.21,12363.1,-0.141,53.086,37.288,56.706,65.265,0,0
2023-02-02,4179.76,12803.14,-0.129,52.063,38.902,57.262,60.026,0,0
2023-02-03,4136.48,12573.36,-0.138,55.066,43.148,56.865,65.185,0,0
2023-02-06,4111.08,12464.51,-0.143,58.245,51.336,55.437,67.963,0,0
2023-02-07,4164.0,12728.27,-0.132,53.964,43.108,55.899,62.884,0,0
2023-02-08,4117.86,12495.38,-0.141,59.709,51.653,61.177,66.296,0,0
2023-02-09,4081.5,12381.17,-0.149,59.546,48.175,61.151,69.312,0,0
2023-02-10,4090.46,12304.92,-0.147,55.785,39.577,61.111,66.667,0,0
2023-02-13,4137.29,12502.31,-0.137,53.395,37.817,61.892,60.476,0,0
2023-02-14,4136.13,12590.89,-0.138,55.309,43.81,61.799,60.317,0,0
2023-02-15,4147.6,12687.89,-0.135,50.41,36.402,55.437,59.392,0,0
2023-02-16,4090.41,12442.48,-0.147,59.458,51.958,60.701,65.714,0,0
2023-02-17,4079.09,12358.18,-0.15,53.77,39.325,59.312,62.672,0,0
2023-02-21,3997.34,12060.3,-0.167,61.314,52.474,64.167,67.302,0,0
2023-02-22,3991.05,12066.27,-0.168,59.017,46.561,64.167,66.323,0,0
2023-02-23,4012.32,12180.14,-0.164,62.121,58.201,64.352,63.81,0,0
2023-02-24,3970.04,11969.65,-0.172,66.83,67.011,66.442,67.037,0,0
2023-02-27,3982.24,12057.79,-0.17,66.772,68.611,66.521,65.185,0,0
2023-02-28,3970.15,12042.12,-0.172,66.922,71.918,63.294,65.556,0,0
2023-03-01,3951.39,11938.57,-0.176,67.478,72.011,62.063,68.36,0,0
2023-03-02,3981.35,12044.87,-0.17,65.441,66.892,62.209,67.222,0,0
2023-03-03,4045.64,12290.81,-0.157,58.876,50.0,62.421,64.206,0,0
2023-03-06,4048.42,12302.48,-0.156,60.697,58.214,58.796,65.079,0,0
2023-03-07,3986.37,12152.17,-0.169,66.23,71.243,62.95,64.497,0,0
2023-03-08,3992.01,12215.33,-0.168,64.471,67.394,61.839,64.18,0,0
2023-03-09,3918.32,11995.88,-0.183,69.021,77.183,62.844,67.037,0,0
2023-03-10,3861.59,11830.28,-0.195,72.482,82.275,65.86,69.312,0,0
2023-03-13,3855.76,11923.17,-0.196,73.32,83.968,65.622,70.37,0,0
2023-03-14,3919.29,12199.79,-0.183,69.934,77.91,66.521,65.37,0,0
2023-03-15,3891.93,12251.32,-0.189,71.574,83.095,66.574,65.053,0,0
2023-03-16,3960.28,12581.39,-0.174,68.078,76.045,69.193,58.995,0,0
2023-03-17,3916.64,12519.88,-0.183,70.913,84.709,68.876,59.153,0,0
2023-03-20,3951.57,12562.61,-0.176,64.877,69.537,69.299,55.794,0,0
2023-03-21,4002.87,12741.44,-0.165,59.643,61.336,66.005,51.587,0,0
2023-03-22,3936.97,12567.15,-0.179,69.899,82.262,69.55,57.884,0,0
2023-03-23,3948.72,12729.23,-0.177,69.568,84.392,69.365,54.947,0,0
2023-03-24,3970.99,12767.05,-0.172,64.189,74.114,66.548,51.905,0,0
2023-03-27,3977.53,12673.07,-0.171,59.012,56.468,66.495,54.074,0,0
2023-03-28,3971.27,12610.57,-0.172,60.057,55.661,66.468,58.042,0,0
2023-03-29,4027.81,12846.03,-0.16,57.928,53.135,67.183,53.466,0,0
2023-03-30,4050.83,12963.14,-0.155,56.662,51.918,67.09,50.979,0,0
2023-03-31,4109.31,13181.35,-0.143,53.056,47.698,67.659,43.81,0,0
2023-04-03,4124.51,13148.35,-0.14,53.818,52.897,67.103,41.455,0,0
2023-04-04,4100.6,13100.08,-0.145,55.935,62.09,62.778,42.937,0,0
2023-04-05,4090.38,12967.2,-0.147,57.328,65.476,62.857,43.651,0,0
2023-04-06,4105.02,13062.6,-0.144,52.191,55.172,55.794,45.608,0,0
2023-04-10,4109.11,13051.23,-0.143,46.711,47.725,49.974,42.434,0,0
2023-04-11,4108.94,12964.15,-0.143,47.024,45.331,49.841,45.899,0,0
2023-04-12,4091.95,12848.35,-0.147,52.094,59.087,48.889,48.307,0,0
2023-04-13,4146.22,13109.39,-0.136,44.683,43.148,47.619,43.28,0,0
2023-04-14,4137.64,13079.52,-0.137,46.821,51.878,45.225,43.36,0,0
2023-04-17,4151.32,13087.71,-0.135,42.549,44.021,38.862,44.762,0,0
2023-04-18,4154.87,13091.79,-0.134,42.659,43.651,38.452,45.873,0,0
2023-04-19,4154.52,13088.71,-0.134,44.55,49.365,36.19,48.095,0,0
2023-04-20,4129.79,12985.98,-0.139,44.996,58.77,26.349,49.868,0,0
2023-04-21,4133.52,13000.77,-0.138,45.772,62.024,26.429,48.862,0,0
2023-04-24,4137.04,12969.76,-0.137,46.208,60.952,26.27,51.402,0,0
2023-04-25,4071.63,12725.11,-0.151,54.996,72.593,36.521,55.873,0,0
2023-04-26,4055.99,12806.48,-0.154,55.225,72.169,36.786,56.72,0,0
2023-04-27,4135.35,13160.03,-0.138,50.794,65.728,38.32,48.333,0,0
2023-04-28,4169.48,13245.99,-0.131,43.973,51.918,35.556,44.444,0,0
2023-05-01,4167.87,13231.47,-0.131,44.215,52.646,34.101,45.899,0,0
2023-05-02,4119.58,13113.66,-0.141,55.194,73.135,40.886,51.561,0,0
2023-05-03,4090.75,13030.21,-0.147,57.196,76.111,40.979,54.497,0,0
2023-05-04,4061.22,12982.48,-0.153,57.623,78.122,41.124,53.624,0,0
2023-05-05,4136.25,13259.13,-0.138,49.237,49.299,43.466,54.947,0,0
2023-05-08,4138.12,13291.64,-0.137,56.19,69.392,43.386,55.794,0,0
2023-05-09,4119.17,13201.11,-0.141,56.839,70.675,43.651,56.19,0,0
2023-05-10,4137.64,13347.83,-0.137,56.764,71.296,43.598,55.397,0,0
2023-05-11,4130.62,13389.78,-0.139,57.522,75.661,42.143,54.762,0,0
2023-05-12,4124.08,13340.18,-0.14,57.231,75.0,42.09,54.603,0,0
2023-05-15,4136.28,13413.51,-0.138,54.965,68.862,41.984,54.048,0,0
2023-05-16,4109.9,13426.01,-0.143,58.858,78.532,42.302,55.741,0,0
2023-05-17,4158.77,13589.26,-0.133,54.947,68.651,43.492,52.698,0,0
2023-05-18,4198.05,13834.62,-0.125,51.451,60.886,43.783,49.683,0,0
2023-05-19,4191.98,13803.49,-0.126,53.607,67.116,43.783,49.921,0,0
2023-05-22,4192.63,13849.74,-0.126,46.486,48.558,43.757,47.143,0,0
2023-05-23,4145.58,13672.54,-0.136,52.39,63.466,42.566,51.138,0,0
2023-05-24,4115.24,13604.48,-0.142,58.413,75.82,42.884,56.534,0,0
2023-05-25,4151.28,13938.53,-0.135,57.526,78.876,40.582,53.122,0,0
2023-05-26,4205.45,14298.41,-0.123,54.66,74.193,41.614,48.175,0,0
2023-05-30,4205.52,14354.99,-0.123,54.48,76.799,41.561,45.079,0,0
2023-05-31,4179.83,14254.09,-0.129,52.862,78.201,35.331,45.053,0,0
2023-06-01,4221.02,14441.51,-0.12,49.938,74.484,34.405,40.926,0,0
2023-06-02,4282.37,14546.64,-0.107,38.241,46.005,31.786,36.931,0,0
2023-06-05,4273.79,14556.5,-0.109,42.628,62.037,30.0,35.847,0,0
2023-06-06,4283.85,14558.09,-0.107,39.405,51.958,29.537,36.72,0,0
2023-06-07,4267.52,14303.29,-0.11,41.111,56.349,29.206,37.778,0,0
2023-06-08,4293.93,14484.54,-0.105,39.832,55.463,28.505,35.529,0,0
2023-06-09,4298.86,14528.36,-0.104,40.944,62.804,28.148,31.878,0,0
2023-06-12,4338.93,14784.3,-0.095,35.419,48.942,28.717,28.598,1,0
2023-06-13,4369.01,14900.85,-0.089,31.512,40.437,28.915,25.185,1,0
2023-06-14,4372.59,15005.69,-0.088,35.622,53.915,27.87,25.079,1,0
2023-06-15,4425.84,15185.48,-0.077,29.092,35.476,27.91,23.889,1,0
2023-06-16,4409.59,15083.92,-0.081,28.505,35.317,27.685,22.513,1,0
2023-06-20,4388.71,15070.15,-0.085,31.045,40.41,28.042,24.683,1,0
2023-06-21,4365.69,14867.45,-0.09,31.354,40.159,28.188,25.714,1,0
2023-06-22,4381.89,15042.32,-0.086,33.214,57.54,19.352,22.751,1,0
2023-06-23,4348.33,14891.48,-0.093,36.287,61.997,19.458,27.407,1,0
2023-06-26,4328.82,14689.02,-0.098,30.137,42.619,19.537,28.254,1,0
2023-06-27,4378.41,14945.91,-0.087,29.947,46.362,19.22,24.259,1,0
2023-06-28,4376.86,14964.57,-0.088,34.753,59.246,19.22,25.794,1,0
2023-06-29,4396.44,14939.95,-0.083,29.938,49.114,18.452,22.249,1,0
2023-06-30,4450.38,15179.21,-0.072,25.348,35.159,18.902,21.984,1,0
2023-07-03,4455.59,15208.69,-0.071,23.915,33.294,17.156,21.296,1,0
2023-07-05,4446.82,15203.78,-0.073,24.956,34.537,17.13,23.201,1,0
2023-07-06,4411.59,15089.45,-0.08,32.557,53.029,18.241,26.402,1,0
2023-07-07,4398.95,15036.85,-0.083,33.924,56.151,18.161,27.46,1,0
2023-07-10,4409.53,15045.64,-0.081,28.563,40.701,17.897,27.09,1,0
2023-07-11,4439.26,15119.06,-0.074,24.947,31.468,18.188,25.185,1,0
2023-07-12,4472.16,15307.23,-0.068,29.012,47.738,17.87,21.429,1,0
2023-07-13,4510.04,15571.98,-0.06,26.605,44.484,18.108,17.222,1,0
2023-07-14,4505.42,15565.6,-0.061,27.579,43.995,18.161,20.582,1,0
2023-07-17,4522.79,15713.28,-0.057,28.298,46.997,16.839,21.058,1,0
2023-07-18,4554.98,15841.35,-0.05,24.374,37.288,16.892,18.942,1,0
2023-07-19,4565.72,15826.35,-0.048,20.974,28.069,16.548,18.307,1,0
2023-07-20,4534.87,15466.09,-0.055,23.616,32.235,16.839,21.772,1,0
2023-07-21,4536.34,15425.67,-0.054,23.655,31.574,17.196,22.196,1,0
2023-07-24,4554.64,15448.02,-0.05,19.625,23.241,16.429,19.206,1,0
2023-07-25,4567.46,15561.42,-0.048,22.081,30.238,15.608,20.397,1,0
2023-07-26,4566.75,15499.26,-0.048,19.458,22.804,14.22,21.349,1,0
2023-07-27,4537.41,15464.93,-0.054,26.521,38.558,15.397,25.608,1,0
2023-07-28,4582.23,15750.93,-0.045,23.056,31.667,16.336,21.164,1,0
2023-07-31,4588.96,15757.0,-0.043,21.927,30.913,14.444,20.423,1,0
2023-08-01,4576.73,15718.01,-0.046,23.492,32.791,14.749,22.937,1,0
2023-08-02,4513.39,15370.74,-0.059,31.755,45.635,23.757,25.873,1,0
2023-08-03,4501.89,15353.54,-0.061,32.16,47.646,23.148,25.688,1,0
2023-08-04,4478.03,15274.92,-0.066,35.282,54.55,23.333,27.963,1,0
2023-08-07,4518.44,15407.85,-0.058,33.36,49.762,23.915,26.402,1,0
2023-08-08,4499.38,15273.05,-0.062,35.128,53.717,23.757,27.91,1,0
2023-08-09,4467.71,15101.71,-0.069,35.146,51.071,23.783,30.582,1,0
2023-08-10,4468.83,15128.84,-0.068,35.344,54.233,22.963,28.836,1,0
2023-08-11,4464.05,15028.07,-0.069,30.908,41.085,22.937,28.704,1,0
2023-08-14,4489.72,15205.59,-0.064,34.321,54.815,23.148,25.0,1,0
2023-08-15,4437.86,15037.65,-0.075,39.665,61.971,28.929,28.095,1,0
2023-08-16,4404.33,14876.47,-0.082,41.063,63.28,29.193,30.714,1,0
2023-08-17,4370.36,14715.81,-0.089,42.156,64.656,29.22,32.593,1,0
2023-08-18,4369.71,14694.84,-0.089,40.163,58.175,29.167,33.148,1,0
2023-08-21,4399.77,14936.69,-0.083,41.675,64.828,29.669,30.529,1,0
2023-08-22,4387.55,14908.96,-0.085,42.134,65.939,29.299,31.164,1,0
2023-08-23,4436.01,15148.06,-0.075,41.354,63.28,31.68,29.101,1,0
2023-08-24,4376.31,14816.44,-0.088,46.12,64.339,37.857,36.164,1,0
2023-08-25,4405.71,14941.83,-0.081,43.638,59.458,37.54,33.915,1,0
2023-08-28,4433.31,15052.46,-0.076,39.361,48.624,39.378,30.079,1,0
2023-08-29,4497.63,15376.55,-0.062,37.919,45.291,41.772,26.693,1,0
2023-08-30,4514.87,15462.43,-0.059,32.037,37.857,35.503,22.751,1,0
2023-08-31,4507.66,15501.07,-0.06,38.501,59.537,34.272,21.693,1,0
2023-09-01,4515.77,15490.86,-0.059,37.901,59.841,32.593,21.27,1,0
2023-09-05,4496.83,15508.24,-0.062,40.317,65.053,31.64,24.259,1,0
2023-09-06,4465.48,15371.44,-0.069,41.067,65.582,32.143,25.476,1,0
2023-09-07,4451.14,15258.52,-0.072,42.672,66.878,31.402,29.735,1,0
2023-09-08,4457.49,15280.23,-0.071,41.34,64.974,31.376,27.672,1,0
2023-09-11,4487.46,15461.87,-0.064,41.287,64.418,32.143,27.302,1,0
2023-09-12,4461.9,15289.74,-0.07,42.13,63.347,32.09,30.952,1,0
2023-09-13,4467.44,15348.53,-0.069,39.462,65.225,24.669,28.492,1,0
2023-09-14,4505.1,15473.89,-0.061,35.582,57.196,23.095,26.455,1,0
2023-09-15,4450.32,15202.4,-0.072,40.631,60.45,29.802,31.64,1,0
2023-09-18,4453.53,15225.37,-0.072,41.887,64.193,29.749,31.72,1,0
2023-09-19,4443.95,15191.23,-0.074,41.574,62.751,29.378,32.593,1,0
2023-09-20,4402.2,14969.92,-0.082,43.602,62.407,30.728,37.672,1,0
2023-09-21,4330.0,14694.24,-0.097,50.869,72.196,36.495,43.915,1,0
2023-09-22,4320.06,14701.1,-0.099,50.132,74.153,30.106,46.138,1,0
2023-09-25,4337.44,14768.9,-0.096,49.07,72.05,29.444,45.714,1,0
2023-09-26,4273.53,14545.83,-0.109,54.162,77.421,36.098,48.968,0,0
2023-09-27,4274.51,14580.16,-0.109,52.937,77.765,32.368,48.677,0,0
2023-09-28,4299.7,14702.77,-0.104,51.543,73.69,32.685,48.254,0,0
2023-09-29,4288.05,14715.24,-0.106,50.494,69.352,32.632,49.497,0,0
2023-10-02,4288.39,14837.57,-0.106,53.682,78.677,32.368,50.0,0,0
2023-10-03,4229.45,14565.62,-0.118,58.003,81.958,38.241,53.81,0,0
2023-10-04,4263.75,14776.25,-0.111,57.518,79.074,39.828,53.651,0,0
2023-10-05,4258.19,14723.22,-0.112,58.294,80.979,39.775,54.127,0,0
2023-10-06,4308.5,14973.24,-0.102,56.512,76.296,40.992,52.249,0,0
2023-10-09,4335.66,15047.15,-0.096,55.507,74.418,40.886,51.217,1,0
2023-10-10,4358.24,15131.52,-0.091,50.904,61.323,41.098,50.291,1,0
2023-10-11,4376.95,15241.12,-0.087,53.858,71.508,41.31,48.757,1,0
2023-10-12,4349.61,15184.1,-0.093,58.086,78.571,44.921,50.767,1,0
2023-10-13,4327.78,14995.12,-0.098,56.746,77.526,40.066,52.646,1,0
2023-10-16,4373.63,15172.73,-0.088,51.415,64.431,40.952,48.862,1,0
2023-10-17,4373.2,15122.01,-0.088,49.506,56.759,43.135,48.624,1,0
2023-10-18,4314.6,14909.26,-0.1,61.817,80.066,50.622,54.762,0,0
2023-10-19,4278.0,14783.13,-0.108,61.834,82.632,44.616,58.254,0,0
2023-10-20,4224.16,14560.88,-0.119,65.406,84.974,50.185,61.058,0,0
2023-10-23,4217.04,14604.85,-0.121,65.547,85.767,49.815,61.058,0,0
2023-10-24,4247.68,14745.86,-0.114,62.875,84.193,44.458,59.974,0,0
2023-10-25,4186.77,14381.64,-0.127,66.821,87.381,50.516,62.566,0,0
2023-10-26,4137.23,14109.57,-0.137,69.18,86.587,54.233,66.72,0,0
2023-10-27,4117.37,14180.42,-0.142,70.511,88.995,54.312,68.228,0,0
2023-10-30,4166.82,14335.51,-0.131,69.127,85.688,56.005,65.688,0,0
2023-10-31,4193.8,14409.78,-0.126,65.022,78.32,51.64,65.106,0,0
2023-11-01,4237.86,14664.91,-0.116,65.525,81.442,52.037,63.095,0,0
2023-11-02,4317.78,14919.55,-0.1,60.432,69.563,53.108,58.624,1,0
2023-11-03,4358.34,15099.49,-0.091,52.535,50.688,50.172,56.746,1,0
2023-11-06,4365.98,15154.93,-0.09,57.623,67.169,49.96,55.741,1,0
2023-11-07,4378.38,15296.02,-0.087,56.918,64.325,49.815,56.614,1,0
2023-11-08,4382.78,15313.24,-0.086,60.353,73.598,49.418,58.042,1,0
2023-11-09,4347.35,15187.9,-0.094,62.901,78.598,49.603,60.503,1,0
2023-11-10,4415.24,15529.12,-0.079,59.489,71.614,50.529,56.323,1,0
2023-11-13,4411.55,15482.79,-0.08,59.996,74.299,49.947,55.741,1,0
2023-11-14,4495.7,15812.47,-0.063,49.039,45.688,52.222,49.206,1,0
2023-11-15,4502.88,15817.18,-0.061,47.046,45.013,46.045,50.079,1,0
2023-11-16,4508.24,15833.17,-0.06,49.687,52.169,45.225,51.667,1,0
2023-11-17,4514.02,15837.99,-0.059,44.81,44.299,38.783,51.349,1,0
2023-11-20,4547.38,16027.06,-0.052,45.137,50.847,36.812,47.751,1,0
2023-11-21,4538.19,15933.62,-0.054,46.045,50.648,37.037,50.45,1,0
2023-11-22,4556.62,16001.39,-0.05,39.74,42.553,26.217,50.45,1,0
2023-11-24,4559.34,15982.01,-0.049,36.168,41.402,16.733,50.37,1,0
2023-11-27,4550.43,15961.98,-0.051,36.649,42.606,15.86,51.481,1,0
2023-11-28,4554.89,16010.43,-0.05,38.201,48.214,15.357,51.032,1,0
2023-11-29,4550.58,15987.6,-0.051,38.139,46.442,15.754,52.222,1,0
2023-11-30,4567.8,15947.87,-0.048,34.956,38.929,15.225,50.714,1,0
2023-12-01,4594.63,15997.58,-0.042,33.593,38.545,12.13,50.106,1,0
2023-12-04,4569.78,15839.67,-0.047,32.659,33.016,12.474,52.487,1,0
2023-12-05,4567.18,15877.71,-0.048,36.173,42.685,12.712,53.122,1,0
2023-12-06,4549.34,15788.05,-0.052,37.037,42.288,13.056,55.767,1,0
2023-12-07,4585.59,16022.49,-0.044,35.75,40.78,13.664,52.804,1,0
2023-12-08,4604.37,16084.69,-0.04,31.693,32.712,11.839,50.529,1,0
2023-12-11,4622.44,16221.73,-0.036,29.991,31.495,9.802,48.677,1,0
2023-12-12,4643.7,16354.25,-0.032,33.743,45.595,8.122,47.513,1,0
2023-12-13,4707.09,16562.369,-0.019,26.446,30.82,6.005,42.513,0,0
2023-12-14,4719.55,16537.83,-0.016,24.802,27.235,6.032,41.138,0,0
2023-12-15,4719.19,16623.449,-0.016,28.457,36.217,6.164,42.989,0,0
2023-12-18,4740.56,16729.801,-0.012,25.847,29.947,6.296,41.296,0,0
2023-12-19,4768.37,16811.85,-0.006,22.2,20.701,6.058,39.841,0,0
2023-12-20,4698.35,16554.16,-0.02,31.534,32.553,16.098,45.952,0,0
2023-12-21,4746.75,16757.41,-0.01,27.46,22.632,16.812,42.937,0,0
2023-12-22,4754.63,16777.4,-0.009,26.989,21.746,16.812,42.407,0,0
2023-12-26,4774.75,16878.461,-0.005,25.538,20.357,16.706,39.55,0,0
2023-12-27,4781.58,16906.801,-0.003,25.234,20.291,16.706,38.704,0,0
2023-12-28,4783.35,16898.471,-0.003,25.168,19.828,16.627,39.048,0,0
2023-12-29,4769.83,16825.93,-0.006,26.16,20.265,17.077,41.138,0,0
2024-01-02,4742.83,16543.939,-0.011,26.817,19.405,17.738,43.307,0,0
2024-01-03,4704.81,16368.49,-0.019,29.065,21.997,18.347,46.852,0,0
2024-01-04,4688.68,16282.01,-0.022,29.63,22.5,18.69,47.698,0,0
2024-01-05,4697.24,16305.98,-0.021,29.246,22.116,18.161,47.46,0,0
2024-01-08,4763.54,16649.869,-0.007,28.108,20.847,19.854,43.624,0,0
2024-01-09,4756.5,16678.699,-0.008,28.858,22.037,19.96,44.577,0,0
2024-01-10,4783.45,16793.051,-0.003,28.183,22.976,20.251,41.323,0,0
2024-01-11,4780.24,16820.9,-0.003,29.286,24.656,21.878,41.323,0,0
2024-01-12,4783.83,16832.92,-0.003,28.386,23.902,19.669,41.587,0,0
2024-01-16,4765.98,16830.711,-0.006,32.315,34.021,19.854,43.069,0,0
2024-01-17,4739.21,16736.279,-0.012,39.021,51.124,21.071,44.868,0,0
2024-01-18,4780.94,16982.289,-0.003,37.897,51.005,21.997,40.688,0,0
2024-01-19,4839.81,17314.0,0.0,36.645,48.889,23.505,37.54,0,0
2024-01-22,4850.43,17330.381,0.0,30.71,41.812,13.307,37.011,0,0
2024-01-23,4864.6,17404.211,0.0,25.11,27.738,12.407,35.185,0,0
2024-01-24,4868.55,17499.301,0.0,30.384,45.622,12.434,33.095,0,0
2024-01-25,4894.16,17516.99,0.0,28.254,41.27,12.54,30.952,0,0
2024-01-26,4890.97,17421.01,-0.001,23.078,26.442,12.712,30.079,0,0
2024-01-29,4927.93,17596.27,0.0,22.09,24.061,13.241,28.968,0,0
2024-01-30,4924.97,17476.711,-0.001,22.61,26.283,13.003,28.545,0,0
2024-01-31,4845.65,17137.24,-0.017,34.519,46.772,23.558,33.228,0,0
2024-02-01,4906.19,17344.711,-0.004,28.377,32.685,23.981,28.466,0,0
2024-02-02,4958.61,17642.73,0.0,30.798,42.725,24.511,25.159,0,0
2024-02-05,4942.81,17613.039,-0.003,35.996,55.741,25.106,27.143,0,0
2024-02-06,4954.23,17572.73,-0.001,28.131,36.283,22.923,25.185,0,0
2024-02-07,4995.06,17755.07,0.0,30.22,46.164,23.307,21.19,0,0
2024-02-08,4997.91,17783.17,0.0,31.327,51.323,23.082,19.577,0,0
2024-02-09,5026.61,17962.41,0.0,28.549,44.484,23.571,17.593,0,0
2024-02-12,5021.84,17882.66,-0.001,22.844,25.45,23.876,19.206,0,0
2024-02-13,4953.17,17600.42,-0.015,35.833,50.079,33.161,24.259,0,0
2024-02-14,5000.62,17807.631,-0.005,30.419,35.714,33.029,22.513,0,0
2024-02-15,5029.73,17845.721,0.0,25.19,25.212,32.632,17.725,0,0
2024-02-16,5005.57,17685.98,-0.005,31.64,42.05,31.574,21.296,0,0
2024-02-20,4975.51,17546.1,-0.011,30.216,33.571,32.685,24.392,0,0
2024-02-21,4981.8,17478.91,-0.01,27.266,23.201,32.989,25.608,0,0
2024-02-22,5087.03,18004.699,0.0,28.1,28.347,36.508,19.444,0,0
2024-02-23,5088.8,17937.609,0.0,27.862,28.135,36.481,18.968,0,0
2024-02-26,5069.53,17933.33,-0.004,32.257,39.683,36.72,20.37,0,0
2024-02-27,5078.18,17971.051,-0.002,28.276,29.431,36.27,19.127,0,0
2024-02-28,5069.76,17874.5,-0.004,28.483,30.317,36.376,18.757,0,0
2024-02-29,5096.27,18043.85,0.0,26.675,36.283,27.606,16.138,0,0
2024-03-01,5137.08,18302.91,0.0,22.941,28.016,26.627,14.18,0,0
2024-03-04,5130.95,18226.48,-0.001,27.222,40.516,25.357,15.794,0,0
2024-03-05,5078.65,17897.869,-0.011,30.728,39.947,33.347,18.889,0,0
2024-03-06,5104.76,18017.57,-0.006,29.396,37.804,33.505,16.878,0,0
2024-03-07,5157.36,18297.99,0.0,22.681,19.061,33.796,15.185,0,0
2024-03-08,5123.69,18018.449,-0.007,25.741,25.873,36.164,15.185,0,0
2024-03-11,5117.94,17951.689,-0.008,23.289,17.619,36.296,15.952,0,0
2024-03-12,5175.27,18219.109,0.0,22.817,18.69,37.011,12.751,0,0
2024-03-13,5165.31,18068.471,-0.002,19.696,17.95,28.783,12.354,0,0
2024-03-14,5150.48,18014.811,-0.005,22.077,26.786,27.884,11.561,0,0
2024-03-15,5117.09,17808.25,-0.011,23.307,27.566,28.757,13.598,0,0
2024-03-18,5149.42,17985.01,-0.005,24.365,32.857,28.571,11.667,0,0
2024-03-19,5178.51,18032.199,0.0,21.199,26.243,27.566,9.788,0,0
2024-03-20,5224.62,18240.109,0.0,22.641,31.508,28.135,8.28,0,0
2024-03-21,5241.53,18320.381,0.0,18.113,24.259,22.196,7.884,0,0
2024-03-22,5234.18,18339.439,-0.001,20.67,31.958,22.222,7.831,0,0
2024-03-25,5218.19,18277.061,-0.004,21.936,35.503,22.13,8.175,0,0
2024-03-26,5203.58,18210.539,-0.007,21.455,33.598,22.407,8.36,0,0
2024-03-27,5248.49,18280.84,0.0,14.982,16.521,21.045,7.381,0,0
2024-03-28,5254.35,18254.689,0.0,14.806,16.376,20.741,7.302,0,0
2024-04-01,5243.77,18293.199,-0.002,15.154,17.249,20.304,7.91,0,0
2024-04-02,5205.81,18121.779,-0.009,20.564,30.82,21.323,9.55,0,0
2024-04-03,5211.49,18160.189,-0.008,18.523,32.765,13.122,9.683,0,0
2024-04-04,5147.21,17878.779,-0.02,25.331,39.974,21.918,14.101,0,0
2024-04-05,5204.34,18108.461,-0.01,22.8,36.362,22.169,9.868,0,0
2024-04-08,5202.39,18100.189,-0.01,21.455,32.897,21.389,10.079,0,0
2024-04-09,5209.91,18169.9,-0.008,16.283,17.235,21.376,10.238,0,0
2024-04-10,5160.64,18011.66,-0.018,25.842,42.831,20.966,13.73,0,0
2024-04-11,5199.06,18307.98,-0.011,24.718,41.481,21.878,10.794,0,0
2024-04-12,5123.41,18003.49,-0.025,31.768,50.132,31.098,14.074,0,0
2024-04-15,5061.82,17706.83,-0.037,35.789,52.46,37.897,17.011,1,0
2024-04-16,5051.41,17713.66,-0.039,36.199,53.955,36.839,17.804,1,0
2024-04-17,5022.21,17493.619,-0.044,36.085,51.653,36.415,20.185,1,0
2024-04-18,5011.12,17394.311,-0.046,35.825,53.042,34.643,19.788,1,0
2024-04-19,4967.23,17037.65,-0.055,34.885,47.5,34.775,22.381,1,0
2024-04-22,5010.6,17210.891,-0.046,34.118,45.754,36.574,20.026,1,0
2024-04-23,5070.55,17471.471,-0.035,31.38,36.984,38.929,18.228,1,0
2024-04-24,5071.63,17526.801,-0.035,31.473,36.733,38.902,18.783,1,0
2024-04-25,5048.42,17430.5,-0.039,35.212,44.669,40.225,20.741,1,0
2024-04-26,5099.96,17718.301,-0.029,35.75,44.735,42.831,19.683,0,0
2024-04-29,5116.17,17782.721,-0.026,35.04,40.688,44.537,19.894,0,0
2024-04-30,5035.69,17440.689,-0.042,41.997,49.934,50.873,25.185,1,0
2024-05-01,5018.39,17318.551,-0.045,41.795,47.209,51.085,27.09,1,0
2024-05-02,5064.2,17541.539,-0.036,39.4,47.738,46.336,24.127,1,0
2024-05-03,5127.79,17890.801,-0.024,36.005,43.955,44.431,19.63,0,0
2024-05-06,5180.74,18093.57,-0.014,33.58,37.209,45.437,18.095,0,0
2024-05-07,5187.7,18091.449,-0.013,31.186,30.661,45.172,17.725,0,0
2024-05-08,5187.67,18085.01,-0.013,33.519,37.249,43.333,19.974,0,0
2024-05-09,5214.08,18113.461,-0.008,29.449,29.048,40.516,18.783,0,0
2024-05-10,5222.68,18161.18,-0.006,24.524,22.46,32.434,18.677,0,0
2024-05-13,5221.42,18198.609,-0.006,22.055,22.354,24.524,19.286,0,0
2024-05-14,5246.68,18322.77,-0.001,21.684,21.72,24.444,18.889,0,0
2024-05-15,5308.15,18596.65,0.0,20.088,21.19,24.365,14.709,0,0
2024-05-16,5297.1,18557.961,-0.002,20.37,21.045,23.849,16.217,0,0
2024-05-17,5303.27,18546.23,-0.001,18.549,20.939,18.571,16.138,0,0
2024-05-20,5308.13,18674.189,-0.0,23.417,36.151,18.175,15.926,0,0
2024-05-21,5321.41,18713.801,0.0,23.884,39.431,16.931,15.291,0,0
2024-05-22,5307.01,18705.199,-0.003,24.136,38.439,17.249,16.72,0,0
2024-05-23,5267.84,18623.391,-0.01,29.541,50.476,17.778,20.37,0,0
2024-05-24,5304.72,18808.35,-0.003,28.364,48.69,17.381,19.021,0,0
2024-05-28,5306.04,18869.439,-0.003,29.934,53.77,17.46,18.571,0,0
2024-05-29,5266.95,18736.75,-0.01,28.726,56.772,7.791,21.614,0,0
2024-05-30,5235.48,18538.66,-0.016,26.68,48.016,8.135,23.889,0,0
2024-05-31,5277.51,18536.65,-0.008,22.985,38.466,8.056,22.434,0,0
2024-06-03,5283.4,18600.971,-0.007,25.855,47.685,6.812,23.069,0,0
2024-06-04,5291.34,18654.84,-0.006,26.089,48.889,5.489,23.889,0,0
2024-06-05,5354.03,19035.051,0.0,25.926,50.251,7.368,20.159,0,0
2024-06-06,5352.96,19021.189,-0.0,23.347,39.233,7.421,23.386,0,0
2024-06-07,5346.99,19000.949,-0.001,28.161,52.249,7.235,25.0,0,0
2024-06-10,5360.79,19074.67,0.0,23.99,40.608,7.315,24.048,0,0
2024-06-11,5375.32,19210.18,0.0,26.208,47.103,7.315,24.206,0,0
2024-06-12,5421.03,19465.18,0.0,26.195,49.127,8.029,21.429,0,0
2024-06-13,5433.74,19576.92,0.0,26.631,55.833,6.442,17.619,0,0
2024-06-14,5431.6,19659.801,-0.0,28.029,57.778,6.23,20.079,0,0
2024-06-17,5473.23,19902.75,0.0,26.226,53.77,6.997,17.91,0,0
2024-06-18,5487.03,19908.859,0.0,26.345,53.995,7.05,17.989,0,0
2024-06-20,5473.17,19752.301,-0.003,21.989,39.18,7.579,19.206,0,0
2024-06-21,5464.62,19700.43,-0.004,19.295,30.278,7.474,20.132,0,0
2024-06-24,5447.87,19474.619,-0.007,19.907,32.169,6.415,21.138,0,0
2024-06-25,5469.3,19701.131,-0.003,23.347,45.701,6.111,18.228,0,0
2024-06-26,5477.9,19751.051,-0.002,23.682,48.347,6.138,16.561,0,0
2024-06-27,5482.87,19789.029,-0.001,18.792,35.212,5.079,16.085,0,0
2024-06-28,5460.48,19682.869,-0.005,21.032,40.476,4.788,17.831,0,0
2024-07-01,5475.09,19812.221,-0.002,25.454,52.632,4.683,19.048,0,0
2024-07-02,5509.01,20011.891,0.0,23.395,49.458,4.749,15.979,0,0
2024-07-03,5537.02,20186.631,0.0,24.903,54.656,4.868,15.185,0,0
2024-07-05,5567.19,20391.971,0.0,20.586,43.545,4.59,13.624,0,0
2024-07-08,5572.85,20439.539,0.0,23.316,52.222,4.524,13.201,0,0
2024-07-09,5576.98,20453.02,0.0,25.313,58.995,4.484,12.46,0,0
2024-07-10,5633.91,20675.381,0.0,23.144,54.881,4.841,9.709,0,0
2024-07-11,5584.54,20211.359,-0.009,18.827,37.976,6.124,12.381,0,0
2024-07-12,5615.35,20331.49,-0.003,14.921,26.455,5.741,12.566,0,0
2024-07-15,5631.22,20386.881,-0.0,19.991,41.772,6.005,12.196,0,0
2024-07-16,5667.2,20398.619,0.0,15.035,27.606,6.336,11.164,0,0
2024-07-17,5588.27,19799.141,-0.014,19.722,28.082,15.873,15.212,0,0
2024-07-18,5544.59,19705.09,-0.022,24.828,37.526,16.508,20.45,0,0
2024-07-19,5505.0,19522.619,-0.029,27.451,40.926,17.381,24.048,0,0
2024-07-22,5564.41,19822.869,-0.018,21.64,25.37,19.021,20.529,0,0
2024-07-23,5555.74,19754.34,-0.02,25.441,35.556,18.836,21.931,0,0
2024-07-24,5427.13,19032.391,-0.042,37.941,52.804,31.918,29.101,1,0
2024-07-25,5399.22,18830.58,-0.047,39.312,53.399,31.971,32.566,1,0
2024-07-26,5459.1,19023.66,-0.037,34.321,39.325,33.294,30.344,1,0
2024-07-29,5463.54,19059.49,-0.036,30.154,27.328,33.082,30.053,1,0
2024-07-30,5436.44,18796.27,-0.041,30.758,26.415,33.294,32.566,1,0
2024-07-31,5522.3,19362.43,-0.026,29.396,23.651,36.257,28.28,0,0
2024-08-01,5446.68,18890.391,-0.039,42.531,50.251,43.347,33.995,1,0
2024-08-02,5346.56,18440.85,-0.057,50.886,62.249,49.325,41.085,1,0
2024-08-05,5186.33,17895.16,-0.085,58.598,68.413,56.296,51.085,1,0
2024-08-06,5240.03,18077.92,-0.075,55.304,61.812,57.143,46.958,1,0
2024-08-07,5199.5,17867.369,-0.083,58.236,67.09,56.217,51.402,1,0
2024-08-08,5319.31,18413.82,-0.061,52.13,51.601,58.73,46.058,1,0
2024-08-09,5344.16,18513.1,-0.057,50.657,45.516,61.799,44.656,1,0
2024-08-12,5344.39,18542.029,-0.057,55.225,59.206,61.944,44.524,1,0
2024-08-13,5434.43,19006.43,-0.041,49.497,44.021,65.37,39.101,1,0
2024-08-14,5455.21,19022.68,-0.037,52.213,53.003,61.971,41.667,1,0
2024-08-15,5543.22,19490.15,-0.022,43.598,31.997,62.5,36.296,0,0
2024-08-16,5554.25,19508.52,-0.02,42.914,30.886,62.381,35.476,0,0
2024-08-19,5608.25,19766.49,-0.01,40.785,27.434,62.222,32.698,0,0
2024-08-20,5597.12,19719.82,-0.012,42.266,30.992,62.209,33.598,0,0
2024-08-21,5620.85,19824.84,-0.008,40.952,33.333,56.138,33.386,0,0
2024-08-22,5570.64,19491.84,-0.017,41.975,30.873,56.243,38.81,0,0
2024-08-23,5634.61,19720.869,-0.006,38.527,25.053,56.296,34.233,0,0
2024-08-26,5616.84,19516.439,-0.009,38.929,25.966,56.402,34.418,0,0
2024-08-27,5625.8,19581.52,-0.007,39.462,27.063,56.243,35.079,0,0
2024-08-28,5592.18,19350.779,-0.013,43.439,34.63,55.767,39.921,0,0
2024-08-29,5591.96,19325.449,-0.013,42.756,39.048,49.802,39.418,0,0
2024-08-30,5648.4,19574.641,-0.003,37.853,35.926,42.209,35.423,0,0
2024-09-03,5528.93,18958.74,-0.024,45.41,50.847,39.722,45.661,0,0
2024-09-04,5520.07,18921.4,-0.026,46.336,53.228,39.563,46.217,0,0
2024-09-05,5503.41,18930.33,-0.029,47.134,55.066,39.14,47.196,0,0
2024-09-06,5408.42,18421.311,-0.046,52.694,61.138,44.616,52.328,1,0
2024-09-09,5471.05,18660.779,-0.035,48.99,51.587,45.304,50.079,1,0
2024-09-10,5495.52,18829.141,-0.03,50.705,57.394,45.384,49.339,1,0
2024-09-11,5554.13,19237.301,-0.02,49.383,56.283,44.378,47.487,0,0
2024-09-12,5595.76,19423.07,-0.013,43.558,39.749,44.603,46.323,0,0
2024-09-13,5626.02,19514.59,-0.007,44.819,46.561,43.214,44.683,0,0
2024-09-16,5633.09,19423.061,-0.006,40.983,35.582,43.188,44.18,0,0
2024-09-17,5634.58,19432.4,-0.006,37.817,26.402,43.029,44.021,0,0
2024-09-18,5618.26,19344.49,-0.009,41.071,33.254,43.082,46.878,0,0
2024-09-19,5713.64,19839.83,0.0,40.044,34.59,44.749,40.794,0,0
2024-09-20,5702.55,19791.49,-0.002,41.42,37.976,44.378,41.905,0,0
2024-09-23,5718.57,19852.199,0.0,38.254,31.098,43.399,40.265,0,0
2024-09-24,5732.93,19944.84,0.0,37.553,29.497,43.214,39.947,0,0
2024-09-25,5722.26,19972.609,-0.002,41.865,42.407,43.294,39.894,0,0
2024-09-26,5745.37,20115.539,0.0,41.521,41.667,42.817,40.079,0,0
2024-09-27,5738.17,20008.619,-0.001,34.951,20.926,42.817,41.111,0,0
2024-09-30,5762.48,20060.689,0.0,37.037,28.122,43.36,39.63,0,0
2024-10-01,5708.75,19773.301,-0.009,35.86,31.389,33.439,42.751,0,0
2024-10-02,5709.54,19802.59,-0.009,39.295,40.503,33.069,44.312,0,0
2024-10-03,5699.94,19793.34,-0.011,40.176,44.563,32.791,43.175,0,0
2024-10-04,5751.07,20035.02,-0.002,31.878,36.495,21.045,38.095,0,0
2024-10-07,5695.94,19800.74,-0.012,35.776,43.188,22.13,42.011,0,0
2024-10-08,5751.13,20107.779,-0.002,34.506,43.69,23.056,36.772,0,0
2024-10-09,5792.04,20268.859,0.0,28.862,31.31,22.262,33.016,0,0
2024-10-10,5780.05,20241.76,-0.002,31.08,38.095,21.971,33.175,0,0
2024-10-11,5815.03,20271.971,0.0,25.282,22.024,22.13,31.693,0,0
2024-10-14,5859.85,20439.051,0.0,26.614,26.786,22.659,30.397,0,0
2024-10-15,5815.26,20159.83,-0.008,26.689,22.328,24.008,33.73,0,0
2024-10-16,5842.47,20174.051,-0.003,25.388,21.759,23.929,30.476,0,0
2024-10-17,5841.47,20190.42,-0.003,29.343,35.529,20.225,32.275,0,0
2024-10-18,5864.67,20324.039,0.0,29.793,37.831,20.225,31.323,0,0
2024-10-21,5853.98,20361.471,-0.002,30.057,40.635,20.304,29.233,0,0
2024-10-22,5851.2,20390.461,-0.002,30.697,42.526,20.331,29.233,0,0
2024-10-23,5797.42,20066.961,-0.011,35.132,48.082,21.627,35.688,0,0
2024-10-24,5809.86,20232.869,-0.009,35.697,43.056,26.521,37.513,0,0
2024-10-25,5808.12,20352.02,-0.01,34.885,38.479,26.468,39.709,0,0
2024-10-28,5823.52,20351.07,-0.007,32.266,29.934,27.791,39.074,0,0
2024-10-29,5832.92,20550.65,-0.005,36.248,43.386,26.521,38.836,0,0
2024-10-30,5813.67,20387.699,-0.009,39.466,50.476,26.706,41.217,0,0
2024-10-31,5705.45,19890.42,-0.027,47.897,56.733,38.995,47.963,0,0
2024-11-01,5728.8,20033.141,-0.023,45.992,53.201,37.976,46.799,0,0
2024-11-04,5712.69,19963.6,-0.026,45.551,51.071,36.667,48.915,0,0
2024-11-05,5782.76,20227.461,-0.014,42.95,44.656,37.368,46.825,0,0
2024-11-06,5929.04,20781.33,0.0,42.205,49.087,40.86,36.667,0,0
2024-11-07,5973.1,21101.57,0.0,38.937,45.198,37.487,34.127,0,0
2024-11-08,5995.54,21117.18,0.0,39.365,49.59,35.728,32.778,0,0
2024-11-11,6001.35,21106.59,0.0,39.281,49.55,35.198,33.095,0,0
2024-11-12,5983.99,21070.789,-0.003,41.336,55.503,34.616,33.889,0,0
2024-11-13,5985.38,21036.16,-0.003,40.644,56.111,33.492,32.328,0,0
2024-11-14,5949.17,20896.67,-0.009,42.275,56.376,33.81,36.64,0,0
2024-11-15,5870.62,20394.131,-0.022,48.439,61.455,41.614,42.249,0,0
2024-11-18,5893.62,20539.189,-0.018,46.53,57.765,41.64,40.185,0,0
2024-11-19,5916.98,20684.59,-0.014,46.186,59.458,41.772,37.328,0,0
2024-11-20,5917.11,20667.1,-0.014,44.22,52.923,40.741,38.995,0,0
2024-11-21,5948.71,20740.779,-0.009,41.442,46.283,40.979,37.063,0,0
2024-11-22,5969.34,20776.23,-0.005,39.819,42.817,40.952,35.688,0,0
2024-11-25,5987.37,20804.891,-0.002,34.233,25.556,40.926,36.217,0,0
2024-11-26,6021.63,20922.9,0.0,39.506,43.545,40.979,33.995,0,0
2024-11-27,5998.74,20744.49,-0.004,34.44,26.653,40.979,35.688,0,0
2024-11-29,6032.38,20930.369,0.0,30.031,26.415,29.815,33.862,0,0
2024-12-02,6047.15,21164.6,0.0,31.689,31.878,29.59,33.598,0,0
2024-12-03,6049.88,21229.32,0.0,34.894,40.78,29.008,34.894,0,0
2024-12-04,6086.49,21492.359,0.0,36.936,50.556,27.262,32.989,0,0
2024-12-05,6075.11,21425.221,-0.002,35.26,52.989,18.902,33.889,0,0
2024-12-06,6090.27,21622.25,0.0,34.96,55.741,15.119,34.021,0,0
2024-12-09,6052.85,21440.82,-0.006,30.639,39.392,15.516,37.011,0,0
2024-12-10,6034.91,21368.18,-0.009,36.085,54.034,15.569,38.651,0,0
2024-12-11,6084.19,21763.98,-0.001,35.406,54.987,16.31,34.921,0,0
2024-12-12,6051.25,21615.27,-0.006,38.047,60.159,16.865,37.116,0,0
2024-12-13,6051.09,21780.25,-0.006,38.399,61.217,16.124,37.857,0,0
2024-12-16,6074.08,22096.66,-0.003,36.005,64.405,7.315,36.296,0,0
2024-12-17,6050.61,22001.08,-0.007,37.05,64.828,7.46,38.862,0,0
2024-12-18,5872.16,21209.32,-0.036,49.387,71.958,26.786,49.418,1,0
2024-12-19,5867.08,21110.51,-0.037,49.916,72.804,26.759,50.185,1,0
2024-12-20,5930.85,21289.15,-0.026,47.112,65.899,27.526,47.91,0,0
2024-12-23,5974.07,21503.17,-0.019,44.916,60.106,27.95,46.693,0,0
2024-12-24,6040.04,21797.65,-0.008,43.84,58.889,28.876,43.757,0,0
2024-12-26,6037.59,21768.311,-0.009,42.866,55.807,28.399,44.392,0,0
2024-12-27,5970.84,21473.02,-0.02,49.365,63.32,36.23,48.545,0,0
2024-12-30,5906.94,21197.09,-0.03,54.052,67.672,41.865,52.619,1,0
2024-12-31,5881.63,21012.17,-0.034,49.048,51.971,41.812,53.36,1,0
2025-01-02,5868.55,20975.619,-0.036,55.472,69.974,41.759,54.683,1,0
2025-01-03,5942.47,21326.16,-0.024,53.276,65.423,42.579,51.825,0,0
2025-01-06,5975.38,21559.5,-0.019,53.338,66.085,42.738,51.19,0,0
2025-01-07,5909.03,21173.039,-0.03,58.197,69.987,51.534,53.069,0,0
2025-01-08,5918.25,21180.971,-0.028,57.637,69.63,51.376,51.905,0,0
2025-01-10,5827.04,20847.58,-0.043,62.002,75.212,55.741,55.053,1,0
2025-01-13,5836.22,20784.721,-0.042,59.621,66.865,55.913,56.085,1,0
2025-01-14,5842.91,20757.41,-0.041,58.832,64.735,55.86,55.899,1,0
2025-01-15,5949.91,21237.85,-0.023,57.218,64.841,58.77,48.042,0,0
2025-01-16,5937.34,21091.25,-0.025,54.524,56.706,58.611,48.254,0,0
2025-01-17,5996.66,21441.16,-0.015,54.603,58.267,58.902,46.64,0,0
2025-01-21,6049.24,21566.51,-0.007,44.727,39.907,50.357,43.915,0,0
2025-01-22,6086.37,21853.0,-0.001,50.622,59.762,50.516,41.587,0,0
2025-01-23,6118.71,21900.93,0.0,46.23,47.196,49.643,41.852,0,0
2025-01-24,6101.24,21774.01,-0.003,46.182,47.341,49.484,41.72,0,0
2025-01-27,6012.28,21127.279,-0.017,48.069,44.974,55.079,44.153,0,0
2025-01-28,6067.7,21463.039,-0.008,50.304,60.159,55.516,35.238,0,0
2025-01-29,6039.31,21411.461,-0.013,50.996,62.553,51.415,39.021,0,0
2025-01-30,6071.17,21508.119,-0.008,47.588,61.085,45.622,36.058,0,0
2025-01-31,6040.53,21478.051,-0.013,50.309,62.5,45.675,42.751,0,0
2025-02-03,5994.57,21297.58,-0.02,53.713,67.844,46.468,46.825,0,0
2025-02-04,6037.88,21566.92,-0.013,52.196,67.183,45.146,44.259,0,0
2025-02-05,6061.48,21658.16,-0.009,52.011,64.696,44.96,46.376,0,0
2025-02-06,6083.57,21774.07,-0.006,50.507,66.878,38.399,46.243,0,0
2025-02-07,6025.99,21491.311,-0.015,53.232,68.611,39.392,51.693,0,0
2025-02-10,6066.44,21756.73,-0.009,49.462,67.328,30.847,50.212,0,0
2025-02-11,6068.5,21693.52,-0.008,49.33,65.185,30.873,51.931,0,0
2025-02-12,6051.97,21719.26,-0.011,51.173,69.497,31.005,53.016,0,0
2025-02-13,6115.07,22030.711,-0.001,46.755,61.958,27.884,50.423,0,0
2025-02-14,6114.63,22114.689,-0.001,47.412,64.894,27.579,49.762,0,0
2025-02-18,6129.58,22164.609,0.0,46.041,61.098,26.151,50.873,0,0
2025-02-19,6144.15,22175.6,0.0,45.961,62.394,25.463,50.026,0,0
2025-02-20,6117.52,22068.061,-0.004,44.07,54.392,25.357,52.46,0,0
2025-02-21,6013.13,21614.08,-0.021,53.995,68.36,36.217,57.407,0,0
2025-02-24,5983.25,21352.08,-0.026,52.747,63.042,36.495,58.704,0,0
2025-02-25,5955.25,21087.25,-0.031,51.124,65.661,26.733,60.979,1,0
2025-02-26,5956.06,21132.92,-0.031,45.573,52.817,25.198,58.704,1,0
2025-02-27,5861.57,20550.949,-0.046,56.402,71.878,35.0,62.328,1,0
2025-02-28,5954.5,20884.41,-0.031,53.492,63.624,38.122,58.73,1,0
2025-03-03,5849.72,20425.58,-0.048,60.877,76.111,45.728,60.794,1,0
2025-03-04,5778.15,20352.529,-0.06,65.503,80.463,51.124,64.921,1,0
2025-03-05,5842.63,20628.461,-0.049,62.293,72.156,51.812,62.91,1,0
2025-03-06,5738.52,20052.631,-0.066,67.835,78.942,56.521,68.042,1,0
2025-03-07,5770.2,20201.369,-0.061,65.811,72.751,56.693,67.989,1,0
2025-03-10,5614.56,19430.949,-0.086,72.381,83.122,61.984,72.037,1,0
2025-03-11,5572.07,19376.961,-0.093,73.488,85.159,61.627,73.677,1,0
2025-03-12,5599.3,19596.02,-0.089,73.294,84.974,61.812,73.095,1,1
2025-03-13,5521.52,19225.48,-0.101,75.957,89.392,63.796,74.683,0,0
2025-03-14,5638.94,19704.641,-0.082,70.123,71.23,65.833,73.307,1,1
2025-03-17,5675.12,19812.24,-0.076,65.979,56.892,68.611,72.434,1,0
2025-03-18,5614.66,19483.359,-0.086,74.048,78.214,69.537,74.392,1,0
2025-03-19,5675.29,19736.66,-0.076,69.039,62.222,71.614,73.28,1,0
2025-03-20,5662.89,19677.609,-0.078,75.097,74.577,77.09,73.624,1,0
2025-03-21,5667.56,19753.971,-0.078,77.165,79.775,77.778,73.942,1,0
2025-03-24,5767.57,20180.449,-0.061,72.156,69.735,75.569,71.164,1,1
2025-03-25,5776.65,20287.83,-0.06,74.215,75.767,75.476,71.402,1,1
2025-03-26,5712.2,19916.99,-0.07,73.192,70.291,76.667,72.619,1,1
2025-03-27,5693.31,19798.619,-0.073,74.832,75.939,75.251,73.307,1,1
2025-03-28,5580.94,19281.4,-0.092,79.793,86.429,76.177,76.772,1,1
2025-03-31,5611.85,19278.449,-0.087,78.43,83.492,74.762,77.037,1,1
2025-04-01,5633.07,19436.42,-0.083,77.337,83.466,72.884,75.661,1,1
2025-04-02,5670.97,19581.779,-0.077,72.2,68.267,72.354,75.979,1,1
2025-04-03,5396.52,18521.471,-0.122,84.356,92.46,77.116,83.492,0,0
2025-04-04,5074.08,17397.699,-0.174,89.105,97.037,81.944,88.333,0,0
2025-04-07,5062.25,17430.68,-0.176,88.964,97.884,80.119,88.889,0,0
2025-04-08,4982.77,17090.4,-0.189,90.22,98.624,81.852,90.185,0,0
2025-04-09,5456.9,19145.061,-0.112,77.65,66.045,82.513,84.392,0,0
2025-04-10,5268.05,18343.57,-0.143,87.249,91.508,82.566,87.672,0,0
2025-04-11,5363.36,18690.051,-0.127,83.598,81.746,82.593,86.455,0,0
2025-04-14,5405.97,18796.02,-0.12,78.382,66.442,82.646,86.058,0,0
2025-04-15,5396.63,18830.23,-0.122,82.707,81.058,80.899,86.164,0,0
2025-04-16,5275.7,18257.641,-0.141,86.477,88.386,82.791,88.254,0,0
2025-04-17,5282.7,18258.09,-0.14,84.771,83.505,82.844,87.963,0,0
2025-04-21,5158.2,17808.301,-0.16,88.589,92.394,83.929,89.444,0,0
2025-04-22,5287.76,18276.41,-0.139,79.846,67.341,84.021,88.175,0,0
2025-04-23,5375.86,18693.26,-0.125,79.806,66.31,85.992,87.116,0,0
2025-04-24,5484.77,19214.4,-0.107,82.544,75.529,86.442,85.661,0,0
2025-04-25,5525.21,19432.561,-0.101,85.022,78.36,91.918,84.788,0,0
2025-04-28,5528.75,19427.289,-0.1,80.996,69.392,90.079,83.519,0,0
2025-04-29,5560.83,19544.949,-0.095,82.769,74.894,90.106,83.307,1,1
2025-04-30,5569.06,19571.02,-0.094,78.836,63.175,90.079,83.254,1,1
2025-05-01,5604.14,19786.711,-0.088,85.635,80.78,92.738,83.386,1,1
2025-05-02,5686.67,20102.609,-0.074,82.681,76.627,88.532,82.884,1,1
2025-05-05,5650.38,19967.939,-0.08,83.113,79.722,85.278,84.339,1,1
2025-05-06,5606.91,19791.35,-0.087,85.093,84.206,85.304,85.767,1,1
2025-05-07,5631.28,19867.971,-0.083,82.002,79.841,80.899,85.265,1,1
2025-05-08,5663.94,20063.561,-0.078,75.295,65.132,76.336,84.418,1,1
2025-05-09,5659.91,20061.449,-0.079,77.024,79.22,67.116,84.735,1,1
2025-05-12,5844.19,20868.15,-0.049,66.036,56.931,62.262,78.915,1,0
2025-05-13,5886.55,21197.699,-0.042,69.383,69.868,61.614,76.667,1,0
2025-05-14,5892.58,21319.211,-0.041,70.798,73.823,61.561,77.011,1,0
2025-05-15,5916.93,21335.82,-0.037,64.59,65.847,51.336,76.587,1,0
2025-05-16,5958.38,21427.939,-0.03,57.835,47.685,50.503,75.317,1,0
2025-05-19,5963.6,21447.051,-0.029,54.753,48.836,39.868,75.556,0,0
2025-05-20,5940.46,21367.369,-0.033,55.04,50.066,38.201,76.852,1,0
2025-05-21,5844.61,21080.359,-0.049,67.055,74.418,46.746,80.0,1,0
2025-05-22,5842.01,21112.471,-0.049,65.022,69.59,44.788,80.688,1,0
2025-05-23,5802.82,20915.66,-0.056,68.148,77.275,45.397,81.772,1,0
2025-05-27,5921.54,21414.99,-0.036,59.621,52.804,47.672,78.386,1,0
2025-05-28,5888.55,21318.17,-0.042,62.972,60.873,48.228,79.815,1,0
2025-05-29,5912.17,21363.949,-0.038,60.353,53.757,48.254,79.048,1,0
2025-05-30,5911.69,21340.99,-0.038,64.555,65.675,48.254,79.735,1,0
2025-06-02,5935.94,21491.75,-0.034,65.622,71.124,47.116,78.624,1,0
2025-06-03,5970.37,21662.58,-0.028,63.051,64.656,46.772,77.725,0,0
2025-06-04,5970.81,21721.92,-0.028,60.873,59.339,45.926,77.354,0,0
2025-06-05,5939.3,21547.43,-0.033,65.044,70.476,46.534,78.122,1,0
2025-06-06,6000.36,21761.789,-0.023,58.091,51.601,45.926,76.746,0,0
2025-06-09,6005.88,21797.869,-0.023,59.713,57.209,45.926,76.005,0,0
2025-06-10,6038.81,21941.92,-0.017,55.648,54.722,37.381,74.841,0,0
2025-06-11,6022.24,21860.801,-0.02,57.981,61.455,36.905,75.582,0,0
2025-06-12,6045.26,21913.32,-0.016,55.767,55.688,37.249,74.365,0,0
2025-06-13,5976.97,21631.039,-0.027,64.008,71.931,45.78,74.312,0,0
2025-06-16,6033.11,21937.57,-0.018,62.491,68.796,46.19,72.487,0,0
2025-06-17,5982.72,21719.08,-0.026,65.556,75.304,46.865,74.497,0,0
2025-06-18,5980.87,21719.689,-0.027,65.141,73.783,46.64,75.0,0,0
2025-06-20,5967.84,21626.391,-0.029,60.388,68.651,36.323,76.19,0,0
2025-06-23,6025.17,21856.33,-0.019,60.075,68.373,37.989,73.862,0,0
2025-06-24,6092.18,22190.52,-0.008,52.509,48.889,38.108,70.529,0,0
2025-06-25,6092.16,22237.74,-0.008,56.468,67.579,31.772,70.053,0,0
2025-06-26,6141.02,22447.289,-0.001,54.444,65.0,30.317,68.016,0,0
2025-06-27,6173.07,22534.199,0.0,51.623,58.36,30.106,66.402,0,0
2025-06-30,6204.95,22679.01,0.0,47.698,46.601,30.198,66.296,0,0
2025-07-01,6198.01,22478.131,-0.001,46.724,42.328,30.437,67.407,0,0
2025-07-02,6227.42,22641.891,0.0,48.77,51.825,30.331,64.153,0,0
2025-07-03,6279.35,22866.971,0.0,47.791,50.767,30.913,61.693,0,0
2025-07-07,6229.98,22685.57,-0.008,49.171,53.532,31.839,62.143,0,0
2025-07-08,6225.52,22702.25,-0.009,46.733,46.667,30.886,62.646,0,0
2025-07-09,6263.26,22864.91,-0.003,48.117,54.193,29.286,60.873,0,0
2025-07-10,6280.46,22829.26,0.0,47.006,50.0,28.902,62.116,0,0
2025-07-11,6259.75,22780.6,-0.003,50.04,58.783,29.008,62.328,0,0
2025-07-14,6268.56,22855.631,-0.002,51.01,61.429,29.008,62.593,0,0
2025-07-15,6243.76,22884.59,-0.006,50.701,67.897,19.947,64.259,0,0
2025-07-16,6263.7,22907.971,-0.003,43.845,48.677,19.339,63.519,0,0
2025-07-17,6297.36,23081.051,0.0,45.273,55.847,17.751,62.222,0,0
2025-07-18,6296.79,23065.471,-0.0,46.332,59.048,17.778,62.169,0,0
2025-07-21,6305.6,23180.061,0.0,46.499,61.905,17.646,59.947,0,0
2025-07-22,6309.62,23063.58,0.0,40.265,42.487,17.381,60.926,0,0
2025-07-23,6358.91,23162.41,0.0,40.062,47.394,15.278,57.513,0,0
2025-07-24,6363.35,23219.869,0.0,43.179,56.455,15.278,57.804,0,0
2025-07-25,6388.64,23272.25,0.0,36.949,41.733,13.161,55.952,0,0
2025-07-28,6389.77,23356.27,0.0,42.443,59.272,13.161,54.894,0,0
2025-07-29,6370.86,23308.301,-0.003,43.739,61.124,13.241,56.852,0,0
2025-07-30,6362.9,23345.41,-0.004,45.388,65.066,13.294,57.804,0,0
2025-07-31,6339.39,23218.119,-0.008,48.307,71.733,13.426,59.762,0,0
2025-08-01,6238.01,22763.311,-0.024,53.391,74.286,22.262,63.624,0,0
2025-08-04,6329.94,23188.609,-0.009,50.19,66.402,24.22,59.947,0,0
2025-08-05,6299.19,23018.561,-0.014,51.966,69.511,24.907,61.481,0,0
2025-08-06,6345.06,23315.039,-0.007,51.195,69.841,25.251,58.492,0,0
2025-08-07,6340.0,23389.529,-0.008,51.984,70.41,25.198,60.344,0,0
2025-08-08,6389.45,23611.27,-0.0,51.371,70.714,26.045,57.354,0,0
2025-08-11,6373.45,23526.631,-0.003,52.456,72.315,26.323,58.73,0,0
2025-08-12,6445.76,23839.199,0.0,48.153,63.082,26.693,54.683,0,0
2025-08-13,6466.58,23849.039,0.0,39.339,39.246,25.966,52.804,0,0
2025-08-14,6468.54,23832.439,0.0,39.378,41.892,25.714,50.529,0,0
2025-08-15,6449.8,23712.07,-0.003,41.764,48.188,26.045,51.058,0,0
2025-08-18,6449.15,23713.76,-0.003,43.589,54.206,26.111,50.45,0,0
2025-08-19,6411.37,23384.77,-0.009,39.841,40.384,26.627,52.513,0,0
2025-08-20,6395.78,23249.57,-0.011,39.175,40.251,26.19,51.085,0,0
2025-08-21,6370.17,23142.58,-0.015,40.816,41.138,26.442,54.868,0,0
2025-08-22,6466.91,23498.119,-0.0,37.125,34.854,29.854,46.667,0,0
2025-08-25,6439.32,23425.609,-0.005,38.638,38.849,30.423,46.64,0,0
2025-08-26,6465.94,23525.289,-0.0,43.179,52.989,30.384,46.164,0,0
2025-08-27,6481.4,23565.85,0.0,36.424,37.222,30.304,41.746,0,0
2025-08-28,6501.86,23703.449,0.0,40.904,51.825,29.802,41.085,0,0
2025-08-29,6460.26,23415.42,-0.006,31.433,37.632,18.545,38.122,0,0
2025-09-02,6415.54,23231.109,-0.013,37.822,58.188,16.071,39.206,0,0
2025-09-03,6448.26,23414.84,-0.008,37.293,58.571,15.714,37.593,0,0
2025-09-04,6502.08,23633.01,0.0,33.633,52.897,16.045,31.958,0,0
2025-09-05,6481.5,23652.439,-0.003,36.376,56.481,16.323,36.323,0,0
2025-09-08,6495.15,23762.301,-0.001,36.667,58.108,15.278,36.614,0,0
2025-09-09,6512.61,23839.801,0.0,35.022,56.892,15.159,33.016,0,0
2025-09-10,6532.04,23849.27,0.0,37.094,63.836,14.034,33.413,0,0
2025-09-11,6587.47,23992.561,0.0,28.99,43.439,14.669,28.862,0,0
2025-09-12,6584.29,24092.189,-0.0,34.436,59.299,14.749,29.259,0,0
2025-09-15,6615.28,24293.779,0.0,36.874,65.45,14.696,30.476,0,0
2025-09-16,6606.76,24274.25,-0.001,36.631,63.717,14.881,31.296,0,0
2025-09-17,6600.35,24223.689,-0.002,35.234,62.407,14.246,29.048,0,0
2025-09-18,6631.96,24454.891,0.0,35.0,64.299,14.272,26.429,0,0
2025-09-19,6664.36,24626.25,0.0,34.048,65.675,13.69,22.778,0,0
2025-09-22,6693.75,24761.07,0.0,33.43,66.019,12.579,21.693,0,0
2025-09-23,6656.92,24580.17,-0.006,34.074,65.966,12.817,23.439,0,0
2025-09-24,6637.97,24503.57,-0.008,34.114,64.444,12.897,25.0,0,0
2025-09-25,6604.72,24397.311,-0.013,35.362,69.643,13.161,23.28,0,0
2025-09-26,6643.7,24503.85,-0.007,30.251,55.622,14.339,20.794,0,0
2025-09-29,6661.21,24611.35,-0.005,26.896,46.931,13.968,19.788,0,0
2025-09-30,6688.46,24679.99,-0.001,24.334,40.913,13.254,18.836,0,0
2025-10-01,6711.2,24800.859,0.0,31.601,63.188,13.175,18.439,0,0
2025-10-02,6715.35,24892.76,0.0,31.424,63.32,13.069,17.884,0,0
2025-10-03,6715.79,24785.52,0.0,28.695,54.921,13.095,18.069,0,0
2025-10-06,6740.28,24978.561,0.0,31.609,64.59,13.148,17.09,0,0
2025-10-07,6714.59,24840.23,-0.004,30.604,60.357,13.254,18.201,0,0
2025-10-08,6753.72,25136.619,0.0,29.414,58.638,13.333,16.27,0,0
2025-10-09,6735.11,25098.18,-0.003,32.778,67.566,13.519,17.249,0,0
2025-10-10,6552.51,24221.74,-0.03,45.379,76.138,34.921,25.079,0,0
2025-10-13,6654.72,24750.25,-0.015,42.795,69.206,38.201,20.979,0,0
2025-10-14,6644.31,24579.32,-0.016,38.911,56.918,38.254,21.561,0,0
2025-10-15,6671.06,24745.359,-0.012,41.918,66.812,38.36,20.582,0,0
2025-10-16,6629.07,24657.24,-0.018,44.899,72.897,38.571,23.228,0,0
2025-10-17,6664.01,24817.949,-0.013,38.743,55.86,38.677,21.693,0,0
2025-10-20,6735.13,25141.02,-0.003,37.853,55.886,39.444,18.228,0,0
2025-10-21,6735.35,25127.131,-0.003,32.13,38.849,39.286,18.254,0,0
2025-10-22,6699.4,24879.01,-0.008,36.689,50.066,39.444,20.556,0,0
2025-10-23,6738.44,25097.41,-0.002,36.865,51.389,39.471,19.735,0,0
2025-10-24,6791.69,25358.16,0.0,38.933,57.116,42.963,16.72,0,0
2025-10-27,6875.16,25821.551,0.0,36.795,54.497,43.638,12.249,0,0
2025-10-28,6890.89,26012.15,0.0,40.877,67.275,43.585,11.772,0,0
2025-10-29,6890.59,26119.85,-0.0,44.096,76.772,43.558,11.958,0,0
2025-10-30,6822.34,25734.811,-0.01,45.216,75.132,45.225,15.291,0,0
2025-10-31,6840.2,25858.131,-0.007,45.159,73.108,45.278,17.09,0,0
2025-11-03,6851.97,25972.939,-0.006,46.645,77.407,45.225,17.302,0,0
2025-11-04,6771.55,25435.699,-0.017,50.278,74.616,53.228,22.989,0,0
2025-11-05,6796.29,25620.029,-0.014,50.026,74.894,53.201,21.984,0,0
2025-11-06,6720.32,25130.039,-0.025,55.886,79.788,58.611,29.259,0,0
2025-11-07,6728.8,25059.811,-0.024,47.086,66.111,46.204,28.942,0,0
2025-11-10,6832.43,25611.74,-0.008,46.442,72.804,46.124,20.397,0,0
2025-11-11,6846.61,25533.49,-0.006,41.667,62.341,45.992,16.667,0,0
2025-11-12,6850.92,25517.33,-0.006,41.631,62.685,45.807,16.402,0,0
2025-11-13,6737.49,24993.461,-0.022,49.021,70.595,53.69,22.778,0,0
2025-11-14,6734.11,25008.24,-0.023,50.679,71.283,53.426,27.328,0,0
2025-11-17,6672.41,24799.92,-0.032,54.114,78.36,53.188,30.794,1,0
2025-11-18,6617.32,24503.1,-0.04,55.397,77.262,53.929,35.0,1,0
2025-11-19,6642.16,24640.52,-0.036,55.754,79.683,53.902,33.677,1,0
2025-11-20,6538.76,24054.381,-0.051,60.855,82.91,59.233,40.423,1,0
2025-11-21,6602.99,24239.57,-0.042,49.991,52.143,59.894,37.937,1,0
2025-11-24,6705.12,24873.85,-0.027,55.511,70.503,63.651,32.381,0,0
2025-11-25,6765.88,25018.359,-0.018,46.847,47.275,66.098,27.169,0,0
2025-11-26,6812.61,25236.939,-0.011,47.478,50.291,66.455,25.688,0,0
2025-11-28,6849.09,25434.891,-0.006,43.818,43.942,64.048,23.466,0,0
2025-12-01,6812.63,25342.85,-0.011,47.284,50.397,64.259,27.196,0,0
2025-12-02,6829.37,25555.859,-0.009,47.059,50.966,64.286,25.926,0,0
2025-12-03,6849.72,25606.539,-0.006,43.686,48.241,57.5,25.317,0,0
2025-12-04,6857.12,25581.699,-0.005,46.684,61.442,56.336,22.275,0,0
2025-12-05,6870.4,25692.051,-0.003,45.291,64.206,48.254,23.413,0,0
2025-12-08,6846.51,25627.949,-0.006,46.265,66.389,48.571,23.836,0,0
2025-12-09,6840.51,25668.689,-0.007,45.26,65.093,46.349,24.339,0,0
2025-12-10,6886.68,25776.439,-0.001,41.966,58.862,46.693,20.344,0,0
2025-12-11,6901.0,25686.689,0.0,37.959,48.28,43.664,21.931,0,0
2025-12-12,6827.41,25196.73,-0.011,42.804,55.622,42.183,30.608,0,0
2025-12-15,6816.51,25067.27,-0.012,43.607,56.627,42.235,31.958,0,0
2025-12-16,6800.26,25132.939,-0.015,43.765,56.918,40.013,34.365,0,0
2025-12-17,6721.43,24647.609,-0.026,43.576,43.929,46.72,40.079,0,0
2025-12-18,6774.76,25019.369,-0.018,44.255,47.262,47.116,38.386,0,0
2025-12-19,6834.5,25346.18,-0.01,43.986,59.061,37.95,34.947,0,0
2025-12-22,6878.49,25461.699,-0.003,39.021,50.622,34.008,32.434,0,0
2025-12-23,6909.79,25587.83,0.0,39.233,55.622,29.828,32.249,0,0
2025-12-24,6932.05,25656.15,0.0,34.361,44.815,28.505,29.762,0,0
2025-12-26,6929.94,25644.391,-0.0,34.568,45.357,28.003,30.344,0,0
2025-12-29,6905.74,25525.561,-0.004,35.265,44.22,27.95,33.624,0,0
2025-12-30,6896.24,25462.561,-0.005,34.162,39.907,27.368,35.212,0,0
2025-12-31,6845.5,25249.85,-0.012,36.997,44.286,28.267,38.439,0,0
2026-01-02,6858.47,25206.17,-0.011,42.809,61.958,28.214,38.254,0,0
2026-01-05,6902.05,25401.32,-0.004,39.048,53.294,28.77,35.079,0,0
2026-01-06,6944.82,25639.711,0.0,36.966,49.14,29.114,32.646,0,0
2026-01-07,6920.93,25653.9,-0.003,42.928,63.399,29.034,36.349,0,0
2026-01-08,6921.46,25507.1,-0.003,38.21,48.929,28.981,36.72,0,0
2026-01-09,6966.28,25766.26,0.0,37.346,49.22,28.981,33.836,0,0
2026-01-12,6977.27,25787.66,0.0,35.569,44.074,28.981,33.651,0,0
2026-01-13,6963.74,25741.949,-0.002,37.707,56.362,19.854,36.905,0,0
2026-01-14,6926.6,25465.939,-0.007,37.888,53.029,20.608,40.026,0,0
2026-01-15,6944.47,25547.07,-0.005,36.94,50.198,20.489,40.132,0,0
2026-01-16,6940.01,25529.26,-0.005,35.851,55.119,11.508,40.926,0,0
2026-01-20,6796.86,24987.57,-0.026,45.732,62.91,25.291,48.995,0,0
2026-01-21,6875.62,25326.58,-0.015,42.447,55.899,26.204,45.238,0,0
2026-01-22,6913.35,25518.35,-0.009,39.44,49.034,26.085,43.201,0,0
2026-01-23,6915.61,25605.471,-0.009,38.554,48.796,25.86,41.005,0,0
2026-01-26,6950.23,25713.211,-0.004,38.51,46.508,26.534,42.487,0,0
2026-01-27,6978.6,25939.74,0.0,42.694,60.463,27.725,39.894,0,0
2026-01-28,6978.03,26022.789,-0.0,43.849,61.23,28.28,42.037,0,0
2026-01-29,6969.01,25884.301,-0.001,44.815,62.579,28.638,43.228,0,0
2026-01-30,6939.03,25552.391,-0.006,45.265,61.138,27.937,46.72,0,0
2026-02-02,6976.44,25738.609,-0.0,45.428,63.519,28.373,44.392,0,0
2026-02-03,6917.81,25338.619,-0.009,48.827,67.579,29.114,49.788,0,0
2026-02-04,6882.72,24891.24,-0.014,45.992,56.905,28.981,52.09,0,0
2026-02-05,6798.4,24548.689,-0.026,53.452,65.767,38.029,56.561,0,0
2026-02-06,6932.3,25075.77,-0.007,50.789,58.307,43.505,50.556,0,0
2026-02-09,6964.82,25268.141,-0.002,52.694,61.204,47.646,49.233,0,0
2026-02-10,6941.81,25127.641,-0.005,52.451,57.513,49.524,50.317,0,0
2026-02-11,6941.47,25201.26,-0.005,54.308,62.963,49.511,50.45,0,0
2026-02-12,6832.76,24687.609,-0.021,60.035,67.632,57.13,55.344,0,0
2026-02-13,6836.17,24732.73,-0.02,57.421,57.751,56.918,57.593,0,0
2026-02-17,6843.22,24701.6,-0.019,59.18,63.294,57.077,57.169,0,0
2026-02-18,6881.31,24898.869,-0.014,51.689,50.648,47.593,56.825,0,0
2026-02-19,6861.89,24797.34,-0.017,54.934,60.185,46.071,58.545,0,0
2026-02-20,6909.51,25012.619,-0.01,53.801,55.265,48.757,57.381,0,0
2026-02-23,6837.75,24708.939,-0.02,60.661,66.481,55.265,60.238,0,0
2026-02-24,6890.07,24977.039,-0.013,58.28,60.701,56.759,57.381,0,0
2026-02-25,6946.13,25329.039,-0.005,55.503,53.161,57.209,56.138,0,0
2026-02-26,6908.86,25034.369,-0.01,52.535,40.979,57.685,58.942,0,0
2026-02-27,6878.88,24960.039,-0.014,57.297,53.995,57.897,60.0,0,0
2026-03-02,6881.62,24992.6,-0.014,51.649,36.892,57.712,60.344,0,0
2026-03-03,6816.63,24720.08,-0.023,57.019,46.217,61.481,63.36,0,0
2026-03-04,6869.5,25093.68,-0.016,56.512,45.913,61.587,62.037,0,0
2026-03-05,6830.71,25020.41,-0.021,56.931,44.259,61.667,64.868,0,0
2026-03-06,6740.02,24643.02,-0.034,65.75,67.698,62.037,67.513,1,0
2026-03-09,6795.99,24967.25,-0.026,63.21,65.476,57.646,66.508,0,0
2026-03-10,6781.48,24956.471,-0.028,65.445,72.275,56.997,67.063,0,0
2026-03-11,6775.8,24965.01,-0.029,67.628,78.598,56.931,67.354,0,0
2026-03-12,6672.62,24533.58,-0.044,72.8,83.36,64.934,70.106,1,0
2026-03-13,6632.19,24380.73,-0.05,69.78,79.352,57.976,72.011,1,0
2026-03-16,6699.38,24655.34,-0.04,68.307,73.677,60.767,70.476,1,0
2026-03-17,6716.09,24780.42,-0.038,65.714,66.627,60.86,69.656,1,0
2026-03-18,6624.7,24425.09,-0.051,73.541,82.606,65.635,72.381,1,0
2026-03-19,6606.49,24355.279,-0.053,74.065,84.074,65.635,72.487,1,0
2026-03-20,6506.48,23898.15,-0.068,77.377,86.878,69.458,75.794,1,1
2026-03-23,6581.0,24188.59,-0.057,73.532,77.963,68.214,74.418,1,1
2026-03-24,6556.37,24002.449,-0.061,75.463,83.836,67.077,75.476,1,1
2026-03-25,6591.9,24162.98,-0.055,75.542,82.857,68.717,75.053,1,1
2026-03-26,6477.16,23586.99,-0.072,78.88,82.196,75.873,78.571,1,1
2026-03-27,6368.85,23132.77,-0.087,83.527,88.915,81.111,80.556,1,1
2026-03-30,6343.72,22953.381,-0.091,82.138,84.193,80.979,81.243,1,1
2026-03-31,6528.52,23740.189,-0.064,76.517,65.847,86.058,77.646,1,1
2026-04-01,6575.32,24019.99,-0.058,80.494,77.778,86.534,77.169,1,1
2026-04-02,6582.69,24045.529,-0.057,79.541,74.974,86.481,77.169,1,1
2026-04-06,6611.83,24192.17,-0.053,75.428,67.989,84.008,74.286,1,1
2026-04-07,6616.85,24202.369,-0.052,79.594,79.114,83.505,76.164,1,1
2026-04-08,6782.81,24903.17,-0.028,75.798,70.106,85.146,72.143,0,0
2026-04-09,6824.66,25082.09,-0.022,76.287,73.651,83.386,71.825,0,0
2026-04-10,6816.89,25116.34,-0.023,77.072,79.868,79.603,71.746,0,0
2026-04-13,6886.24,25383.721,-0.013,70.326,61.151,79.511,70.317,0,0
2026-04-14,6967.38,25842.0,-0.002,64.735,47.751,77.725,68.73,0,0
2026-04-15,7022.95,26204.58,0.0,65.357,52.222,77.103,66.746,0,0
2026-04-16,7041.28,26333.0,0.0,63.179,52.209,71.984,65.344,0,0
2026-04-17,7126.06,26672.43,0.0,58.329,42.13,70.661,62.196,0,0
2026-04-20,7109.14,26590.34,-0.002,58.232,45.688,64.669,64.339,0,0
2026-04-21,7064.01,26479.471,-0.009,64.237,60.132,64.854,67.725,0,0
2026-04-22,7137.9,26937.279,0.0,62.531,57.553,64.722,65.317,0,0
2026-04-23,7108.4,26782.631,-0.004,65.882,65.886,64.96,66.799,0,0
2026-04-24,7165.08,27303.67,0.0,62.782,69.63,55.992,62.725,0,0
2026-04-27,7173.91,27305.68,0.0,59.894,71.852,45.317,62.513,0,0
2026-04-28,7138.8,27029.01,-0.005,61.79,74.59,45.86,64.921,0,0
2026-04-29,7135.95,27186.98,-0.005,59.934,78.161,38.545,63.095,0,0
2026-04-30,7209.01,27452.119,0.0,55.957,70.45,37.791,59.63,0,0
2026-05-01,7230.12,27710.359,0.0,56.16,74.167,37.434,56.878,0,0
2026-05-04,7200.75,27651.82,-0.004,58.761,78.968,38.611,58.704,0,0
2026-05-05,7259.22,28015.061,0.0,57.011,74.735,38.571,57.725,0,0
2026-05-06,7365.12,28599.17,0.0,53.086,74.325,32.87,52.063,0,0
2026-05-07,7337.11,28563.949,-0.004,52.354,68.995,33.783,54.286,0,0
2026-05-08,7398.93,29234.99,0.0,53.245,78.717,33.638,47.381,0,0
2026-05-11,7412.84,29320.66,0.0,53.391,80.966,33.042,46.164,0,0
2026-05-12,7400.96,29064.801,-0.002,52.072,78.876,32.183,45.159,0,0
2026-05-13,7444.25,29366.939,0.0,51.354,81.283,31.852,40.926,0,0
2026-05-14,7501.24,29580.301,0.0,49.242,78.294,32.183,37.249,0,0
2026-05-15,7408.5,29125.199,-0.012,55.154,82.87,41.455,41.138,0,0
2026-05-18,7403.05,28994.369,-0.013,51.975,71.68,41.257,42.989,0,0
2026-05-19,7353.61,28818.84,-0.02,56.658,79.643,41.389,48.942,0,0
2026-05-20,7432.97,29297.699,-0.009,45.86,51.005,41.468,45.106,0,0
2026-05-21,7445.72,29357.27,-0.007,48.025,58.452,40.066,45.556,0,0
2026-05-22,7473.47,29481.641,-0.004,43.792,47.421,39.458,44.497,0,0
2026-05-26,7519.12,30001.32,0.0,46.12,58.611,39.775,39.974,0,0
2026-05-27,7520.36,29973.57,0.0,48.523,68.148,37.103,40.317,0,0
2026-05-28,7563.63,30223.891,0.0,46.922,68.069,34.55,38.148,0,0
2026-05-29,7580.06,30333.18,0.0,46.261,70.04,31.601,37.143,0,0
2026-06-01,7599.96,30513.859,0.0,47.046,73.294,31.627,36.217,0,0
2026-06-02,7609.78,30660.6,0.0,47.015,75.503,30.675,34.868,0,0
2026-06-03,7553.68,30571.24,-0.007,48.73,75.992,32.103,38.095,0,0
2026-06-04,7584.31,30407.811,-0.003,44.563,67.381,28.955,37.354,0,0
2026-06-05,7383.74,28957.6,-0.03,55.0,65.78,48.135,51.085,0,0
2026-06-08,7405.73,29414.26,-0.027,55.123,70.106,47.381,47.884,0,0
2026-06-09,7386.65,29084.5,-0.029,50.948,56.905,47.421,48.519,0,0
2026-06-10,7266.99,28508.029,-0.045,60.397,71.772,55.159,54.259,1,0
2026-06-11,7394.3,29446.18,-0.028,56.543,66.931,57.804,44.894,0,0
2026-06-12,7431.46,29635.949,-0.023,54.374,61.323,57.566,44.233,0,0
2026-06-15,7554.29,30543.92,-0.007,48.496,54.709,53.585,37.196,0,0
2026-06-16,7511.35,29968.131,-0.013,50.516,56.72,53.849,40.979,0,0
2026-06-17,7420.1,29670.949,-0.025,60.106,74.444,59.206,46.667,0,0
2026-06-18,7500.58,30406.189,-0.014,58.342,73.492,59.206,42.328,0,0
2026-06-22,7472.79,30347.08,-0.018,59.912,76.958,59.286,43.492,0,0
2026-06-23,7365.46,29347.27,-0.032,60.798,69.431,64.206,48.757,1,0
2026-06-24,7358.22,29220.061,-0.033,59.25,65.053,63.995,48.704,1,0
2026-06-25,7357.49,29440.32,-0.033,61.027,71.759,63.915,47.407,1,0
2026-06-26,7354.02,29118.24,-0.034,55.476,54.841,63.598,47.989,1,0
2026-06-29,7440.43,29774.75,-0.022,59.215,68.704,65.079,43.862,0,0
2026-06-30,7499.36,30276.35,-0.015,58.977,70.238,65.291,41.402,0,0
2026-07-01,7483.23,29809.131,-0.017,53.466,53.333,65.265,41.799,0,0
2026-07-02,7483.24,29329.211,-0.017,49.198,40.767,65.106,41.72,0,0
2026-07-06,7537.43,29697.869,-0.01,52.756,52.765,65.979,39.524,0,0
2026-07-07,7503.85,29173.02,-0.014,46.936,41.455,57.685,41.667,0,0
2026-07-08,7482.71,29252.561,-0.017,49.378,47.725,57.685,42.725,0,0
2026-07-09,7543.64,29727.1,-0.009,47.174,45.529,58.082,37.91,0,0
2026-07-10,7575.39,29825.109,-0.005,41.481,41.64,46.587,36.217,0,0
2026-07-13,7515.34,29264.1,-0.012,44.065,47.857,44.497,39.841,0,0
2026-07-14,7543.59,29586.289,-0.009,45.128,57.315,44.365,33.704,0,0
2026-07-15,7572.4,29502.6,-0.005,43.135,54.722,40.265,34.418,0,0
2026-07-16,7533.77,29025.77,-0.01,39.202,39.458,40.212,37.937,0,0
2026-07-17,7457.69,28592.66,-0.02,44.766,51.68,39.63,42.989,0,0
2026-07-20,7443.28,28604.23,-0.022,48.391,62.791,37.275,45.106,0,0
2026-07-21,7509.2,29155.18,-0.013,47.782,62.659,38.624,42.063,0,0
2026-07-22,7498.96,28998.1,-0.015,43.743,60.833,27.275,43.122,0,0
2026-07-23,7408.3,28454.811,-0.026,51.054,67.884,37.394,47.884,0,0
2026-07-24,7411.98,28128.34,-0.026,48.408,60.317,37.368,47.54,0,0
2026-07-27,7413.18,28039.211,-0.026,43.391,44.312,37.315,48.545,0,0
2026-07-28,7428.78,27763.131,-0.024,38.638,34.286,34.669,46.958,0,0
2026-07-29,7316.15,27192.311,-0.039,47.116,47.698,42.593,51.058,1,0
2026-07-30,7437.63,28106.35,-0.023,48.205,52.579,48.333,43.704,0,0
2026-07-31,7489.72,28274.199,-0.016,47.174,47.897,48.81,44.815,0,0
2026-08-03,7600.5,28776.801,-0.001,41.468,34.802,50.767,38.836,0,0
2026-08-04,7736.52,29733.16,0.0,42.037,43.254,53.836,29.021,0,0
2026-08-05,7723.55,29487.789,-0.002,44.352,49.246,53.651,30.159,0,0
2026-08-06,7709.96,29373.33,-0.003,42.989,46.878,53.254,28.836,0,0
2026-08-07,7757.64,29722.301,0.0,36.922,32.937,51.984,25.847,0,0
2026-08-10,7753.11,29621.801,-0.001,39.934,41.997,50.82,26.984,0,0
2026-08-11,7728.2,29525.48,-0.004,38.408,34.008,51.138,30.079,0,0
2026-08-12,7748.5,29742.6,-0.001,39.771,42.209,48.77,28.333,0,0
2026-08-13,7798.99,30084.5,0.0,35.146,30.847,48.452,26.138,0,0
2026-08-14,7785.76,30046.141,-0.002,32.628,31.058,40.979,25.847,0,0
2026-08-17,7745.06,29995.381,-0.007,37.09,39.233,41.402,30.635,0,0
2026-08-18,7691.76,29490.961,-0.014,41.746,48.307,41.667,35.265,0,0
2026-08-19,7707.98,29426.02,-0.012,34.237,27.712,41.64,33.36,0,0
2026-08-20,7641.16,29213.16,-0.02,38.28,44.312,33.889,36.64,0,0
2026-08-21,7674.37,29308.859,-0.016,38.276,46.296,33.955,34.577,0,0
2026-08-24,7652.86,29023.18,-0.019,37.416,43.69,34.22,34.339,0,0
2026-08-25,7677.28,29209.23,-0.016,36.248,40.159,34.246,34.339,0,0
2026-08-26,7675.7,29224.52,-0.016,33.205,42.209,23.519,33.889,0,0
2026-08-27,7730.99,29641.561,-0.009,34.312,53.466,20.714,28.757,0,0
2026-08-28,7711.76,29433.43,-0.011,29.25,36.111,20.45,31.19,0,0
2026-08-31,7686.14,29456.971,-0.014,35.992,58.479,16.852,32.646,0,0
2026-09-01,7631.47,29077.221,-0.021,37.959,63.981,13.704,36.19,0,0
2026-09-02,7666.6,29143.33,-0.017,34.903,59.444,13.836,31.429,0,0
2026-09-03,7747.71,29482.32,-0.007,27.152,40.423,14.894,26.138,0,0
2026-09-04,7718.6,29544.15,-0.01,32.778,54.974,14.656,28.704,0,0
2026-09-08,7673.52,29507.699,-0.016,38.267,67.553,15.026,32.222,0,0
2026-09-09,7636.36,29421.551,-0.021,41.151,75.833,15.344,32.275,0,0
2026-09-10,7591.7,29103.51,-0.027,43.038,78.373,15.556,35.185,0,0
2026-09-11,7656.98,29368.439,-0.018,39.735,72.434,15.926,30.847,0,0
2026-09-14,7619.98,29127.16,-0.023,40.304,70.304,16.667,33.942,0,0
2026-09-15,7585.73,28937.84,-0.027,43.28,77.963,16.614,35.265,0,0
2026-09-16,7551.81,28945.061,-0.032,44.815,80.423,16.243,37.778,1,0
2026-09-17,7637.76,29446.98,-0.021,43.355,78.479,18.73,32.857,0,0
2026-09-18,7650.5,29644.17,-0.019,43.602,81.627,17.196,31.984,0,0
