,temp_red,red,red_ad,temp_blue,blue,blue_soft,tdc,yellow,vix,repricing
2017-10-18,,False,False,71.8,False,False,,False,10.07,False
2017-10-19,,False,False,70.0,False,False,,False,10.05,False
2017-10-20,,False,False,81.8,False,False,,False,9.97,False
2017-10-23,,False,False,61.9,False,False,,False,11.07,False
2017-10-24,,False,False,64.9,False,False,,False,11.16,False
2017-10-25,,False,False,51.0,False,False,,False,11.23,False
2017-10-26,,False,False,49.9,False,False,,False,11.3,False
2017-10-27,,False,False,77.8,False,False,,False,9.8,False
2017-10-30,,False,False,65.3,False,False,,False,10.5,False
2017-10-31,,False,False,66.8,False,False,,False,10.18,False
2017-11-01,,False,False,57.9,False,False,,False,10.2,False
2017-11-02,,False,False,68.8,False,False,,False,9.93,False
2017-11-03,,False,False,79.3,False,False,,False,9.14,False
2017-11-06,,False,False,78.3,False,False,,False,9.4,False
2017-11-07,,False,False,64.2,False,False,,False,9.89,False
2017-11-08,,False,False,55.8,False,False,,False,9.78,False
2017-11-09,,False,False,58.4,False,False,,False,10.5,False
2017-11-10,,False,False,64.4,False,False,,False,11.29,False
2017-11-13,,False,False,52.3,False,False,,False,11.5,False
2017-11-14,,False,False,41.2,False,False,,False,11.59,False
2017-11-15,,False,False,40.1,False,False,,False,13.13,False
2017-11-16,,False,False,45.7,False,False,,False,11.76,False
2017-11-17,,False,False,61.1,False,False,,False,11.43,False
2017-11-20,,False,False,70.5,False,False,,False,10.65,False
2017-11-21,,False,False,74.0,False,False,,False,9.73,False
2017-11-22,,False,False,80.5,False,False,,False,9.88,False
2017-11-24,,False,False,86.1,False,False,,False,9.67,False
2017-11-27,,False,False,81.0,False,False,,False,9.87,False
2017-11-28,,False,False,78.4,False,False,,False,10.03,False
2017-11-29,,False,False,88.3,False,False,,False,10.7,False
2017-11-30,,False,False,78.2,False,False,,False,11.28,False
2017-12-01,,False,False,79.5,False,False,,False,11.43,False
2017-12-04,,False,False,80.9,False,False,,False,11.68,False
2017-12-05,,False,False,70.2,False,False,,False,11.33,False
2017-12-06,,False,False,57.7,False,False,,False,11.02,False
2017-12-07,,False,False,72.1,False,False,,False,10.16,False
2017-12-08,,False,False,79.4,False,False,,False,9.58,False
2017-12-11,,False,False,81.5,False,False,,False,9.34,False
2017-12-12,,False,False,73.5,False,False,,False,9.92,False
2017-12-13,,False,False,77.7,False,False,,False,10.18,False
2017-12-14,,False,False,60.9,False,False,,False,10.49,False
2017-12-15,,False,False,77.0,False,False,,False,9.42,False
2017-12-18,,False,False,87.2,False,False,,False,9.53,False
2017-12-19,,False,False,83.2,False,False,,False,10.03,False
2017-12-20,,False,False,73.5,False,False,,False,9.72,False
2017-12-21,,False,False,67.3,False,False,,False,9.62,False
2017-12-22,,False,False,68.5,False,False,,False,9.9,False
2017-12-26,,False,False,79.9,False,False,,False,10.25,False
2017-12-27,,False,False,74.3,False,False,,False,10.47,False
2017-12-28,,False,False,68.2,False,False,,False,10.18,False
2017-12-29,,False,False,65.6,False,False,,False,11.04,False
2018-01-02,,False,False,64.7,False,False,,False,9.77,False
2018-01-03,,False,False,89.6,False,False,,False,9.15,False
2018-01-04,,False,False,87.4,False,False,,False,9.22,False
2018-01-05,,False,False,80.0,False,False,,False,9.22,False
2018-01-08,,False,False,86.0,False,False,,False,9.52,False
2018-01-09,,False,False,82.7,False,False,,False,10.08,False
2018-01-10,,False,False,86.8,False,False,,False,9.82,False
2018-01-11,,False,False,74.2,False,False,,False,9.88,False
2018-01-12,,False,False,76.0,False,False,,False,10.16,False
2018-01-16,,False,False,75.4,False,False,,False,11.66,False
2018-01-17,,False,False,90.8,False,False,,False,11.91,False
2018-01-18,,False,False,86.0,False,False,,False,12.22,False
2018-01-19,71.2,False,False,88.4,False,False,,False,11.27,False
2018-01-22,64.1,False,False,79.5,False,False,,False,11.03,False
2018-01-23,63.6,False,False,78.3,False,False,,False,11.1,False
2018-01-24,72.8,False,False,85.9,False,False,,False,11.47,False
2018-01-25,76.0,False,False,86.1,False,False,,False,11.58,False
2018-01-26,87.0,False,False,93.0,False,False,,False,11.08,False
2018-01-29,88.3,False,False,88.3,False,False,,False,13.84,False
2018-01-30,80.0,False,False,71.4,False,False,,False,14.79,False
2018-01-31,68.2,False,False,55.9,False,False,,False,13.54,False
2018-02-01,72.2,False,False,58.3,False,False,,False,13.47,False
2018-02-02,80.9,False,False,62.2,False,False,,False,17.31,False
2018-02-05,63.0,False,False,47.9,False,False,,False,37.32,False
2018-02-06,60.4,False,False,54.5,False,False,,False,29.98,False
2018-02-07,59.0,False,False,53.1,False,False,,False,27.73,False
2018-02-08,45.0,False,False,41.1,False,False,,False,33.46,False
2018-02-09,54.7,False,False,49.8,False,False,,False,29.06,False
2018-02-12,57.6,False,False,48.5,False,False,,False,25.61,False
2018-02-13,55.9,False,False,46.5,False,False,,False,24.97,False
2018-02-14,65.9,False,False,56.6,False,False,,False,19.26,False
2018-02-15,77.0,False,False,70.8,False,False,,False,19.13,False
2018-02-16,73.8,False,False,63.9,False,False,,False,19.46,False
2018-02-20,83.0,False,False,68.9,False,False,,False,20.6,False
2018-02-21,78.5,False,False,59.7,False,False,,False,20.02,False
2018-02-22,71.2,False,False,46.3,False,False,,False,18.72,False
2018-02-23,82.1,False,False,75.3,False,False,,False,16.49,False
2018-02-26,84.6,False,False,88.5,False,False,,False,15.8,False
2018-02-27,77.2,False,False,74.2,False,False,,False,18.59,False
2018-02-28,74.4,False,False,65.3,False,False,,False,19.85,False
2018-03-01,77.0,False,False,51.4,False,False,,False,22.47,False
2018-03-02,81.0,False,False,63.4,False,False,,False,19.59,False
2018-03-05,72.2,False,False,65.9,False,False,,False,18.73,False
2018-03-06,78.9,False,False,77.2,False,False,,False,18.36,False
2018-03-07,77.7,False,False,75.0,False,False,,False,17.76,False
2018-03-08,68.3,False,False,70.2,False,False,,False,16.54,False
2018-03-09,85.7,False,False,93.1,False,False,,False,14.64,False
2018-03-12,90.4,False,False,95.6,False,False,,False,15.78,False
2018-03-13,89.7,True,False,90.6,False,False,,False,16.35,False
2018-03-14,82.4,True,False,76.2,False,False,,False,17.23,False
2018-03-15,72.2,False,False,68.6,False,False,,False,16.59,False
2018-03-16,60.2,False,False,66.9,False,False,,False,15.8,False
2018-03-19,78.1,False,False,72.5,False,False,,False,19.02,False
2018-03-20,77.6,False,False,71.3,False,False,,False,18.2,False
2018-03-21,76.3,False,False,72.2,False,False,,False,17.86,False
2018-03-22,66.3,False,False,46.4,False,False,,False,23.34,False
2018-03-23,71.3,False,False,48.7,False,False,,False,24.87,False
2018-03-26,73.6,False,False,59.0,False,False,,False,21.03,False
2018-03-27,71.7,False,False,57.6,False,False,,False,22.5,False
2018-03-28,69.3,False,False,47.8,False,False,,False,22.87,False
2018-03-29,70.4,False,False,55.8,False,False,,False,19.97,False
2018-04-02,66.1,False,False,43.8,False,False,,False,23.62,False
2018-04-03,65.1,False,False,48.5,False,False,,False,21.1,False
2018-04-04,65.0,False,False,58.9,False,False,,False,20.06,False
2018-04-05,72.9,False,False,68.8,False,False,,False,18.94,False
2018-04-06,65.1,False,False,46.7,False,False,,False,21.49,False
2018-04-09,61.0,False,False,43.8,False,False,,False,21.77,False
2018-04-10,65.1,False,False,49.3,False,False,,False,20.47,False
2018-04-11,60.7,False,False,44.5,False,False,,False,20.24,False
2018-04-12,64.4,False,False,58.9,False,False,,False,18.49,False
2018-04-13,77.3,False,False,62.6,False,False,,False,17.41,False
2018-04-16,59.4,False,False,51.3,False,False,,False,16.56,False
2018-04-17,70.0,False,False,74.7,False,False,,False,15.25,False
2018-04-18,66.9,False,False,77.2,False,False,,False,15.6,False
2018-04-19,72.4,False,False,75.9,False,False,,False,15.96,False
2018-04-20,73.9,False,False,67.3,False,False,,False,16.88,False
2018-04-23,65.7,False,False,60.8,False,False,,False,16.34,False
2018-04-24,59.6,False,False,41.0,False,False,,False,18.02,False
2018-04-25,57.3,False,False,39.3,False,False,,False,17.84,False
2018-04-26,69.3,False,False,61.4,False,False,,False,16.24,False
2018-04-27,80.9,False,False,70.7,False,False,,False,15.41,False
2018-04-30,62.6,False,False,52.7,False,False,,False,15.93,False
2018-05-01,62.5,False,False,46.8,False,False,,False,15.49,False
2018-05-02,62.6,False,False,44.1,False,False,,False,15.97,False
2018-05-03,62.7,False,False,42.7,False,False,,False,15.9,False
2018-05-04,74.3,False,False,57.2,False,False,,False,14.77,False
2018-05-07,71.3,False,False,66.2,False,False,,False,14.75,False
2018-05-08,58.7,False,False,50.9,False,False,,False,14.71,False
2018-05-09,57.6,False,False,52.2,False,False,,False,13.42,False
2018-05-10,75.8,False,False,66.6,False,False,,False,13.23,False
2018-05-11,77.9,False,False,75.1,False,False,,False,12.65,False
2018-05-14,70.8,False,False,73.9,False,False,,False,12.93,False
2018-05-15,78.2,False,False,73.4,False,False,,False,14.63,False
2018-05-16,67.6,False,False,72.7,False,False,,False,13.42,False
2018-05-17,61.8,False,False,62.0,False,False,,False,13.43,False
2018-05-18,68.8,False,False,65.4,False,False,,False,13.42,False
2018-05-21,72.7,False,False,80.9,False,False,,False,13.08,False
2018-05-22,71.6,False,False,74.7,False,False,,False,13.22,False
2018-05-23,66.1,False,False,60.2,False,False,,False,12.58,False
2018-05-24,74.1,False,False,69.0,False,False,,False,12.53,False
2018-05-25,66.5,False,False,65.5,False,False,,False,13.22,False
2018-05-29,69.8,False,False,59.9,False,False,,False,17.02,False
2018-05-30,61.6,False,False,68.8,False,False,,False,14.94,False
2018-05-31,50.3,False,False,47.2,False,False,,False,15.43,False
2018-06-01,68.2,False,False,70.4,False,False,,False,13.46,False
2018-06-04,70.6,False,False,72.2,False,False,,False,12.74,False
2018-06-05,73.1,False,False,70.7,False,False,,False,12.4,False
2018-06-06,77.8,False,False,79.2,False,False,,False,11.64,False
2018-06-07,77.1,False,False,72.2,False,False,,False,12.13,False
2018-06-08,72.8,False,False,86.9,False,False,,False,12.18,False
2018-06-11,56.2,False,False,78.9,False,False,,False,12.35,False
2018-06-12,56.1,False,False,75.7,False,False,,False,12.34,False
2018-06-13,61.8,False,False,69.6,False,False,,False,12.94,False
2018-06-14,58.6,False,False,69.6,False,False,,False,12.12,False
2018-06-15,55.8,False,False,66.5,False,False,,False,11.98,False
2018-06-18,57.3,False,False,65.4,False,False,,False,12.31,False
2018-06-19,62.3,False,False,61.2,False,False,,False,13.35,False
2018-06-20,72.0,False,False,66.6,False,False,,False,12.79,False
2018-06-21,70.5,False,False,57.7,False,False,,False,14.64,False
2018-06-22,61.2,False,False,49.2,False,False,,False,13.77,False
2018-06-25,73.3,False,False,51.3,False,False,,False,17.33,False
2018-06-26,61.7,False,False,39.6,False,False,,False,15.92,False
2018-06-27,57.4,False,False,27.9,False,False,,False,17.91,False
2018-06-28,56.7,False,False,33.9,False,False,,False,16.85,False
2018-06-29,51.7,False,False,36.0,False,False,,False,16.09,False
2018-07-02,69.0,False,False,51.0,False,False,,False,15.6,False
2018-07-03,69.1,False,False,50.4,False,False,,False,16.14,False
2018-07-05,60.8,False,False,34.8,False,False,,False,14.97,False
2018-07-06,55.3,False,False,31.3,False,False,,False,13.37,False
2018-07-09,58.3,False,False,60.8,False,False,,False,12.69,False
2018-07-10,58.0,False,False,56.8,False,False,,False,12.64,False
2018-07-11,56.3,False,False,39.4,False,False,,False,13.63,False
2018-07-12,82.3,False,False,77.0,False,False,,False,12.58,False
2018-07-13,79.9,False,False,74.9,False,False,,False,12.18,False
2018-07-16,69.1,False,False,61.2,False,False,,False,12.83,False
2018-07-17,86.5,False,False,82.9,False,False,,False,12.06,False
2018-07-18,68.4,False,False,66.5,False,False,,False,12.1,False
2018-07-19,63.6,False,False,64.5,False,False,,False,12.87,False
2018-07-20,67.8,False,False,62.2,False,False,,False,12.86,False
2018-07-23,67.2,False,False,62.1,False,False,,False,12.62,False
2018-07-24,65.0,False,False,52.9,False,False,,False,12.41,False
2018-07-25,72.4,False,False,68.0,False,False,,False,12.29,False
2018-07-26,85.5,False,False,91.2,False,False,,False,12.14,False
2018-07-27,86.1,False,False,69.0,False,False,,False,13.03,False
2018-07-30,79.4,False,False,53.6,False,False,,False,14.26,False
2018-07-31,60.0,False,False,38.9,False,False,,False,12.83,False
2018-08-01,74.3,False,False,48.2,False,False,,False,13.15,False
2018-08-02,75.1,False,False,62.0,False,False,,False,12.19,False
2018-08-03,64.4,False,False,63.8,False,False,,False,11.64,False
2018-08-06,66.6,False,False,65.6,False,False,,False,11.27,False
2018-08-07,80.8,False,False,79.9,False,False,,False,10.93,False
2018-08-08,85.0,False,False,76.1,False,False,,False,10.85,False
2018-08-09,87.7,False,False,76.5,False,False,,False,11.27,False
2018-08-10,78.5,False,False,53.5,False,False,,False,13.16,False
2018-08-13,79.5,False,False,57.6,False,False,,False,14.78,False
2018-08-14,78.4,False,False,65.0,False,False,,False,13.31,False
2018-08-15,76.0,False,False,49.3,False,False,,False,14.64,False
2018-08-16,71.6,False,False,62.6,False,False,,False,13.45,False
2018-08-17,80.1,False,False,69.0,False,False,,False,12.64,False
2018-08-20,79.8,False,False,75.2,False,False,,False,12.49,False
2018-08-21,68.8,False,False,68.2,False,False,,False,12.86,False
2018-08-22,78.5,False,False,76.0,False,False,,False,12.25,False
2018-08-23,81.1,False,False,64.2,False,False,,False,12.41,False
2018-08-24,81.1,False,False,73.6,False,False,,False,11.99,False
2018-08-27,86.3,False,False,90.0,False,False,,False,12.16,False
2018-08-28,83.4,False,False,87.7,False,False,,False,12.5,False
2018-08-29,83.8,True,False,84.3,False,False,,False,12.25,False
2018-08-30,84.3,True,False,81.1,False,False,,False,13.53,False
2018-08-31,78.9,False,False,67.4,False,False,,False,12.86,False
2018-09-04,78.7,False,False,71.8,False,False,,False,13.16,False
2018-09-05,74.6,False,False,65.1,False,False,,False,13.91,False
2018-09-06,74.0,False,False,61.1,False,False,,False,14.65,False
2018-09-07,68.9,False,False,54.1,False,False,,False,14.88,False
2018-09-10,69.5,False,False,65.8,False,False,,False,14.16,False
2018-09-11,72.0,False,False,71.0,False,False,,False,13.22,False
2018-09-12,72.2,False,False,65.4,False,False,,False,13.14,False
2018-09-13,73.6,False,False,72.7,False,False,,False,12.37,False
2018-09-14,77.9,False,False,81.3,False,False,,False,12.07,False
2018-09-17,76.1,False,False,58.0,False,False,,False,13.68,False
2018-09-18,70.9,False,False,58.6,False,False,,False,12.79,False
2018-09-19,61.5,False,False,52.3,False,False,,False,11.75,False
2018-09-20,61.2,False,False,58.7,False,False,,False,11.8,False
2018-09-21,59.1,False,False,64.2,False,False,55.0,False,11.68,False
2018-09-24,55.7,False,False,55.0,False,False,65.4,False,12.2,False
2018-09-25,57.3,False,False,63.4,False,False,73.6,False,12.42,False
2018-09-26,48.2,False,False,37.9,False,False,77.2,False,12.89,False
2018-09-27,61.7,False,False,50.7,False,False,74.4,False,12.41,False
2018-09-28,65.4,False,False,47.9,False,False,77.6,False,12.12,False
2018-10-01,66.4,False,False,60.4,False,False,74.3,False,12.0,False
2018-10-02,65.7,False,False,47.6,False,False,72.0,False,12.05,False
2018-10-03,65.6,False,False,53.4,False,False,75.2,False,11.61,False
2018-10-04,69.3,False,False,57.2,False,False,77.9,False,14.22,False
2018-10-05,71.8,False,False,46.4,False,False,81.1,False,14.82,False
2018-10-08,63.0,False,False,43.4,False,False,79.7,False,15.69,False
2018-10-09,53.0,False,False,42.9,False,False,82.0,False,15.95,False
2018-10-10,54.5,False,False,32.3,False,False,87.1,True,22.96,False
2018-10-11,46.7,False,False,23.1,False,False,87.1,False,24.98,False
2018-10-12,48.6,False,False,25.2,False,False,86.8,False,21.31,False
2018-10-15,46.1,False,False,22.5,False,False,86.7,False,21.3,False
2018-10-16,49.6,False,False,25.3,False,False,78.0,False,17.62,False
2018-10-17,46.9,False,False,20.3,False,False,82.4,False,17.4,False
2018-10-18,37.7,False,False,16.2,False,False,82.0,False,20.06,False
2018-10-19,35.6,False,False,17.2,False,False,84.3,False,19.89,False
2018-10-22,35.2,False,False,16.2,False,False,84.4,False,19.64,False
2018-10-23,45.8,False,False,21.7,False,False,84.5,False,20.71,False
2018-10-24,40.9,False,False,14.1,False,False,85.4,False,25.23,False
2018-10-25,50.6,False,False,25.0,False,False,84.1,False,24.22,False
2018-10-26,55.1,False,False,22.6,False,False,86.2,False,24.16,False
2018-10-29,52.3,False,False,21.9,False,False,86.2,False,24.7,False
2018-10-30,41.7,False,False,14.2,False,False,84.8,False,23.35,False
2018-10-31,36.2,False,False,11.8,False,False,86.2,False,21.23,False
2018-11-01,54.3,False,False,33.7,False,False,84.0,False,19.34,False
2018-11-02,57.5,False,False,35.0,False,False,87.2,False,19.51,False
2018-11-05,55.2,False,False,39.4,False,False,86.3,False,19.96,False
2018-11-06,44.2,False,False,39.3,False,False,79.7,False,19.91,False
2018-11-07,52.2,False,False,51.4,False,False,84.5,False,16.36,False
2018-11-08,50.8,False,False,50.2,False,False,85.5,False,16.72,False
2018-11-09,44.5,False,False,37.3,False,False,86.2,False,17.36,False
2018-11-12,52.8,False,False,31.2,False,False,90.1,False,20.45,False
2018-11-13,50.9,False,False,31.4,False,False,87.1,False,20.02,False
2018-11-14,43.5,False,False,21.0,False,False,88.9,False,21.25,False
2018-11-15,49.0,False,False,37.6,False,False,85.9,False,19.98,False
2018-11-16,49.4,False,False,38.7,False,False,87.6,False,18.14,False
2018-11-19,50.8,False,False,30.8,False,False,89.9,False,20.1,False
2018-11-20,52.4,False,False,28.5,False,False,91.3,False,22.48,False
2018-11-21,39.7,False,False,19.4,False,False,84.4,False,20.8,False
2018-11-23,45.7,False,False,22.5,False,False,88.9,False,21.52,False
2018-11-26,49.0,False,False,28.7,False,False,76.6,False,18.9,False
2018-11-27,45.9,False,False,26.3,False,False,86.8,False,19.02,False
2018-11-28,53.1,False,False,45.9,False,False,80.6,False,18.49,False
2018-11-29,43.4,False,False,34.7,False,False,82.1,False,18.79,False
2018-11-30,27.5,False,False,29.6,False,False,83.0,False,18.07,False
2018-12-03,43.0,False,False,53.8,False,False,75.3,False,16.44,False
2018-12-04,33.6,False,False,16.2,False,False,90.1,False,20.74,False
2018-12-06,33.9,False,False,15.9,False,False,90.4,False,21.19,False
2018-12-07,42.4,False,False,20.0,False,False,91.9,False,23.23,False
2018-12-10,45.6,False,False,19.6,False,False,92.0,False,22.64,False
2018-12-11,41.8,False,False,19.5,False,False,91.8,False,21.76,False
2018-12-12,38.5,False,False,16.5,False,False,89.9,False,21.46,False
2018-12-13,35.0,False,False,11.3,False,False,90.3,False,20.65,False
2018-12-14,39.6,False,False,7.1,False,False,92.0,False,21.63,False
2018-12-17,38.5,False,False,9.7,False,False,92.7,False,24.52,False
2018-12-18,30.9,False,False,6.2,False,False,92.5,False,25.58,False
2018-12-19,36.1,False,False,9.0,False,False,92.5,False,25.58,False
2018-12-20,30.7,False,False,9.1,False,False,92.4,False,28.38,False
2018-12-21,28.8,False,False,9.1,True,False,92.9,False,30.11,False
2018-12-24,38.5,False,False,15.6,True,False,93.4,False,36.07,False
2018-12-26,45.5,False,False,20.1,True,False,81.5,False,30.41,False
2018-12-27,41.7,False,False,21.0,False,False,81.4,False,29.96,False
2018-12-28,49.6,False,False,22.8,False,False,81.3,False,28.34,False
2018-12-31,41.1,False,False,15.2,False,False,81.2,False,25.42,False
2019-01-02,45.1,False,False,17.9,False,False,81.2,False,23.22,False
2019-01-03,50.4,False,False,18.3,False,False,92.4,False,25.45,False
2019-01-04,49.7,False,False,23.0,False,False,81.3,False,21.38,False
2019-01-07,51.7,False,False,33.9,False,False,81.1,False,21.4,False
2019-01-08,52.6,False,False,40.0,False,False,85.1,False,20.47,False
2019-01-09,50.6,False,False,41.2,False,False,85.0,False,19.98,False
2019-01-10,41.3,False,False,32.1,False,False,80.5,False,19.5,False
2019-01-11,46.3,False,False,37.1,False,False,80.2,False,18.19,False
2019-01-14,40.3,False,False,32.3,False,False,84.8,False,19.07,False
2019-01-15,42.4,False,False,31.6,False,False,84.1,False,18.6,False
2019-01-16,53.9,False,False,46.4,False,False,83.2,False,19.04,False
2019-01-17,43.1,False,False,40.3,False,False,84.6,False,18.06,False
2019-01-18,40.2,False,False,35.9,False,False,76.9,False,17.8,False
2019-01-22,33.7,False,False,34.3,False,False,83.5,False,20.8,False
2019-01-23,38.7,False,False,36.2,False,False,80.6,False,19.52,False
2019-01-24,47.6,False,False,45.3,False,False,79.1,False,18.89,False
2019-01-25,56.3,False,False,52.1,False,False,72.0,False,17.42,False
2019-01-28,50.8,False,False,47.7,False,False,72.4,False,18.87,False
2019-01-29,45.9,False,False,38.8,False,False,72.2,False,19.13,False
2019-01-30,53.5,False,False,48.1,False,False,71.7,False,17.66,False
2019-01-31,41.0,False,False,40.8,False,False,71.3,False,16.57,False
2019-02-01,51.6,False,False,55.6,False,False,67.2,False,16.14,False
2019-02-04,35.6,False,False,41.8,False,False,65.7,False,15.73,False
2019-02-05,38.9,False,False,43.8,False,False,65.2,False,15.57,False
2019-02-06,44.4,False,False,48.0,False,False,69.6,False,15.38,False
2019-02-07,49.6,False,False,42.3,False,False,65.7,False,16.37,False
2019-02-08,47.7,False,False,36.1,False,False,65.8,False,15.72,False
2019-02-11,43.4,False,False,42.1,False,False,65.6,False,15.97,False
2019-02-12,46.1,False,False,39.6,False,False,69.0,False,15.43,False
2019-02-13,43.5,False,False,41.2,False,False,63.9,False,15.65,False
2019-02-14,39.5,False,False,36.6,False,False,64.3,False,16.22,False
2019-02-15,41.1,False,False,47.4,False,False,62.5,False,14.91,False
2019-02-19,37.3,False,False,51.2,False,False,62.1,False,14.88,False
2019-02-20,40.5,False,False,52.0,False,False,58.0,False,14.02,False
2019-02-21,40.4,False,False,38.2,False,False,58.8,False,14.46,False
2019-02-22,44.2,False,False,49.9,False,False,60.1,False,13.51,False
2019-02-25,47.0,False,False,51.3,False,False,58.3,False,14.85,False
2019-02-26,44.1,False,False,37.1,False,False,57.6,False,15.17,False
2019-02-27,52.0,False,False,45.5,False,False,60.9,False,14.7,False
2019-02-28,47.6,False,False,43.0,False,False,55.9,False,14.78,False
2019-03-01,48.5,False,False,49.6,False,False,50.6,False,13.57,False
2019-03-04,51.4,False,False,47.8,False,False,56.0,False,14.63,False
2019-03-05,45.4,False,False,33.8,False,False,57.8,False,14.74,False
2019-03-06,49.8,False,False,31.5,False,False,60.2,False,15.74,False
2019-03-07,46.2,False,False,18.5,False,False,63.1,False,16.59,False
2019-03-08,44.1,False,False,19.8,False,False,61.0,False,16.05,False
2019-03-11,56.9,False,False,28.3,False,False,54.2,False,14.33,False
2019-03-12,59.0,False,False,39.0,False,False,54.3,False,13.77,False
2019-03-13,54.2,False,False,36.4,False,False,52.5,False,13.41,False
2019-03-14,44.1,False,False,34.3,False,False,52.7,False,13.5,False
2019-03-15,39.6,False,False,34.6,False,False,52.0,False,12.88,False
2019-03-18,45.6,False,False,50.1,False,False,62.0,False,13.1,False
2019-03-19,63.5,False,False,54.9,False,False,62.1,False,13.56,False
2019-03-20,55.2,False,False,31.3,False,False,66.3,False,13.91,False
2019-03-21,74.4,False,False,57.1,False,False,65.4,False,13.63,False
2019-03-22,59.7,False,False,34.9,False,False,75.9,False,16.48,False
2019-03-25,61.2,False,False,32.9,False,False,72.0,False,16.33,False
2019-03-26,66.3,False,False,47.0,False,False,74.7,False,14.68,False
2019-03-27,52.4,False,False,30.2,False,False,76.2,False,15.15,False
2019-03-28,48.1,False,False,30.4,False,False,73.9,False,14.43,False
2019-03-29,43.7,False,False,35.8,False,False,68.5,False,13.71,False
2019-04-01,49.4,False,False,48.7,False,False,65.0,False,13.4,False
2019-04-02,46.2,False,False,49.2,False,False,69.8,False,13.36,False
2019-04-03,61.3,False,False,63.7,False,False,64.3,False,13.74,False
2019-04-04,68.0,False,False,67.4,False,False,60.4,False,13.58,False
2019-04-05,56.1,False,False,56.6,False,False,53.6,False,12.82,False
2019-04-08,60.0,False,False,53.5,False,False,55.2,False,13.18,False
2019-04-09,67.4,False,False,58.4,False,False,56.1,False,14.28,False
2019-04-10,58.0,False,False,55.6,False,False,60.3,False,13.3,False
2019-04-11,53.7,False,False,54.0,False,False,63.3,False,13.02,False
2019-04-12,62.8,False,False,54.8,False,False,56.5,False,12.01,False
2019-04-15,55.0,False,False,52.1,False,False,54.0,False,12.32,False
2019-04-16,76.7,False,False,70.7,False,False,58.9,False,12.18,False
2019-04-17,81.8,False,False,69.8,False,False,58.4,False,12.6,False
2019-04-18,66.4,False,False,60.4,False,False,41.6,False,12.09,False
2019-04-22,57.3,False,False,43.4,False,False,41.7,False,12.42,False
2019-04-23,60.7,False,False,51.2,False,False,30.3,False,12.28,False
2019-04-24,57.7,False,False,53.5,False,False,32.3,False,13.14,False
2019-04-25,73.3,False,False,57.4,False,False,37.9,False,13.25,False
2019-04-26,87.0,False,False,72.6,False,False,38.3,False,12.73,False
2019-04-29,66.4,False,False,49.7,False,False,37.9,False,13.11,False
2019-04-30,68.8,False,False,59.0,False,False,33.8,False,13.12,False
2019-05-01,72.9,False,False,52.8,False,False,43.5,False,14.8,False
2019-05-02,67.4,False,False,49.7,False,False,46.2,False,14.42,False
2019-05-03,84.1,False,False,70.1,False,False,48.6,False,12.87,False
2019-05-06,69.1,False,False,55.4,False,False,47.1,False,15.44,False
2019-05-07,63.5,False,False,45.1,False,False,62.5,False,19.32,False
2019-05-08,54.2,False,False,33.0,False,False,57.5,False,19.4,False
2019-05-09,61.8,False,False,38.7,False,False,59.4,False,19.1,False
2019-05-10,72.1,False,False,49.5,False,False,53.6,False,16.04,False
2019-05-13,63.9,False,False,35.1,False,False,73.6,False,20.55,False
2019-05-14,54.0,False,False,27.1,False,False,67.6,False,18.06,False
2019-05-15,54.3,False,False,26.0,False,False,62.4,False,16.44,False
2019-05-16,67.2,False,False,46.4,False,False,53.1,False,15.29,False
2019-05-17,70.5,False,False,42.8,False,False,59.4,False,15.96,False
2019-05-20,70.9,False,False,42.5,False,False,59.5,False,16.31,False
2019-05-21,65.4,False,False,39.8,False,False,58.0,False,14.95,False
2019-05-22,70.9,False,False,42.3,False,False,62.8,False,14.75,False
2019-05-23,66.5,False,False,36.3,False,False,75.5,False,16.92,False
2019-05-24,62.5,False,False,27.6,False,False,73.8,False,15.85,False
2019-05-28,52.1,False,False,17.6,False,False,77.9,True,17.5,False
2019-05-29,51.8,False,False,15.8,False,False,79.2,False,17.9,False
2019-05-30,45.1,False,False,11.9,False,False,75.4,False,17.3,False
2019-05-31,37.8,False,False,8.4,False,False,79.2,False,18.71,False
2019-06-03,54.8,False,False,18.5,False,False,72.2,False,18.86,False
2019-06-04,50.7,False,False,22.9,False,False,61.7,False,16.97,False
2019-06-05,43.9,False,False,27.8,False,False,62.0,False,16.09,False
2019-06-06,50.3,False,False,33.6,False,False,60.3,False,15.93,False
2019-06-07,59.7,False,False,44.2,False,False,53.2,False,16.3,False
2019-06-10,67.5,False,False,57.5,False,False,46.0,False,15.94,False
2019-06-11,56.9,False,False,46.5,False,False,46.1,False,15.99,False
2019-06-12,46.4,False,False,33.9,False,False,48.8,False,15.91,False
2019-06-13,46.0,False,False,35.8,False,False,42.3,False,15.82,False
2019-06-14,57.6,False,False,44.7,False,False,43.0,False,15.28,False
2019-06-17,46.5,False,False,35.0,False,False,45.4,False,15.35,False
2019-06-18,54.2,False,False,46.9,False,False,40.9,False,15.15,False
2019-06-19,50.0,False,False,52.6,False,False,44.5,False,14.33,False
2019-06-20,47.6,False,False,52.9,False,False,39.8,False,14.75,False
2019-06-21,39.5,False,False,47.2,False,False,41.0,False,15.4,False
2019-06-24,36.3,False,False,43.4,False,False,41.3,False,15.26,False
2019-06-25,41.3,False,False,33.8,False,False,44.0,False,16.28,False
2019-06-26,47.3,False,False,37.2,False,False,43.0,False,16.21,False
2019-06-27,45.9,False,False,32.8,False,False,41.0,False,15.82,False
2019-06-28,52.5,False,False,46.8,False,False,32.6,False,15.08,False
2019-07-01,60.4,False,False,55.8,False,False,32.0,False,14.06,False
2019-07-02,45.9,False,False,37.7,False,False,29.5,False,12.93,False
2019-07-03,58.8,False,False,53.0,False,False,27.9,False,12.57,False
2019-07-05,53.7,False,False,49.1,False,False,28.4,False,13.28,False
2019-07-08,56.2,False,False,49.2,False,False,28.8,False,13.96,False
2019-07-09,56.4,False,False,50.3,False,False,29.3,False,14.09,False
2019-07-10,71.8,False,False,58.5,False,False,35.7,False,13.03,False
2019-07-11,68.9,False,False,58.3,False,False,35.1,False,12.93,False
2019-07-12,62.4,False,False,53.6,False,False,31.2,False,12.39,False
2019-07-15,59.3,False,False,50.2,False,False,34.1,False,12.68,False
2019-07-16,61.2,False,False,51.1,False,False,31.5,False,12.86,False
2019-07-17,54.6,False,False,30.4,False,False,36.8,False,13.97,False
2019-07-18,57.5,False,False,33.6,False,False,36.9,False,13.53,False
2019-07-19,61.6,False,False,39.8,False,False,37.6,False,14.45,False
2019-07-22,57.6,False,False,32.6,False,False,37.4,False,13.53,False
2019-07-23,49.3,False,False,35.2,False,False,34.3,False,12.61,False
2019-07-24,52.1,False,False,36.6,False,False,28.2,False,12.07,False
2019-07-25,55.6,False,False,35.1,False,False,33.0,False,12.74,False
2019-07-26,62.8,False,False,41.5,False,False,32.9,False,12.16,False
2019-07-29,57.7,False,False,37.2,False,False,35.7,False,12.83,False
2019-07-30,56.2,False,False,43.2,False,False,32.8,False,13.94,False
2019-07-31,71.7,False,False,46.5,False,False,41.5,False,16.12,False
2019-08-01,65.2,False,False,34.7,False,False,46.7,False,17.87,False
2019-08-02,65.1,False,False,31.9,False,False,52.1,False,17.61,False
2019-08-05,53.1,False,False,23.3,False,False,67.5,False,24.59,False
2019-08-06,40.3,False,False,11.2,False,False,64.6,False,20.17,False
2019-08-07,42.2,False,False,19.3,False,False,64.6,False,19.49,False
2019-08-08,49.0,False,False,26.6,False,False,55.1,False,16.91,False
2019-08-09,55.3,False,False,32.0,False,False,62.5,False,17.97,False
2019-08-12,52.1,False,False,23.5,False,False,67.9,False,21.09,False
2019-08-13,65.9,False,False,37.9,False,False,62.3,False,17.52,False
2019-08-14,56.5,False,False,23.4,False,False,72.4,False,22.1,False
2019-08-15,48.0,False,False,15.5,False,False,72.1,False,21.18,False
2019-08-16,60.0,False,False,37.4,False,False,61.4,False,18.47,False
2019-08-19,57.0,False,False,34.3,False,False,61.0,False,16.88,False
2019-08-20,50.1,False,False,26.0,False,False,65.6,False,17.5,False
2019-08-21,55.9,False,False,30.2,False,False,64.1,False,15.8,False
2019-08-22,56.9,False,False,31.4,False,False,64.5,False,16.68,False
2019-08-23,65.5,False,False,28.1,False,False,74.9,False,19.87,False
2019-08-26,49.1,False,False,21.2,False,False,72.4,False,19.32,False
2019-08-27,40.9,False,False,9.9,False,False,74.7,False,20.31,False
2019-08-28,40.7,False,False,16.9,False,False,67.5,False,19.35,False
2019-08-29,47.5,False,False,30.0,False,False,64.9,False,17.88,False
2019-08-30,59.0,False,False,42.8,False,False,62.3,False,18.98,False
2019-09-03,43.8,False,False,21.0,False,False,68.7,False,19.66,False
2019-09-04,48.6,False,False,33.3,False,False,65.2,False,17.33,False
2019-09-05,59.7,False,False,49.1,False,False,56.1,False,16.27,False
2019-09-06,49.2,False,False,43.6,False,False,58.1,False,15.0,False
2019-09-09,55.4,False,False,45.8,False,False,60.2,False,15.27,False
2019-09-10,52.4,False,False,39.2,False,False,52.3,False,15.2,False
2019-09-11,58.9,False,False,45.9,False,False,50.1,False,14.61,False
2019-09-12,65.2,False,False,54.9,False,False,48.3,False,14.22,False
2019-09-13,64.5,False,False,62.7,False,False,45.0,False,13.74,False
2019-09-16,38.0,False,False,29.7,False,False,48.9,False,14.67,False
2019-09-17,42.0,False,False,40.5,False,False,48.4,False,14.44,False
2019-09-18,57.7,False,False,58.7,False,False,49.4,False,13.95,False
2019-09-19,59.4,False,False,60.5,False,False,50.2,False,14.05,False
2019-09-20,56.3,False,False,52.6,False,False,53.4,False,15.32,False
2019-09-23,41.2,False,False,32.2,False,False,48.1,False,14.91,False
2019-09-24,48.3,False,False,30.1,False,False,53.2,False,17.05,False
2019-09-25,53.3,False,False,47.2,False,False,46.8,False,15.96,False
2019-09-26,48.0,False,False,35.3,False,False,52.8,False,16.07,False
2019-09-27,65.3,False,False,38.5,False,False,52.7,False,17.22,False
2019-09-30,56.1,False,False,41.4,False,False,48.3,False,16.24,False
2019-10-01,53.0,False,False,27.2,False,False,64.6,False,18.56,False
2019-10-02,44.6,False,False,21.7,False,False,71.6,False,20.56,False
2019-10-03,49.8,False,False,24.5,False,False,69.6,False,19.12,False
2019-10-04,60.1,False,False,42.8,False,False,65.0,False,17.04,False
2019-10-07,55.9,False,False,34.8,False,False,68.9,False,17.86,False
2019-10-08,54.7,False,False,27.9,False,False,76.7,False,20.28,False
2019-10-09,49.6,False,False,25.1,False,False,72.1,False,18.64,False
2019-10-10,56.9,False,False,36.1,False,False,70.8,False,17.57,False
2019-10-11,71.5,False,False,50.8,False,False,64.2,False,15.58,False
2019-10-14,62.4,False,False,42.6,False,False,69.7,False,14.57,False
2019-10-15,79.1,False,False,51.0,False,False,61.0,False,13.54,False
2019-10-16,70.5,False,False,49.6,False,False,66.2,False,13.68,False
2019-10-17,65.8,False,False,50.2,False,False,67.2,False,13.79,False
2019-10-18,58.7,False,False,36.5,False,False,67.9,False,14.25,False
2019-10-21,61.0,False,False,49.9,False,False,63.3,False,14.0,False
2019-10-22,56.1,False,False,44.8,False,False,65.0,False,14.46,False
2019-10-23,65.5,False,False,52.8,False,False,63.1,False,14.01,False
2019-10-24,80.6,False,False,65.5,False,False,64.9,False,13.71,False
2019-10-25,88.2,False,False,68.5,False,False,58.0,False,12.65,False
2019-10-28,78.2,False,False,66.0,False,False,55.8,False,13.11,False
2019-10-29,68.4,False,False,54.4,False,False,52.1,False,13.2,False
2019-10-30,64.4,False,False,51.2,False,False,53.3,False,12.33,False
2019-10-31,62.8,False,False,39.3,False,False,52.3,False,13.22,False
2019-11-01,77.1,False,False,64.7,False,False,49.8,False,12.3,False
2019-11-04,56.7,False,False,53.4,False,False,45.6,False,12.83,False
2019-11-05,56.7,False,False,49.5,False,False,38.1,False,13.1,False
2019-11-06,55.2,False,False,49.2,False,False,41.3,False,12.62,False
2019-11-07,63.1,False,False,54.9,False,False,39.5,False,12.73,False
2019-11-08,55.8,False,False,47.7,False,False,36.0,False,12.07,False
2019-11-11,66.3,False,False,62.9,False,False,36.7,False,12.69,False
2019-11-12,62.8,False,False,59.8,False,False,35.4,False,12.68,False
2019-11-13,69.5,False,False,57.7,False,False,36.4,False,13.0,False
2019-11-14,74.8,False,False,69.8,False,False,35.4,False,13.05,False
2019-11-15,80.3,False,False,77.2,False,False,30.3,False,12.05,False
2019-11-18,69.6,False,False,65.3,False,False,32.8,False,12.46,False
2019-11-19,63.7,False,False,65.2,False,False,32.1,False,12.86,False
2019-11-20,78.9,False,False,68.9,False,False,33.8,False,12.78,False
2019-11-21,61.5,False,False,50.9,False,False,34.5,False,13.13,False
2019-11-22,54.9,False,False,49.4,False,False,32.2,False,12.34,False
2019-11-25,55.0,False,False,59.3,False,False,27.6,False,11.87,False
2019-11-26,52.4,False,False,64.8,False,False,26.8,False,11.54,False
2019-11-27,54.1,False,False,68.8,False,False,26.6,False,11.75,False
2019-11-29,58.0,False,False,62.8,False,False,27.8,False,12.62,False
2019-12-02,59.4,False,False,53.0,False,False,37.0,False,14.91,False
2019-12-03,60.9,False,False,43.5,False,False,40.3,False,15.96,False
2019-12-04,55.4,False,False,48.8,False,False,33.6,False,14.8,False
2019-12-05,51.6,False,False,45.0,False,False,35.5,False,14.52,False
2019-12-06,66.5,False,False,58.9,False,False,31.8,False,13.62,False
2019-12-09,70.7,False,False,60.9,False,False,32.9,False,15.86,False
2019-12-10,67.7,False,False,60.2,False,False,34.3,False,15.68,False
2019-12-11,71.8,False,False,65.2,False,False,33.1,False,14.99,False
2019-12-12,81.1,False,False,77.5,False,False,30.6,False,13.94,False
2019-12-13,86.2,False,False,77.6,False,False,29.4,False,12.63,False
2019-12-16,81.1,False,False,81.7,False,False,27.2,False,12.14,False
2019-12-17,60.9,False,False,65.7,False,False,27.6,False,12.29,False
2019-12-18,57.8,False,False,60.6,False,False,27.9,False,12.58,False
2019-12-19,65.3,False,False,76.5,False,False,27.0,False,12.5,False
2019-12-20,64.2,False,False,87.2,False,False,26.3,False,12.51,False
2019-12-23,66.0,False,False,81.7,False,False,27.0,False,12.61,False
2019-12-24,78.3,False,False,93.1,False,False,26.4,False,12.67,False
2019-12-26,80.4,False,False,94.1,False,False,25.7,False,12.65,False
2019-12-27,83.8,False,False,93.8,False,False,26.8,False,13.43,False
2019-12-30,87.1,False,False,84.8,False,False,28.6,False,14.82,False
2019-12-31,80.9,False,False,83.3,False,False,26.3,False,13.78,False
2020-01-02,86.8,False,False,86.7,False,False,24.6,False,12.47,False
2020-01-03,85.5,False,False,78.7,False,False,30.4,False,14.02,False
2020-01-06,77.4,False,False,71.4,False,False,29.2,False,13.85,False
2020-01-07,85.7,False,False,75.6,False,False,28.9,False,13.79,False
2020-01-08,88.7,False,False,78.4,False,False,24.9,False,13.45,False
2020-01-09,91.3,True,False,80.9,False,False,22.8,False,12.54,False
2020-01-10,87.6,True,False,73.8,False,False,28.3,False,12.56,False
2020-01-13,89.6,True,False,81.9,False,False,25.8,False,12.32,False
2020-01-14,87.1,True,False,77.8,False,False,24.0,False,12.39,False
2020-01-15,82.9,True,False,76.5,False,False,22.7,False,12.42,False
2020-01-16,83.1,True,False,86.4,False,False,23.2,False,12.32,False
2020-01-17,77.4,False,False,85.3,False,False,25.5,False,12.1,False
2020-01-21,74.2,False,False,74.9,False,False,27.6,False,12.85,False
2020-01-22,85.4,False,False,83.9,False,False,27.0,False,12.91,False
2020-01-23,82.4,False,False,77.6,False,False,26.4,False,12.98,False
2020-01-24,87.8,True,True,73.7,False,False,29.8,False,14.56,False
2020-01-27,83.0,True,True,55.4,False,False,40.0,False,18.23,False
2020-01-28,83.9,True,True,63.8,False,False,38.3,False,16.28,False
2020-01-29,86.7,True,True,63.0,False,False,39.9,False,16.39,False
2020-01-30,89.7,True,True,61.0,False,False,39.1,False,15.49,False
2020-01-31,84.4,True,True,66.2,False,False,47.4,False,18.84,False
2020-02-03,84.2,True,True,68.9,False,False,45.5,False,17.97,False
2020-02-04,86.2,True,True,70.0,False,False,40.1,False,16.05,False
2020-02-05,87.4,True,True,84.8,False,False,33.1,False,15.15,False
2020-02-06,89.3,True,True,84.7,False,False,37.0,False,14.96,False
2020-02-07,88.8,True,True,78.3,False,False,38.8,False,15.47,False
2020-02-10,91.1,True,True,84.3,False,False,39.0,False,15.04,False
2020-02-11,90.4,True,True,87.4,False,False,35.8,False,15.18,False
2020-02-12,91.0,True,True,91.5,False,False,36.4,False,13.74,False
2020-02-13,92.1,True,True,91.5,False,False,35.4,False,14.15,False
2020-02-14,91.7,True,True,90.6,False,False,35.0,False,13.68,False
2020-02-18,90.5,True,True,85.8,False,False,34.3,False,14.83,False
2020-02-19,92.2,True,True,90.8,False,False,34.3,False,14.38,False
2020-02-20,87.1,True,True,89.2,False,False,38.2,False,15.56,False
2020-02-21,83.0,True,False,76.1,False,False,42.3,False,17.08,False
2020-02-24,73.8,False,False,47.7,False,False,56.0,False,25.03,False
2020-02-25,66.8,False,False,30.5,False,False,68.2,False,27.85,False
2020-02-26,66.1,False,False,31.8,False,False,70.6,False,27.56,False
2020-02-27,46.1,False,False,24.8,False,False,79.1,False,39.16,False
2020-02-28,38.7,False,False,21.9,False,False,79.8,False,40.11,False
2020-03-02,43.1,False,False,40.2,False,False,71.3,False,33.42,False
2020-03-03,43.3,False,False,36.8,False,False,79.5,False,36.82,False
2020-03-04,44.0,False,False,33.3,False,False,73.4,False,31.99,False
2020-03-05,30.3,False,False,25.9,False,False,80.2,False,39.62,False
2020-03-06,38.1,False,False,20.2,True,False,81.8,False,41.94,False
2020-03-09,31.0,False,False,14.6,True,False,84.9,False,54.46,False
2020-03-10,34.0,False,False,23.5,False,False,82.7,False,47.3,False
2020-03-11,29.0,False,False,17.2,True,False,85.3,False,53.9,False
2020-03-12,32.5,False,False,17.9,True,False,86.0,False,75.47,False
2020-03-13,31.9,False,False,20.5,True,False,85.3,False,57.83,False
2020-03-16,32.7,False,False,17.5,True,False,88.3,False,82.69,False
2020-03-17,34.1,False,False,18.8,True,False,88.9,False,75.91,False
2020-03-18,30.6,False,False,15.5,True,False,91.7,False,76.45,False
2020-03-19,42.1,False,False,22.6,False,False,93.3,False,72.0,False
2020-03-20,42.5,False,False,21.7,True,False,94.7,False,66.04,False
2020-03-23,41.7,False,False,20.2,True,False,95.4,False,61.59,False
2020-03-24,46.3,False,False,25.0,False,False,89.6,False,61.67,False
2020-03-25,44.5,False,False,21.0,True,False,92.4,False,63.95,False
2020-03-26,44.1,False,False,25.2,False,False,86.9,False,61.0,False
2020-03-27,45.1,False,False,20.5,True,False,87.1,False,65.54,False
2020-03-30,43.9,False,False,22.8,False,False,89.5,False,57.08,False
2020-03-31,47.4,False,False,30.0,False,False,87.1,False,53.54,False
2020-04-01,46.1,False,False,21.0,True,False,93.7,False,57.06,False
2020-04-02,46.2,False,False,24.5,False,False,94.3,False,50.91,False
2020-04-03,44.7,False,False,21.7,True,False,95.1,False,46.8,False
2020-04-06,48.5,False,False,45.7,False,False,86.9,False,45.24,False
2020-04-07,50.7,False,False,51.7,False,False,86.9,False,46.7,False
2020-04-08,44.4,False,False,49.7,False,False,86.3,False,43.35,False
2020-04-09,37.1,False,False,42.3,False,False,85.9,False,41.67,False
2020-04-13,55.5,False,False,58.1,False,False,86.2,False,41.17,False
2020-04-14,60.9,False,False,67.0,False,False,85.5,False,37.76,False
2020-04-15,58.2,False,False,58.0,False,False,86.1,False,40.84,False
2020-04-16,62.2,False,False,63.5,False,False,86.0,False,40.11,False
2020-04-17,58.7,False,False,66.2,False,False,85.4,False,38.15,False
2020-04-20,58.7,False,False,60.5,False,False,85.9,False,43.83,False
2020-04-21,62.3,False,False,46.4,False,False,90.8,False,45.41,False
2020-04-22,55.5,False,False,46.7,False,False,88.7,False,41.98,False
2020-04-23,55.7,False,False,48.2,False,False,88.6,False,41.38,False
2020-04-24,57.6,False,False,54.4,False,False,89.7,False,35.93,False
2020-04-27,63.0,False,False,68.8,False,False,87.5,False,33.29,False
2020-04-28,59.3,False,False,65.2,False,False,85.0,False,33.57,False
2020-04-29,58.3,False,False,56.5,False,False,83.5,False,31.23,False
2020-04-30,68.6,False,False,75.1,False,False,86.0,False,34.15,False
2020-05-01,68.2,False,False,55.9,False,False,90.4,False,37.19,False
2020-05-04,62.2,False,False,43.4,False,False,89.6,False,35.97,False
2020-05-05,62.0,False,False,55.9,False,False,87.9,False,33.61,False
2020-05-06,58.2,False,False,49.6,False,False,90.2,False,34.12,False
2020-05-07,50.2,False,False,40.8,False,False,83.2,False,31.44,False
2020-05-08,64.7,False,False,64.4,False,False,82.5,False,27.98,False
2020-05-11,68.4,False,False,65.9,False,False,82.5,False,27.57,False
2020-05-12,63.3,False,False,50.8,False,False,89.2,False,33.04,False
2020-05-13,61.9,False,False,39.7,False,False,91.9,False,35.28,False
2020-05-14,59.4,False,False,42.2,False,False,90.1,False,32.61,False
2020-05-15,59.1,False,False,46.5,False,False,89.9,False,31.89,False
2020-05-18,54.1,False,False,63.2,False,False,81.7,False,29.3,False
2020-05-19,59.5,False,False,60.4,False,False,82.0,False,30.53,False
2020-05-20,60.4,False,False,65.8,False,False,81.0,False,27.99,False
2020-05-21,67.0,False,False,65.7,False,False,81.6,False,29.53,False
2020-05-22,70.5,False,False,67.3,False,False,81.2,False,28.16,False
2020-05-26,57.3,False,False,68.2,False,False,79.9,False,28.01,False
2020-05-27,66.5,False,False,78.1,False,False,78.7,False,27.62,False
2020-05-28,62.0,False,False,68.8,False,False,78.4,False,28.59,False
2020-05-29,60.8,False,False,74.8,False,False,77.9,False,27.51,False
2020-06-01,67.8,False,False,84.3,False,False,76.0,False,28.23,False
2020-06-02,61.0,False,False,83.3,False,False,75.1,False,26.84,False
2020-06-03,50.1,False,False,73.4,False,False,73.2,False,25.66,False
2020-06-04,53.3,False,False,79.5,False,False,73.7,False,25.81,False
2020-06-05,53.3,False,False,80.5,False,False,68.0,False,24.52,False
2020-06-08,54.9,False,False,84.5,False,False,63.6,False,25.81,False
2020-06-09,61.4,False,False,88.5,False,False,67.5,False,27.57,False
2020-06-10,68.0,False,False,94.9,False,False,68.7,False,27.57,False
2020-06-11,56.1,False,False,60.4,False,False,78.2,False,40.79,False
2020-06-12,61.3,False,False,63.0,False,False,77.4,False,36.09,False
2020-06-15,57.1,False,False,70.4,False,False,76.2,False,34.4,False
2020-06-16,58.2,False,False,81.2,False,False,73.8,False,33.67,False
2020-06-17,56.6,False,False,73.9,False,False,72.8,False,33.47,False
2020-06-18,54.0,False,False,68.0,False,False,72.9,False,32.94,False
2020-06-19,47.7,False,False,62.4,False,False,73.6,False,35.12,False
2020-06-22,59.4,False,False,69.1,False,False,72.7,False,31.77,False
2020-06-23,63.4,False,False,71.5,False,False,72.1,False,31.37,False
2020-06-24,59.4,False,False,63.2,False,False,77.3,False,33.84,False
2020-06-25,54.9,False,False,58.5,False,False,75.9,False,32.22,False
2020-06-26,49.3,False,False,50.5,False,False,79.1,False,34.73,False
2020-06-29,57.2,False,False,52.7,False,False,77.9,False,31.78,False
2020-06-30,62.7,False,False,73.7,False,False,76.4,False,30.43,False
2020-07-01,63.6,False,False,70.6,False,False,75.9,False,28.62,False
2020-07-02,67.9,False,False,75.3,False,False,77.6,False,27.68,False
2020-07-06,69.3,False,False,80.1,False,False,74.7,False,27.94,False
2020-07-07,68.2,False,False,75.8,False,False,78.1,False,29.43,False
2020-07-08,69.3,False,False,77.8,False,False,74.0,False,28.08,False
2020-07-09,72.9,False,False,76.4,False,False,78.3,False,29.26,False
2020-07-10,77.5,False,False,80.0,False,False,70.9,False,27.29,False
2020-07-13,68.7,False,False,74.4,False,False,72.4,False,32.19,False
2020-07-14,69.6,False,False,82.7,False,False,69.4,False,29.52,False
2020-07-15,69.3,False,False,93.9,False,False,66.8,False,27.76,False
2020-07-16,70.0,False,False,93.2,False,False,67.6,False,28.0,False
2020-07-17,62.0,False,False,82.8,False,False,66.1,False,25.68,False
2020-07-20,74.5,False,False,94.4,False,False,65.1,False,24.46,False
2020-07-21,73.8,False,False,96.0,False,False,64.5,False,24.84,False
2020-07-22,73.7,False,False,96.3,False,False,66.1,False,24.32,False
2020-07-23,73.1,False,False,93.0,False,False,63.6,False,26.08,False
2020-07-24,73.4,False,False,87.4,False,False,65.8,False,25.84,False
2020-07-27,74.1,False,False,93.3,False,False,62.8,False,24.74,False
2020-07-28,72.2,False,False,85.3,False,False,64.4,False,25.44,False
2020-07-29,69.5,False,False,88.7,False,False,61.3,False,24.1,False
2020-07-30,72.0,False,False,83.5,False,False,61.6,False,24.76,False
2020-07-31,74.8,False,False,87.4,False,False,60.8,False,24.46,False
2020-08-03,74.8,False,False,87.8,False,False,59.7,False,24.28,False
2020-08-04,75.1,False,False,90.0,False,False,57.3,False,23.76,False
2020-08-05,67.4,False,False,82.1,False,False,55.8,False,22.99,False
2020-08-06,75.0,False,False,88.3,False,False,54.9,False,22.65,False
2020-08-07,75.0,False,False,91.3,False,False,53.5,False,22.21,False
2020-08-10,74.9,False,False,93.4,False,False,52.1,False,22.13,False
2020-08-11,70.1,False,False,86.0,False,False,52.6,False,24.03,False
2020-08-12,76.2,False,False,94.3,False,False,51.4,False,22.28,False
2020-08-13,77.0,False,False,94.2,False,False,49.7,False,22.13,False
2020-08-14,75.6,False,False,92.7,False,False,47.0,False,22.05,False
2020-08-17,76.0,False,False,93.3,False,False,46.5,False,21.35,False
2020-08-18,76.4,False,False,85.3,False,False,44.0,False,21.51,False
2020-08-19,74.3,False,False,79.6,False,False,44.5,False,22.54,False
2020-08-20,74.1,False,False,74.0,False,False,41.7,False,22.72,False
2020-08-21,73.8,False,False,75.2,False,False,39.6,False,22.54,False
2020-08-24,79.0,False,False,85.3,False,False,39.4,False,22.37,False
2020-08-25,79.0,False,False,83.0,False,False,37.2,False,22.03,False
2020-08-26,79.6,False,False,79.6,False,False,36.7,False,23.27,False
2020-08-27,80.3,False,False,82.7,False,False,35.4,False,24.47,False
2020-08-28,82.7,False,False,87.3,False,False,34.4,False,22.96,False
2020-08-31,80.3,False,False,79.2,False,False,38.1,False,26.41,False
2020-09-01,79.6,False,False,79.9,False,False,38.3,False,26.12,False
2020-09-02,79.7,False,False,91.6,False,False,34.6,False,26.57,False
2020-09-03,72.5,False,False,62.2,False,False,44.7,False,33.6,False
2020-09-04,72.2,False,False,59.6,False,False,45.1,False,30.75,False
2020-09-08,67.2,False,False,55.5,False,False,49.9,False,31.46,False
2020-09-09,65.7,False,False,64.9,False,False,48.4,False,28.81,False
2020-09-10,62.8,False,False,60.7,False,False,50.8,False,29.71,False
2020-09-11,64.4,False,False,53.3,False,False,47.7,False,26.87,False
2020-09-14,65.6,False,False,60.8,False,False,45.9,False,25.85,False
2020-09-15,69.6,False,False,71.7,False,False,45.8,False,25.59,False
2020-09-16,64.8,False,False,65.4,False,False,45.3,False,26.04,False
2020-09-17,62.1,False,False,60.2,False,False,46.2,False,26.46,False
2020-09-18,59.5,False,False,54.7,False,False,49.2,False,25.83,False
2020-09-21,62.5,False,False,50.7,False,False,53.1,False,27.78,False
2020-09-22,63.2,False,False,59.1,False,False,50.9,False,26.86,False
2020-09-23,58.5,False,False,50.9,False,False,56.2,False,28.58,False
2020-09-24,58.7,False,False,48.4,False,False,55.7,False,28.51,False
2020-09-25,59.8,False,False,51.9,False,False,53.2,False,26.38,False
2020-09-28,59.9,False,False,59.5,False,False,50.7,False,26.19,False
2020-09-29,62.3,False,False,62.4,False,False,51.8,False,26.27,False
2020-09-30,56.8,False,False,63.4,False,False,50.4,False,26.37,False
2020-10-01,59.9,False,False,65.7,False,False,49.4,False,26.7,False
2020-10-02,59.3,False,False,62.2,False,False,51.7,False,27.63,False
2020-10-05,57.2,False,False,79.8,False,False,46.1,False,27.96,False
2020-10-06,56.6,False,False,68.8,False,False,47.3,False,29.48,False
2020-10-07,55.5,False,False,79.6,False,False,44.9,False,28.06,False
2020-10-08,58.6,False,False,86.6,False,False,42.6,False,26.36,False
2020-10-09,61.6,False,False,88.1,False,False,42.2,False,25.0,False
2020-10-12,65.6,False,False,88.6,False,False,41.9,False,25.07,False
2020-10-13,65.9,False,False,91.0,False,False,42.9,False,26.07,False
2020-10-14,65.8,False,False,86.0,False,False,43.2,False,26.4,False
2020-10-15,60.8,False,False,80.3,False,False,43.0,False,26.97,False
2020-10-16,56.6,False,False,84.7,False,False,41.8,False,27.41,False
2020-10-19,59.0,False,False,71.4,False,False,46.5,False,29.18,False
2020-10-20,59.5,False,False,71.9,False,False,45.7,False,29.35,False
2020-10-21,55.6,False,False,62.7,False,False,46.2,False,28.65,False
2020-10-22,56.0,False,False,65.2,False,False,40.6,False,28.11,False
2020-10-23,58.2,False,False,70.4,False,False,40.3,False,27.55,False
2020-10-26,56.9,False,False,60.3,False,False,48.9,False,32.46,False
2020-10-27,58.7,False,False,56.1,False,False,51.7,False,33.35,False
2020-10-28,46.6,False,False,45.1,False,False,62.2,False,40.28,False
2020-10-29,44.5,False,False,46.1,False,False,58.7,False,37.59,False
2020-10-30,46.7,False,False,46.3,False,False,58.3,False,38.02,False
2020-11-02,38.2,False,False,47.4,False,False,51.1,False,37.13,False
2020-11-03,37.1,False,False,50.6,False,False,46.3,False,35.55,False
2020-11-04,39.7,False,False,52.4,False,False,44.8,False,29.57,False
2020-11-05,45.6,False,False,73.2,False,False,43.5,False,27.58,False
2020-11-06,50.3,False,False,68.6,False,False,44.1,False,24.86,False
2020-11-09,35.4,False,False,65.2,False,False,40.4,False,25.75,False
2020-11-10,43.5,False,False,63.9,False,False,39.8,False,24.8,False
2020-11-11,47.3,False,False,79.7,False,False,39.6,False,23.45,False
2020-11-12,48.3,False,False,76.2,False,False,40.7,False,25.35,False
2020-11-13,48.9,False,False,79.0,False,False,40.0,False,23.1,False
2020-11-16,47.8,False,False,80.7,False,False,38.1,False,22.45,False
2020-11-17,56.0,False,False,82.2,False,False,38.2,False,22.71,False
2020-11-18,56.0,False,False,78.8,False,False,40.0,False,23.84,False
2020-11-19,54.9,False,False,81.5,False,False,39.9,False,23.11,False
2020-11-20,45.5,False,False,74.1,False,False,40.6,False,23.7,False
2020-11-23,53.1,False,False,82.2,False,False,38.2,False,22.66,False
2020-11-24,46.6,False,False,79.0,False,False,37.9,False,21.64,False
2020-11-25,55.9,False,False,86.4,False,False,35.6,False,21.25,False
2020-11-27,60.0,False,False,90.8,False,False,35.7,False,20.84,False
2020-11-30,52.2,False,False,78.3,False,False,34.2,False,20.57,False
2020-12-01,53.5,False,False,79.5,False,False,32.9,False,20.77,False
2020-12-02,57.4,False,False,81.9,False,False,32.8,False,21.17,False
2020-12-03,52.2,False,False,78.4,False,False,32.4,False,21.28,False
2020-12-04,49.5,False,False,77.9,False,False,31.3,False,20.79,False
2020-12-07,59.7,False,False,83.7,False,False,34.3,False,21.3,False
2020-12-08,62.4,False,False,85.2,False,False,34.5,False,20.68,False
2020-12-09,60.7,False,False,77.2,False,False,32.0,False,22.27,False
2020-12-10,58.7,False,False,70.2,False,False,35.0,False,22.52,False
2020-12-11,57.9,False,False,69.1,False,False,35.4,False,23.31,False
2020-12-14,53.9,False,False,70.7,False,False,35.2,False,24.72,False
2020-12-15,56.0,False,False,78.6,False,False,34.7,False,22.89,False
2020-12-16,55.4,False,False,77.1,False,False,34.4,False,22.5,False
2020-12-17,56.5,False,False,82.7,False,False,30.3,False,21.93,False
2020-12-18,63.3,False,False,84.6,False,False,28.0,False,21.57,False
2020-12-21,54.3,False,False,74.3,False,False,31.2,False,25.16,False
2020-12-22,57.7,False,False,75.4,False,False,31.5,False,24.23,False
2020-12-23,49.7,False,False,69.6,False,False,27.7,False,23.31,False
2020-12-24,61.3,False,False,81.6,False,False,27.6,False,21.53,False
2020-12-28,64.0,False,False,79.6,False,False,30.4,False,21.7,False
2020-12-29,62.2,False,False,71.3,False,False,30.7,False,23.08,False
2020-12-30,61.0,False,False,78.9,False,False,29.7,False,22.77,False
2020-12-31,58.6,False,False,82.3,False,False,26.3,False,22.75,False
2021-01-04,51.0,False,False,67.0,False,False,32.5,False,26.97,False
2021-01-05,43.1,False,False,64.6,False,False,32.3,False,25.34,False
2021-01-06,41.6,False,False,68.1,False,False,30.7,False,25.07,False
2021-01-07,47.7,False,False,76.7,False,False,32.1,False,22.37,False
2021-01-08,55.6,False,False,81.2,False,False,31.8,False,21.56,False
2021-01-11,52.5,False,False,69.4,False,False,32.5,False,24.08,False
2021-01-12,48.1,False,False,74.5,False,False,32.5,False,23.33,False
2021-01-13,49.9,False,False,74.7,False,False,31.3,False,22.21,False
2021-01-14,46.2,False,False,72.9,False,False,30.7,False,23.25,False
2021-01-15,43.8,False,False,64.9,False,False,31.1,False,24.34,False
2021-01-19,41.3,False,False,69.3,False,False,30.9,False,23.24,False
2021-01-20,47.9,False,False,70.9,False,False,30.8,False,21.58,False
2021-01-21,48.5,False,False,71.8,False,False,30.9,False,21.32,False
2021-01-22,49.6,False,False,73.3,False,False,31.8,False,21.91,False
2021-01-25,53.7,False,False,68.6,False,False,31.1,False,23.19,False
2021-01-26,45.6,False,False,64.5,False,False,31.9,False,23.02,False
2021-01-27,35.8,False,False,51.6,False,False,37.5,False,37.21,False
2021-01-28,35.6,False,False,48.5,False,False,36.4,False,30.21,False
2021-01-29,31.2,False,False,46.9,False,False,40.1,False,33.09,False
2021-02-01,33.3,False,False,47.5,False,False,38.8,False,30.24,False
2021-02-02,34.4,False,False,54.3,False,False,36.4,False,25.56,False
2021-02-03,38.5,False,False,56.9,False,False,36.4,False,22.91,False
2021-02-04,33.1,False,False,53.9,False,False,34.9,False,21.77,False
2021-02-05,36.3,False,False,66.6,False,False,34.3,False,20.87,False
2021-02-08,40.6,False,False,72.4,False,False,34.0,False,21.24,False
2021-02-09,39.1,False,False,63.7,False,False,34.2,False,21.63,False
2021-02-10,51.1,False,False,70.4,False,False,33.9,False,21.99,False
2021-02-11,52.7,False,False,68.8,False,False,34.1,False,21.25,False
2021-02-12,52.5,False,False,72.0,False,False,33.2,False,19.97,False
2021-02-16,43.9,False,False,67.2,False,False,33.9,False,21.46,False
2021-02-17,52.2,False,False,67.3,False,False,33.8,False,21.5,False
2021-02-18,47.1,False,False,60.3,False,False,34.0,False,22.49,False
2021-02-19,42.3,False,False,66.3,False,False,34.3,False,22.05,False
2021-02-22,42.7,False,False,60.0,False,False,35.3,False,23.45,False
2021-02-23,47.3,False,False,60.1,False,False,34.8,False,23.11,False
2021-02-24,37.7,False,False,58.3,False,False,34.3,False,21.34,False
2021-02-25,39.6,False,False,58.4,False,False,39.6,False,28.89,True
2021-02-26,35.1,False,False,49.8,False,False,38.8,False,27.95,True
2021-03-01,33.1,False,False,57.2,False,False,33.4,False,23.35,True
2021-03-02,30.9,False,False,54.2,False,False,33.8,False,24.1,True
2021-03-03,29.5,False,False,43.0,False,False,37.7,False,26.67,True
2021-03-04,36.6,False,False,43.7,False,False,41.0,False,28.57,True
2021-03-05,41.5,False,False,53.1,False,False,37.9,False,24.66,True
2021-03-08,31.5,False,False,50.2,False,False,39.9,False,25.47,True
2021-03-09,38.1,False,False,55.9,False,False,37.1,False,24.03,True
2021-03-10,35.2,False,False,61.2,False,False,36.7,False,22.56,True
2021-03-11,30.8,False,False,59.8,False,False,35.1,False,21.91,True
2021-03-12,30.5,False,False,62.1,False,False,34.6,False,20.69,True
2021-03-15,30.3,False,False,70.6,False,False,33.8,False,20.03,True
2021-03-16,38.6,False,False,70.3,False,False,33.9,False,19.79,True
2021-03-17,41.9,False,False,71.2,False,False,33.6,False,19.23,True
2021-03-18,33.8,False,False,62.2,False,False,36.5,False,21.58,True
2021-03-19,25.8,False,False,46.2,False,False,36.3,False,20.95,True
2021-03-22,40.0,False,False,62.4,False,False,35.8,False,18.88,True
2021-03-23,35.4,False,False,50.6,False,False,36.4,False,20.3,True
2021-03-24,35.8,False,False,49.2,False,False,38.0,False,21.2,True
2021-03-25,38.2,False,False,53.1,False,False,36.3,False,19.81,True
2021-03-26,35.3,False,False,67.3,False,False,33.7,False,18.86,True
2021-03-29,31.2,False,False,57.8,False,False,34.1,False,20.74,True
2021-03-30,35.8,False,False,64.4,False,False,34.1,False,19.61,True
2021-03-31,37.3,False,False,63.9,False,False,32.3,False,19.4,True
2021-04-01,44.5,False,False,74.9,False,False,29.4,False,17.33,True
2021-04-05,51.8,False,False,82.1,False,False,28.9,False,17.91,True
2021-04-06,43.3,False,False,75.0,False,False,29.3,False,18.12,True
2021-04-07,49.5,False,False,69.1,False,False,31.9,False,17.16,True
2021-04-08,49.2,False,False,70.2,False,False,31.6,False,16.95,True
2021-04-09,55.2,False,False,74.7,False,False,28.1,False,16.69,True
2021-04-12,63.0,False,False,85.9,False,False,31.0,False,16.91,True
2021-04-13,65.2,False,False,84.0,False,False,30.4,False,16.65,True
2021-04-14,64.4,False,False,83.7,False,False,27.7,False,16.99,True
2021-04-15,55.8,False,False,69.6,False,False,27.2,False,16.57,True
2021-04-16,47.5,False,False,72.0,False,False,22.4,False,16.25,True
2021-04-19,60.0,False,False,79.6,False,False,23.0,False,17.29,True
2021-04-20,48.4,False,False,58.2,False,False,23.7,False,18.68,True
2021-04-21,45.6,False,False,64.1,False,False,23.0,False,17.5,True
2021-04-22,43.8,False,False,52.2,False,False,23.6,False,18.71,True
2021-04-23,49.0,False,False,67.1,False,False,23.5,False,17.33,True
2021-04-26,51.4,False,False,71.9,False,False,22.7,False,17.64,True
2021-04-27,46.3,False,False,69.6,False,False,22.9,False,17.56,True
2021-04-28,53.5,False,False,71.3,False,False,23.1,False,17.28,True
2021-04-29,60.5,False,False,77.8,False,False,22.9,False,17.61,True
2021-04-30,56.6,False,False,60.9,False,False,23.8,False,18.61,True
2021-05-03,49.0,False,False,62.6,False,False,23.3,False,18.31,True
2021-05-04,47.7,False,False,48.5,False,False,27.5,False,19.48,True
2021-05-05,36.7,False,False,40.2,False,False,27.6,False,19.15,True
2021-05-06,40.6,False,False,46.4,False,False,27.6,False,18.39,True
2021-05-07,44.8,False,False,56.8,False,False,27.0,False,16.69,True
2021-05-10,42.7,False,False,56.1,False,False,29.3,False,19.66,True
2021-05-11,50.3,False,False,48.8,False,False,27.8,False,21.84,True
2021-05-12,39.6,False,False,30.7,False,False,37.8,False,27.59,True
2021-05-13,42.0,False,False,40.4,False,False,36.4,False,23.13,True
2021-05-14,42.5,False,False,47.9,False,False,32.7,False,18.81,True
2021-05-17,37.1,False,False,43.5,False,False,35.8,False,19.72,True
2021-05-18,30.5,False,False,39.0,False,False,33.7,False,21.34,True
2021-05-19,35.1,False,False,31.7,False,False,34.0,False,22.18,True
2021-05-20,38.7,False,False,44.0,False,False,32.4,False,20.67,True
2021-05-21,41.3,False,False,47.2,False,False,32.8,False,20.15,True
2021-05-24,49.7,False,False,54.5,False,False,31.7,False,18.4,True
2021-05-25,41.3,False,False,42.8,False,False,32.3,False,18.84,True
2021-05-26,41.7,False,False,37.4,False,False,35.2,False,17.36,True
2021-05-27,37.8,False,False,43.0,False,False,35.1,False,16.74,True
2021-05-28,48.4,False,False,58.6,False,False,32.0,False,16.76,True
2021-06-01,39.0,False,False,43.6,False,False,32.3,False,17.9,True
2021-06-02,40.7,False,False,42.1,False,False,32.2,False,17.48,True
2021-06-03,47.0,False,False,47.6,False,False,32.6,False,18.04,True
2021-06-04,51.2,False,False,46.1,False,False,31.2,False,16.42,True
2021-06-07,43.0,False,False,34.1,False,False,31.3,False,16.42,True
2021-06-08,39.0,False,False,36.7,False,False,34.0,False,17.07,True
2021-06-09,37.2,False,False,40.4,False,False,34.5,False,17.89,True
2021-06-10,42.5,False,False,35.6,False,False,24.9,False,16.1,True
2021-06-11,42.7,False,False,43.4,False,False,27.4,False,15.65,True
2021-06-14,50.2,False,False,46.7,False,False,25.4,False,16.39,True
2021-06-15,44.5,False,False,40.5,False,False,27.4,False,17.02,True
2021-06-16,44.9,False,False,36.3,False,False,26.2,False,18.15,True
2021-06-17,51.4,False,False,39.3,False,False,23.1,False,17.75,True
2021-06-18,39.4,False,False,32.1,False,False,32.4,False,20.7,True
2021-06-21,46.0,False,False,40.2,False,False,32.6,False,17.89,True
2021-06-22,47.7,False,False,35.3,False,False,28.9,False,16.66,True
2021-06-23,48.3,False,False,38.9,False,False,32.3,False,16.32,True
2021-06-24,62.1,False,False,47.6,False,False,32.1,False,15.97,True
2021-06-25,46.8,False,False,42.3,False,False,27.7,False,15.62,True
2021-06-28,51.1,False,False,41.3,False,False,27.8,False,15.76,True
2021-06-29,50.5,False,False,39.9,False,False,28.6,False,16.02,True
2021-06-30,51.5,False,False,38.5,False,False,29.4,False,15.83,True
2021-07-01,54.5,False,False,47.1,False,False,29.0,False,15.48,True
2021-07-02,70.4,False,False,59.0,False,False,27.7,False,15.07,True
2021-07-06,68.2,False,False,49.3,False,False,28.1,False,16.44,True
2021-07-07,65.1,False,False,47.4,False,False,28.1,False,16.2,True
2021-07-08,61.3,False,False,40.5,False,False,30.2,False,19.0,True
2021-07-09,58.0,False,False,51.9,False,False,28.5,False,16.18,True
2021-07-12,53.6,False,False,50.9,False,False,31.8,False,16.17,True
2021-07-13,61.7,False,False,46.6,False,False,33.9,False,17.12,True
2021-07-14,63.0,False,False,45.1,False,False,30.8,False,16.33,True
2021-07-15,63.9,False,False,40.2,False,False,34.5,False,17.01,True
2021-07-16,58.4,False,False,30.9,False,False,34.4,False,18.45,True
2021-07-19,50.6,False,False,26.6,False,False,41.0,False,22.5,True
2021-07-20,55.8,False,False,31.9,False,False,34.1,False,19.73,True
2021-07-21,46.9,False,False,35.2,False,False,32.8,False,17.91,True
2021-07-22,59.1,False,False,42.4,False,False,35.7,False,17.69,True
2021-07-23,53.1,False,False,38.2,False,False,32.5,False,17.2,True
2021-07-26,55.0,False,False,43.2,False,False,34.7,False,17.58,True
2021-07-27,67.4,False,False,49.8,False,False,33.2,False,19.36,True
2021-07-28,60.9,False,False,38.6,False,False,33.3,False,18.31,True
2021-07-29,74.8,False,False,59.9,False,False,35.9,False,17.7,True
2021-07-30,74.2,False,False,50.6,False,False,37.6,False,18.24,True
2021-08-02,63.0,False,False,40.7,False,False,38.6,False,19.46,True
2021-08-03,61.4,False,False,43.2,False,False,39.4,False,18.04,True
2021-08-04,63.8,False,False,36.3,False,False,41.4,False,17.97,True
2021-08-05,55.9,False,False,40.0,False,False,41.9,False,17.28,True
2021-08-06,60.5,False,False,45.4,False,False,40.3,False,16.15,True
2021-08-09,60.2,False,False,39.4,False,False,41.4,False,16.72,True
2021-08-10,59.2,False,False,44.8,False,False,40.6,False,16.79,True
2021-08-11,55.8,False,False,44.3,False,False,38.6,False,16.06,True
2021-08-12,65.2,False,False,53.7,False,False,37.6,False,15.59,True
2021-08-13,70.4,False,False,56.7,False,False,36.2,False,15.45,True
2021-08-16,70.6,False,False,52.7,False,False,32.1,False,16.12,True
2021-08-17,62.3,False,False,36.9,False,False,32.0,False,17.91,True
2021-08-18,57.7,False,False,32.2,False,False,40.4,False,21.57,True
2021-08-19,62.7,False,False,36.8,False,False,40.4,False,21.67,True
2021-08-20,67.1,False,False,46.1,False,False,35.2,False,18.56,True
2021-08-23,70.1,False,False,49.2,False,False,33.4,False,17.15,True
2021-08-24,63.6,False,False,53.2,False,False,32.1,False,17.22,False
2021-08-25,65.2,False,False,56.2,False,False,34.8,False,16.79,False
2021-08-26,63.9,False,False,44.8,False,False,36.8,False,18.84,False
2021-08-27,63.1,False,False,52.7,False,False,32.1,False,16.39,False
2021-08-30,74.2,False,False,58.1,False,False,32.4,False,16.19,False
2021-08-31,62.0,False,False,52.0,False,False,32.8,False,16.48,False
2021-09-01,58.1,False,False,43.6,False,False,32.7,False,16.11,False
2021-09-02,55.1,False,False,45.4,False,False,31.5,False,16.41,False
2021-09-03,62.4,False,False,45.5,False,False,35.1,False,16.41,False
2021-09-07,57.4,False,False,35.1,False,False,36.8,False,18.14,False
2021-09-08,61.9,False,False,36.5,False,False,34.3,False,17.96,False
2021-09-09,55.8,False,False,29.1,False,False,40.4,False,18.8,False
2021-09-10,61.2,False,False,32.2,False,False,41.4,False,20.95,False
2021-09-13,64.0,False,False,35.0,False,False,39.6,False,19.37,False
2021-09-14,55.6,False,False,26.5,False,False,41.6,False,19.46,False
2021-09-15,52.0,False,False,29.7,False,False,39.9,False,18.18,False
2021-09-16,49.2,False,False,30.9,False,False,38.5,False,18.69,False
2021-09-17,40.6,False,False,25.7,False,False,39.4,False,20.81,False
2021-09-20,49.8,False,False,32.5,False,False,50.6,False,25.71,False
2021-09-21,39.8,False,False,18.7,False,False,53.5,False,24.36,False
2021-09-22,42.5,False,False,23.2,False,False,51.2,False,20.87,False
2021-09-23,44.5,False,False,31.8,False,False,47.2,False,18.63,False
2021-09-24,57.4,False,False,36.7,False,False,48.3,False,17.75,False
2021-09-27,64.6,False,False,45.3,False,False,46.4,False,18.76,False
2021-09-28,62.2,False,False,41.9,False,False,56.8,False,23.25,False
2021-09-29,53.8,False,False,32.9,False,False,55.7,False,22.56,False
2021-09-30,46.3,False,False,24.0,False,False,63.5,False,23.14,False
2021-10-01,49.6,False,False,25.4,False,False,60.0,False,21.15,False
2021-10-04,50.6,False,False,27.3,False,False,65.3,False,22.96,False
2021-10-05,45.1,False,False,19.9,False,False,63.8,False,21.3,False
2021-10-06,44.2,False,False,27.2,False,False,60.1,False,21.0,False
2021-10-07,47.1,False,False,30.4,False,False,59.4,False,19.54,False
2021-10-08,48.0,False,False,33.7,False,False,61.9,False,18.77,False
2021-10-11,42.5,False,False,20.3,False,False,65.8,False,20.0,False
2021-10-12,49.2,False,False,27.7,False,False,65.7,False,19.85,False
2021-10-13,46.5,False,False,26.1,False,False,64.2,False,18.64,False
2021-10-14,45.5,False,False,42.0,False,False,54.0,False,16.86,False
2021-10-15,48.6,False,False,46.9,False,False,51.2,False,16.3,False
2021-10-18,56.6,False,False,54.7,False,False,53.5,False,16.31,False
2021-10-19,54.4,False,False,60.0,False,False,51.0,False,15.7,False
2021-10-20,49.7,False,False,56.5,False,False,46.1,False,15.49,False
2021-10-21,67.0,False,False,64.5,False,False,45.3,False,15.01,False
2021-10-22,69.5,False,False,64.4,False,False,45.0,False,15.43,False
2021-10-25,87.1,False,False,78.9,False,False,44.5,False,15.24,False
2021-10-26,87.7,False,False,77.1,False,False,43.9,False,15.98,False
2021-10-27,81.5,False,False,63.3,False,False,51.5,False,16.98,False
2021-10-28,82.6,False,False,69.8,False,False,46.9,False,16.53,False
2021-10-29,83.3,False,False,69.0,False,False,45.6,False,16.26,False
2021-11-01,88.6,True,False,72.9,False,False,33.8,False,16.41,False
2021-11-02,85.4,True,True,69.3,False,False,40.6,False,16.03,False
2021-11-03,84.1,True,True,70.5,False,False,37.6,False,15.1,False
2021-11-04,90.2,True,True,70.8,False,False,38.8,False,15.44,False
2021-11-05,85.1,True,True,68.9,False,False,33.5,False,16.48,False
2021-11-08,87.5,True,True,73.7,False,False,32.7,False,17.22,False
2021-11-09,87.8,True,True,68.5,False,False,36.5,False,17.78,False
2021-11-10,85.6,True,True,67.2,False,False,36.5,False,18.73,False
2021-11-11,81.2,False,False,62.9,False,False,38.6,False,17.66,False
2021-11-12,83.9,False,False,68.4,False,False,36.1,False,16.29,False
2021-11-15,84.5,False,False,70.8,False,False,33.7,False,16.49,False
2021-11-16,81.0,False,False,68.9,False,False,35.7,False,16.37,False
2021-11-17,83.4,False,False,65.0,False,False,39.7,False,17.11,False
2021-11-18,86.6,False,False,65.5,False,False,40.0,False,17.59,False
2021-11-19,82.2,True,False,57.9,False,False,40.7,False,17.91,False
2021-11-22,84.6,True,False,63.7,False,False,41.5,False,19.17,False
2021-11-23,84.3,True,False,66.7,False,False,40.5,False,19.38,False
2021-11-24,83.5,True,False,65.4,False,False,34.2,False,18.58,False
2021-11-26,58.2,False,False,31.1,False,False,54.6,False,28.62,False
2021-11-29,71.0,False,False,45.0,False,False,53.3,False,22.96,False
2021-11-30,62.3,False,False,36.3,False,False,63.4,False,27.19,False
2021-12-01,74.2,False,False,45.9,False,False,67.8,False,31.12,False
2021-12-02,71.8,False,False,44.3,False,False,61.8,False,27.95,False
2021-12-03,73.6,False,False,48.2,False,False,64.9,False,30.67,False
2021-12-06,74.0,False,False,47.9,False,False,57.5,False,27.18,False
2021-12-07,76.9,False,False,57.0,False,False,50.7,False,21.89,False
2021-12-08,75.7,False,False,58.9,False,False,49.5,False,19.9,False
2021-12-09,78.3,False,False,52.2,False,False,51.8,False,21.58,False
2021-12-10,83.6,False,False,60.3,False,False,53.6,False,18.69,False
2021-12-13,79.7,False,False,51.7,False,False,59.1,False,20.31,False
2021-12-14,77.1,False,False,47.1,False,False,59.4,False,21.89,False
2021-12-15,78.7,False,False,53.8,False,False,58.2,False,19.29,False
2021-12-16,75.7,False,False,54.2,False,False,60.6,False,20.57,False
2021-12-17,58.3,False,False,37.9,False,False,63.9,False,21.57,False
2021-12-20,63.2,False,False,36.5,False,False,71.1,False,22.87,False
2021-12-21,75.7,False,False,56.1,False,False,58.7,False,21.01,False
2021-12-22,83.0,False,False,65.6,False,False,57.4,False,18.63,False
2021-12-23,84.1,False,False,72.3,False,False,54.7,False,17.96,False
2021-12-27,87.4,True,False,79.0,False,False,50.6,False,17.68,False
2021-12-28,88.8,True,False,78.5,False,False,49.8,False,17.54,False
2021-12-29,86.8,True,True,76.8,False,False,48.5,False,16.95,False
2021-12-30,85.0,True,True,77.6,False,False,48.0,False,17.33,False
2021-12-31,82.0,True,False,70.2,False,False,47.9,False,17.22,False
2022-01-03,86.8,True,False,73.9,False,False,46.5,False,16.6,False
2022-01-04,82.1,True,False,73.7,False,False,48.7,False,16.91,False
2022-01-05,73.8,False,False,54.7,False,False,57.9,False,19.73,False
2022-01-06,75.0,False,False,56.7,False,False,57.4,False,19.61,True
2022-01-07,71.4,False,False,49.5,False,False,60.6,False,18.76,True
2022-01-10,76.7,False,False,52.5,False,False,62.0,False,19.4,True
2022-01-11,73.5,False,False,54.0,False,False,51.9,False,18.41,True
2022-01-12,78.3,False,False,53.8,False,False,55.5,False,17.62,True
2022-01-13,75.4,False,False,35.5,False,False,63.7,False,20.31,True
2022-01-14,59.0,False,False,27.6,False,False,65.2,False,19.19,True
2022-01-18,49.0,False,False,18.6,False,False,71.1,False,22.79,True
2022-01-19,53.4,False,False,22.9,False,False,73.1,False,23.85,True
2022-01-20,46.5,False,False,19.4,False,False,75.1,True,25.59,True
2022-01-21,46.1,False,False,18.1,False,False,78.1,False,28.85,True
2022-01-24,48.4,False,False,24.7,False,False,76.9,False,29.9,True
2022-01-25,40.9,False,False,18.4,False,True,78.8,False,31.16,True
2022-01-26,44.8,False,False,22.2,False,False,79.6,False,31.96,True
2022-01-27,47.9,False,False,21.8,False,False,80.1,False,30.49,True
2022-01-28,52.0,False,False,26.1,False,False,78.3,False,27.66,True
2022-01-31,45.3,False,False,22.7,False,False,70.8,False,24.83,True
2022-02-01,37.1,False,False,15.3,False,False,70.5,False,21.96,True
2022-02-02,43.3,False,False,22.7,False,False,72.6,False,22.09,True
2022-02-03,43.2,False,False,19.0,False,False,80.7,False,24.35,True
2022-02-04,46.2,False,False,28.0,False,False,81.0,False,23.22,True
2022-02-07,35.7,False,False,14.1,False,False,81.0,False,22.86,True
2022-02-08,35.4,False,False,20.8,False,False,78.4,False,21.44,True
2022-02-09,41.9,False,False,39.0,False,False,70.4,False,19.96,True
2022-02-10,43.6,False,False,32.3,False,False,81.1,False,23.91,True
2022-02-11,44.9,False,False,22.9,False,False,84.8,False,27.36,True
2022-02-14,40.9,False,False,20.1,False,False,85.3,False,28.33,True
2022-02-15,49.5,False,False,37.9,False,False,78.6,False,25.7,True
2022-02-16,47.9,False,False,35.2,False,False,82.3,False,24.29,True
2022-02-17,48.3,False,False,25.1,False,False,85.9,False,28.11,True
2022-02-18,47.1,False,False,21.5,False,False,86.2,False,27.75,True
2022-02-22,50.1,False,False,22.9,False,False,87.6,False,28.81,True
2022-02-23,48.1,False,False,22.3,False,False,89.4,False,31.02,True
2022-02-24,47.7,False,False,23.1,False,False,87.7,False,30.32,True
2022-02-25,38.3,False,False,19.3,False,False,78.7,False,27.59,True
2022-02-28,31.5,False,False,11.5,False,True,85.4,False,30.15,True
2022-03-01,27.4,False,False,8.7,False,True,88.8,False,33.32,True
2022-03-02,33.6,False,False,20.6,False,True,81.6,False,30.74,True
2022-03-03,32.4,False,False,18.5,False,True,86.3,False,30.48,True
2022-03-04,26.8,False,False,10.4,False,True,87.6,False,31.98,True
2022-03-07,21.9,False,False,4.5,False,True,91.1,False,36.45,True
2022-03-08,31.1,False,False,8.7,False,True,91.3,False,35.13,True
2022-03-09,30.1,False,False,11.3,False,True,87.3,False,32.45,True
2022-03-10,44.1,False,False,23.4,False,False,90.0,False,30.23,True
2022-03-11,37.9,False,False,17.1,False,True,91.7,False,30.75,True
2022-03-14,32.0,False,False,15.2,False,True,91.6,False,31.77,True
2022-03-15,38.1,False,False,26.7,False,False,82.5,False,29.83,True
2022-03-16,43.6,False,False,51.0,False,False,81.1,False,26.67,True
2022-03-17,37.8,False,False,52.8,False,False,80.7,False,25.67,True
2022-03-18,29.1,False,False,46.8,False,False,80.9,False,23.87,True
2022-03-21,46.5,False,False,60.2,False,False,78.1,False,23.53,True
2022-03-22,53.9,False,False,68.4,False,False,76.4,False,22.94,True
2022-03-23,58.2,False,False,64.8,False,False,81.9,False,23.57,True
2022-03-24,62.3,False,False,69.5,False,False,78.7,False,21.67,True
2022-03-25,60.0,False,False,68.8,False,False,79.6,False,20.81,True
2022-03-28,64.0,False,False,72.2,False,False,77.5,False,19.63,True
2022-03-29,58.8,False,False,69.1,False,False,69.5,False,18.9,True
2022-03-30,61.8,False,False,71.2,False,False,71.0,False,19.33,True
2022-03-31,50.5,False,False,62.4,False,False,82.2,False,20.56,True
2022-04-01,53.3,False,False,63.6,False,False,76.8,False,19.63,True
2022-04-04,57.8,False,False,67.6,False,False,70.5,False,18.57,True
2022-04-05,53.0,False,False,60.7,False,False,81.1,False,21.03,True
2022-04-06,57.4,False,False,57.8,False,False,82.9,False,22.1,True
2022-04-07,52.8,False,False,54.6,False,False,82.4,False,21.55,True
2022-04-08,46.3,False,False,49.6,False,False,80.9,False,21.16,True
2022-04-11,48.2,False,False,46.9,False,False,84.4,False,24.37,True
2022-04-12,51.7,False,False,47.1,False,False,84.9,False,24.26,True
2022-04-13,46.8,False,False,48.1,False,False,81.1,False,21.82,True
2022-04-14,37.9,False,False,38.7,False,False,85.5,False,22.7,True
2022-04-18,44.7,False,False,42.9,False,False,85.5,False,22.17,True
2022-04-19,37.8,False,False,42.9,False,False,76.1,False,21.37,True
2022-04-20,43.3,False,False,45.9,False,False,81.6,False,20.32,True
2022-04-21,46.8,False,False,44.4,False,False,85.4,False,22.68,True
2022-04-22,36.9,False,False,29.1,False,False,88.5,False,28.21,True
2022-04-25,37.3,False,False,30.8,False,False,87.4,False,27.02,True
2022-04-26,49.6,False,False,39.4,False,False,90.6,False,33.52,True
2022-04-27,37.6,False,False,27.7,False,False,90.1,False,31.6,True
2022-04-28,47.9,False,False,41.4,False,False,89.8,False,29.99,True
2022-04-29,44.9,False,False,36.2,False,False,92.4,False,33.4,True
2022-05-02,39.7,False,False,36.4,False,False,91.5,False,32.34,True
2022-05-03,38.1,False,False,37.3,False,False,92.1,False,29.25,True
2022-05-04,52.6,False,False,54.4,False,False,88.9,False,25.42,True
2022-05-05,49.0,False,False,46.4,False,False,93.4,False,31.2,True
2022-05-06,44.4,False,False,41.9,False,False,93.6,False,30.19,True
2022-05-09,39.3,False,False,36.2,False,False,94.6,False,34.75,True
2022-05-10,40.5,False,False,35.8,False,False,94.4,False,32.99,True
2022-05-11,46.9,False,False,36.8,False,False,94.8,False,32.56,True
2022-05-12,52.5,False,False,39.4,False,False,94.6,False,31.77,True
2022-05-13,52.3,False,False,43.3,False,False,90.0,False,28.87,True
2022-05-16,50.2,False,False,38.4,False,False,93.2,False,27.47,True
2022-05-17,50.6,False,False,46.1,False,False,89.6,False,26.1,True
2022-05-18,44.0,False,False,33.6,False,False,95.8,False,30.96,True
2022-05-19,48.2,False,False,37.0,False,False,96.0,False,29.35,True
2022-05-20,54.4,False,False,41.5,False,False,95.5,False,29.43,True
2022-05-23,51.8,False,False,42.9,False,False,93.3,False,28.48,True
2022-05-24,46.7,False,False,34.8,False,False,94.7,False,29.45,True
2022-05-25,48.3,False,False,43.2,False,False,91.6,False,28.37,True
2022-05-26,55.0,False,False,60.5,False,False,88.2,False,27.5,True
2022-05-27,54.5,False,False,68.3,False,False,84.1,False,25.72,True
2022-05-31,32.3,False,False,50.3,False,False,87.0,False,26.19,True
2022-06-01,53.3,False,False,63.2,False,False,90.2,False,25.69,True
2022-06-02,61.4,False,False,74.2,False,False,86.4,False,24.72,True
2022-06-03,62.6,False,False,71.3,False,False,90.4,False,24.79,True
2022-06-06,57.5,False,False,67.8,False,False,89.6,False,25.07,True
2022-06-07,40.5,False,False,55.9,False,False,84.3,False,24.02,True
2022-06-08,46.4,False,False,57.0,False,False,91.0,False,23.96,True
2022-06-09,50.4,False,False,46.5,False,False,92.7,False,26.09,True
2022-06-10,43.9,False,False,35.8,False,False,94.9,False,27.75,True
2022-06-13,36.5,False,False,34.3,False,False,96.1,False,34.02,False
2022-06-14,28.8,False,False,28.2,False,False,96.2,False,32.69,False
2022-06-15,38.9,False,False,33.6,False,False,95.1,False,29.62,False
2022-06-16,31.6,False,False,27.6,False,False,96.1,False,32.95,False
2022-06-17,25.1,False,False,20.1,True,False,96.0,False,31.13,False
2022-06-21,37.7,False,False,30.4,False,False,95.3,False,30.19,False
2022-06-22,34.3,False,False,27.0,False,False,95.3,False,28.95,False
2022-06-23,36.0,False,False,31.2,False,False,95.3,False,29.05,False
2022-06-24,28.5,False,False,31.9,False,False,87.0,False,27.23,False
2022-06-27,42.0,False,False,41.7,False,False,86.9,False,26.95,False
2022-06-28,44.1,False,False,39.4,False,False,91.9,False,28.36,False
2022-06-29,44.8,False,False,38.1,False,False,95.2,False,28.16,False
2022-06-30,42.5,False,False,35.9,False,False,95.8,False,28.71,False
2022-07-01,46.3,False,False,43.8,False,False,95.4,False,26.7,False
2022-07-05,44.3,False,False,43.6,False,False,94.7,False,27.54,False
2022-07-06,41.3,False,False,43.9,False,False,94.6,False,26.73,False
2022-07-07,44.2,False,False,53.9,False,False,86.6,False,26.08,False
2022-07-08,58.3,False,False,62.5,False,False,88.7,False,24.64,False
2022-07-11,56.6,False,False,56.4,False,False,93.9,False,26.17,False
2022-07-12,50.8,False,False,52.0,False,False,92.0,False,27.29,False
2022-07-13,50.7,False,False,45.1,False,False,91.6,False,26.82,False
2022-07-14,39.5,False,False,36.0,False,False,92.1,False,26.4,False
2022-07-15,34.9,False,False,43.7,False,False,85.1,False,24.23,False
2022-07-18,47.9,False,False,46.0,False,False,86.7,False,25.3,False
2022-07-19,47.9,False,False,61.2,False,False,80.5,False,24.5,False
2022-07-20,51.0,False,False,62.3,False,False,79.5,False,23.88,False
2022-07-21,61.3,False,False,68.5,False,False,79.0,False,23.11,False
2022-07-22,58.7,False,False,60.2,False,False,84.8,False,23.03,False
2022-07-25,47.0,False,False,54.7,False,False,82.7,False,23.36,False
2022-07-26,44.7,False,False,51.0,False,False,85.3,False,24.69,False
2022-07-27,53.5,False,False,63.0,False,False,78.3,False,23.24,False
2022-07-28,50.4,False,False,62.0,False,False,82.5,False,22.33,False
2022-07-29,55.2,False,False,66.7,False,False,82.9,False,21.33,False
2022-08-01,62.4,False,False,70.4,False,False,81.6,False,22.84,True
2022-08-02,55.0,False,False,66.1,False,False,82.1,False,23.93,True
2022-08-03,57.2,False,False,70.6,False,False,81.5,False,21.95,True
2022-08-04,53.5,False,False,66.1,False,False,82.0,False,21.44,True
2022-08-05,65.6,False,False,74.1,False,False,79.8,False,21.15,True
2022-08-08,66.1,False,False,74.8,False,False,75.5,False,21.29,True
2022-08-09,62.8,False,False,71.6,False,False,79.5,False,21.77,True
2022-08-10,61.1,False,False,76.3,False,False,73.8,False,19.74,True
2022-08-11,44.2,False,False,62.6,False,False,70.8,False,20.2,True
2022-08-12,60.4,False,False,76.0,False,False,68.6,False,19.53,True
2022-08-15,57.8,False,False,73.7,False,False,67.8,False,19.95,True
2022-08-16,59.5,False,False,74.8,False,False,66.4,False,19.69,True
2022-08-17,62.3,False,False,75.9,False,False,67.7,False,19.9,True
2022-08-18,53.6,False,False,71.5,False,False,70.0,False,19.56,True
2022-08-19,47.7,False,False,57.0,False,False,75.3,False,20.6,True
2022-08-22,47.3,False,False,51.1,False,False,80.9,False,23.8,True
2022-08-23,44.0,False,False,45.3,False,False,78.6,False,24.11,True
2022-08-24,45.1,False,False,49.7,False,False,76.5,False,22.82,True
2022-08-25,55.1,False,False,65.0,False,False,70.8,False,21.78,True
2022-08-26,55.0,False,False,48.5,False,False,82.5,False,25.56,True
2022-08-29,42.5,False,False,36.4,False,False,82.9,False,26.21,False
2022-08-30,42.4,False,False,36.7,False,False,86.1,False,26.21,False
2022-08-31,35.3,False,False,31.2,False,False,86.1,False,25.87,False
2022-09-01,50.7,False,False,44.4,False,False,85.5,False,25.56,False
2022-09-02,48.7,False,False,42.4,False,False,87.1,False,25.47,False
2022-09-06,35.6,False,False,31.2,False,False,87.6,False,26.91,False
2022-09-07,39.4,False,False,38.6,False,False,81.1,False,24.64,False
2022-09-08,40.1,False,False,42.3,False,False,84.5,False,23.61,False
2022-09-09,39.0,False,False,47.3,False,False,77.5,False,22.79,False
2022-09-12,41.7,False,False,56.8,False,False,76.6,False,23.87,False
2022-09-13,46.4,False,False,45.7,False,False,89.2,False,27.27,False
2022-09-14,32.5,False,False,36.6,False,False,89.3,False,26.16,False
2022-09-15,36.5,False,False,40.8,False,False,90.5,False,26.27,False
2022-09-16,23.9,False,False,28.4,False,False,91.6,False,26.3,False
2022-09-19,35.6,False,False,41.3,False,False,90.9,False,25.76,False
2022-09-20,40.1,False,False,43.5,False,False,92.1,False,27.16,False
2022-09-21,43.6,False,False,41.9,False,False,93.1,False,27.99,False
2022-09-22,46.5,False,False,41.4,False,False,93.3,False,27.35,False
2022-09-23,33.8,False,False,30.6,False,False,94.3,False,29.92,False
2022-09-26,31.8,False,False,30.2,False,False,93.5,False,32.26,False
2022-09-27,33.1,False,False,32.8,False,False,93.3,False,32.6,False
2022-09-28,33.4,False,False,33.6,False,False,89.0,False,30.18,False
2022-09-29,43.8,False,False,37.9,False,False,93.9,False,31.84,False
2022-09-30,30.1,False,False,28.5,False,False,94.7,False,31.62,False
2022-10-03,38.2,False,False,40.3,False,False,87.2,False,30.1,False
2022-10-04,39.4,False,False,52.5,False,False,84.3,False,29.07,False
2022-10-05,40.1,False,False,51.5,False,False,86.4,False,28.55,False
2022-10-06,33.2,False,False,42.2,False,False,93.0,False,30.52,False
2022-10-07,41.0,False,False,40.3,False,False,94.8,False,31.36,False
2022-10-10,43.2,False,False,46.4,False,False,96.0,False,32.45,False
2022-10-11,32.8,False,False,37.7,False,False,95.5,False,33.63,False
2022-10-12,29.2,False,False,31.7,False,False,95.4,False,33.57,False
2022-10-13,37.9,False,False,47.9,False,False,91.7,False,31.94,False
2022-10-14,33.8,False,False,37.8,False,False,95.6,False,32.02,False
2022-10-17,30.7,False,False,42.6,False,False,92.1,False,31.37,False
2022-10-18,33.7,False,False,53.1,False,False,87.4,False,30.5,False
2022-10-19,29.3,False,False,43.2,False,False,92.2,False,30.76,False
2022-10-20,33.1,False,False,41.9,False,False,93.7,False,29.98,False
2022-10-21,29.5,False,False,47.2,False,False,90.2,False,29.69,False
2022-10-24,33.1,False,False,52.3,False,False,88.7,False,29.85,False
2022-10-25,33.2,False,False,58.7,False,False,83.0,False,28.46,False
2022-10-26,41.9,False,False,54.4,False,False,87.4,False,27.28,False
2022-10-27,41.7,False,False,50.9,False,False,88.1,False,27.39,False
2022-10-28,53.0,False,False,68.1,False,False,82.9,False,25.75,False
2022-10-31,33.6,False,False,55.8,False,False,82.5,False,25.88,False
2022-11-01,35.6,False,False,55.5,False,False,83.1,False,25.81,False
2022-11-02,33.8,False,False,47.1,False,False,88.2,False,25.86,False
2022-11-03,33.6,False,False,45.9,False,False,89.0,False,25.3,False
2022-11-04,42.7,False,False,59.3,False,False,85.6,False,24.55,False
2022-11-07,35.5,False,False,53.2,False,False,84.8,False,24.35,False
2022-11-08,39.6,False,False,59.8,False,False,83.2,False,25.54,False
2022-11-09,36.8,False,False,44.9,False,False,86.7,False,26.09,False
2022-11-10,47.6,False,False,70.2,False,False,74.3,False,23.53,False
2022-11-11,37.6,False,False,63.5,False,False,72.1,False,22.52,False
2022-11-14,39.1,False,False,58.6,False,False,76.7,False,23.73,False
2022-11-15,40.8,False,False,60.4,False,False,71.8,False,24.54,False
2022-11-16,42.3,False,False,55.8,False,False,75.2,False,24.11,False
2022-11-17,47.0,False,False,59.7,False,False,74.2,False,23.93,False
2022-11-18,39.4,False,False,58.4,False,False,77.2,False,23.12,False
2022-11-21,37.0,False,False,50.0,False,False,79.0,False,22.36,False
2022-11-22,36.5,False,False,59.9,False,False,75.6,False,21.29,False
2022-11-23,54.7,False,False,73.9,False,False,71.3,False,20.35,False
2022-11-25,48.2,False,False,69.0,False,False,68.7,False,20.5,False
2022-11-28,36.6,False,False,50.8,False,False,77.9,False,22.21,False
2022-11-29,37.5,False,False,49.4,False,False,74.4,False,21.89,False
2022-11-30,29.9,False,False,63.4,False,False,70.5,False,20.58,False
2022-12-01,32.1,False,False,65.2,False,False,64.6,False,19.84,False
2022-12-02,31.8,False,False,55.4,False,False,61.7,False,19.06,False
2022-12-05,30.5,False,False,49.7,False,False,71.6,False,20.75,False
2022-12-06,31.9,False,False,40.3,False,False,76.5,False,22.17,False
2022-12-07,32.7,False,False,36.2,False,False,75.2,False,22.68,False
2022-12-08,41.6,False,False,52.4,False,False,70.6,False,22.29,False
2022-12-09,40.8,False,False,40.9,False,False,68.5,False,22.83,False
2022-12-12,35.0,False,False,48.5,False,False,64.2,False,25.0,False
2022-12-13,41.9,False,False,60.8,False,False,64.7,False,22.55,False
2022-12-14,38.7,False,False,52.6,False,False,65.4,False,21.14,False
2022-12-15,31.2,False,False,37.4,False,False,74.9,False,22.83,False
2022-12-16,27.4,False,False,28.1,False,False,77.4,False,22.62,False
2022-12-19,39.5,False,False,36.9,False,False,78.5,False,22.42,False
2022-12-20,36.0,False,False,40.5,False,False,77.4,False,21.48,False
2022-12-21,33.5,False,False,46.7,False,False,75.3,False,20.07,False
2022-12-22,47.4,False,False,54.7,False,False,78.2,False,21.97,False
2022-12-23,53.7,False,False,53.8,False,False,76.8,False,20.87,False
2022-12-27,52.9,False,False,53.8,False,False,77.4,False,21.65,False
2022-12-28,55.4,False,False,50.6,False,False,79.8,False,22.14,False
2022-12-29,57.3,False,False,60.7,False,False,68.5,False,21.44,False
2022-12-30,48.4,False,False,51.8,False,False,68.6,False,21.67,False
2023-01-03,37.6,False,False,51.6,False,False,74.4,False,22.9,False
2023-01-04,29.7,False,False,47.0,False,False,67.3,False,22.01,False
2023-01-05,27.4,False,False,39.3,False,False,76.1,False,22.46,False
2023-01-06,34.1,False,False,53.1,False,False,71.8,False,21.13,False
2023-01-09,31.8,False,False,50.0,False,False,71.4,False,21.97,False
2023-01-10,32.1,False,False,50.4,False,False,68.5,False,20.58,False
2023-01-11,33.5,False,False,60.4,False,False,66.8,False,21.09,False
2023-01-12,41.8,False,False,60.5,False,False,64.3,False,18.83,False
2023-01-13,38.8,False,False,59.3,False,False,63.9,False,18.35,False
2023-01-17,31.5,False,False,55.4,False,False,61.5,False,19.36,False
2023-01-18,29.2,False,False,43.3,False,False,67.2,False,20.34,False
2023-01-19,29.0,False,False,38.0,False,False,69.5,False,20.52,False
2023-01-20,24.8,False,False,44.9,False,False,62.6,False,19.85,False
2023-01-23,47.1,False,False,72.6,False,False,60.0,False,19.81,False
2023-01-24,41.9,False,False,63.7,False,False,60.5,False,19.2,False
2023-01-25,49.4,False,False,69.2,False,False,60.8,False,19.08,False
2023-01-26,55.6,False,False,79.9,False,False,57.0,False,18.73,False
2023-01-27,68.9,False,False,80.9,False,False,54.4,False,18.51,False
2023-01-30,62.4,False,False,70.3,False,False,57.6,False,19.94,False
2023-01-31,40.4,False,False,64.2,False,False,54.3,False,19.4,False
2023-02-01,63.5,False,False,79.1,False,False,52.9,False,17.87,False
2023-02-02,58.2,False,False,69.0,False,False,52.1,False,18.73,False
2023-02-03,69.0,False,False,75.6,False,False,55.4,False,18.33,False
2023-02-06,68.0,False,False,72.1,False,False,58.5,False,19.43,False
2023-02-07,77.9,False,False,82.8,False,False,54.0,False,18.66,False
2023-02-08,72.5,False,False,74.5,False,False,59.8,False,19.63,False
2023-02-09,67.8,False,False,66.6,False,False,59.8,False,20.71,False
2023-02-10,69.2,False,False,65.3,False,False,55.9,False,20.53,False
2023-02-13,70.7,False,False,79.4,False,False,53.4,False,20.34,False
2023-02-14,75.5,False,False,80.4,False,False,55.4,False,18.91,False
2023-02-15,74.1,False,False,80.6,False,False,50.4,False,18.23,False
2023-02-16,72.9,False,False,75.2,False,False,59.5,False,20.17,False
2023-02-17,64.5,False,False,68.4,False,False,53.8,False,20.02,False
2023-02-21,55.6,False,False,56.6,False,False,61.5,False,22.87,False
2023-02-22,60.6,False,False,63.7,False,False,59.1,False,22.29,False
2023-02-23,61.9,False,False,67.4,False,False,62.4,False,21.14,False
2023-02-24,49.5,False,False,54.9,False,False,66.8,False,21.67,False
2023-02-27,50.3,False,False,59.0,False,False,66.9,False,20.95,False
2023-02-28,29.8,False,False,38.6,False,False,67.1,False,20.7,False
2023-03-01,47.8,False,False,55.5,False,False,67.7,False,20.58,False
2023-03-02,55.7,False,False,66.3,False,False,65.6,False,19.59,False
2023-03-03,52.6,False,False,71.4,False,False,59.3,False,18.49,False
2023-03-06,48.6,False,False,64.2,False,False,61.0,False,18.61,False
2023-03-07,47.0,False,False,55.1,False,False,66.5,False,19.59,False
2023-03-08,60.4,False,False,65.9,False,False,64.8,False,19.11,False
2023-03-09,44.2,False,False,46.9,False,False,69.2,False,22.61,False
2023-03-10,33.5,False,False,34.8,False,False,72.7,False,24.8,False
2023-03-13,30.8,False,False,33.6,False,False,73.6,False,26.52,False
2023-03-14,32.6,False,False,41.9,False,False,70.0,False,23.73,False
2023-03-15,26.7,False,False,39.5,False,False,71.6,False,26.14,False
2023-03-16,40.0,False,False,55.5,False,False,68.2,False,22.99,False
2023-03-17,27.5,False,False,41.0,False,False,71.0,False,25.51,False
2023-03-20,48.1,False,False,55.6,False,False,65.0,False,24.15,False
2023-03-21,58.1,False,False,68.8,False,False,57.7,False,21.38,False
2023-03-22,67.0,False,False,64.5,False,False,70.1,False,22.26,False
2023-03-23,55.8,False,False,47.0,False,False,69.8,False,22.61,False
2023-03-24,50.0,False,False,50.3,False,False,64.4,False,21.74,False
2023-03-27,51.7,False,False,60.6,False,False,59.3,False,20.6,False
2023-03-28,55.0,False,False,62.3,False,False,60.4,False,19.97,False
2023-03-29,63.2,False,False,76.7,False,False,58.3,False,19.12,False
2023-03-30,62.2,False,False,78.9,False,False,57.0,False,19.02,False
2023-03-31,64.7,False,False,84.2,False,False,53.4,False,18.7,False
2023-04-03,53.9,False,False,79.6,False,False,54.2,False,18.55,False
2023-04-04,49.8,False,False,65.4,False,False,56.2,False,19.0,False
2023-04-05,50.3,False,False,61.1,False,False,57.6,False,19.08,False
2023-04-06,56.5,False,False,63.2,False,False,52.5,False,18.4,False
2023-04-10,70.5,False,False,87.6,False,False,47.1,False,18.97,False
2023-04-11,56.8,False,False,76.8,False,False,47.4,False,19.1,False
2023-04-12,64.1,False,False,77.1,False,False,52.4,False,19.09,False
2023-04-13,55.3,False,False,72.7,False,False,45.1,False,17.8,False
2023-04-14,48.2,False,False,61.4,False,False,47.3,False,17.07,False
2023-04-17,46.5,False,False,70.0,False,False,42.9,False,16.95,False
2023-04-18,48.7,False,False,71.8,False,False,43.2,False,16.83,False
2023-04-19,53.0,False,False,67.4,False,False,45.3,False,16.46,False
2023-04-20,66.9,False,False,76.2,False,False,45.4,False,17.17,False
2023-04-21,46.1,False,False,58.5,False,False,46.2,False,16.77,False
2023-04-24,55.8,False,False,65.0,False,False,46.5,False,16.89,False
2023-04-25,49.7,False,False,58.3,False,False,55.6,False,18.76,False
2023-04-26,56.9,False,False,54.4,False,False,55.6,False,18.84,False
2023-04-27,56.0,False,False,62.2,False,False,51.1,False,17.03,False
2023-04-28,52.4,False,False,61.1,False,False,44.5,False,15.78,False
2023-05-01,58.7,False,False,72.2,False,False,45.0,False,16.08,False
2023-05-02,45.0,False,False,52.5,False,False,55.6,False,17.78,False
2023-05-03,43.1,False,False,53.7,False,False,57.6,False,18.34,False
2023-05-04,35.9,False,False,42.2,False,False,58.2,False,20.09,False
2023-05-05,64.6,False,False,69.9,False,False,49.7,False,17.19,False
2023-05-08,63.6,False,False,75.5,False,False,56.7,False,16.98,False
2023-05-09,45.5,False,False,61.1,False,False,57.3,False,17.71,False
2023-05-10,67.2,False,False,75.8,False,False,57.2,False,16.94,False
2023-05-11,56.3,False,False,53.3,False,False,58.1,False,16.93,False
2023-05-12,69.3,False,False,73.7,False,False,57.6,False,17.03,False
2023-05-15,57.9,False,False,69.8,False,False,55.4,False,17.12,False
2023-05-16,63.1,False,False,66.2,False,False,59.3,False,17.99,False
2023-05-17,66.1,False,False,76.1,False,False,55.3,False,16.87,False
2023-05-18,73.6,False,False,81.9,False,False,51.8,False,16.05,False
2023-05-19,68.1,False,False,77.7,False,False,53.9,False,16.81,False
2023-05-22,69.6,False,False,82.1,False,False,46.8,False,17.21,False
2023-05-23,67.8,False,False,75.3,False,False,52.8,False,18.53,False
2023-05-24,70.4,False,False,77.1,False,False,58.8,False,20.03,False
2023-05-25,73.0,False,False,80.6,False,False,57.9,False,19.14,False
2023-05-26,74.5,False,False,83.6,False,False,55.0,False,17.95,False
2023-05-30,76.1,False,False,81.9,False,False,54.7,False,17.46,False
2023-05-31,62.1,False,False,73.4,False,False,53.1,False,17.94,False
2023-06-01,76.5,False,False,80.0,False,False,50.2,False,15.65,False
2023-06-02,74.8,False,False,88.2,False,False,38.5,False,14.6,False
2023-06-05,77.4,False,False,87.8,False,False,42.9,False,14.73,False
2023-06-06,76.5,False,False,88.3,False,False,39.9,False,13.96,False
2023-06-07,78.3,False,False,91.7,False,False,41.5,False,13.94,False
2023-06-08,78.6,False,False,91.6,False,False,40.1,False,13.65,False
2023-06-09,78.3,False,False,92.3,False,False,41.3,False,13.83,False
2023-06-12,75.3,False,False,94.1,False,False,35.7,False,15.01,False
2023-06-13,76.3,False,False,96.4,False,False,31.7,False,14.61,False
2023-06-14,76.4,False,False,94.6,False,False,35.8,False,13.88,False
2023-06-15,75.3,False,False,98.5,False,False,29.3,False,14.5,False
2023-06-16,69.4,False,False,95.9,False,False,28.9,False,13.54,False
2023-06-20,74.4,False,False,92.6,False,False,31.2,False,13.88,False
2023-06-21,76.8,False,False,92.9,False,False,31.5,False,13.2,False
2023-06-22,77.0,False,False,90.1,False,False,33.3,False,12.91,False
2023-06-23,64.5,False,False,79.7,False,False,36.4,False,13.44,False
2023-06-26,74.7,False,False,86.7,False,False,30.3,False,14.25,False
2023-06-27,74.4,False,False,89.1,False,False,30.0,False,13.74,False
2023-06-28,76.0,False,False,87.8,False,False,34.5,False,13.43,False
2023-06-29,72.6,False,False,88.6,False,False,29.9,False,13.54,False
2023-06-30,71.4,False,False,91.0,False,False,25.4,False,13.59,False
2023-07-03,76.5,False,False,97.1,False,False,24.0,False,13.57,False
2023-07-05,68.9,False,False,88.1,False,False,25.0,False,14.18,False
2023-07-06,65.5,False,False,79.9,False,False,32.5,False,15.44,False
2023-07-07,65.1,False,False,80.0,False,False,33.9,False,14.83,False
2023-07-10,70.7,False,False,88.2,False,False,28.6,False,15.07,False
2023-07-11,63.8,False,False,88.3,False,False,24.9,False,14.84,False
2023-07-12,71.2,False,False,92.3,False,False,28.9,False,13.54,False
2023-07-13,69.1,False,False,88.8,False,False,26.6,False,13.61,False
2023-07-14,75.3,False,False,91.4,False,False,27.6,False,13.34,False
2023-07-17,74.9,False,False,91.0,False,False,28.3,False,13.48,False
2023-07-18,74.1,False,False,89.3,False,False,26.5,False,13.3,False
2023-07-19,74.3,False,False,91.8,False,False,21.0,False,13.76,False
2023-07-20,74.5,False,False,91.1,False,False,23.7,False,13.99,False
2023-07-21,75.5,False,False,91.6,False,False,23.7,False,13.6,False
2023-07-24,68.3,False,False,85.9,False,False,19.5,False,13.91,False
2023-07-25,62.9,False,False,80.8,False,False,22.2,False,13.86,False
2023-07-26,62.7,False,False,76.3,False,False,19.4,False,13.19,False
2023-07-27,60.2,False,False,73.1,False,False,26.9,False,14.41,False
2023-07-28,67.8,False,False,79.2,False,False,23.2,False,13.33,False
2023-07-31,50.4,False,False,69.8,False,False,22.0,False,13.63,False
2023-08-01,57.2,False,False,70.9,False,False,23.7,False,13.93,False
2023-08-02,66.7,False,False,79.8,False,False,32.1,False,16.09,False
2023-08-03,64.3,False,False,75.7,False,False,32.7,False,15.92,False
2023-08-04,68.6,False,False,77.6,False,False,35.7,False,17.1,False
2023-08-07,68.9,False,False,78.6,False,False,33.8,False,15.77,False
2023-08-08,60.7,False,False,70.1,False,False,35.5,False,15.99,False
2023-08-09,67.1,False,False,72.3,False,False,35.6,False,15.96,False
2023-08-10,66.3,False,False,73.9,False,False,35.7,False,15.85,False
2023-08-11,70.2,False,False,75.1,False,False,31.3,False,14.84,False
2023-08-14,71.5,False,False,73.7,False,False,34.8,False,14.82,False
2023-08-15,66.2,False,False,68.8,False,False,40.0,False,16.46,False
2023-08-16,63.9,False,False,65.8,False,False,41.5,False,16.78,False
2023-08-17,56.4,False,False,60.4,False,False,42.5,False,17.89,False
2023-08-18,61.4,False,False,66.4,False,False,41.6,False,17.3,False
2023-08-21,63.3,False,False,69.3,False,False,42.0,False,17.13,False
2023-08-22,66.9,False,False,71.1,False,False,42.8,False,16.97,False
2023-08-23,66.8,False,False,71.9,False,False,41.6,False,15.98,False
2023-08-24,67.6,False,False,69.9,False,False,46.9,False,17.2,False
2023-08-25,69.6,False,False,73.3,False,False,44.8,False,15.68,False
2023-08-28,70.2,False,False,77.5,False,False,39.8,False,15.08,False
2023-08-29,69.7,False,False,81.4,False,False,38.2,False,14.45,False
2023-08-30,70.9,False,False,85.1,False,False,32.3,False,13.88,False
2023-08-31,66.6,False,False,81.8,False,False,38.8,False,13.57,False
2023-09-01,71.2,False,False,82.4,False,False,38.2,False,13.09,False
2023-09-05,65.6,False,False,75.8,False,False,40.9,False,14.01,False
2023-09-06,66.3,False,False,74.9,False,False,41.5,False,14.45,False
2023-09-07,67.1,False,False,75.0,False,False,43.2,False,14.4,False
2023-09-08,66.7,False,False,75.3,False,False,41.8,False,13.84,False
2023-09-11,70.1,False,False,81.8,False,False,41.8,False,13.8,False
2023-09-12,67.7,False,False,80.7,False,False,42.5,False,14.23,False
2023-09-13,65.0,False,False,73.3,False,False,39.8,False,13.48,False
2023-09-14,61.5,False,False,73.6,False,False,35.9,False,12.82,False
2023-09-15,49.3,False,False,64.4,False,False,41.3,False,13.79,False
2023-09-18,65.9,False,False,74.9,False,False,42.4,False,14.0,False
2023-09-19,60.2,False,False,70.0,False,False,42.1,False,14.11,False
2023-09-20,63.1,False,False,72.1,False,False,44.1,False,15.14,False
2023-09-21,57.7,False,False,65.2,False,False,51.1,False,17.54,False
2023-09-22,59.0,False,False,63.6,False,False,50.5,False,17.2,False
2023-09-25,59.2,False,False,63.7,False,False,49.5,False,16.9,False
2023-09-26,53.3,False,False,62.1,False,False,54.3,False,18.94,False
2023-09-27,54.1,False,False,60.5,False,False,53.3,False,18.22,False
2023-09-28,57.4,False,False,67.3,False,False,51.9,False,17.34,False
2023-09-29,57.6,False,False,63.7,False,False,50.8,False,17.52,False
2023-10-02,56.0,False,False,61.4,False,False,54.0,False,17.61,False
2023-10-03,51.5,False,False,57.3,False,False,58.2,False,19.78,False
2023-10-04,58.6,False,False,63.0,False,False,57.7,False,18.58,False
2023-10-05,56.1,False,False,58.0,False,False,58.5,False,18.49,False
2023-10-06,58.2,False,False,63.8,False,False,56.7,False,17.45,False
2023-10-09,57.8,False,False,68.2,False,False,55.7,False,17.7,False
2023-10-10,61.8,False,False,74.9,False,False,51.1,False,17.03,False
2023-10-11,59.0,False,False,69.0,False,False,54.2,False,16.09,False
2023-10-12,66.0,False,False,71.9,False,False,58.2,False,16.69,False
2023-10-13,56.0,False,False,61.8,False,False,56.8,False,19.32,False
2023-10-16,56.9,False,False,69.7,False,False,51.5,False,17.21,False
2023-10-17,69.3,False,False,81.3,False,False,49.7,False,17.88,False
2023-10-18,60.0,False,False,71.0,False,False,61.9,False,19.22,False
2023-10-19,60.2,False,False,66.4,False,False,62.1,False,21.4,False
2023-10-20,50.2,False,False,56.0,False,False,65.6,False,21.71,False
2023-10-23,59.4,False,False,61.3,False,False,65.9,False,20.37,False
2023-10-24,50.4,False,False,56.9,False,False,62.9,False,18.97,False
2023-10-25,51.3,False,False,52.6,False,False,66.9,False,20.19,False
2023-10-26,49.7,False,False,50.0,False,False,69.4,False,20.68,False
2023-10-27,49.2,False,False,47.1,False,False,70.7,False,21.27,False
2023-10-30,49.8,False,False,53.6,False,False,69.1,False,19.75,False
2023-10-31,47.0,False,False,54.9,False,False,65.2,False,18.14,False
2023-11-01,58.9,False,False,67.8,False,False,65.5,False,16.87,False
2023-11-02,54.6,False,False,70.1,False,False,60.6,False,15.66,False
2023-11-03,60.1,False,False,77.3,False,False,52.8,False,14.91,False
2023-11-06,62.8,False,False,80.3,False,False,57.8,False,14.89,False
2023-11-07,62.9,False,False,75.8,False,False,57.1,False,14.81,False
2023-11-08,56.7,False,False,69.0,False,False,60.5,False,14.45,False
2023-11-09,68.1,False,False,73.9,False,False,62.9,False,15.29,False
2023-11-10,73.7,False,False,85.6,False,False,59.9,False,14.17,False
2023-11-13,71.5,False,False,83.5,False,False,60.1,False,14.76,False
2023-11-14,72.2,False,False,88.3,False,False,49.2,False,14.16,False
2023-11-15,72.3,False,False,90.5,False,False,47.1,False,14.18,False
2023-11-16,71.7,False,False,84.5,False,False,49.8,False,14.32,False
2023-11-17,71.5,False,False,89.3,False,False,45.1,False,13.8,False
2023-11-20,72.2,False,False,92.2,False,False,45.4,False,13.41,False
2023-11-21,77.6,False,False,92.3,False,False,46.2,False,13.35,False
2023-11-22,82.4,False,False,95.8,False,False,40.0,False,12.85,False
2023-11-24,78.5,False,False,93.5,False,False,36.3,False,12.46,False
2023-11-27,72.8,False,False,87.3,False,False,36.9,False,12.69,False
2023-11-28,73.1,False,False,87.5,False,False,38.5,False,12.69,False
2023-11-29,69.5,False,False,86.0,False,False,38.4,False,12.98,False
2023-11-30,51.5,False,False,73.3,False,False,35.3,False,12.92,False
2023-12-01,60.3,False,False,80.3,False,False,33.9,False,12.63,False
2023-12-04,55.9,False,False,76.0,False,False,33.1,False,13.08,False
2023-12-05,65.8,False,False,76.7,False,False,36.5,False,12.85,False
2023-12-06,53.7,False,False,67.9,False,False,37.5,False,12.97,False
2023-12-07,62.2,False,False,73.6,False,False,36.2,False,13.06,False
2023-12-08,63.0,False,False,77.8,False,False,32.0,False,12.35,False
2023-12-11,68.7,False,False,86.2,False,False,30.2,False,12.63,False
2023-12-12,66.1,False,False,83.3,False,False,34.0,False,12.07,False
2023-12-13,59.9,False,False,80.6,False,False,26.7,False,12.19,False
2023-12-14,49.0,False,False,72.0,False,False,24.8,False,12.48,False
2023-12-15,43.0,False,False,63.8,False,False,28.7,False,12.28,False
2023-12-18,56.1,False,False,77.6,False,False,26.1,False,12.56,False
2023-12-19,52.1,False,False,74.6,False,False,22.4,False,12.53,False
2023-12-20,50.1,False,False,64.6,False,False,31.7,False,13.67,False
2023-12-21,56.5,False,False,76.5,False,False,27.7,False,13.65,False
2023-12-22,58.2,False,False,77.3,False,False,27.1,False,13.03,False
2023-12-26,66.6,False,False,84.8,False,False,25.8,False,12.99,False
2023-12-27,67.4,False,False,80.5,False,False,25.4,False,12.43,False
2023-12-28,69.3,False,False,84.3,False,False,25.4,False,12.47,False
2023-12-29,68.3,False,False,82.0,False,False,26.4,False,12.45,False
2024-01-02,52.4,False,False,72.6,False,False,27.0,False,13.2,False
2024-01-03,45.3,False,False,56.2,False,False,29.3,False,14.04,False
2024-01-04,46.7,False,False,57.8,False,False,29.8,False,14.13,False
2024-01-05,54.5,False,False,63.5,False,False,29.5,False,13.35,False
2024-01-08,60.5,False,False,70.9,False,False,28.3,False,13.08,False
2024-01-09,69.0,False,False,73.4,False,False,29.0,False,12.76,False
2024-01-10,67.0,False,False,69.7,False,False,28.3,False,12.69,False
2024-01-11,71.5,False,False,65.4,False,False,29.3,False,12.44,False
2024-01-12,57.9,False,False,55.0,False,False,28.4,False,12.7,False
2024-01-16,66.5,False,False,64.0,False,False,32.6,False,13.84,False
2024-01-17,65.0,False,False,60.1,False,False,39.2,False,14.79,False
2024-01-18,71.5,False,False,70.6,False,False,38.0,False,14.13,False
2024-01-19,70.9,False,False,78.1,False,False,36.9,False,13.3,False
2024-01-22,68.5,False,False,78.1,False,False,30.7,False,13.19,False
2024-01-23,57.2,False,False,64.7,False,False,25.1,False,12.55,False
2024-01-24,77.8,False,False,76.6,False,False,30.4,False,13.14,False
2024-01-25,75.4,False,False,79.6,False,False,28.1,False,13.45,False
2024-01-26,69.8,False,False,74.0,False,False,23.1,False,13.26,False
2024-01-29,71.5,False,False,76.2,False,False,22.0,False,13.6,False
2024-01-30,71.4,False,False,73.8,False,False,22.6,False,13.31,False
2024-01-31,50.9,False,False,56.9,False,False,34.7,False,14.35,False
2024-02-01,52.6,False,False,59.4,False,False,28.8,False,13.88,False
2024-02-02,63.8,False,False,68.2,False,False,31.1,False,13.85,False
2024-02-05,73.3,False,False,76.2,False,False,36.3,False,13.67,False
2024-02-06,79.1,False,False,79.7,False,False,28.4,False,13.06,False
2024-02-07,71.3,False,False,76.7,False,False,30.5,False,12.83,False
2024-02-08,60.1,False,False,69.6,False,False,31.8,False,12.79,False
2024-02-09,74.6,False,False,83.0,False,False,28.8,False,12.93,False
2024-02-12,79.9,False,False,88.1,False,False,23.3,False,13.93,False
2024-02-13,70.6,False,False,80.6,False,False,35.9,False,15.85,False
2024-02-14,73.7,False,False,80.9,False,False,28.5,False,14.38,False
2024-02-15,78.2,False,False,86.7,False,False,25.3,False,14.01,False
2024-02-16,79.3,False,False,84.0,False,False,31.1,False,14.24,False
2024-02-20,74.5,False,False,83.1,False,False,32.5,False,15.42,False
2024-02-21,78.3,False,False,85.3,False,False,27.7,False,15.34,False
2024-02-22,83.6,False,False,92.2,False,False,30.3,False,14.54,False
2024-02-23,83.7,False,False,91.6,False,False,30.0,False,13.75,False
2024-02-26,78.3,False,False,86.4,False,False,32.4,False,13.74,False
2024-02-27,74.3,False,False,85.9,False,False,28.4,False,13.43,False
2024-02-28,63.0,False,False,75.7,False,False,28.6,False,13.84,False
2024-02-29,65.5,False,False,83.8,False,False,25.9,False,13.4,False
2024-03-01,77.6,False,False,90.5,False,False,23.1,False,13.11,False
2024-03-04,82.8,False,False,92.3,False,False,27.4,False,13.49,False
2024-03-05,80.0,False,False,85.3,False,False,28.8,False,14.46,False
2024-03-06,83.3,False,False,89.1,False,False,27.5,False,14.5,False
2024-03-07,83.5,False,False,90.6,False,False,20.9,False,14.44,False
2024-03-08,86.3,True,True,91.1,False,False,23.8,False,14.74,False
2024-03-11,79.3,False,False,87.0,False,False,21.4,False,15.22,False
2024-03-12,86.0,False,False,93.9,False,False,20.9,False,13.84,False
2024-03-13,81.7,False,False,90.3,False,False,17.5,False,13.75,False
2024-03-14,81.0,False,False,81.0,False,False,19.7,False,14.4,False
2024-03-15,52.5,False,False,61.6,False,False,21.0,False,14.41,False
2024-03-18,72.3,False,False,81.3,False,False,22.0,False,14.33,False
2024-03-19,70.8,False,False,84.0,False,False,19.0,False,13.82,False
2024-03-20,64.0,False,False,87.2,False,False,20.3,False,13.04,False
2024-03-21,72.1,False,False,92.9,False,False,16.1,False,12.92,False
2024-03-22,79.1,False,False,89.5,False,False,18.6,False,13.06,False
2024-03-25,82.8,False,False,85.8,False,False,18.9,False,13.19,False
2024-03-26,77.6,False,False,82.7,False,False,17.2,False,13.24,False
2024-03-27,69.7,False,False,88.3,False,False,12.8,False,12.78,False
2024-03-28,52.7,False,False,80.5,False,False,12.8,False,13.01,False
2024-04-01,67.7,False,False,85.9,False,False,13.1,False,13.65,False
2024-04-02,51.2,False,False,67.9,False,False,16.3,False,14.61,False
2024-04-03,51.4,False,False,67.8,False,False,16.3,False,14.33,False
2024-04-04,56.9,False,False,67.6,False,False,24.9,False,16.35,False
2024-04-05,65.9,False,False,70.9,False,False,22.0,False,16.03,False
2024-04-08,51.8,False,False,66.2,False,False,21.3,False,15.19,False
2024-04-09,65.9,False,False,75.1,False,False,16.3,False,14.98,False
2024-04-10,58.8,False,False,59.3,False,False,27.7,False,15.8,False
2024-04-11,73.0,False,False,67.4,False,False,26.9,False,14.91,False
2024-04-12,63.8,False,False,60.4,False,False,33.4,False,17.31,False
2024-04-15,61.0,False,False,57.6,False,False,37.1,False,19.23,False
2024-04-16,52.4,False,False,46.3,False,False,37.4,False,18.4,False
2024-04-17,57.3,False,False,51.7,False,False,37.2,False,18.21,False
2024-04-18,54.6,False,False,49.3,False,False,36.9,False,18.0,False
2024-04-19,64.3,False,False,56.7,False,False,36.5,False,18.71,False
2024-04-22,58.2,False,False,54.3,False,False,35.8,False,16.94,False
2024-04-23,49.8,False,False,53.1,False,False,32.9,False,15.69,False
2024-04-24,52.9,False,False,52.8,False,False,33.1,False,15.97,False
2024-04-25,56.5,False,False,51.9,False,False,36.7,False,15.37,False
2024-04-26,65.4,False,False,63.3,False,False,37.3,False,15.03,False
2024-04-29,73.6,False,False,72.7,False,False,36.6,False,14.67,False
2024-04-30,52.6,False,False,52.8,False,False,43.2,False,15.65,False
2024-05-01,63.0,False,False,57.7,False,False,43.1,False,15.39,False
2024-05-02,51.4,False,False,52.6,False,False,41.0,False,14.68,False
2024-05-03,57.0,False,False,63.5,False,False,37.6,False,13.49,False
2024-05-06,51.9,False,False,66.6,False,False,35.4,False,13.49,False
2024-05-07,49.5,False,False,61.6,False,False,32.9,False,13.23,False
2024-05-08,42.7,False,False,56.2,False,False,33.7,False,13.0,False
2024-05-09,46.5,False,False,61.4,False,False,29.5,False,12.69,False
2024-05-10,47.3,False,False,65.7,False,False,24.8,False,12.55,False
2024-05-13,43.6,False,False,62.9,False,False,22.4,False,13.6,False
2024-05-14,43.8,False,False,62.5,False,False,22.1,False,13.42,False
2024-05-15,60.2,False,False,80.1,False,False,20.2,False,12.45,False
2024-05-16,45.3,False,False,67.6,False,False,20.6,False,12.42,False
2024-05-17,48.1,False,False,70.6,False,False,18.8,False,11.99,False
2024-05-20,58.3,False,False,76.6,False,False,22.6,False,12.15,False
2024-05-21,69.4,False,False,82.1,False,False,23.1,False,11.86,False
2024-05-22,70.8,False,False,79.9,False,False,23.2,False,12.29,False
2024-05-23,85.5,False,False,73.0,False,False,29.6,False,12.77,False
2024-05-24,79.6,False,False,70.0,False,False,28.4,False,11.93,False
2024-05-28,84.5,False,False,72.2,False,False,29.9,False,12.92,False
2024-05-29,79.8,False,False,66.8,False,False,28.8,False,14.28,False
2024-05-30,79.7,False,False,65.9,False,False,27.0,False,14.47,False
2024-05-31,60.5,False,False,57.8,False,False,23.2,False,12.92,False
2024-06-03,72.5,False,False,63.2,False,False,26.0,False,13.11,False
2024-06-04,67.3,False,False,52.2,False,False,25.4,False,13.16,False
2024-06-05,85.2,False,False,68.5,False,False,25.3,False,12.63,False
2024-06-06,87.8,False,False,66.1,False,False,23.4,False,12.58,False
2024-06-07,78.8,False,False,62.8,False,False,27.5,False,12.22,False
2024-06-10,75.0,False,False,62.5,False,False,21.9,False,12.74,False
2024-06-11,77.7,False,False,62.4,False,False,24.4,False,12.85,False
2024-06-12,88.5,False,False,71.7,False,False,26.3,False,12.04,False
2024-06-13,89.5,False,False,72.5,False,False,26.7,False,11.94,False
2024-06-14,89.3,True,True,69.1,False,False,28.0,False,12.66,False
2024-06-17,90.0,True,True,75.7,False,False,26.4,False,12.75,False
2024-06-18,89.2,True,True,75.0,False,False,26.6,False,12.3,False
2024-06-20,90.2,True,True,70.6,False,False,22.4,False,13.28,False
2024-06-21,78.0,False,False,63.3,False,False,19.7,False,13.2,False
2024-06-24,80.9,False,False,74.4,False,False,20.2,False,13.33,False
2024-06-25,79.8,False,False,68.3,False,False,23.7,False,12.84,False
2024-06-26,82.2,False,False,70.4,False,False,23.9,False,12.55,False
2024-06-27,78.8,False,False,68.6,False,False,19.0,False,12.24,False
2024-06-28,58.2,False,False,53.0,False,False,21.2,False,12.44,False
2024-07-01,85.5,False,False,68.0,False,False,25.7,False,12.22,False
2024-07-02,88.6,False,False,76.5,False,False,23.5,False,12.03,False
2024-07-03,92.0,True,True,81.9,False,False,25.2,False,12.09,False
2024-07-05,89.5,True,True,74.0,False,False,20.9,False,12.48,False
2024-07-08,93.3,True,True,80.5,False,False,23.6,False,12.37,False
2024-07-09,94.1,True,True,80.2,False,False,25.4,False,12.51,False
2024-07-10,94.1,True,True,85.0,False,False,23.4,False,12.85,False
2024-07-11,93.6,True,True,86.0,False,False,18.7,False,12.92,False
2024-07-12,87.7,True,True,81.0,False,False,14.8,False,12.46,False
2024-07-15,83.6,True,True,82.0,False,False,19.8,False,13.12,False
2024-07-16,66.5,False,False,70.1,False,False,14.8,False,13.19,False
2024-07-17,76.2,False,False,73.6,False,False,19.6,False,14.48,False
2024-07-18,71.4,False,False,64.7,False,False,24.8,False,15.93,False
2024-07-19,65.4,False,False,60.1,False,False,27.2,False,16.52,False
2024-07-22,76.7,False,False,77.8,False,False,21.8,False,14.91,False
2024-07-23,62.2,False,False,64.0,False,False,25.6,False,14.72,False
2024-07-24,68.7,False,False,64.5,False,False,37.7,False,18.04,False
2024-07-25,63.7,False,False,59.5,False,False,39.1,False,18.46,False
2024-07-26,54.3,False,False,52.3,False,False,34.2,False,16.39,False
2024-07-29,62.7,False,False,59.0,False,False,30.1,False,16.6,False
2024-07-30,67.9,False,False,59.8,False,False,30.9,False,17.69,False
2024-07-31,66.1,False,False,63.0,False,False,29.5,False,16.36,False
2024-08-01,65.0,False,False,52.8,False,False,42.4,False,18.59,False
2024-08-02,60.2,False,False,41.8,False,False,51.0,False,23.39,False
2024-08-05,46.5,False,False,28.6,False,False,58.7,False,38.57,False
2024-08-06,43.5,False,False,27.0,False,False,55.6,False,27.71,False
2024-08-07,43.2,False,False,28.1,False,False,58.2,False,27.85,False
2024-08-08,46.1,False,False,36.2,False,False,52.0,False,23.79,False
2024-08-09,48.0,False,False,35.3,False,False,50.6,False,20.37,False
2024-08-12,49.2,False,False,34.3,False,False,55.2,False,20.71,False
2024-08-13,67.1,False,False,54.5,False,False,49.5,False,18.12,False
2024-08-14,62.2,False,False,52.7,False,False,52.3,False,16.19,False
2024-08-15,66.9,False,False,67.6,False,False,43.6,False,15.23,False
2024-08-16,68.9,False,False,67.7,False,False,43.0,False,14.8,False
2024-08-19,79.3,False,False,79.2,False,False,40.7,False,14.65,False
2024-08-20,75.3,False,False,69.4,False,False,42.1,False,15.88,False
2024-08-21,68.4,False,False,71.1,False,False,40.7,False,16.27,False
2024-08-22,75.8,False,False,66.9,False,False,41.8,False,17.55,False
2024-08-23,72.2,False,False,71.7,False,False,38.5,False,15.86,False
2024-08-26,71.1,False,False,71.4,False,False,39.0,False,16.15,False
2024-08-27,68.8,False,False,71.4,False,False,39.5,False,15.43,False
2024-08-28,71.9,False,False,74.5,False,False,43.3,False,17.11,False
2024-08-29,72.1,False,False,68.8,False,False,42.6,False,15.65,False
2024-08-30,55.7,False,False,65.0,False,False,38.1,False,15.0,False
2024-09-03,48.9,False,False,50.7,False,False,45.5,False,20.72,False
2024-09-04,42.7,False,False,38.0,False,False,46.5,False,21.32,False
2024-09-05,39.6,False,False,32.4,False,False,47.2,False,19.9,False
2024-09-06,45.4,False,False,29.5,False,False,52.8,False,22.38,False
2024-09-09,32.2,False,False,19.7,False,False,49.1,False,19.45,False
2024-09-10,37.8,False,False,24.7,False,False,50.9,False,19.08,False
2024-09-11,53.2,False,False,44.4,False,False,49.7,False,17.69,False
2024-09-12,47.3,False,False,40.3,False,False,43.7,False,17.07,False
2024-09-13,36.9,False,False,36.7,False,False,44.9,False,16.56,False
2024-09-16,42.8,False,False,48.3,False,False,41.1,False,17.14,False
2024-09-17,38.5,False,False,40.2,False,False,37.8,False,17.61,False
2024-09-18,45.0,False,False,47.3,False,False,41.0,False,18.23,False
2024-09-19,44.9,False,False,47.3,False,False,40.2,False,16.33,False
2024-09-20,43.2,False,False,48.5,False,False,41.5,False,16.15,False
2024-09-23,38.9,False,False,48.8,False,False,38.5,False,15.89,False
2024-09-24,47.7,False,False,52.8,False,False,37.8,False,15.39,False
2024-09-25,39.4,False,False,44.4,False,False,42.1,False,15.41,False
2024-09-26,48.4,False,False,58.0,False,False,41.8,False,15.37,False
2024-09-27,43.3,False,False,47.9,False,False,35.2,False,16.96,False
2024-09-30,38.6,False,False,43.1,False,False,37.6,False,16.73,False
2024-10-01,42.0,False,False,41.6,False,False,36.2,False,19.26,False
2024-10-02,35.1,False,False,34.2,False,False,39.6,False,18.9,False
2024-10-03,36.4,False,False,39.9,False,False,40.5,False,20.49,False
2024-10-04,44.0,False,False,50.3,False,False,32.2,False,19.21,False
2024-10-07,46.3,False,False,48.9,False,False,36.1,False,22.64,False
2024-10-08,42.2,False,False,47.4,False,False,34.8,False,21.42,False
2024-10-09,43.8,False,False,53.1,False,False,29.2,False,20.86,False
2024-10-10,53.3,False,False,58.3,False,False,31.2,False,20.93,False
2024-10-11,40.9,False,False,52.8,False,False,25.5,False,20.46,False
2024-10-14,45.4,False,False,63.4,False,False,26.8,False,19.7,False
2024-10-15,47.2,False,False,56.9,False,False,27.1,False,20.64,False
2024-10-16,41.5,False,False,57.9,False,False,25.6,False,19.58,False
2024-10-17,40.9,False,False,56.3,False,False,29.3,False,19.11,False
2024-10-18,39.0,False,False,51.7,False,False,29.9,False,18.03,False
2024-10-21,40.2,False,False,50.3,False,False,30.2,False,18.37,False
2024-10-22,41.2,False,False,44.8,False,False,31.0,False,18.2,False
2024-10-23,45.2,False,False,46.9,False,False,35.6,False,19.24,False
2024-10-24,51.4,False,False,50.0,False,False,36.0,False,19.08,False
2024-10-25,55.5,False,False,53.2,False,False,35.2,False,20.33,False
2024-10-28,39.0,False,False,41.6,False,False,32.6,False,19.8,False
2024-10-29,34.9,False,False,38.2,False,False,36.2,False,19.34,False
2024-10-30,38.3,False,False,35.9,False,False,39.7,False,20.35,False
2024-10-31,33.6,False,False,37.8,False,False,48.7,False,23.16,False
2024-11-01,35.2,False,False,31.1,False,False,46.8,False,21.88,False
2024-11-04,30.2,False,False,25.0,False,False,46.4,False,21.98,False
2024-11-05,30.3,False,False,30.7,False,False,43.8,False,20.49,False
2024-11-06,34.5,False,False,56.1,False,False,42.9,False,16.27,False
2024-11-07,38.4,False,False,58.0,False,False,39.6,False,15.2,False
2024-11-08,51.6,False,False,58.8,False,False,40.0,False,14.94,False
2024-11-11,62.3,False,False,68.8,False,False,39.8,False,14.97,False
2024-11-12,53.3,False,False,52.9,False,False,41.9,False,14.71,False
2024-11-13,52.7,False,False,50.7,False,False,41.4,False,14.02,False
2024-11-14,44.0,False,False,47.1,False,False,43.1,False,14.31,False
2024-11-15,35.9,False,False,45.1,False,False,48.9,False,16.14,False
2024-11-18,42.9,False,False,50.9,False,False,47.0,False,15.58,False
2024-11-19,33.8,False,False,43.1,False,False,46.6,False,16.35,False
2024-11-20,34.2,False,False,43.0,False,False,44.7,False,17.16,False
2024-11-21,40.1,False,False,52.0,False,False,41.9,False,16.87,False
2024-11-22,37.3,False,False,62.3,False,False,40.3,False,15.24,False
2024-11-25,33.7,False,False,64.4,False,False,34.7,False,14.6,False
2024-11-26,38.1,False,False,64.7,False,False,40.0,False,14.1,False
2024-11-27,50.5,False,False,73.7,False,False,34.9,False,14.1,False
2024-11-29,46.2,False,False,67.5,False,False,30.2,False,13.51,False
2024-12-02,54.0,False,False,70.3,False,False,31.9,False,13.34,False
2024-12-03,49.7,False,False,63.7,False,False,35.1,False,13.3,False
2024-12-04,57.7,False,False,60.1,False,False,37.2,False,13.45,False
2024-12-05,51.8,False,False,39.5,False,False,35.5,False,13.54,False
2024-12-06,58.6,False,False,48.5,False,False,35.4,False,12.77,False
2024-12-09,50.4,False,False,43.4,False,False,30.9,False,14.19,False
2024-12-10,47.5,False,False,44.2,False,False,36.3,False,14.18,False
2024-12-11,49.1,False,False,35.7,False,False,35.6,False,13.58,False
2024-12-12,54.8,False,False,40.9,False,False,38.4,False,13.92,False
2024-12-13,75.8,False,False,65.0,False,False,38.7,False,13.81,False
2024-12-16,73.5,False,False,64.8,False,False,36.2,False,14.69,False
2024-12-17,66.4,False,False,52.8,False,False,37.4,False,15.87,False
2024-12-18,53.8,False,False,43.6,False,False,49.7,False,27.62,False
2024-12-19,40.0,False,False,35.8,False,False,50.2,False,24.09,False
2024-12-20,30.4,False,False,33.0,False,False,47.4,False,18.36,False
2024-12-23,47.8,False,False,57.0,False,False,45.2,False,16.78,False
2024-12-24,65.1,False,False,68.3,False,False,44.2,False,14.27,False
2024-12-26,63.4,False,False,60.8,False,False,43.2,False,14.73,False
2024-12-27,65.4,False,False,55.2,False,False,49.4,False,15.95,False
2024-12-30,54.7,False,False,47.9,False,False,54.1,False,17.4,False
2024-12-31,56.8,False,False,47.7,False,False,49.1,False,17.35,False
2025-01-02,61.7,False,False,51.7,False,False,55.6,False,17.93,False
2025-01-03,65.7,False,False,61.8,False,False,53.1,False,16.13,False
2025-01-06,60.1,False,False,48.2,False,False,53.3,False,16.04,False
2025-01-07,58.8,False,False,44.5,False,False,58.3,False,17.82,False
2025-01-08,44.8,False,False,35.5,False,False,57.7,False,17.7,False
2025-01-10,35.7,False,False,39.1,False,False,62.1,False,19.54,False
2025-01-13,31.5,False,False,32.6,False,False,59.8,False,19.19,False
2025-01-14,34.1,False,False,43.8,False,False,59.0,False,18.71,False
2025-01-15,35.7,False,False,41.9,False,False,57.4,False,16.12,False
2025-01-16,38.4,False,False,48.7,False,False,54.7,False,16.6,False
2025-01-17,37.9,False,False,51.2,False,False,54.7,False,15.97,False
2025-01-21,39.9,False,False,66.5,False,False,44.8,False,15.06,False
2025-01-22,45.6,False,False,66.4,False,False,50.6,False,15.1,False
2025-01-23,35.7,False,False,53.3,False,False,46.2,False,15.02,False
2025-01-24,41.2,False,False,64.4,False,False,46.1,False,14.85,False
2025-01-27,61.8,False,False,68.6,False,False,48.2,False,17.9,False
2025-01-28,58.6,False,False,65.8,False,False,50.4,False,16.41,False
2025-01-29,57.0,False,False,66.0,False,False,50.8,False,16.56,False
2025-01-30,63.8,False,False,74.3,False,False,47.6,False,15.84,False
2025-01-31,52.2,False,False,52.2,False,False,50.3,False,16.43,False
2025-02-03,47.9,False,False,46.8,False,False,53.5,False,18.62,False
2025-02-04,42.2,False,False,38.5,False,False,52.2,False,17.21,False
2025-02-05,40.5,False,False,49.9,False,False,51.8,False,15.77,False
2025-02-06,44.6,False,False,54.3,False,False,50.5,False,15.5,False
2025-02-07,52.1,False,False,47.0,False,False,53.2,False,16.54,False
2025-02-10,48.8,False,False,50.7,False,False,49.5,False,15.81,False
2025-02-11,50.5,False,False,40.4,False,False,49.4,False,16.02,False
2025-02-12,39.5,False,False,35.5,False,False,51.3,False,15.89,False
2025-02-13,41.0,False,False,41.4,False,False,47.0,False,15.1,False
2025-02-14,43.9,False,False,46.9,False,False,47.4,False,14.77,False
2025-02-18,43.1,False,False,55.1,False,False,46.1,False,15.35,False
2025-02-19,58.8,False,False,61.9,False,False,45.7,False,15.27,False
2025-02-20,51.1,False,False,43.8,False,False,44.3,False,15.66,False
2025-02-21,40.3,False,False,29.5,False,False,53.6,False,18.21,False
2025-02-24,34.2,False,False,30.6,False,False,52.6,False,18.98,False
2025-02-25,30.3,False,False,29.4,False,False,51.2,False,19.43,False
2025-02-26,40.7,False,False,31.0,False,False,45.9,False,19.1,False
2025-02-27,40.9,False,False,34.6,False,False,56.5,False,21.13,False
2025-02-28,27.5,False,False,25.9,False,False,52.9,False,19.63,False
2025-03-03,32.6,False,False,20.1,False,False,60.8,False,22.78,False
2025-03-04,25.9,False,False,13.6,False,False,65.4,False,23.51,False
2025-03-05,25.7,False,False,17.9,False,False,61.9,False,21.93,False
2025-03-06,25.8,False,False,17.5,False,False,67.8,False,24.87,False
2025-03-07,26.3,False,False,20.0,False,False,65.4,False,23.37,False
2025-03-10,22.4,False,False,16.2,False,False,72.3,False,27.86,False
2025-03-11,27.5,False,False,11.4,False,False,73.4,False,26.92,False
2025-03-12,34.9,False,False,17.8,False,False,73.4,True,24.23,False
2025-03-13,32.7,False,False,14.6,False,False,76.1,False,24.66,False
2025-03-14,31.1,False,False,14.0,False,False,70.3,False,21.77,False
2025-03-17,35.1,False,False,28.8,False,False,66.1,False,20.51,False
2025-03-18,34.7,False,False,14.1,False,False,73.9,False,21.7,False
2025-03-19,30.4,False,False,16.0,False,False,69.2,False,19.9,False
2025-03-20,29.2,False,False,16.6,False,False,75.2,False,19.8,False
2025-03-21,23.2,False,False,11.7,False,False,77.2,False,19.28,False
2025-03-24,40.6,False,False,39.1,False,False,72.4,False,17.48,False
2025-03-25,29.0,False,False,31.0,False,False,74.3,False,17.15,False
2025-03-26,39.3,False,False,34.2,False,False,74.3,False,18.33,False
2025-03-27,39.5,False,False,32.0,False,False,75.4,False,18.69,False
2025-03-28,32.6,False,False,16.5,False,False,80.1,False,21.65,False
2025-03-31,26.2,False,False,17.1,False,False,78.8,False,22.28,False
2025-04-01,34.1,False,False,20.6,False,False,77.7,False,21.77,False
2025-04-02,50.0,False,False,37.0,False,False,72.5,False,21.51,False
2025-04-03,19.4,False,False,5.8,True,False,84.6,False,30.02,False
2025-04-04,13.0,False,False,1.4,True,False,89.2,False,45.31,False
2025-04-07,20.2,False,False,5.6,True,False,89.0,False,46.98,False
2025-04-08,18.1,False,False,5.4,True,False,90.3,False,52.33,False
2025-04-09,30.1,False,False,28.0,False,False,77.5,False,33.62,False
2025-04-10,25.4,False,False,14.4,True,False,87.4,False,40.72,False
2025-04-11,24.4,False,False,12.8,True,False,83.8,False,37.56,False
2025-04-14,38.3,False,False,21.0,True,False,78.5,False,30.89,False
2025-04-15,31.5,False,False,12.3,True,False,82.9,False,30.12,False
2025-04-16,44.4,False,False,17.7,True,False,86.3,False,32.64,False
2025-04-17,30.1,False,False,6.2,False,False,84.9,False,29.65,False
2025-04-21,25.2,False,False,5.3,True,False,88.8,False,33.82,False
2025-04-22,22.6,False,False,11.2,True,False,80.0,False,30.57,False
2025-04-23,23.2,False,False,20.3,False,False,80.1,False,28.45,False
2025-04-24,24.9,False,False,29.0,False,False,82.7,False,26.47,False
2025-04-25,43.2,False,False,35.7,False,False,85.2,False,24.84,False
2025-04-28,43.2,False,False,36.7,False,False,81.2,False,25.15,False
2025-04-29,34.7,False,False,33.5,False,False,82.9,False,24.17,False
2025-04-30,33.9,False,False,31.2,False,False,79.0,False,24.7,False
2025-05-01,41.6,False,False,35.3,False,False,85.3,False,24.6,False
2025-05-02,42.1,False,False,41.9,False,False,82.9,False,22.68,False
2025-05-05,36.1,False,False,39.0,False,False,82.8,False,23.64,False
2025-05-06,30.5,False,False,30.8,False,False,85.0,False,24.76,False
2025-05-07,38.6,False,False,34.1,False,False,81.7,False,23.55,False
2025-05-08,33.8,False,False,35.5,False,False,75.7,False,22.48,False
2025-05-09,40.9,False,False,40.5,False,False,77.3,False,21.9,False
2025-05-12,36.4,False,False,47.2,False,False,66.4,False,18.39,False
2025-05-13,51.3,False,False,56.7,False,False,69.7,False,18.22,False
2025-05-14,46.6,False,False,60.4,False,False,71.1,False,18.62,False
2025-05-15,35.5,False,False,46.9,False,False,65.0,False,17.83,False
2025-05-16,34.6,False,False,53.0,False,False,58.3,False,17.24,False
2025-05-19,33.1,False,False,49.3,False,False,55.0,False,18.14,False
2025-05-20,36.2,False,False,54.8,False,False,55.2,False,18.09,False
2025-05-21,31.7,False,False,42.1,False,False,67.6,False,20.87,False
2025-05-22,29.7,False,False,38.3,False,False,65.4,False,20.28,False
2025-05-23,36.2,False,False,45.7,False,False,68.6,False,22.29,False
2025-05-27,37.2,False,False,56.2,False,False,59.9,False,18.96,False
2025-05-28,45.0,False,False,62.2,False,False,63.3,False,19.31,False
2025-05-29,48.9,False,False,66.7,False,False,60.7,False,19.18,False
2025-05-30,29.2,False,False,40.5,False,False,65.0,False,18.57,False
2025-06-02,34.7,False,False,41.0,False,False,65.4,False,18.36,False
2025-06-03,37.0,False,False,54.6,False,False,63.4,False,17.69,False
2025-06-04,46.0,False,False,60.0,False,False,61.2,False,17.61,False
2025-06-05,57.3,False,False,56.2,False,False,65.3,False,18.48,False
2025-06-06,55.3,False,False,63.5,False,False,58.3,False,16.77,False
2025-06-09,52.8,False,False,61.3,False,False,60.0,False,17.16,False
2025-06-10,45.9,False,False,64.5,False,False,56.0,False,16.95,False
2025-06-11,47.8,False,False,66.0,False,False,58.6,False,17.26,False
2025-06-12,48.3,False,False,58.2,False,False,56.3,False,18.02,False
2025-06-13,48.0,False,False,47.1,False,False,64.1,False,20.82,False
2025-06-16,43.7,False,False,49.4,False,False,62.6,False,19.11,False
2025-06-17,36.8,False,False,40.1,False,False,65.7,False,21.6,False
2025-06-18,30.5,False,False,34.9,False,False,65.3,False,20.14,False
2025-06-20,25.3,False,False,36.2,False,False,60.0,False,20.62,False
2025-06-23,48.5,False,False,55.8,False,False,59.8,False,19.83,False
2025-06-24,43.2,False,False,63.0,False,False,52.7,False,17.48,False
2025-06-25,59.0,False,False,68.2,False,False,56.0,False,16.76,False
2025-06-26,49.3,False,False,59.5,False,False,54.0,False,16.59,False
2025-06-27,44.2,False,False,56.1,False,False,51.9,False,16.32,False
2025-06-30,50.2,False,False,62.1,False,False,47.8,False,16.73,False
2025-07-01,50.5,False,False,60.6,False,False,46.8,False,16.83,False
2025-07-02,45.4,False,False,55.1,False,False,49.0,False,16.64,False
2025-07-03,59.1,False,False,82.5,False,False,47.9,False,16.38,False
2025-07-07,48.5,False,False,70.2,False,False,49.4,False,17.79,False
2025-07-08,40.0,False,False,56.0,False,False,46.8,False,16.81,False
2025-07-09,41.0,False,False,54.5,False,False,48.2,False,15.94,False
2025-07-10,44.9,False,False,64.3,False,False,47.1,False,15.78,False
2025-07-11,41.0,False,False,52.5,False,False,50.4,False,16.4,False
2025-07-14,33.3,False,False,55.1,False,False,51.2,False,17.2,False
2025-07-15,43.4,False,False,53.5,False,False,50.9,False,17.38,False
2025-07-16,37.9,False,False,54.4,False,False,43.8,False,17.16,False
2025-07-17,33.6,False,False,48.3,False,False,45.3,False,16.52,False
2025-07-18,35.4,False,False,41.9,False,False,46.3,False,16.41,False
2025-07-21,34.7,False,False,39.3,False,False,46.4,False,16.65,False
2025-07-22,33.2,False,False,43.7,False,False,40.3,False,16.5,False
2025-07-23,33.6,False,False,58.0,False,False,40.1,False,15.37,False
2025-07-24,37.2,False,False,52.3,False,False,43.3,False,15.39,False
2025-07-25,47.8,False,False,67.8,False,False,37.0,False,14.93,False
2025-07-28,48.7,False,False,69.3,False,False,42.4,False,15.03,False
2025-07-29,41.4,False,False,50.4,False,False,43.7,False,15.98,False
2025-07-30,44.6,False,False,52.5,False,False,45.4,False,15.48,False
2025-07-31,57.6,False,False,54.4,False,False,48.3,False,16.72,False
2025-08-01,50.3,False,False,34.5,False,False,53.9,False,20.38,False
2025-08-04,48.7,False,False,37.6,False,False,51.0,False,17.52,False
2025-08-05,39.4,False,False,32.8,False,False,52.7,False,17.85,False
2025-08-06,55.9,False,False,47.9,False,False,51.9,False,16.77,False
2025-08-07,52.9,False,False,54.1,False,False,52.7,False,16.57,False
2025-08-08,63.4,False,False,55.4,False,False,52.0,False,15.15,False
2025-08-11,65.0,False,False,64.8,False,False,53.1,False,16.25,False
2025-08-12,61.5,False,False,66.8,False,False,48.6,False,14.73,False
2025-08-13,62.3,False,False,68.0,False,False,39.9,False,14.49,False
2025-08-14,62.6,False,False,61.4,False,False,39.9,False,14.83,False
2025-08-15,60.8,False,False,51.2,False,False,42.1,False,15.09,False
2025-08-18,53.2,False,False,45.7,False,False,44.1,False,14.99,False
2025-08-19,60.4,False,False,59.8,False,False,40.3,False,15.57,False
2025-08-20,61.5,False,False,65.4,False,False,39.5,False,15.69,False
2025-08-21,40.2,False,False,47.8,False,False,41.3,False,16.6,False
2025-08-22,49.0,False,False,66.5,False,False,37.5,False,14.22,False
2025-08-25,59.3,False,False,74.4,False,False,38.8,False,14.79,False
2025-08-26,47.6,False,False,66.2,False,False,43.5,False,14.62,False
2025-08-27,63.7,False,False,76.9,False,False,36.8,False,14.85,False
2025-08-28,69.5,False,False,78.9,False,False,41.2,False,14.43,False
2025-08-29,67.3,False,False,77.9,False,False,31.6,False,15.36,False
2025-09-02,47.1,False,False,55.6,False,False,37.9,False,17.17,False
2025-09-03,55.1,False,False,46.7,False,False,37.4,False,16.35,False
2025-09-04,55.1,False,False,58.8,False,False,33.8,False,15.3,False
2025-09-05,72.0,False,False,68.4,False,False,36.4,False,15.18,False
2025-09-08,44.1,False,False,46.1,False,False,36.8,False,15.11,False
2025-09-09,49.6,False,False,44.8,False,False,35.2,False,15.04,False
2025-09-10,73.6,False,False,63.2,False,False,37.1,False,15.35,False
2025-09-11,64.5,False,False,66.4,False,False,27.3,False,14.71,False
2025-09-12,73.6,False,False,68.8,False,False,34.1,False,14.76,False
2025-09-15,72.4,False,False,62.6,False,False,36.9,False,15.69,False
2025-09-16,62.9,False,False,53.7,False,False,36.5,False,16.36,False
2025-09-17,67.7,False,False,55.3,False,False,35.2,False,15.72,False
2025-09-18,65.6,False,False,65.2,False,False,34.7,False,15.7,False
2025-09-19,48.2,False,False,46.6,False,False,33.8,False,15.45,False
2025-09-22,73.8,False,False,70.5,False,False,33.2,False,16.1,False
2025-09-23,65.5,False,False,67.9,False,False,33.9,False,16.64,False
2025-09-24,61.2,False,False,63.3,False,False,34.0,False,16.18,False
2025-09-25,67.1,False,False,54.5,False,False,35.3,False,16.74,False
2025-09-26,66.5,False,False,71.6,False,False,30.3,False,15.29,False
2025-09-29,52.1,False,False,54.9,False,False,27.0,False,16.12,False
2025-09-30,46.3,False,False,50.3,False,False,24.3,False,16.28,False
2025-10-01,53.1,False,False,57.0,False,False,31.6,False,16.29,False
2025-10-02,65.1,False,False,64.6,False,False,31.3,False,16.63,False
2025-10-03,66.9,False,False,70.4,False,False,28.5,False,16.65,False
2025-10-06,73.7,False,False,75.7,False,False,31.6,False,16.37,False
2025-10-07,71.1,False,False,66.5,False,False,30.5,False,17.24,False
2025-10-08,74.2,False,False,70.1,False,False,29.4,False,16.3,False
2025-10-09,73.3,False,False,64.1,False,False,32.8,False,16.43,False
2025-10-10,69.5,False,False,47.5,False,False,45.5,False,21.66,False
2025-10-13,63.9,False,False,47.3,False,False,42.8,False,19.03,False
2025-10-14,52.0,False,False,45.1,False,False,39.1,False,20.81,False
2025-10-15,57.6,False,False,50.1,False,False,41.9,False,20.64,False
2025-10-16,48.1,False,False,42.5,False,False,45.0,False,25.31,False
2025-10-17,52.7,False,False,43.8,False,False,38.8,False,20.78,False
2025-10-20,63.1,False,False,61.8,False,False,37.9,False,18.23,False
2025-10-21,42.5,False,False,49.2,False,False,32.1,False,17.87,False
2025-10-22,51.4,False,False,45.9,False,False,36.7,False,18.6,False
2025-10-23,60.1,False,False,60.3,False,False,36.9,False,17.3,False
2025-10-24,66.5,False,False,65.0,False,False,39.0,False,16.37,False
2025-10-27,73.5,False,False,73.4,False,False,36.9,False,15.79,False
2025-10-28,75.7,False,False,66.4,False,False,40.9,False,16.42,False
2025-10-29,70.3,False,False,61.9,False,False,44.1,False,16.92,False
2025-10-30,69.3,False,False,56.7,False,False,47.8,False,16.91,False
2025-10-31,66.5,False,False,53.9,False,False,47.9,False,17.44,False
2025-11-03,68.0,False,False,56.7,False,False,49.1,False,17.17,False
2025-11-04,67.7,False,False,46.5,False,False,51.8,False,19.0,False
2025-11-05,67.5,False,False,60.5,False,False,51.7,False,18.01,False
2025-11-06,68.8,False,False,53.0,False,False,57.2,False,19.5,False
2025-11-07,67.6,False,False,60.3,False,False,47.9,False,19.08,False
2025-11-10,72.0,False,False,66.0,False,False,48.0,False,17.6,False
2025-11-11,72.1,False,False,68.8,False,False,43.3,False,17.28,False
2025-11-12,69.3,False,False,63.9,False,False,43.2,False,17.51,False
2025-11-13,69.3,False,False,61.2,False,False,49.6,False,20.0,False
2025-11-14,70.8,False,False,58.3,False,False,51.5,False,19.83,False
2025-11-17,67.6,False,False,42.2,False,False,55.2,False,22.38,False
2025-11-18,65.2,False,False,47.1,False,False,56.6,False,24.69,False
2025-11-19,65.1,False,False,40.4,False,False,56.9,False,23.66,False
2025-11-20,70.0,False,False,36.8,False,False,61.9,False,26.42,False
2025-11-21,58.4,False,False,32.3,False,False,51.0,False,23.43,False
2025-11-24,41.8,False,False,19.9,False,False,56.6,False,20.52,False
2025-11-25,57.9,False,False,45.7,False,False,47.8,False,18.56,False
2025-11-26,56.2,False,False,48.2,False,False,48.5,False,17.19,False
2025-11-28,58.4,False,False,68.3,False,False,43.9,False,16.35,False
2025-12-01,47.2,False,False,43.8,False,False,47.1,False,17.24,False
2025-12-02,51.8,False,False,55.6,False,False,47.0,False,16.59,False
2025-12-03,51.2,False,False,54.9,False,False,43.6,False,16.08,False
2025-12-04,45.2,False,False,49.1,False,False,47.0,False,15.78,False
2025-12-05,42.7,False,False,43.0,False,False,45.6,False,15.41,False
2025-12-08,45.7,False,False,47.0,False,False,46.4,False,16.66,False
2025-12-09,31.3,False,False,34.2,False,False,45.5,False,16.93,False
2025-12-10,31.1,False,False,37.8,False,False,42.4,False,15.77,False
2025-12-11,40.1,False,False,58.7,False,False,36.4,False,14.85,False
2025-12-12,55.9,False,False,65.9,False,False,42.2,False,15.74,False
2025-12-15,47.2,False,False,53.4,False,False,43.1,False,16.5,False
2025-12-16,42.8,False,False,44.4,False,False,44.0,False,16.48,False
2025-12-17,46.0,False,False,44.1,False,False,43.2,False,17.62,False
2025-12-18,45.2,False,False,44.0,False,False,44.1,False,16.87,False
2025-12-19,39.1,False,False,49.7,False,False,44.1,False,14.91,False
2025-12-22,44.0,False,False,61.7,False,False,39.2,False,14.08,False
2025-12-23,49.1,False,False,62.1,False,False,39.4,False,14.0,False
2025-12-24,56.7,False,False,73.0,False,False,34.4,False,13.47,False
2025-12-26,63.0,False,False,77.8,False,False,34.5,False,13.6,False
2025-12-29,53.0,False,False,62.0,False,False,35.3,False,14.2,False
2025-12-30,54.5,False,False,60.4,False,False,34.3,False,14.33,False
2025-12-31,56.6,False,False,51.1,False,False,37.0,False,14.95,False
2026-01-02,60.9,False,False,69.1,False,False,42.8,False,14.51,False
2026-01-05,40.7,False,False,57.1,False,False,39.3,False,14.9,False
2026-01-06,52.4,False,False,70.4,False,False,37.2,False,14.75,False
2026-01-07,38.0,False,False,42.1,False,False,42.9,False,15.38,False
2026-01-08,39.4,False,False,54.4,False,False,38.5,False,15.45,False
2026-01-09,46.2,False,False,67.8,False,False,37.6,False,14.49,False
2026-01-12,31.4,False,False,52.3,False,False,35.7,False,15.12,False
2026-01-13,34.2,False,False,53.7,False,False,37.9,False,15.98,False
2026-01-14,29.7,False,False,48.2,False,False,38.0,False,16.75,False
2026-01-15,40.8,False,False,68.7,False,False,37.0,False,15.84,False
2026-01-16,38.3,False,False,56.2,False,False,35.7,False,15.86,False
2026-01-20,32.9,False,False,53.1,False,False,46.1,False,20.09,False
2026-01-21,44.8,False,False,68.0,False,False,42.8,False,16.9,False
2026-01-22,38.9,False,False,59.3,False,False,39.8,False,15.64,False
2026-01-23,44.6,False,False,53.7,False,False,38.8,False,16.09,False
2026-01-26,32.5,False,False,44.6,False,False,37.6,False,16.15,False
2026-01-27,35.3,False,False,54.5,False,False,42.6,False,16.35,False
2026-01-28,46.5,False,False,60.2,False,False,43.9,False,16.35,False
2026-01-29,56.0,False,False,60.1,False,False,45.0,False,16.88,False
2026-01-30,47.2,False,False,52.7,False,False,45.0,False,17.44,False
2026-02-02,44.4,False,False,52.8,False,False,45.5,False,16.34,False
2026-02-03,44.8,False,False,63.3,False,False,49.0,False,18.0,False
2026-02-04,35.5,False,False,49.6,False,False,46.1,False,18.64,False
2026-02-05,36.8,False,False,35.4,False,False,53.6,False,21.77,False
2026-02-06,53.6,False,False,64.1,False,False,51.2,False,17.76,False
2026-02-09,45.5,False,False,57.0,False,False,53.1,False,17.36,False
2026-02-10,32.0,False,False,41.3,False,False,52.7,False,17.79,False
2026-02-11,30.9,False,False,42.1,False,False,54.6,False,17.65,False
2026-02-12,23.3,False,False,27.9,False,False,60.0,False,20.82,False
2026-02-13,27.0,False,False,31.3,False,False,56.9,False,20.6,False
2026-02-17,32.3,False,False,33.6,False,False,58.9,False,20.29,False
2026-02-18,33.7,False,False,39.4,False,False,52.0,False,19.62,False
2026-02-19,28.3,False,False,33.0,False,False,54.5,False,20.23,False
2026-02-20,37.7,False,False,39.7,False,False,53.4,False,19.09,False
2026-02-23,36.1,False,False,37.4,False,False,60.6,False,21.01,False
2026-02-24,43.0,False,False,44.9,False,False,58.3,False,19.55,False
2026-02-25,42.7,False,False,48.0,False,False,55.4,False,17.93,False
2026-02-26,46.5,False,False,51.6,False,False,51.0,False,18.63,False
2026-02-27,25.6,False,False,29.8,False,False,56.7,False,19.86,False
2026-03-02,25.8,False,False,28.4,False,False,51.5,False,21.44,False
2026-03-03,33.2,False,False,21.0,False,False,56.8,False,23.57,False
2026-03-04,40.2,False,False,29.9,False,False,56.1,False,21.15,False
2026-03-05,32.6,False,False,22.0,False,False,56.6,False,23.75,False
2026-03-06,38.3,False,False,22.1,False,False,64.8,False,29.49,False
2026-03-09,35.8,False,False,16.3,False,False,63.0,False,25.5,False
2026-03-10,44.3,False,False,24.4,False,False,65.3,False,24.93,False
2026-03-11,41.8,False,False,20.9,False,False,67.4,False,24.23,False
2026-03-12,31.0,False,False,13.5,False,False,72.7,False,27.29,False
2026-03-13,43.8,False,False,21.4,False,False,69.8,False,27.19,False
2026-03-16,54.4,False,False,28.7,False,False,67.8,False,23.51,False
2026-03-17,47.2,False,False,26.3,False,False,65.6,False,22.37,False
2026-03-18,45.4,False,False,25.6,False,False,73.4,False,25.09,False
2026-03-19,44.7,False,False,22.9,False,False,73.9,False,24.06,False
2026-03-20,22.2,False,False,14.5,False,False,77.1,True,26.78,False
2026-03-23,38.1,False,False,25.7,False,False,73.2,False,26.15,False
2026-03-24,37.7,False,False,24.8,False,False,75.0,False,26.95,False
2026-03-25,44.4,False,False,28.6,False,False,75.1,False,25.33,False
2026-03-26,45.3,False,False,30.2,False,False,78.8,False,27.44,False
2026-03-27,37.3,False,False,17.0,True,False,83.5,False,31.05,False
2026-03-30,40.3,False,False,18.9,True,False,82.0,False,30.61,False
2026-03-31,37.6,False,False,17.6,False,False,76.6,False,25.25,False
2026-04-01,42.0,False,False,26.0,False,False,80.7,False,24.54,False
2026-04-02,54.0,False,False,34.8,False,False,79.7,False,23.87,False
2026-04-06,54.7,False,False,43.4,False,False,75.4,False,24.17,False
2026-04-07,50.7,False,False,35.0,False,False,79.5,False,25.78,False
2026-04-08,48.4,False,False,49.2,False,False,75.2,False,21.04,False
2026-04-09,59.7,False,False,57.5,False,False,76.1,False,19.49,False
2026-04-10,63.2,False,False,57.2,False,False,76.7,False,19.23,False
2026-04-13,60.5,False,False,58.6,False,False,70.1,False,19.12,False
2026-04-14,64.7,False,False,65.2,False,False,64.5,False,18.36,False
2026-04-15,68.3,False,False,67.0,False,False,65.2,False,18.17,False
2026-04-16,64.5,False,False,69.5,False,False,62.9,False,17.94,False
2026-04-17,59.8,False,False,63.7,False,False,58.2,False,17.48,False
2026-04-20,57.6,False,False,62.8,False,False,58.3,False,18.87,False
2026-04-21,46.6,False,False,51.7,False,False,64.3,False,19.5,False
2026-04-22,63.1,False,False,67.3,False,False,62.6,False,18.92,False
2026-04-23,62.3,False,False,71.1,False,False,65.9,False,19.31,False
2026-04-24,72.4,False,False,69.4,False,False,62.9,False,18.71,False
2026-04-27,73.1,False,False,71.0,False,False,59.9,False,18.02,False
2026-04-28,69.3,False,False,65.1,False,False,61.8,False,17.83,False
2026-04-29,63.4,False,False,58.0,False,False,60.1,False,18.81,False
2026-04-30,73.1,False,False,64.9,False,False,55.9,False,16.89,False
2026-05-01,74.9,False,False,62.6,False,False,56.1,False,16.99,False
2026-05-04,69.7,False,False,58.6,False,False,58.6,False,18.29,False
2026-05-05,75.2,False,False,63.6,False,False,57.2,False,17.38,False
2026-05-06,77.9,False,False,66.5,False,False,53.0,False,17.39,False
2026-05-07,74.3,False,False,63.6,False,False,52.0,False,17.08,False
2026-05-08,81.1,False,False,60.9,False,False,53.1,False,17.19,False
2026-05-11,81.1,False,False,69.4,False,False,53.3,False,18.38,False
2026-05-12,81.8,False,True,68.6,False,False,51.7,False,17.99,False
2026-05-13,80.7,False,True,66.5,False,False,51.2,False,17.87,False
2026-05-14,80.1,False,True,66.8,False,False,49.0,False,17.26,False
2026-05-15,78.4,False,False,59.0,False,False,55.0,False,18.43,False
2026-05-18,76.0,False,False,59.9,False,False,51.5,False,17.82,False
2026-05-19,74.4,False,False,55.4,False,False,56.3,False,18.06,False
2026-05-20,73.9,False,False,63.4,False,False,45.6,False,17.44,False
2026-05-21,77.7,False,False,72.5,False,False,47.7,False,16.76,False
2026-05-22,77.2,False,False,77.6,False,False,43.5,False,16.7,False
2026-05-26,82.5,False,False,88.8,False,False,45.8,False,17.01,False
2026-05-27,86.4,False,False,81.5,False,False,48.2,False,16.29,False
2026-05-28,83.8,True,True,78.1,False,False,46.3,False,15.74,False
2026-05-29,81.3,False,True,76.5,False,False,45.7,False,15.32,False
2026-06-01,86.4,False,True,71.1,False,False,46.5,False,16.05,False
2026-06-02,88.0,False,True,80.8,False,False,46.6,False,15.77,False
2026-06-03,87.0,True,True,72.6,False,False,48.2,False,16.06,False
2026-06-04,88.2,True,True,85.5,False,False,44.0,False,15.4,False
2026-06-05,81.3,False,True,72.1,False,False,54.1,False,21.51,False
2026-06-08,81.8,False,True,63.8,False,False,54.6,False,18.92,False
2026-06-09,75.8,False,False,72.3,False,False,50.8,False,19.87,False
2026-06-10,65.9,False,False,56.8,False,False,59.7,False,22.22,False
2026-06-11,68.4,False,False,71.6,False,False,56.0,False,19.44,False
2026-06-12,72.6,False,False,86.3,False,False,53.9,False,17.68,False
2026-06-15,74.4,False,False,91.4,False,False,49.1,False,16.2,False
2026-06-16,75.9,False,False,82.9,False,False,50.3,False,16.41,False
2026-06-17,74.1,False,False,65.1,False,False,59.6,False,18.44,False
2026-06-18,78.3,False,False,75.6,False,False,58.2,False,16.4,False
2026-06-22,79.4,False,False,78.2,False,False,59.5,False,17.28,False
2026-06-23,77.0,False,False,72.8,False,False,60.2,False,19.49,False
2026-06-24,75.3,False,False,60.9,False,False,58.4,False,18.63,False
2026-06-25,80.4,False,False,76.1,False,False,60.4,False,18.89,False
2026-06-26,75.4,False,False,59.1,False,False,55.9,False,18.41,False
2026-06-29,78.3,False,False,73.3,False,False,59.3,False,17.65,False
2026-06-30,75.5,False,False,70.6,False,False,59.0,False,16.45,False
2026-07-01,77.8,False,False,75.0,False,False,53.5,False,16.59,False
2026-07-02,79.3,False,False,74.3,False,False,49.3,False,16.15,False
2026-07-06,74.3,False,False,70.7,False,False,52.8,False,15.57,False
2026-07-07,77.8,False,False,76.8,False,False,47.3,False,16.13,False
2026-07-08,74.8,False,False,58.9,False,False,49.9,False,16.9,False
2026-07-09,78.8,False,False,71.7,False,False,47.6,False,15.84,False
2026-07-10,78.9,False,False,70.4,False,False,42.4,False,15.03,False
2026-07-13,68.5,False,False,73.3,False,False,45.0,False,17.16,False
2026-07-14,68.2,False,False,73.0,False,False,46.1,False,16.5,False
2026-07-15,78.0,False,False,75.6,False,False,44.5,False,15.67,False
2026-07-16,66.3,False,False,76.8,False,False,40.5,False,16.73,False
2026-07-17,66.7,False,False,61.0,False,False,43.9,False,18.77,False
2026-07-20,61.4,False,False,53.3,False,False,47.6,False,18.65,False
2026-07-21,67.5,False,False,64.0,False,False,46.9,False,17.05,False
2026-07-22,62.2,False,False,57.9,False,False,43.2,False,16.64,False
2026-07-23,60.7,False,False,59.4,False,False,49.9,False,18.7,False
2026-07-24,62.7,False,False,66.4,False,False,47.6,False,18.58,False
2026-07-27,64.2,False,False,77.5,False,False,42.2,False,18.67,False
2026-07-28,59.0,False,False,76.4,False,False,36.7,False,18.21,False
2026-07-29,58.1,False,False,66.9,False,False,46.1,False,20.66,False
2026-07-30,69.6,False,False,68.7,False,False,45.9,False,17.09,False
2026-07-31,68.5,False,False,63.5,False,False,45.4,False,15.99,False
2026-08-03,62.6,False,False,60.3,False,False,39.7,False,15.86,False
2026-08-04,60.8,False,False,83.9,False,False,40.3,False,16.5,False
2026-08-05,60.4,False,False,79.0,False,False,42.7,False,15.81,False
2026-08-06,57.2,False,False,71.1,False,False,41.3,False,15.15,False
2026-08-07,60.1,False,False,84.1,False,False,34.4,False,14.9,False
2026-08-10,59.7,False,False,80.0,False,False,37.2,False,15.46,False
2026-08-11,60.5,False,False,77.4,False,False,36.8,False,15.28,False
2026-08-12,68.2,False,False,87.5,False,False,38.2,False,14.55,False
2026-08-13,70.3,False,False,86.8,False,False,33.6,False,14.63,False
2026-08-14,72.5,False,False,90.2,False,False,32.8,False,14.25,False
2026-08-17,66.9,False,False,76.6,False,False,37.1,False,15.19,False
2026-08-18,68.6,False,False,74.2,False,False,41.8,False,15.84,False
2026-08-19,63.8,False,False,66.2,False,False,34.3,False,14.89,False
2026-08-20,47.0,False,False,50.5,False,False,37.4,False,16.01,False
2026-08-21,46.9,False,False,56.0,False,False,37.7,False,15.13,False
2026-08-24,56.0,False,False,63.7,False,False,37.6,False,15.85,False
2026-08-25,49.9,False,False,58.7,False,False,36.2,False,15.45,False
2026-08-26,56.1,False,False,59.1,False,False,32.1,False,15.21,False
2026-08-27,71.9,False,False,73.4,False,False,34.3,False,14.51,False
2026-08-28,69.0,False,False,65.3,False,False,29.3,False,14.43,False
2026-08-31,54.3,False,False,51.7,False,False,36.2,False,14.92,False
2026-09-01,53.3,False,False,56.0,False,False,37.7,False,16.34,False
2026-09-02,57.9,False,False,51.0,False,False,35.0,False,15.2,False
2026-09-03,62.1,False,False,61.5,False,False,27.2,False,14.32,False
2026-09-04,70.5,False,False,67.1,False,False,32.9,False,14.53,False
2026-09-08,58.8,False,False,57.2,False,False,38.0,False,15.72,False
2026-09-09,57.2,False,False,47.1,False,False,41.0,False,16.46,False
2026-09-10,54.0,False,False,48.4,False,False,42.9,False,17.84,False
2026-09-11,55.8,False,False,48.8,False,False,39.7,False,15.84,False
2026-09-14,55.3,False,False,58.9,False,False,40.3,False,17.1,False
2026-09-15,43.2,False,False,46.5,False,False,43.4,False,17.2,False
2026-09-16,46.8,False,False,48.5,False,False,44.9,False,17.71,False
2026-09-17,51.8,False,False,50.7,False,False,43.1,False,15.44,False
2026-09-18,44.7,False,False,44.5,False,False,43.6,False,14.81,False
2026-09-21,69.9,False,False,65.1,False,False,42.7,False,14.87,False
2026-09-22,63.2,False,False,65.2,False,False,43.2,False,14.21,False
