date,temp_red,red,red_ad,temp_blue,blue,blue_soft,tdc,yellow,vix,repricing
2005-02-25,,False,False,,False,False,,False,11.49,False
2005-02-28,,False,False,,False,False,,False,12.08,False
2005-03-01,,False,False,,False,False,,False,12.04,False
2005-03-02,,False,False,,False,False,,False,12.5,False
2005-03-03,,False,False,,False,False,,False,12.93,False
2005-03-04,,False,False,,False,False,,False,11.94,False
2005-03-07,,False,False,,False,False,,False,12.26,False
2005-03-08,,False,False,,False,False,,False,12.4,False
2005-03-09,,False,False,,False,False,,False,12.7,False
2005-03-10,,False,False,,False,False,,False,12.49,False
2005-03-11,,False,False,,False,False,,False,12.8,False
2005-03-14,,False,False,,False,False,,False,12.39,False
2005-03-15,,False,False,,False,False,,False,13.15,False
2005-03-16,,False,False,,False,False,,False,13.49,False
2005-03-17,,False,False,,False,False,,False,13.29,False
2005-03-18,,False,False,,False,False,,False,13.14,False
2005-03-21,,False,False,,False,False,,False,13.61,False
2005-03-22,,False,False,,False,False,,False,14.27,False
2005-03-23,,False,False,,False,False,,False,14.06,False
2005-03-24,,False,False,,False,False,,False,13.42,False
2005-03-28,,False,False,,False,False,,False,13.75,False
2005-03-29,,False,False,,False,False,,False,14.49,False
2005-03-30,,False,False,,False,False,,False,13.64,False
2005-03-31,,False,False,,False,False,,False,14.02,False
2005-04-01,,False,False,,False,False,,False,14.09,False
2005-04-04,,False,False,,False,False,,False,14.11,False
2005-04-05,,False,False,,False,False,,False,13.68,False
2005-04-06,,False,False,,False,False,,False,13.15,False
2005-04-07,,False,False,,False,False,,False,12.33,False
2005-04-08,,False,False,,False,False,,False,12.62,False
2005-04-11,,False,False,,False,False,,False,11.98,False
2005-04-12,,False,False,,False,False,,False,11.3,False
2005-04-13,,False,False,,False,False,,False,13.31,False
2005-04-14,,False,False,,False,False,,False,14.53,False
2005-04-15,,False,False,,False,False,,False,17.74,False
2005-04-18,,False,False,,False,False,,False,16.56,False
2005-04-19,,False,False,,False,False,,False,14.96,False
2005-04-20,,False,False,,False,False,,False,16.92,False
2005-04-21,,False,False,,False,False,,False,14.41,False
2005-04-22,,False,False,,False,False,,False,15.38,False
2005-04-25,,False,False,,False,False,,False,14.62,False
2005-04-26,,False,False,,False,False,,False,14.91,False
2005-04-27,,False,False,,False,False,,False,14.87,False
2005-04-28,,False,False,,False,False,,False,16.86,False
2005-04-29,,False,False,,False,False,,False,15.31,False
2005-05-02,,False,False,,False,False,,False,15.12,False
2005-05-03,,False,False,,False,False,,False,14.53,False
2005-05-04,,False,False,,False,False,,False,13.85,False
2005-05-05,,False,False,,False,False,,False,13.98,False
2005-05-06,,False,False,,False,False,,False,14.05,False
2005-05-09,,False,False,,False,False,,False,13.75,False
2005-05-10,,False,False,,False,False,,False,14.91,False
2005-05-11,,False,False,,False,False,,False,14.45,False
2005-05-12,,False,False,,False,False,,False,16.12,False
2005-05-13,,False,False,,False,False,,False,16.32,False
2005-05-16,,False,False,,False,False,,False,15.68,False
2005-05-17,,False,False,,False,False,,False,14.57,False
2005-05-18,,False,False,,False,False,,False,13.63,False
2005-05-19,,False,False,,False,False,,False,13.32,False
2005-05-20,,False,False,,False,False,,False,13.14,False
2005-05-23,,False,False,,False,False,,False,12.95,False
2005-05-24,,False,False,,False,False,,False,12.69,False
2005-05-25,,False,False,,False,False,,False,12.58,False
2005-05-26,,False,False,,False,False,,False,12.24,False
2005-05-27,,False,False,,False,False,,False,12.15,False
2005-05-31,,False,False,,False,False,,False,13.29,False
2005-06-01,,False,False,,False,False,,False,12.36,False
2005-06-02,,False,False,,False,False,,False,11.84,False
2005-06-03,,False,False,,False,False,,False,12.15,False
2005-06-06,,False,False,,False,False,,False,12.28,False
2005-06-07,,False,False,,False,False,,False,12.39,False
2005-06-08,,False,False,,False,False,,False,12.7,False
2005-06-09,,False,False,,False,False,,False,12.08,False
2005-06-10,,False,False,,False,False,,False,11.96,False
2005-06-13,,False,False,,False,False,,False,11.65,False
2005-06-14,,False,False,,False,False,,False,11.79,False
2005-06-15,,False,False,,False,False,,False,11.46,False
2005-06-16,,False,False,,False,False,,False,11.15,False
2005-06-17,,False,False,,False,False,,False,11.48,False
2005-06-20,,False,False,,False,False,,False,11.47,False
2005-06-21,,False,False,,False,False,,False,11.08,False
2005-06-22,,False,False,,False,False,,False,11.05,False
2005-06-23,,False,False,,False,False,,False,12.13,False
2005-06-24,,False,False,,False,False,,False,12.18,False
2005-06-27,,False,False,,False,False,,False,12.52,False
2005-06-28,,False,False,,False,False,,False,11.58,False
2005-06-29,,False,False,,False,False,,False,11.77,False
2005-06-30,,False,False,,False,False,,False,12.04,False
2005-07-01,,False,False,,False,False,,False,11.4,False
2005-07-05,,False,False,,False,False,,False,11.68,False
2005-07-06,,False,False,,False,False,,False,12.27,False
2005-07-07,,False,False,,False,False,,False,12.49,False
2005-07-08,,False,False,,False,False,,False,11.45,False
2005-07-11,,False,False,,False,False,,False,11.28,False
2005-07-12,,False,False,,False,False,,False,10.95,False
2005-07-13,,False,False,,False,False,,False,10.84,False
2005-07-14,,False,False,,False,False,,False,10.81,False
2005-07-15,,False,False,,False,False,,False,10.33,False
2005-07-18,,False,False,,False,False,,False,10.77,False
2005-07-19,,False,False,,False,False,,False,10.45,False
2005-07-20,,False,False,,False,False,,False,10.23,False
2005-07-21,,False,False,,False,False,,False,10.97,False
2005-07-22,,False,False,,False,False,,False,10.52,False
2005-07-25,,False,False,,False,False,,False,11.1,False
2005-07-26,,False,False,,False,False,,False,10.99,False
2005-07-27,,False,False,,False,False,,False,10.36,False
2005-07-28,,False,False,,False,False,,False,10.52,False
2005-07-29,,False,False,,False,False,,False,11.57,False
2005-08-01,,False,False,,False,False,,False,12.08,False
2005-08-02,,False,False,,False,False,,False,11.75,False
2005-08-03,,False,False,,False,False,,False,11.83,False
2005-08-04,,False,False,,False,False,,False,12.52,False
2005-08-05,,False,False,,False,False,,False,12.48,False
2005-08-08,,False,False,,False,False,,False,13.21,False
2005-08-09,,False,False,,False,False,,False,12.4,False
2005-08-10,,False,False,,False,False,,False,12.38,False
2005-08-11,,False,False,,False,False,,False,12.42,False
2005-08-12,,False,False,,False,False,,False,12.74,False
2005-08-15,,False,False,,False,False,,False,12.26,False
2005-08-16,,False,False,,False,False,,False,13.52,False
2005-08-17,,False,False,,False,False,,False,13.3,False
2005-08-18,,False,False,,False,False,,False,13.42,False
2005-08-19,,False,False,,False,False,,False,13.42,False
2005-08-22,,False,False,,False,False,,False,13.42,False
2005-08-23,,False,False,,False,False,,False,13.34,False
2005-08-24,,False,False,,False,False,,False,14.17,False
2005-08-25,,False,False,,False,False,,False,13.73,False
2005-08-26,,False,False,,False,False,,False,13.72,False
2005-08-29,,False,False,,False,False,,False,13.52,False
2005-08-30,,False,False,,False,False,,False,13.65,False
2005-08-31,,False,False,,False,False,,False,12.6,False
2005-09-01,,False,False,,False,False,,False,13.15,False
2005-09-02,,False,False,,False,False,,False,13.57,False
2005-09-06,,False,False,,False,False,,False,12.93,False
2005-09-07,,False,False,,False,False,,False,12.52,False
2005-09-08,,False,False,,False,False,,False,12.93,False
2005-09-09,,False,False,,False,False,,False,11.98,False
2005-09-12,,False,False,,False,False,,False,11.65,False
2005-09-13,,False,False,,False,False,,False,12.39,False
2005-09-14,,False,False,,False,False,,False,12.91,False
2005-09-15,,False,False,,False,False,,False,12.49,False
2005-09-16,,False,False,,False,False,,False,11.22,False
2005-09-19,,False,False,,False,False,,False,12.14,False
2005-09-20,,False,False,,False,False,,False,12.64,False
2005-09-21,,False,False,,False,False,,False,13.79,False
2005-09-22,,False,False,,False,False,,False,13.33,False
2005-09-23,,False,False,,False,False,,False,12.96,False
2005-09-26,,False,False,,False,False,,False,13.04,False
2005-09-27,,False,False,,False,False,,False,12.76,False
2005-09-28,,False,False,,False,False,,False,12.63,False
2005-09-29,,False,False,,False,False,,False,12.24,False
2005-09-30,,False,False,,False,False,,False,11.92,False
2005-10-03,,False,False,,False,False,,False,12.46,False
2005-10-04,,False,False,,False,False,,False,13.2,False
2005-10-05,,False,False,,False,False,,False,14.55,False
2005-10-06,,False,False,,False,False,,False,14.96,False
2005-10-07,,False,False,,False,False,,False,14.59,False
2005-10-10,,False,False,,False,False,,False,15.55,False
2005-10-11,,False,False,,False,False,,False,15.63,False
2005-10-12,,False,False,,False,False,,False,16.22,False
2005-10-13,,False,False,,False,False,,False,16.47,False
2005-10-14,,False,False,,False,False,,False,14.87,False
2005-10-17,,False,False,,False,False,,False,14.67,False
2005-10-18,,False,False,,False,False,,False,15.33,False
2005-10-19,,False,False,,False,False,,False,13.5,False
2005-10-20,,False,False,,False,False,,False,16.11,False
2005-10-21,,False,False,,False,False,,False,16.13,False
2005-10-24,,False,False,,False,False,,False,14.74,False
2005-10-25,,False,False,,False,False,,False,14.53,False
2005-10-26,,False,False,,False,False,,False,14.59,False
2005-10-27,,False,False,,False,False,,False,16.02,False
2005-10-28,,False,False,,False,False,,False,14.25,False
2005-10-31,,False,False,,False,False,,False,15.32,False
2005-11-01,,False,False,,False,False,,False,14.85,False
2005-11-02,,False,False,,False,False,,False,13.48,False
2005-11-03,,False,False,,False,False,,False,13.0,False
2005-11-04,,False,False,,False,False,,False,13.17,False
2005-11-07,,False,False,,False,False,,False,13.1,False
2005-11-08,,False,False,,False,False,,False,13.08,False
2005-11-09,,False,False,,False,False,,False,12.8,False
2005-11-10,,False,False,,False,False,,False,11.9,False
2005-11-11,,False,False,,False,False,,False,11.63,False
2005-11-14,,False,False,,False,False,,False,12.18,False
2005-11-15,,False,False,,False,False,,False,12.23,False
2005-11-16,,False,False,,False,False,,False,12.26,False
2005-11-17,,False,False,,False,False,,False,11.25,False
2005-11-18,,False,False,,False,False,,False,11.12,False
2005-11-21,,False,False,,False,False,,False,10.82,False
2005-11-22,,False,False,,False,False,,False,10.6,False
2005-11-23,,False,False,,False,False,,False,10.96,False
2005-11-25,,False,False,,False,False,,False,10.88,False
2005-11-28,,False,False,,False,False,,False,11.84,False
2005-11-29,,False,False,,False,False,,False,11.89,False
2005-11-30,,False,False,,False,False,,False,12.06,False
2005-12-01,,False,False,,False,False,,False,11.24,False
2005-12-02,,False,False,,False,False,,False,11.01,False
2005-12-05,,False,False,,False,False,,False,11.6,False
2005-12-06,,False,False,,False,False,,False,11.52,False
2005-12-07,,False,False,,False,False,,False,12.18,False
2005-12-08,,False,False,,False,False,,False,12.21,False
2005-12-09,,False,False,,False,False,,False,11.69,False
2005-12-12,,False,False,,False,False,,False,11.47,False
2005-12-13,,False,False,,False,False,,False,11.11,False
2005-12-14,,False,False,,False,False,,False,10.48,False
2005-12-15,,False,False,,False,False,,False,10.73,False
2005-12-16,,False,False,,False,False,,False,10.68,False
2005-12-19,,False,False,,False,False,,False,11.38,False
2005-12-20,,False,False,,False,False,,False,11.19,False
2005-12-21,,False,False,,False,False,,False,10.81,False
2005-12-22,,False,False,,False,False,,False,10.29,False
2005-12-23,,False,False,,False,False,,False,10.27,False
2005-12-27,,False,False,,False,False,,False,11.57,False
2005-12-28,,False,False,,False,False,,False,11.35,False
2005-12-29,,False,False,,False,False,,False,11.61,False
2005-12-30,,False,False,,False,False,,False,12.07,False
2006-01-03,,False,False,,False,False,,False,11.14,False
2006-01-04,,False,False,,False,False,,False,11.37,False
2006-01-05,,False,False,,False,False,,False,11.31,False
2006-01-06,,False,False,,False,False,,False,11.0,False
2006-01-09,,False,False,,False,False,,False,11.13,False
2006-01-10,,False,False,,False,False,,False,10.86,False
2006-01-11,,False,False,,False,False,,False,10.94,False
2006-01-12,,False,False,,False,False,,False,11.2,False
2006-01-13,,False,False,,False,False,,False,11.23,False
2006-01-17,,False,False,,False,False,,False,11.91,False
2006-01-18,,False,False,,False,False,,False,12.25,False
2006-01-19,,False,False,,False,False,,False,11.98,False
2006-01-20,,False,False,,False,False,,False,14.56,False
2006-01-23,,False,False,,False,False,,False,13.93,False
2006-01-24,,False,False,,False,False,,False,13.31,False
2006-01-25,,False,False,,False,False,,False,12.87,False
2006-01-26,,False,False,,False,False,,False,12.42,False
2006-01-27,,False,False,,False,False,,False,11.97,False
2006-01-30,,False,False,,False,False,,False,12.39,False
2006-01-31,,False,False,,False,False,,False,12.95,False
2006-02-01,,False,False,,False,False,,False,12.36,False
2006-02-02,,False,False,,False,False,,False,13.23,False
2006-02-03,,False,False,,False,False,,False,12.96,False
2006-02-06,,False,False,,False,False,,False,13.04,False
2006-02-07,,False,False,,False,False,,False,13.59,False
2006-02-08,,False,False,,False,False,,False,12.83,False
2006-02-09,,False,False,,False,False,,False,13.12,False
2006-02-10,,False,False,,False,False,,False,12.87,False
2006-02-13,,False,False,,False,False,,False,13.35,False
2006-02-14,,False,False,,False,False,,False,12.25,False
2006-02-15,,False,False,,False,False,,False,12.31,False
2006-02-16,,False,False,,False,False,,False,11.48,False
2006-02-17,,False,False,,False,False,,False,12.01,False
2006-02-21,,False,False,,False,False,,False,12.41,False
2006-02-22,,False,False,,False,False,,False,11.88,False
2006-02-23,,False,False,,False,False,,False,11.87,False
2006-02-24,,False,False,,False,False,,False,11.46,False
2006-02-27,,False,False,,False,False,,False,11.59,False
2006-02-28,,False,False,,False,False,,False,12.34,False
2006-03-01,,False,False,,False,False,,False,11.54,False
2006-03-02,,False,False,,False,False,,False,11.72,False
2006-03-03,,False,False,,False,False,,False,11.96,False
2006-03-06,,False,False,,False,False,,False,12.74,False
2006-03-07,,False,False,,False,False,,False,12.66,False
2006-03-08,,False,False,,False,False,,False,12.32,False
2006-03-09,,False,False,,False,False,,False,12.68,False
2006-03-10,,False,False,,False,False,,False,11.85,False
2006-03-13,,False,False,,False,False,,False,11.37,False
2006-03-14,,False,False,,False,False,,False,10.74,False
2006-03-15,,False,False,,False,False,,False,11.35,False
2006-03-16,,False,False,,False,False,,False,11.98,False
2006-03-17,,False,False,,False,False,,False,12.12,False
2006-03-20,,False,False,,False,False,,False,11.79,False
2006-03-21,,False,False,,False,False,,False,11.62,False
2006-03-22,,False,False,,False,False,,False,11.21,False
2006-03-23,,False,False,,False,False,,False,11.17,False
2006-03-24,,False,False,,False,False,,False,11.19,False
2006-03-27,,False,False,,False,False,,False,11.46,False
2006-03-28,,False,False,,False,False,,False,11.58,False
2006-03-29,,False,False,,False,False,,False,10.95,False
2006-03-30,,False,False,,False,False,,False,11.57,False
2006-03-31,,False,False,,False,False,,False,11.39,False
2006-04-03,,False,False,,False,False,,False,11.57,False
2006-04-04,,False,False,,False,False,,False,11.14,False
2006-04-05,,False,False,,False,False,,False,11.13,False
2006-04-06,,False,False,,False,False,,False,11.45,False
2006-04-07,,False,False,,False,False,,False,12.26,False
2006-04-10,,False,False,,False,False,,False,12.19,False
2006-04-11,,False,False,,False,False,,False,13.0,False
2006-04-12,,False,False,,False,False,,False,12.76,False
2006-04-13,,False,False,,False,False,,False,12.38,False
2006-04-17,,False,False,,False,False,,False,12.58,False
2006-04-18,,False,False,,False,False,,False,11.4,False
2006-04-19,,False,False,,False,False,,False,11.32,False
2006-04-20,,False,False,,False,False,,False,11.64,False
2006-04-21,,False,False,,False,False,,False,11.59,False
2006-04-24,,False,False,,False,False,,False,11.75,False
2006-04-25,,False,False,,False,False,,False,11.75,False
2006-04-26,,False,False,,False,False,,False,11.76,False
2006-04-27,,False,False,,False,False,,False,11.84,False
2006-04-28,,False,False,,False,False,,False,11.59,False
2006-05-01,,False,False,,False,False,,False,12.54,False
2006-05-02,,False,False,,False,False,,False,11.99,False
2006-05-03,,False,False,,False,False,,False,11.99,False
2006-05-04,,False,False,,False,False,,False,11.86,False
2006-05-05,,False,False,,False,False,,False,11.62,False
2006-05-08,,False,False,,False,False,,False,12.0,False
2006-05-09,,False,False,,False,False,,False,11.99,False
2006-05-10,,False,False,,False,False,,False,11.78,False
2006-05-11,,False,False,,False,False,,False,12.49,False
2006-05-12,,False,False,,False,False,,False,14.19,False
2006-05-15,,False,False,,False,False,,False,13.57,False
2006-05-16,,False,False,,False,False,,False,13.35,False
2006-05-17,,False,False,,False,False,,False,16.26,False
2006-05-18,,False,False,,False,False,,False,16.99,False
2006-05-19,,False,False,,False,False,,False,17.18,False
2006-05-22,,False,False,,False,False,,False,17.72,False
2006-05-23,,False,False,,False,False,,False,18.26,False
2006-05-24,,False,False,,False,False,,False,17.36,False
2006-05-25,,False,False,,False,False,,False,15.5,False
2006-05-26,,False,False,,False,False,,False,14.26,False
2006-05-30,,False,False,,False,False,,False,18.66,False
2006-05-31,,False,False,,False,False,,False,16.44,False
2006-06-01,,False,False,,False,False,,False,14.52,False
2006-06-02,,False,False,,False,False,,False,14.32,False
2006-06-05,,False,False,,False,False,,False,16.65,False
2006-06-06,,False,False,,False,False,,False,17.34,False
2006-06-07,,False,False,,False,False,,False,17.8,False
2006-06-08,,False,False,,False,False,,False,18.35,False
2006-06-09,,False,False,,False,False,,False,18.12,False
2006-06-12,,False,False,,False,False,,False,20.96,False
2006-06-13,,False,False,,False,False,,False,23.81,False
2006-06-14,,False,False,,False,False,,False,21.46,False
2006-06-15,,False,False,,False,False,,False,15.9,False
2006-06-16,,False,False,,False,False,,False,17.25,False
2006-06-19,,False,False,,False,False,,False,17.83,False
2006-06-20,,False,False,,False,False,,False,16.69,False
2006-06-21,,False,False,,False,False,,False,15.52,False
2006-06-22,,False,False,,False,False,,False,15.88,False
2006-06-23,,False,False,,False,False,,False,15.89,False
2006-06-26,,False,False,,False,False,,False,15.62,False
2006-06-27,,False,False,,False,False,,False,16.4,False
2006-06-28,,False,False,,False,False,,False,15.79,False
2006-06-29,,False,False,,False,False,,False,13.03,False
2006-06-30,,False,False,,False,False,,False,13.08,False
2006-07-03,,False,False,,False,False,,False,13.05,False
2006-07-05,,False,False,,False,False,,False,14.15,False
2006-07-06,,False,False,,False,False,,False,13.65,False
2006-07-07,,False,False,,False,False,,False,13.97,False
2006-07-10,,False,False,,False,False,,False,14.02,False
2006-07-11,,False,False,,False,False,,False,13.14,False
2006-07-12,,False,False,,False,False,,False,14.49,False
2006-07-13,,False,False,,False,False,,False,17.79,False
2006-07-14,,False,False,,False,False,,False,18.05,False
2006-07-17,,False,False,,False,False,,False,18.64,False
2006-07-18,,False,False,,False,False,,False,17.74,False
2006-07-19,,False,False,,False,False,,False,15.55,False
2006-07-20,,False,False,,False,False,,False,16.21,False
2006-07-21,,False,False,,False,False,,False,17.4,False
2006-07-24,,False,False,,False,False,,False,14.98,False
2006-07-25,,False,False,,False,False,,False,14.85,False
2006-07-26,,False,False,,False,False,,False,14.62,False
2006-07-27,,False,False,,False,False,,False,14.94,False
2006-07-28,,False,False,,False,False,,False,14.33,False
2006-07-31,,False,False,,False,False,,False,14.95,False
2006-08-01,,False,False,,False,False,,False,15.05,False
2006-08-02,,False,False,,False,False,,False,14.34,False
2006-08-03,,False,False,,False,False,,False,14.46,False
2006-08-04,,False,False,,False,False,,False,14.34,False
2006-08-07,,False,False,,False,False,,False,15.23,False
2006-08-08,,False,False,,False,False,,False,15.23,False
2006-08-09,,False,False,,False,False,,False,15.2,False
2006-08-10,,False,False,,False,False,,False,14.46,False
2006-08-11,,False,False,,False,False,,False,14.3,False
2006-08-14,,False,False,,False,False,,False,14.26,False
2006-08-15,,False,False,,False,False,,False,13.42,False
2006-08-16,,False,False,,False,False,,False,12.41,False
2006-08-17,,False,False,,False,False,,False,12.24,False
2006-08-18,,False,False,,False,False,,False,11.64,False
2006-08-21,,False,False,,False,False,,False,12.22,False
2006-08-22,,False,False,,False,False,,False,12.19,False
2006-08-23,,False,False,,False,False,,False,12.4,False
2006-08-24,,False,False,,False,False,,False,12.4,False
2006-08-25,,False,False,,False,False,,False,12.31,False
2006-08-28,,False,False,,False,False,,False,12.18,False
2006-08-29,,False,False,,False,False,,False,12.28,False
2006-08-30,,False,False,,False,False,,False,12.22,False
2006-08-31,,False,False,,False,False,,False,12.31,False
2006-09-01,,False,False,,False,False,,False,11.96,False
2006-09-05,,False,False,,False,False,,False,12.63,False
2006-09-06,,False,False,,False,False,,False,13.74,False
2006-09-07,,False,False,,False,False,,False,13.88,False
2006-09-08,,False,False,,False,False,,False,13.16,False
2006-09-11,,False,False,,False,False,,False,12.99,False
2006-09-12,,False,False,,False,False,,False,11.92,False
2006-09-13,,False,False,,False,False,,False,11.18,False
2006-09-14,,False,False,,False,False,,False,11.55,False
2006-09-15,,False,False,,False,False,,False,11.76,False
2006-09-18,,False,False,,False,False,,False,11.78,False
2006-09-19,,False,False,,False,False,,False,11.98,False
2006-09-20,,False,False,,False,False,,False,11.39,False
2006-09-21,,False,False,,False,False,,False,12.25,False
2006-09-22,,False,False,,False,False,,False,12.59,False
2006-09-25,,False,False,,False,False,,False,12.12,False
2006-09-26,,False,False,,False,False,,False,11.53,False
2006-09-27,,False,False,,False,False,,False,11.58,False
2006-09-28,,False,False,,False,False,,False,11.72,False
2006-09-29,,False,False,,False,False,,False,11.98,False
2006-10-02,,False,False,,False,False,,False,12.57,False
2006-10-03,,False,False,,False,False,,False,12.24,False
2006-10-04,,False,False,,False,False,,False,11.86,False
2006-10-05,,False,False,,False,False,,False,11.98,False
2006-10-06,,False,False,,False,False,,False,11.56,False
2006-10-09,,False,False,,False,False,,False,11.68,False
2006-10-10,,False,False,,False,False,,False,11.52,False
2006-10-11,,False,False,,False,False,,False,11.62,False
2006-10-12,,False,False,,False,False,,False,11.09,False
2006-10-13,,False,False,,False,False,,False,10.75,False
2006-10-16,,False,False,,False,False,,False,11.09,False
2006-10-17,,False,False,,False,False,,False,11.73,False
2006-10-18,,False,False,,False,False,,False,11.34,False
2006-10-19,,False,False,,False,False,,False,10.9,False
2006-10-20,,False,False,,False,False,,False,10.63,False
2006-10-23,,False,False,,False,False,,False,11.08,False
2006-10-24,,False,False,,False,False,,False,10.78,False
2006-10-25,,False,False,,False,False,,False,10.66,False
2006-10-26,,False,False,,False,False,,False,10.56,False
2006-10-27,,False,False,,False,False,,False,10.8,False
2006-10-30,,False,False,,False,False,,False,11.2,False
2006-10-31,,False,False,,False,False,,False,11.1,False
2006-11-01,,False,False,,False,False,,False,11.51,False
2006-11-02,,False,False,,False,False,,False,11.42,False
2006-11-03,,False,False,,False,False,,False,11.16,False
2006-11-06,,False,False,,False,False,,False,11.16,False
2006-11-07,,False,False,,False,False,,False,11.09,False
2006-11-08,,False,False,,False,False,,False,10.75,False
2006-11-09,,False,False,,False,False,,False,11.01,False
2006-11-10,,False,False,,False,False,,False,10.79,False
2006-11-13,,False,False,,False,False,,False,10.86,False
2006-11-14,,False,False,,False,False,,False,10.5,False
2006-11-15,,False,False,,False,False,,False,10.31,False
2006-11-16,,False,False,,False,False,,False,10.16,False
2006-11-17,,False,False,,False,False,,False,10.05,False
2006-11-20,,False,False,,False,False,,False,9.97,False
2006-11-21,,False,False,,False,False,,False,9.9,False
2006-11-22,,False,False,,False,False,,False,10.14,False
2006-11-24,,False,False,,False,False,,False,10.73,False
2006-11-27,,False,False,,False,False,,False,12.3,False
2006-11-28,,False,False,,False,False,,False,11.62,False
2006-11-29,,False,False,,False,False,,False,10.83,False
2006-11-30,,False,False,,False,False,,False,10.91,False
2006-12-01,,False,False,,False,False,,False,11.66,False
2006-12-04,,False,False,,False,False,,False,11.23,False
2006-12-05,,False,False,,False,False,,False,11.27,False
2006-12-06,,False,False,,False,False,,False,11.33,False
2006-12-07,,False,False,,False,False,,False,12.67,False
2006-12-08,,False,False,,False,False,,False,12.07,False
2006-12-11,,False,False,,False,False,,False,10.71,False
2006-12-12,,False,False,,False,False,,False,10.65,False
2006-12-13,,False,False,,False,False,,False,10.18,False
2006-12-14,,False,False,,False,False,,False,9.97,False
2006-12-15,,False,False,,False,False,,False,10.05,False
2006-12-18,,False,False,,False,False,,False,10.6,False
2006-12-19,,False,False,,False,False,,False,10.3,False
2006-12-20,,False,False,,False,False,,False,10.26,False
2006-12-21,,False,False,,False,False,,False,10.53,False
2006-12-22,,False,False,,False,False,,False,11.36,False
2006-12-26,,False,False,,False,False,,False,11.26,False
2006-12-27,,False,False,,False,False,,False,10.64,False
2006-12-28,,False,False,,False,False,,False,10.99,False
2006-12-29,,False,False,,False,False,,False,11.56,False
2007-01-03,,False,False,,False,False,,False,12.04,False
2007-01-04,,False,False,,False,False,,False,11.51,False
2007-01-05,,False,False,,False,False,,False,12.14,False
2007-01-08,,False,False,,False,False,,False,12.0,False
2007-01-09,,False,False,,False,False,,False,11.91,False
2007-01-10,,False,False,,False,False,,False,11.47,False
2007-01-11,,False,False,,False,False,,False,10.87,False
2007-01-12,,False,False,,False,False,,False,10.15,False
2007-01-16,,False,False,,False,False,,False,10.74,False
2007-01-17,,False,False,,False,False,,False,10.59,False
2007-01-18,,False,False,,False,False,,False,10.85,False
2007-01-19,,False,False,,False,False,,False,10.4,False
2007-01-22,,False,False,,False,False,,False,10.77,False
2007-01-23,,False,False,,False,False,,False,10.34,False
2007-01-24,,False,False,,False,False,,False,9.89,False
2007-01-25,,False,False,,False,False,,False,11.22,False
2007-01-26,,False,False,,False,False,,False,11.13,False
2007-01-29,,False,False,,False,False,,False,11.45,False
2007-01-30,,False,False,,False,False,,False,10.96,False
2007-01-31,,False,False,,False,False,,False,10.42,False
2007-02-01,,False,False,,False,False,,False,10.31,False
2007-02-02,,False,False,,False,False,,False,10.08,False
2007-02-05,,False,False,,False,False,,False,10.55,False
2007-02-06,,False,False,,False,False,,False,10.65,False
2007-02-07,,False,False,,False,False,,False,10.32,False
2007-02-08,,False,False,,False,False,,False,10.44,False
2007-02-09,,False,False,,False,False,,False,11.1,False
2007-02-12,,False,False,,False,False,,False,11.61,False
2007-02-13,,False,False,,False,False,,False,10.34,False
2007-02-14,,False,False,,False,False,,False,10.23,False
2007-02-15,,False,False,,False,False,,False,10.22,False
2007-02-16,,False,False,,False,False,,False,10.02,False
2007-02-20,,False,False,,False,False,,False,10.24,False
2007-02-21,,False,False,,False,False,,False,10.2,False
2007-02-22,,False,False,,False,False,,False,10.18,False
2007-02-23,,False,False,,False,False,,False,10.58,False
2007-02-26,,False,False,,False,False,,False,11.15,False
2007-02-27,,False,False,,False,False,55.22486772486773,False,18.31,False
2007-02-28,,False,False,,False,False,53.63036303630363,False,15.42,False
2007-03-01,,False,False,,False,False,58.39920948616602,False,15.82,False
2007-03-02,,False,False,,False,False,65.71334648257725,False,18.61,False
2007-03-05,,False,False,,False,False,71.98162729658793,False,19.63,False
2007-03-06,,False,False,,False,False,47.34774066797643,False,15.96,False
2007-03-07,,False,False,,False,False,63.888888888888886,False,15.24,False
2007-03-08,,False,False,,False,False,58.61056751467711,False,14.29,False
2007-03-09,,False,False,,False,False,56.087239583333336,False,14.09,False
2007-03-12,,False,False,,False,False,53.801169590643276,False,13.99,False
2007-03-13,,False,False,,False,False,72.89234760051882,False,18.13,False
2007-03-14,,False,False,,False,False,68.41423948220064,False,17.27,False
2007-03-15,,False,False,,False,False,64.79328165374677,False,16.43,False
2007-03-16,,False,False,,False,False,64.11992263056094,False,16.79,False
2007-03-19,,False,False,,False,False,61.35778635778636,False,14.59,False
2007-03-20,,False,False,,False,False,56.48683365446371,False,13.27,False
2007-03-21,,False,False,,False,False,38.333333333333336,False,12.19,False
2007-03-22,,False,False,,False,False,53.87076135636596,False,12.93,False
2007-03-23,,False,False,,False,False,49.42528735632184,False,12.95,False
2007-03-26,,False,False,,False,False,68.36825472700234,False,13.16,False
2007-03-27,,False,False,,False,False,67.97284035928129,False,13.48,False
2007-03-28,,False,False,,False,False,71.60099550327703,False,14.98,False
2007-03-29,,False,False,,False,False,71.31552905075547,False,15.14,False
2007-03-30,,False,False,,False,False,66.9121564091061,False,14.64,False
2007-04-02,,False,False,,False,False,67.79871439789665,False,14.53,False
2007-04-03,,False,False,,False,False,54.98766716444644,False,13.46,False
2007-04-04,,False,False,,False,False,61.910874800510356,False,13.24,False
2007-04-05,,False,False,,False,False,59.261352571003826,False,13.23,False
2007-04-09,,False,False,,False,False,62.56342715875336,False,13.14,False
2007-04-10,,False,False,,False,False,53.970689835287274,False,12.68,False
2007-04-11,,False,False,,False,False,55.81015070740737,False,13.49,False
2007-04-12,,False,False,,False,False,51.718677427424794,False,12.71,False
2007-04-13,,False,False,,False,False,48.316003331669066,False,12.2,False
2007-04-16,,False,False,,False,False,47.829520695917935,False,11.98,False
2007-04-17,,False,False,,False,False,46.38743879885337,False,12.14,False
2007-04-18,,False,False,,False,False,38.47423266704852,False,12.42,False
2007-04-19,,False,False,,False,False,33.61741564636638,False,12.54,False
2007-04-20,,False,False,,False,False,33.585953028313284,False,12.07,False
2007-04-23,,False,False,,False,False,34.37767845624216,False,13.04,False
2007-04-24,,False,False,,False,False,42.379588502679795,False,13.12,False
2007-04-25,,False,False,,False,False,40.89899394872453,False,13.21,False
2007-04-26,,False,False,,False,False,38.23816611213269,False,12.79,False
2007-04-27,,False,False,,False,False,42.45087073629075,False,12.45,False
2007-04-30,,False,False,,False,False,47.54209412672949,False,14.22,False
2007-05-01,,False,False,,False,False,47.77440321906019,False,13.51,False
2007-05-02,,False,False,,False,False,34.86893252062464,False,13.08,False
2007-05-03,,False,False,,False,False,40.464906500243885,False,13.09,False
2007-05-04,,False,False,,False,False,35.59927075953407,False,12.91,False
2007-05-07,,False,False,,False,False,35.36026512633924,False,13.15,False
2007-05-08,,False,False,,False,False,41.23422038656315,False,13.21,False
2007-05-09,,False,False,,False,False,33.569005185537044,False,12.88,False
2007-05-10,,False,False,,False,False,51.89196964784564,False,13.6,False
2007-05-11,,False,False,,False,False,50.68449326255664,False,12.95,False
2007-05-14,,False,False,,False,False,54.28567398042902,False,13.96,False
2007-05-15,,False,False,,False,False,56.502413444407175,False,14.01,False
2007-05-16,,False,False,,False,False,53.440056262592265,False,13.5,False
2007-05-17,,False,False,,False,False,55.401788770550326,False,13.51,False
2007-05-18,,False,False,,False,False,47.20351885257958,False,12.76,False
2007-05-21,,False,False,,False,False,45.32397935754589,False,13.3,False
2007-05-22,,False,False,,False,False,49.935856125657494,False,13.06,False
2007-05-23,,False,False,,False,False,49.552497930006794,False,13.24,False
2007-05-24,,False,False,,False,False,56.40366789084009,False,14.08,False
2007-05-25,,False,False,,False,False,50.94337736883651,False,13.34,False
2007-05-29,,False,False,,False,False,45.729083346400984,False,13.53,False
2007-05-30,,False,False,,False,False,45.33532533645137,False,12.83,False
2007-05-31,,False,False,,False,False,44.57152197496201,False,13.05,False
2007-06-01,,False,False,,False,False,49.12596014592384,False,12.78,False
2007-06-04,,False,False,,False,False,44.02269313848314,False,13.29,False
2007-06-05,,False,False,,False,False,52.14336815877817,False,13.63,False
2007-06-06,,False,False,,False,False,61.85961266990422,False,14.87,False
2007-06-07,,False,False,,False,False,73.70069380063217,False,17.06,False
2007-06-08,,False,False,,False,False,60.92634423600955,False,14.84,False
2007-06-11,,False,False,,False,False,66.34984707476389,False,14.71,False
2007-06-12,,False,False,,False,False,74.09606377846329,False,16.67,False
2007-06-13,,False,False,,False,False,63.80003841495079,False,14.73,False
2007-06-14,,False,False,,False,False,63.41484043379603,False,13.64,False
2007-06-15,,False,False,,False,False,61.6506396184388,False,13.94,False
2007-06-18,,False,False,,False,False,62.51639795459201,False,13.42,False
2007-06-19,,False,False,,False,False,62.85337308477452,False,12.85,False
2007-06-20,,False,False,,False,False,75.82332202484733,False,14.67,False
2007-06-21,,False,False,,False,False,76.0383936501222,False,14.21,False
2007-06-22,,False,False,,False,False,78.75782687338707,False,15.75,False
2007-06-25,,False,False,,False,False,79.74526196098854,False,16.65,False
2007-06-26,,False,False,,False,False,81.10070505865514,False,18.89,False
2007-06-27,,False,False,,False,False,69.2645716545486,False,15.53,False
2007-06-28,,False,False,,False,False,74.40945502539726,False,15.54,False
2007-06-29,,False,False,,False,False,80.17072529096991,False,16.23,False
2007-07-02,,False,False,,False,False,76.23394125923306,False,15.4,False
2007-07-03,,False,False,,False,False,77.48397195386724,False,14.92,False
2007-07-05,,False,False,,False,False,73.74088390763265,False,15.48,False
2007-07-06,,False,False,,False,False,62.08387856072551,False,14.72,False
2007-07-09,,False,False,,False,False,61.72148472915737,False,15.16,False
2007-07-10,,False,False,,False,False,77.61533377080917,False,17.57,False
2007-07-11,,False,False,,False,False,69.9391837724876,False,16.64,False
2007-07-12,,False,False,,False,False,61.40580410697009,False,15.54,False
2007-07-13,64.09700176366843,False,False,67.46031746031747,False,False,60.70366696331841,False,15.15,False
2007-07-16,58.89029982363316,False,False,56.64682539682539,False,False,62.35109732855891,False,15.59,False
2007-07-17,67.50987654320988,False,False,66.56746031746032,False,False,70.88338786889943,False,15.63,False
2007-07-18,62.9100529100529,False,False,59.027777777777786,False,False,76.4202467039441,False,16.0,False
2007-07-19,68.28500881834215,False,False,64.68253968253968,False,False,70.79852245829031,False,15.23,False
2007-07-20,59.91446208112875,False,False,43.1547619047619,False,False,78.41753147330124,False,16.95,False
2007-07-23,57.79929453262787,False,False,44.94047619047619,False,False,77.88477831450217,False,16.81,False
2007-07-24,64.00088183421516,False,False,49.801587301587304,False,False,83.8223439097112,False,18.55,False
2007-07-25,59.27601410934744,False,False,39.632936507936506,False,False,80.8451970883842,False,18.1,False
2007-07-26,57.98835978835979,False,False,43.849206349206355,False,False,86.70969979672684,False,20.74,False
2007-07-27,50.59338624338624,False,False,36.40873015873016,False,False,90.34799036391152,False,24.17,False
2007-07-30,54.05811287477953,False,False,41.76587301587301,False,False,89.79757803877024,False,20.87,False
2007-07-31,55.12116402116401,False,False,43.05555555555556,False,False,91.12749270804946,False,23.52,False
2007-08-01,55.2141975308642,False,False,45.33730158730159,False,False,89.03150652140087,False,23.67,False
2007-08-02,49.05767195767196,False,False,39.78174603174604,False,False,85.18777104458616,False,21.22,False
2007-08-03,50.087477954144624,False,False,39.8313492063492,False,False,92.991258952171,False,25.16,False
2007-08-06,53.41516754850087,False,False,44.24603174603175,False,False,87.77327010904762,False,22.94,False
2007-08-07,52.63862433862434,False,False,44.04761904761905,False,False,87.90885187897516,False,21.56,False
2007-08-08,54.86022927689594,False,False,48.51190476190476,False,False,86.39151936312108,False,21.45,False
2007-08-09,49.72892416225749,False,False,42.757936507936506,False,False,92.1495372546477,False,26.48,False
2007-08-10,49.51146384479718,False,False,40.476190476190474,False,False,89.38931370539483,True,28.3,False
2007-08-13,51.7953262786596,False,False,44.04761904761905,False,False,89.71561734027517,False,26.57,False
2007-08-14,56.69012345679012,False,False,40.77380952380952,False,False,92.87354907509948,False,27.68,False
2007-08-15,52.8905643738977,False,False,36.01190476190476,False,False,93.96979464947503,False,30.67,False
2007-08-16,56.59356261022928,False,False,36.80555555555556,False,False,93.56565734411927,False,30.83,False
2007-08-17,54.74541446208112,False,False,45.585317460317455,False,False,79.30107981244346,False,29.99,False
2007-08-20,52.52389770723104,False,False,46.03174603174604,False,False,84.25146951058743,False,26.33,False
2007-08-21,59.58333333333333,False,False,48.01587301587301,False,False,81.74995167181221,False,25.25,False
2007-08-22,57.609611992945325,False,False,56.74603174603175,False,False,70.50145525240403,False,22.89,False
2007-08-23,54.78342151675484,False,False,49.801587301587304,False,False,69.54044753351639,False,22.62,False
2007-08-24,60.51269841269841,False,False,61.90476190476191,False,False,64.85762070816925,False,20.72,False
2007-08-27,55.27901234567901,False,False,51.388888888888886,False,False,73.69927341254204,False,22.72,False
2007-08-28,54.8994708994709,False,False,38.59126984126985,False,False,85.44111355334404,False,26.3,False
2007-08-29,60.93447971781303,False,False,51.3888888888889,False,False,75.30421094238768,False,23.81,False
2007-08-30,63.5689594356261,False,False,52.08333333333334,False,False,79.0129280746724,False,25.06,False
2007-08-31,56.12486772486772,False,False,54.56349206349206,False,False,62.58192304579155,False,23.38,False
2007-09-04,63.02786596119929,False,False,70.73412698412699,False,False,60.831173700625946,False,22.78,False
2007-09-05,63.967901234567904,False,False,61.111111111111114,False,False,70.7548571532,False,24.58,False
2007-09-06,64.89091710758377,False,False,67.06349206349206,False,False,65.69467987814758,False,23.99,False
2007-09-07,61.48597883597883,False,False,47.519841269841265,False,False,78.19655908378282,False,26.23,False
2007-09-10,62.61075837742504,False,False,47.22222222222223,False,False,81.45539052768875,False,27.38,False
2007-09-11,48.46111111111112,False,False,45.13888888888889,False,False,81.01293810439195,False,25.27,False
2007-09-12,47.31058201058201,False,False,42.65873015873016,False,False,79.13921025211545,False,24.96,False
2007-09-13,46.032804232804224,False,False,49.10714285714286,False,False,74.8313838224462,False,24.76,False
2007-09-14,47.64144620811288,False,False,45.03968253968254,False,False,73.06842972259727,False,24.92,False
2007-09-17,46.70864197530864,False,False,43.948412698412696,False,False,75.90139633559149,False,26.48,False
2007-09-18,59.219135802469125,False,False,72.91666666666667,False,False,55.13036115563198,False,20.35,False
2007-09-19,60.763756613756605,False,False,71.32936507936508,False,False,53.241585277881846,False,20.03,False
2007-09-20,63.02160493827161,False,False,71.52777777777777,False,False,59.81474954456923,False,20.45,False
2007-09-21,61.25220458553792,False,False,69.04761904761905,False,False,60.87786337984082,False,19.0,False
2007-09-24,62.73703703703704,False,False,64.78174603174602,False,False,68.1006547384917,False,19.37,False
2007-09-25,64.87125220458555,False,False,64.38492063492063,False,False,69.19286998765516,False,18.6,False
2007-09-26,63.32557319223986,False,False,65.77380952380953,False,False,64.93852229038642,False,17.63,False
2007-09-27,51.94444444444444,False,False,62.599206349206355,False,False,60.255776242414925,False,17.0,False
2007-09-28,46.26984126984126,False,False,58.18452380952381,False,False,63.254265323471294,False,18.0,False
2007-10-01,55.596649029982366,False,False,63.98809523809524,False,False,51.811084270212895,False,17.84,False
2007-10-02,55.29329805996473,False,False,67.46031746031746,False,False,52.84420234788431,False,18.49,False
2007-10-03,57.99118165784832,False,False,73.71031746031747,False,False,58.5907322536267,False,18.8,False
2007-10-04,60.50758377425044,False,False,72.71825396825396,False,False,61.07538332849138,False,18.44,False
2007-10-05,65.02945326278659,False,False,76.58730158730158,False,False,49.18707398035835,False,16.91,False
2007-10-08,62.45626102292768,False,False,76.33928571428571,False,False,55.51592646383333,False,17.46,False
2007-10-09,66.37019400352733,False,False,74.8015873015873,False,False,48.312902928575056,False,16.12,False
2007-10-10,55.75026455026455,False,False,68.05555555555554,False,False,52.48534171392823,False,16.67,False
2007-10-11,67.1615520282187,False,False,67.26190476190476,False,False,58.37375371080882,False,18.88,False
2007-10-12,59.90758377425044,False,False,63.2936507936508,False,False,55.82459847751206,False,17.73,False
2007-10-15,57.33686067019399,False,False,51.24007936507937,False,False,65.09627742991026,False,19.25,False
2007-10-16,63.34867724867724,False,False,56.94444444444444,False,False,68.52417058339375,False,20.02,False
2007-10-17,68.92821869488536,False,False,60.91269841269842,False,False,66.67909596429415,False,18.54,False
2007-10-18,56.62698412698413,False,False,49.007936507936506,False,False,65.33942562697457,False,18.5,False
2007-10-19,48.97283950617283,False,False,35.51587301587301,False,False,80.63907876186558,False,22.96,False
2007-10-22,62.20617283950618,False,False,50.3968253968254,False,False,78.7537558644655,False,21.64,False
2007-10-23,61.10379188712522,False,False,52.08333333333333,False,False,77.64228100578606,False,20.41,False
2007-10-24,64.56878306878306,False,False,55.952380952380956,False,False,80.39044589682801,False,20.8,False
2007-10-25,65.81825396825397,False,False,58.829365079365076,False,False,80.51946053139174,False,21.17,False
2007-10-26,69.29400352733686,False,False,63.88888888888889,False,False,73.61590915114893,False,19.56,False
2007-10-29,57.97072310405643,False,False,60.61507936507937,False,False,74.0461374071168,False,19.87,False
2007-10-30,59.61278659611993,False,False,57.0436507936508,False,False,74.92935112236297,False,21.07,False
2007-10-31,70.39435626102292,False,False,68.40277777777777,False,False,72.46169559810653,False,18.53,False
2007-11-01,69.57910052910051,False,False,63.69047619047619,False,False,85.34257364546251,False,23.21,False
2007-11-02,69.84453262786596,False,False,57.73809523809524,False,False,85.36557341826385,False,23.01,False
2007-11-05,67.2484126984127,False,False,59.52380952380952,False,False,88.00671150305102,False,24.31,False
2007-11-06,71.20749559082893,False,False,63.789682539682545,False,False,84.90352793113762,False,21.39,False
2007-11-07,67.07345679012346,False,False,54.46428571428571,False,False,92.84936203994403,False,26.49,False
2007-11-08,67.67566137566136,False,False,59.72222222222222,False,False,92.69076137745056,False,26.16,False
2007-11-09,66.11111111111111,False,False,55.55555555555556,False,False,93.92298488381813,True,28.5,False
2007-11-12,60.88033509700177,False,False,49.50396825396825,False,False,94.32394574119367,False,31.09,False
2007-11-13,65.60141093474427,False,False,62.99603174603175,False,False,88.14293123508041,False,24.1,False
2007-11-14,64.95396825396826,False,False,60.91269841269841,False,False,93.11460953896388,False,25.94,False
2007-11-15,62.12275132275131,False,False,53.27380952380953,False,False,94.83570259279266,False,28.06,False
2007-11-16,54.22513227513228,False,False,42.757936507936506,False,False,94.24473951713718,False,25.49,False
2007-11-19,58.56587301587301,False,False,48.31349206349206,False,False,95.64738817528091,False,26.01,False
2007-11-20,63.8673721340388,False,False,49.4047619047619,False,False,95.48160444931979,False,24.88,False
2007-11-21,63.373721340388,False,False,44.642857142857146,False,False,95.8994700257882,False,26.84,False
2007-11-23,59.8242504409171,False,False,40.079365079365076,False,False,93.07002771278748,False,25.61,False
2007-11-26,61.408024691358015,False,False,39.78174603174603,False,False,96.1172619748549,False,28.91,False
2007-11-27,60.75273368606701,False,False,40.37698412698413,False,False,95.17898996571701,False,26.28,False
2007-11-28,59.68756613756613,False,False,60.31746031746032,False,False,90.51867402399152,False,24.11,False
2007-11-29,56.34823633156966,False,False,52.87698412698413,False,False,92.20873386395454,False,23.97,False
2007-11-30,61.897619047619045,False,False,72.8670634920635,False,False,89.7475117229111,False,22.87,False
2007-12-03,60.229894179894174,False,False,63.19444444444444,False,False,92.95890970219592,False,23.61,False
2007-12-04,60.43853615520282,False,False,65.37698412698413,False,False,94.02760156468219,False,23.79,False
2007-12-05,64.00449735449735,False,False,81.34920634920636,False,False,92.27923237754264,False,22.53,False
2007-12-06,60.15890652557319,False,False,80.35714285714286,False,False,82.98029025415067,False,20.96,False
2007-12-07,65.42283950617283,False,False,88.69047619047619,False,False,83.03087535398035,False,20.85,False
2007-12-10,66.1673721340388,False,False,88.19444444444444,False,False,77.45576126239813,False,20.74,False
2007-12-11,66.63430335097001,False,False,75.89285714285714,False,False,88.5587255629173,False,23.59,False
2007-12-12,68.40291005291004,False,False,72.42063492063492,False,False,88.61690582214969,False,22.47,False
2007-12-13,68.70564373897707,False,False,80.15873015873015,False,False,88.96484890691568,False,22.56,False
2007-12-14,66.81208112874779,False,False,72.42063492063492,False,False,91.47246992586837,False,23.27,False
2007-12-17,65.2358024691358,False,False,64.68253968253968,False,False,94.26033390146152,False,24.52,False
2007-12-18,70.90987654320988,False,False,69.84126984126985,False,False,92.7762065001807,False,22.64,False
2007-12-19,68.24656084656084,False,False,66.36904761904762,False,False,92.9420941725336,False,21.68,False
2007-12-20,70.79770723104056,False,False,71.03174603174604,False,False,91.19658485267644,False,20.58,False
2007-12-21,63.97954144620812,False,False,69.5436507936508,False,False,89.55096397376013,False,18.47,False
2007-12-24,77.2389770723104,False,False,81.54761904761905,False,False,85.31668736822012,False,18.6,False
2007-12-26,69.14761904761905,False,False,75.39682539682539,False,False,85.26451136456573,False,18.66,False
2007-12-27,70.04955908289243,False,False,67.5595238095238,False,False,89.95036270501619,False,20.26,False
2007-12-28,69.73880070546737,False,False,66.4186507936508,False,False,89.7816231619026,False,20.74,False
2007-12-31,67.65873015873015,False,False,68.05555555555556,False,False,90.7762318900044,False,22.5,False
2008-01-02,68.54312169312169,False,False,68.1547619047619,False,False,92.02302667669534,False,23.17,False
2008-01-03,62.70396825396824,False,False,59.32539682539682,False,False,92.2813230808805,False,22.49,False
2008-01-04,73.56067019400352,False,False,64.68253968253968,False,False,93.62678620497697,False,23.94,False
2008-01-07,74.52583774250441,False,False,66.46825396825396,False,False,93.31869200184151,False,23.79,False
2008-01-08,62.76816578483245,False,False,53.67063492063492,False,False,94.14592872579946,False,25.43,False
2008-01-09,62.65820105820106,False,False,56.99404761904762,False,False,94.04030724252196,False,24.12,False
2008-01-10,67.90255731922399,False,False,67.95634920634922,False,False,91.89234049375268,False,23.45,False
2008-01-11,68.78888888888888,False,False,64.28571428571428,False,False,92.53243383790338,False,23.68,False
2008-01-14,69.22222222222221,False,False,67.06349206349206,False,False,92.11237748661968,False,22.9,False
2008-01-15,77.09065255731922,False,False,63.69047619047619,False,False,93.2535358564412,False,23.34,False
2008-01-16,75.87354497354497,False,False,59.82142857142857,False,False,92.0104626471505,False,24.38,False
2008-01-17,67.78677248677248,False,False,49.50396825396825,False,False,93.50756799892918,False,28.46,False
2008-01-18,65.1689594356261,False,False,44.295634920634924,False,False,93.57222560068037,False,27.18,False
2008-01-22,61.87275132275132,False,False,38.492063492063494,False,False,94.05455784019404,False,31.01,False
2008-01-23,64.5215167548501,False,False,56.94444444444444,False,False,94.0312415960383,False,29.02,False
2008-01-24,67.26067019400352,False,False,65.47619047619048,False,False,93.57616168753823,False,27.78,False
2008-01-25,66.38412698412698,False,False,58.82936507936508,False,False,94.53946051251222,False,29.08,False
2008-01-28,60.97760141093475,False,False,56.4484126984127,False,False,91.03250948841553,False,27.78,False
2008-01-29,57.63968253968254,False,False,56.64682539682539,False,False,91.15229299199473,False,27.32,False
2008-01-30,68.62821869488536,False,False,64.78174603174604,False,False,93.86409496150618,False,27.62,False
2008-01-31,58.28395061728394,False,False,62.89682539682539,False,False,93.2093059997024,False,26.2,False
2008-02-01,68.66613756613756,False,False,77.57936507936509,False,False,86.57722613951655,False,24.02,False
2008-02-04,65.16869488536155,False,False,73.21428571428571,False,False,86.52273744868229,False,25.99,False
2008-02-05,61.75820105820105,False,False,62.797619047619044,False,False,94.57389053050026,False,28.24,False
2008-02-06,71.16305114638448,False,False,62.59920634920634,False,False,94.68713289597116,False,28.97,False
2008-02-07,72.3758377425044,False,False,71.82539682539682,False,False,94.05587662698706,False,27.66,False
2008-02-08,67.28721340388007,False,False,66.46825396825398,False,False,94.79681497114495,False,28.01,False
2008-02-11,70.20458553791886,False,False,68.5515873015873,False,False,94.32503296958157,False,27.6,False
2008-02-12,64.97980599647266,False,False,70.63492063492063,False,False,93.37183162891652,False,26.33,False
2008-02-13,61.9273368606702,False,False,71.03174603174604,False,False,90.67974772960035,False,24.88,False
2008-02-14,57.59241622574955,False,False,66.31944444444444,False,False,93.36118861295513,False,25.54,False
2008-02-15,49.30546737213404,False,False,55.257936507936506,False,False,91.49352156184852,False,25.02,False
2008-02-19,54.786860670194,False,False,63.19444444444444,False,False,91.76183630146467,False,25.59,False
2008-02-20,57.49823633156967,False,False,63.591269841269835,False,False,89.01119761337856,False,24.4,False
2008-02-21,54.0779541446208,False,False,54.76190476190476,False,False,90.77377789651159,False,25.12,False
2008-02-22,72.43580246913581,False,False,73.80952380952381,False,False,88.00858210215175,False,24.06,False
2008-02-25,68.31225749559083,False,False,77.08333333333333,False,False,85.18080445619835,False,23.03,False
2008-02-26,62.171957671957664,False,False,66.96428571428572,False,False,84.69714316153409,False,21.9,False
2008-02-27,69.49320987654322,False,False,75.29761904761907,False,False,86.72838240391353,False,22.69,False
2008-02-28,63.60326278659611,False,False,66.46825396825396,False,False,87.28728168914073,False,23.53,False
2008-02-29,60.7626102292769,False,False,60.11904761904762,False,False,91.42484991736313,False,26.54,False
2008-03-03,62.49435626102292,False,False,56.150793650793645,False,False,90.57421803641206,False,26.28,False
2008-03-04,69.55238095238094,False,False,63.39285714285714,False,False,89.46756054534694,False,25.52,False
2008-03-05,62.23721340388008,False,False,64.48412698412699,False,False,85.10140253157202,False,24.6,False
2008-03-06,64.0595238095238,False,False,54.96031746031746,False,False,89.66335923534739,False,27.55,False
2008-03-07,55.62724867724867,False,False,42.06349206349206,False,False,90.91610386907176,False,27.49,False
2008-03-10,50.25626102292768,False,False,33.432539682539684,False,False,92.34602700155578,False,29.38,False
2008-03-11,57.53368606701941,False,False,51.98412698412699,False,False,91.8129025899327,False,26.36,False
2008-03-12,49.51622574955908,False,False,44.94047619047619,False,False,92.57433681243218,False,27.22,False
2008-03-13,50.46940035273368,False,False,54.861111111111114,False,False,91.82055290152583,False,27.29,False
2008-03-14,58.30617283950617,False,False,51.48809523809524,False,False,94.03783462515537,False,31.16,False
2008-03-17,62.556261022927686,False,False,48.21428571428572,False,False,94.99182456381993,False,32.24,False
2008-03-18,67.39620811287477,False,False,65.32738095238095,False,False,91.7986928308792,False,25.79,False
2008-03-19,67.57125220458553,False,False,60.81349206349206,False,False,95.48309103060717,False,29.84,False
2008-03-20,55.1405643738977,False,False,60.11904761904762,False,False,93.67688299558769,False,26.62,False
2008-03-24,67.93659611992945,False,False,84.82142857142857,False,False,91.63124772033306,False,25.73,False
2008-03-25,59.87336860670195,False,False,75.49603174603175,False,False,91.96722895777305,False,25.72,False
2008-03-26,66.28712522045855,False,False,80.55555555555557,False,False,92.70417338806328,False,26.08,False
2008-03-27,64.30388007054674,False,False,71.82539682539684,False,False,93.46693713840331,False,25.88,False
2008-03-28,59.98915343915344,False,False,67.26190476190476,False,False,94.95786975355132,False,25.71,False
2008-03-31,48.206084656084656,False,False,61.50793650793651,False,False,91.00503422561445,False,25.61,False
2008-04-01,60.65837742504409,False,False,85.21825396825396,False,False,85.3418711848647,False,22.68,False
2008-04-02,61.277865961199296,False,False,88.78968253968253,False,False,87.97173268233733,False,23.43,False
2008-04-03,56.21931216931216,False,False,82.53968253968253,False,False,84.97701514395688,False,23.21,False
2008-04-04,60.54365079365079,False,False,86.40873015873017,False,False,87.15460994846948,False,22.45,False
2008-04-07,66.31428571428572,False,False,88.4920634920635,False,False,87.61360382044354,False,22.42,False
2008-04-08,67.40582010582011,False,False,90.07936507936509,False,False,86.6801186636613,False,22.36,False
2008-04-09,57.56587301587302,False,False,75.49603174603175,False,False,88.93423243097448,False,22.81,False
2008-04-10,64.83915343915343,False,False,83.82936507936508,False,False,88.9152685518277,False,21.98,False
2008-04-11,72.72504409171076,False,False,75.0,False,False,91.56684049476176,False,23.46,False
2008-04-14,66.1758377425044,False,False,71.62698412698413,False,False,90.16820089852901,False,23.82,False
2008-04-15,62.91763668430335,False,False,72.8174603174603,False,False,88.72637237771852,False,22.78,False
2008-04-16,58.501851851851846,False,False,75.9920634920635,False,False,84.69674207862734,False,20.53,False
2008-04-17,54.247707231040565,False,False,71.03174603174604,False,False,83.73708575633492,False,20.37,False
2008-04-18,58.6799823633157,False,False,77.38095238095238,False,False,79.60067697680493,False,20.13,False
2008-04-21,55.52028218694884,False,False,76.48809523809524,False,False,82.25472752451822,False,20.5,False
2008-04-22,60.42936507936509,False,False,72.71825396825398,False,False,83.42836927545714,False,20.87,False
2008-04-23,60.04074074074074,False,False,76.98412698412699,False,False,79.993301434505,False,20.26,False
2008-04-24,71.48342151675485,False,False,92.31150793650794,False,False,79.68586437327845,False,20.06,False
2008-04-25,69.34885361552028,False,False,88.88888888888889,False,False,78.1739263916496,False,19.59,False
2008-04-28,58.314462081128745,False,False,81.54761904761905,False,False,76.01178830034968,False,19.64,False
2008-04-29,65.18853615520281,False,False,83.82936507936508,False,False,76.49055041253342,False,20.24,False
2008-04-30,66.4041446208113,False,False,82.0436507936508,False,False,78.14152406224666,False,20.79,False
2008-05-01,62.355555555555554,False,False,83.63095238095238,False,False,73.42279310066556,False,18.88,False
2008-05-02,73.82557319223986,False,False,89.98015873015873,False,False,73.72639343081148,False,18.18,False
2008-05-05,75.847442680776,False,False,89.88095238095238,False,False,74.86730722187839,False,18.9,False
2008-05-06,76.90070546737213,False,False,92.55952380952381,False,False,68.89472348047202,False,18.21,False
2008-05-07,71.53015873015873,False,False,84.07738095238095,False,False,77.35319168720184,False,19.73,False
2008-05-08,67.24514991181657,False,False,79.76190476190476,False,False,79.47590679555162,False,19.4,False
2008-05-09,73.38483245149912,False,False,80.05952380952381,False,False,76.77831403124465,False,19.41,False
2008-05-12,79.52786596119928,False,False,92.26190476190476,False,False,72.26140480504917,False,17.79,False
2008-05-13,77.59717813051145,False,False,89.08730158730158,False,False,73.85672984660533,False,17.98,False
2008-05-14,73.43333333333334,False,False,89.88095238095238,False,False,69.22158569796615,False,17.66,False
2008-05-15,66.98589065255732,False,False,87.25198412698413,False,False,66.8459035467517,False,16.3,False
2008-05-16,56.03862433862434,False,False,73.80952380952381,False,False,64.86145052535534,False,16.47,False
2008-05-19,60.06825396825397,False,False,76.68650793650792,False,False,65.80329491735033,False,17.01,False
2008-05-20,65.85026455026454,False,False,75.89285714285714,False,False,71.23246580009106,False,17.58,False
2008-05-21,61.99435626102292,False,False,64.38492063492063,False,False,78.428954362081,False,18.59,False
2008-05-22,67.04761904761905,False,False,73.80952380952381,False,False,76.34642703754469,False,18.05,False
2008-05-23,56.87125220458553,False,False,58.23412698412699,False,False,81.1282969306077,False,19.55,False
2008-05-27,53.464373897707226,False,False,63.98809523809524,False,False,79.54702989532153,False,19.64,False
2008-05-28,55.48659611992945,False,False,70.3373015873016,False,False,78.91763632504066,False,19.07,False
2008-05-29,62.95731922398589,False,False,76.19047619047619,False,False,74.31705328155799,False,18.14,False
2008-05-30,57.26119929453263,False,False,76.38888888888889,False,False,76.70225472410523,False,17.83,False
2008-06-02,59.99929453262787,False,False,75.29761904761905,False,False,80.07435409956207,False,19.83,False
2008-06-03,58.53068783068783,False,False,72.61904761904762,False,False,80.93659857609981,False,20.24,False
2008-06-04,61.96737213403879,False,False,81.15079365079364,False,False,79.27591087501986,False,20.8,False
2008-06-05,56.15185185185185,False,False,77.38095238095238,False,False,74.47669498405963,False,18.63,False
2008-06-06,48.85996472663139,False,False,60.317460317460316,False,False,84.15749824641351,False,23.56,False
2008-06-09,68.5268077601411,False,False,74.20634920634922,False,False,83.61880399503214,False,23.12,False
2008-06-10,59.32239858906526,False,False,68.65079365079364,False,False,82.37198195625702,False,23.18,False
2008-06-11,56.08853615520282,False,False,62.40079365079366,False,False,86.01671811421427,False,24.12,False
2008-06-12,65.65440917107583,False,False,68.5515873015873,False,False,85.02345422767785,False,23.33,False
2008-06-13,66.60617283950617,False,False,73.8095238095238,False,False,82.81164458023228,False,21.22,False
2008-06-16,60.56128747795413,False,False,72.42063492063491,False,False,83.14512675926919,False,20.95,False
2008-06-17,63.59179894179894,False,False,75.69444444444443,False,False,85.00138824784489,False,21.13,False
2008-06-18,53.18677248677249,False,False,65.77380952380952,False,False,86.20428296261461,False,22.24,False
2008-06-19,59.41763668430335,False,False,74.2063492063492,False,False,83.55299560735212,False,21.58,False
2008-06-20,57.025485008818336,False,False,63.78968253968254,False,False,86.74522778244835,False,22.87,False
2008-06-23,47.07830687830688,False,False,51.58730158730159,False,False,85.92777569558547,False,22.64,False
2008-06-24,47.26666666666666,False,False,46.62698412698413,False,False,85.63751293758504,False,22.42,False
2008-06-25,45.70705467372133,False,False,50.0,False,False,83.93604555370398,False,21.14,False
2008-06-26,52.64470899470899,False,False,49.10714285714286,False,False,88.26605180072532,False,23.93,False
2008-06-27,45.61975308641976,False,False,39.78174603174603,False,False,89.20568997235311,False,23.44,False
2008-06-30,41.76499118165785,False,False,40.426587301587304,False,False,87.6915121864709,False,23.95,False
2008-07-01,54.2773368606702,False,False,57.242063492063494,False,False,87.63467983310993,False,23.65,False
2008-07-02,42.58853615520282,False,False,43.650793650793645,False,False,90.12816632444826,False,25.92,False
2008-07-03,40.10784832451499,False,False,39.13690476190476,False,False,89.95357320982595,False,24.79,False
2008-07-07,46.81093474426808,False,False,48.511904761904766,False,False,88.39460812204969,False,25.78,False
2008-07-08,45.361992945326286,False,False,52.67857142857143,False,False,85.11015817538554,False,23.15,False
2008-07-09,54.28139329805996,False,False,54.166666666666664,False,False,89.71851801441686,False,25.23,False
2008-07-10,51.45793650793651,False,False,51.488095238095234,False,False,87.5277656701134,False,25.59,False
2008-07-11,59.83800705467373,False,False,60.21825396825396,False,False,89.14936446211158,False,27.49,False
2008-07-14,60.32416225749558,False,False,57.14285714285714,False,False,88.92970806001932,False,28.48,False
2008-07-15,56.631216931216926,False,False,56.99404761904761,False,False,91.05702990513358,False,28.54,False
2008-07-16,61.49647266313933,False,False,71.42857142857143,False,False,89.04684763624586,False,25.1,False
2008-07-17,68.46887125220458,False,False,79.66269841269842,False,False,88.26287619865222,False,25.01,False
2008-07-18,63.20414462081129,False,False,75.34722222222223,False,False,87.94379764665399,False,24.05,False
2008-07-21,67.90432098765432,False,False,71.52777777777777,False,False,86.64095940172444,False,23.05,False
2008-07-22,67.44409171075837,False,False,88.39285714285714,False,False,85.3560879587799,False,21.18,True
2008-07-23,60.07469135802469,False,False,82.2420634920635,False,False,82.33426326310352,False,21.31,True
2008-07-24,58.03156966490299,False,False,71.23015873015873,False,False,90.6980138899849,False,23.44,True
2008-07-25,54.22548500881834,False,False,72.32142857142857,False,False,87.69754086882737,False,22.91,True
2008-07-28,50.69232804232804,False,False,59.62301587301587,False,False,90.22962425648298,False,24.23,True
2008-07-29,58.17557319223986,False,False,74.70238095238095,False,False,80.86843990378098,False,22.03,True
2008-07-30,48.95299823633156,False,False,73.21428571428572,False,False,85.75459213260643,False,21.21,True
2008-07-31,46.66913580246913,False,False,69.54365079365078,False,False,86.68544329967966,False,22.94,True
2008-08-01,39.842063492063495,False,False,63.39285714285714,False,False,89.04541726818564,False,22.57,True
2008-08-04,37.03818342151676,False,False,60.21825396825396,False,False,89.94185120867678,False,23.49,True
2008-08-05,37.66031746031746,False,False,63.74007936507937,False,False,85.24708019652952,False,21.14,True
2008-08-06,44.60326278659612,False,False,70.43650793650794,False,False,83.08355408050768,False,20.23,True
2008-08-07,56.658289241622576,False,False,77.08333333333334,False,False,86.48746013321163,False,21.15,True
2008-08-08,43.72504409171076,False,False,73.21428571428572,False,False,81.29171441264538,False,20.66,True
2008-08-11,40.51975308641975,False,False,70.23809523809524,False,False,80.50406378968314,False,20.12,True
2008-08-12,50.47433862433862,False,False,76.09126984126985,False,False,82.93053667134899,False,21.17,True
2008-08-13,50.41754850088184,False,False,70.58531746031746,False,False,81.16732890838121,False,21.55,True
2008-08-14,45.86490299823634,False,False,68.99801587301587,False,False,80.77556955135105,False,20.34,True
2008-08-15,47.60070546737214,False,False,72.51984126984127,False,False,80.93205740366041,False,19.58,True
2008-08-18,50.05079365079364,False,False,68.20436507936509,False,False,84.6206611622484,False,20.98,True
2008-08-19,54.29329805996473,False,False,59.52380952380952,False,False,85.90668947802278,False,21.28,True
2008-08-20,59.31252204585538,False,False,69.54365079365078,False,False,84.60112845271205,False,20.42,True
2008-08-21,52.77936507936508,False,False,54.861111111111114,False,False,84.15421981924418,False,19.82,True
2008-08-22,66.48977072310404,False,False,82.63888888888889,False,False,79.07586615252985,False,18.81,True
2008-08-25,51.46728395061728,False,False,57.14285714285714,False,False,85.08202328573793,False,20.97,True
2008-08-26,48.75776014109347,False,False,54.26587301587301,False,False,83.22218773662608,False,20.49,True
2008-08-27,49.84779541446208,False,False,60.416666666666664,False,False,79.52448579839013,False,19.76,True
2008-08-28,53.25679012345679,False,False,65.27777777777777,False,False,74.53930744446815,False,19.43,True
2008-08-29,59.84611992945327,False,False,70.63492063492063,False,False,78.8517634611785,False,20.65,True
2008-09-02,48.166931216931225,False,False,62.84722222222223,False,False,82.91854818788727,False,21.99,True
2008-09-03,55.77522045855379,False,False,71.82539682539682,False,False,82.97535963854928,False,21.43,True
2008-09-04,47.9595238095238,False,False,52.976190476190474,False,False,87.99113656198783,False,24.03,True
2008-09-05,54.12010582010582,False,False,52.57936507936508,False,False,86.67722131316195,False,23.06,True
2008-09-08,72.16649029982362,False,False,76.04166666666666,False,False,84.7671813542802,False,22.64,True
2008-09-09,52.11984126984127,False,False,47.867063492063494,False,False,89.00145746786666,False,25.47,True
2008-09-10,48.01798941798941,False,False,45.33730158730159,False,False,86.81399309980486,False,24.52,True
2008-09-11,57.34947089947089,False,False,60.317460317460316,False,False,85.15512327699294,False,24.39,True
2008-09-12,46.21622574955908,False,False,61.60714285714286,False,False,85.90345049780954,False,25.66,True
2008-09-15,58.11640211640212,False,False,52.43055555555556,False,False,91.99207916257801,False,31.7,True
2008-09-16,54.30864197530864,False,False,63.29365079365079,False,False,89.68345586592078,False,30.3,True
2008-09-17,60.12469135802469,False,False,56.34920634920634,False,False,92.88559769054415,False,36.22,True
2008-09-18,60.82186948853616,False,False,68.10515873015873,False,False,89.17342821482528,False,33.1,True
2008-09-19,52.84029982363316,False,False,71.23015873015873,False,False,79.81787867719979,False,32.07,True
2008-09-22,46.29585537918871,False,False,54.56349206349206,False,False,90.21885813339674,False,33.85,True
2008-09-23,42.25873015873016,False,False,44.04761904761905,False,False,92.50697485007773,False,35.72,True
2008-09-24,57.94118165784833,False,False,48.75992063492064,False,False,92.27005182755937,False,35.19,True
2008-09-25,43.34074074074074,False,False,41.269841269841265,False,False,90.07933937701654,False,32.82,True
2008-09-26,66.19382716049383,False,False,69.44444444444444,False,False,91.13794872438426,False,34.74,True
2008-09-29,50.81569664902997,False,False,37.797619047619044,False,False,95.3254801650981,False,46.72,True
2008-09-30,42.82125220458554,False,False,41.36904761904762,False,False,92.3887209818273,False,39.39,False
2008-10-01,43.5579365079365,False,False,37.20238095238095,False,False,94.38261235211348,False,39.81,False
2008-10-02,40.36596119929453,False,False,29.960317460317462,False,False,95.95897039427886,False,45.26,False
2008-10-03,49.02998236331569,False,False,37.301587301587304,False,False,96.403503924436,False,45.14,False
2008-10-06,33.994708994709,False,False,22.519841269841272,False,False,97.01709084268857,False,52.05,False
2008-10-07,35.60405643738977,False,False,16.865079365079364,True,False,97.05488433645083,False,53.68,False
2008-10-08,36.24338624338625,False,False,17.757936507936506,True,False,97.10866847248026,False,57.53,False
2008-10-09,41.62257495590829,False,False,19.543650793650798,True,False,97.32920306981258,False,63.92,False
2008-10-10,35.692239858906525,False,False,10.962301587301585,True,False,97.42654629911765,False,69.95,False
2008-10-13,43.47442680776014,False,False,34.920634920634924,False,False,91.07154928788383,False,54.99,False
2008-10-14,55.4673721340388,False,False,45.932539682539684,False,False,95.54105585996435,False,55.13,False
2008-10-15,43.51851851851852,False,False,21.775793650793652,True,False,97.4465452640273,False,69.25,False
2008-10-16,35.07495590828924,False,False,17.460317460317462,True,False,96.5343223893335,False,67.61,False
2008-10-17,36.37566137566137,False,False,18.452380952380953,True,False,96.73115166273745,False,70.33,False
2008-10-20,35.07495590828924,False,False,24.6031746031746,False,False,94.26365810679637,False,52.97,False
2008-10-21,48.258377425044095,False,False,32.83730158730159,False,False,96.72987350049173,False,53.11,False
2008-10-22,36.75044091710758,False,False,10.218253968253968,True,False,97.3739468541914,False,69.65,False
2008-10-23,29.36507936507936,False,False,5.05952380952381,True,False,97.28382126146765,False,67.8,False
2008-10-24,37.63227513227513,False,False,8.829365079365079,True,False,97.50150934633693,False,79.13,False
2008-10-27,31.723985890652557,False,False,4.910714285714284,True,False,97.48791028780784,False,80.06,False
2008-10-28,34.98677248677249,False,False,27.28174603174603,False,False,95.50246643407924,False,66.96,False
2008-10-29,32.87037037037037,False,False,22.767857142857142,False,False,95.17915384999306,False,69.96,False
2008-10-30,37.85273368606702,False,False,41.36904761904762,False,False,95.03115311560718,False,62.9,False
2008-10-31,38.955026455026456,False,False,54.166666666666664,False,False,92.79620074943792,False,59.89,False
2008-11-03,34.92063492063492,False,False,50.79365079365079,False,False,91.31834078048617,False,53.68,False
2008-11-04,35.62610229276896,False,False,56.8452380952381,False,False,87.52364790289705,False,47.73,False
2008-11-05,33.33333333333333,False,False,47.56944444444444,False,False,94.31910340998387,False,54.56,False
2008-11-06,37.03703703703704,False,False,33.5813492063492,False,False,96.28598240556089,False,63.68,False
2008-11-07,55.4673721340388,False,False,61.25992063492063,False,False,94.3332169141965,False,56.1,False
2008-11-10,38.55820105820105,False,False,36.40873015873016,False,False,95.90544801484667,False,59.98,False
2008-11-11,43.01146384479718,False,False,36.111111111111114,False,False,96.44957033475372,False,61.44,False
2008-11-12,32.20899470899471,False,False,17.16269841269841,True,False,96.73102815678396,False,66.46,False
2008-11-13,33.267195767195766,False,False,34.62301587301587,False,False,94.11528557995597,False,59.83,False
2008-11-14,32.8042328042328,False,False,23.759920634920633,False,False,96.52844648841,False,66.31,False
2008-11-17,31.28306878306878,False,False,18.898809523809526,True,False,96.67050201688956,False,69.15,False
2008-11-18,30.379188712522044,False,False,21.577380952380953,True,False,96.42020278879276,False,67.64,False
2008-11-19,31.305114638447968,False,False,14.335317460317459,True,False,96.90862589978758,False,74.26,False
2008-11-20,33.73015873015873,False,False,5.9523809523809526,True,False,97.09615117102459,False,80.86,False
2008-11-21,32.098765432098766,False,False,13.095238095238095,True,False,96.06330200316575,False,72.67,False
2008-11-24,39.79276895943562,False,False,29.960317460317462,False,False,91.27083444103037,False,64.7,False
2008-11-25,32.6058201058201,False,False,23.263888888888893,False,False,91.82934912877742,False,60.9,False
2008-11-26,29.82804232804233,False,False,32.192460317460316,False,False,89.45434584321947,False,54.92,False
2008-11-28,33.86243386243386,False,False,33.829365079365076,False,False,86.85872993364586,False,55.84,False
2008-12-01,28.615520282186942,False,False,28.67063492063492,False,False,95.36018020123036,False,68.51,False
2008-12-02,32.95855379188712,False,False,35.81349206349206,False,False,91.13269395654794,False,62.98,False
2008-12-03,31.12874779541446,False,False,45.73412698412699,False,False,90.90781713328577,False,60.72,False
2008-12-04,28.328924162257497,False,False,36.80555555555556,False,False,92.55517132317156,False,63.64,False
2008-12-05,29.2989417989418,False,False,49.65277777777778,False,False,92.2656516360813,False,59.93,False
2008-12-08,32.91446208112875,False,False,60.61507936507937,False,False,86.32512949402364,False,58.49,False
2008-12-09,29.739858906525573,False,False,51.785714285714285,False,False,91.0515720430195,False,58.91,False
2008-12-10,27.7336860670194,False,False,57.142857142857146,False,False,88.66586882385955,False,55.73,False
2008-12-11,30.224867724867725,False,False,46.08134920634921,False,False,91.62720498349834,False,55.78,False
2008-12-12,29.1005291005291,False,False,52.67857142857143,False,False,90.60615727945016,False,54.28,False
2008-12-15,29.497354497354497,False,False,48.36309523809524,False,False,91.94263034717666,False,56.76,False
2008-12-16,36.15520282186948,False,False,65.97222222222223,False,False,85.03606469015311,False,52.37,False
2008-12-17,33.06878306878306,False,False,64.33531746031747,False,False,87.51599229084827,False,49.84,False
2008-12-18,30.511463844797174,False,False,53.62103174603175,False,False,87.32241879201273,False,47.34,False
2008-12-19,29.651675485008816,False,False,48.61111111111111,False,False,87.2490317644699,False,44.93,False
2008-12-22,29.210758377425044,False,False,43.105158730158735,False,False,90.12507641335903,False,44.56,False
2008-12-23,27.71164021164021,False,False,39.08730158730158,False,False,91.05062970593849,False,45.02,False
2008-12-24,30.55555555555556,False,False,40.922619047619044,False,False,88.91411674653244,False,44.21,False
2008-12-26,29.739858906525576,False,False,40.773809523809526,False,False,88.62551436492099,False,43.38,False
2008-12-29,29.38712522045856,False,False,39.83134920634921,False,False,90.80477075805977,False,43.9,False
2008-12-30,28.549382716049383,False,False,49.50396825396825,False,False,87.7442060808857,False,41.63,False
2008-12-31,28.086419753086417,False,False,66.31944444444444,False,False,86.30997149025433,False,40.0,False
2009-01-02,30.630776014109347,False,False,63.59126984126985,False,False,83.62601983297897,False,39.19,False
2009-01-05,32.08077601410935,False,False,63.39285714285714,False,False,85.60106668718424,False,39.08,False
2009-01-06,33.05308641975308,False,False,69.14682539682539,False,False,85.55557610909223,False,38.56,False
2009-01-07,33.73015873015873,False,False,59.72222222222222,False,False,86.08167787722795,False,43.39,False
2009-01-08,33.686067019400355,False,False,55.158730158730165,False,False,86.72014423766622,False,42.56,False
2009-01-09,28.92416225749559,False,False,49.702380952380956,False,False,88.21380281254068,False,42.82,False
2009-01-12,29.872134038800706,False,False,42.36111111111111,False,False,90.0665442393232,False,45.84,False
2009-01-13,33.75220458553792,False,False,41.46825396825397,False,False,89.75535780591349,False,43.27,False
2009-01-14,30.996472663139333,False,False,33.333333333333336,False,False,92.24451215777906,False,49.14,False
2009-01-15,51.74162257495591,False,False,56.597222222222214,False,False,91.76255961356416,False,51.0,False
2009-01-16,48.98589065255732,False,False,61.65674603174604,False,False,91.20946030258766,False,46.11,False
2009-01-20,39.15343915343915,False,False,42.70833333333333,False,False,93.52615678024398,False,56.65,False
2009-01-21,49.140211640211646,False,False,56.349206349206355,False,False,87.91899599294533,False,46.42,False
2009-01-22,44.20194003527336,False,False,44.64285714285714,False,False,91.74844450062828,False,47.29,False
2009-01-23,35.55996472663139,False,False,37.5,False,False,90.6826769072652,False,47.27,False
2009-01-26,30.335097001763668,False,False,42.65873015873016,False,False,90.36244008660104,False,45.69,False
2009-01-27,27.88800705467372,False,False,43.1547619047619,False,False,88.3144973517957,False,42.25,False
2009-01-28,43.02398589065256,False,False,72.71825396825398,False,False,82.12678056874121,False,39.66,False
2009-01-29,34.457671957671955,False,False,45.18849206349206,False,False,90.21840879614642,False,42.63,False
2009-01-30,32.64991181657849,False,False,36.80555555555556,False,False,92.5610253985946,False,44.84,False
2009-02-02,31.349206349206348,False,False,36.21031746031746,False,False,92.15961311546869,False,45.52,False
2009-02-03,32.25308641975308,False,False,46.03174603174603,False,False,90.7306924043487,False,43.06,False
2009-02-04,34.12698412698413,False,False,49.25595238095238,False,False,91.61128321440033,False,43.85,False
2009-02-05,47.64109347442681,False,False,64.98015873015872,False,False,89.71029377322837,False,43.73,False
2009-02-06,46.58289241622575,False,False,73.71031746031746,False,False,84.79391192737846,False,43.37,False
2009-02-09,42.92328042328042,False,False,71.57738095238095,False,False,85.09669403701322,False,43.64,False
2009-02-10,45.56878306878306,False,False,58.03571428571429,False,False,90.36910157040944,False,46.67,False
2009-02-11,38.99911816578483,False,False,49.900793650793645,False,False,88.61695220600768,False,44.53,False
2009-02-12,40.52028218694885,False,False,52.03373015873015,False,False,88.12181208599112,False,41.25,False
2009-02-13,41.77689594356261,False,False,52.77777777777778,False,False,90.71653887704491,False,42.93,False
2009-02-17,32.385361552028215,False,False,33.73015873015873,False,False,92.92994984817408,False,48.66,False
2009-02-18,35.64814814814815,False,False,34.02777777777778,False,False,91.81859584577103,False,48.46,False
2009-02-19,36.68430335097002,False,False,38.095238095238095,False,False,92.86932630576138,False,47.08,False
2009-02-20,42.63668430335096,False,False,40.67460317460318,False,False,92.04631181525502,False,49.3,False
2009-02-23,32.20899470899471,False,False,30.90277777777778,False,False,93.60972776234189,False,52.62,False
2009-02-24,39.15343915343915,False,False,44.295634920634924,False,False,87.99691304119976,False,45.49,False
2009-02-25,41.00529100529101,False,False,41.12103174603175,False,False,92.72574122906208,False,44.67,False
2009-02-26,40.36596119929453,False,False,42.460317460317455,False,False,93.81278742439167,False,44.66,False
2009-02-27,31.48148148148148,False,False,31.746031746031747,False,False,94.18467824886619,False,46.35,False
2009-03-02,26.10229276895944,False,False,27.529761904761905,False,False,94.66687795851611,False,52.65,False
2009-03-03,25.50705467372134,False,False,27.083333333333336,False,False,94.59892681846395,False,50.93,False
2009-03-04,32.341269841269835,False,False,29.811507936507937,False,False,93.4767923546353,False,47.56,False
2009-03-05,30.57760141093474,False,False,29.166666666666668,False,False,95.19484271772107,False,50.17,False
2009-03-06,32.34126984126984,False,False,31.89484126984127,False,False,95.02047324512223,False,49.33,False
2009-03-09,29.78395061728395,False,False,29.86111111111111,False,False,94.99152086960116,False,49.68,False
2009-03-10,35.5379188712522,False,False,42.9563492063492,False,False,90.98499366493327,False,44.37,False
2009-03-11,46.45061728395062,False,False,56.49801587301587,False,False,92.14012753721836,False,43.61,False
2009-03-12,47.68518518518518,False,False,66.41865079365078,False,False,90.68986093626177,False,41.18,False
2009-03-13,51.78571428571428,False,False,75.29761904761905,False,False,88.42619957129602,False,42.36,False
2009-03-16,53.90211640211639,False,False,68.25396825396825,False,False,86.83976487044242,False,43.74,False
2009-03-17,49.55908289241621,False,False,74.10714285714286,False,False,82.91664919599988,False,40.8,False
2009-03-18,59.30335097001763,False,False,89.48412698412699,False,False,84.35116730234087,False,40.06,False
2009-03-19,56.79012345679011,False,False,80.75396825396827,False,False,84.71502193791268,False,43.68,False
2009-03-20,42.52645502645503,False,False,62.40079365079366,False,False,89.35994817731438,False,45.89,False
2009-03-23,59.12698412698412,False,False,87.59920634920636,False,False,83.24859659400734,False,43.23,False
2009-03-24,59.5679012345679,False,False,86.9047619047619,False,False,82.02335789436201,False,42.93,False
2009-03-25,59.54585537918871,False,False,89.18650793650795,False,False,81.65120806298141,False,42.25,False
2009-03-26,53.72574955908289,False,False,88.59126984126985,False,False,80.54685458615982,False,40.36,False
2009-03-27,57.64991181657848,False,False,84.92063492063492,False,False,80.58816957932015,False,41.04,False
2009-03-30,51.71957671957672,False,False,75.9920634920635,False,False,84.24918833229789,False,45.54,False
2009-03-31,48.76543209876543,False,False,75.64484126984127,False,False,80.44594533213099,False,44.14,False
2009-04-01,54.40917107583774,False,False,80.2579365079365,False,False,79.91432734663574,False,42.28,False
2009-04-02,52.336860670194,False,False,87.5,False,False,77.55976405851983,False,42.04,False
2009-04-03,49.13051146384479,False,False,82.34126984126983,False,False,78.59272133607435,False,39.7,False
2009-04-06,44.17989417989418,False,False,78.27380952380952,False,False,81.05034203346428,False,40.93,False
2009-04-07,45.94356261022928,False,False,74.4047619047619,False,False,81.16507702895467,False,40.39,False
2009-04-08,46.251763668430335,False,False,78.37301587301587,False,False,77.35761837233156,False,38.85,False
2009-04-09,67.86693121693122,False,False,96.92460317460316,False,False,76.47556640712871,False,36.53,False
2009-04-13,69.27222222222223,False,False,97.22222222222223,False,False,78.60794376649548,False,37.81,False
2009-04-14,69.87910052910053,False,False,90.92261904761905,False,False,81.09625837780682,False,37.67,False
2009-04-15,70.58015873015873,False,False,90.37698412698411,False,False,81.62424445219521,False,36.17,False
2009-04-16,63.75864197530864,False,False,92.2123015873016,False,False,75.45542652591736,False,35.79,False
2009-04-17,64.49982363315696,False,False,92.26190476190477,False,False,74.44347630692772,False,33.94,False
2009-04-20,66.57107583774251,False,False,81.00198412698413,False,False,78.02495029169533,False,39.18,False
2009-04-21,62.19294532627866,False,False,90.97222222222221,False,False,75.12306090685053,False,37.14,False
2009-04-22,59.9400352733686,False,False,84.9702380952381,False,False,78.80934271158036,False,38.1,False
2009-04-23,57.535714285714285,False,False,82.73809523809524,False,False,74.49609437228348,False,37.15,False
2009-04-24,60.56296296296296,False,False,87.94642857142857,False,False,74.25930086593938,False,36.82,False
2009-04-27,49.2358024691358,False,False,75.0,False,False,73.56126493371099,False,38.32,False
2009-04-28,48.09656084656085,False,False,75.5952380952381,False,False,72.93014454973267,False,37.95,False
2009-04-29,57.534920634920624,False,False,82.63888888888889,False,False,71.8307601470857,False,36.08,False
2009-04-30,44.052028218694886,False,False,76.68650793650794,False,False,73.45125394389122,False,36.5,False
2009-05-01,47.95943562610229,False,False,81.15079365079364,False,False,71.7961737261782,False,35.3,False
2009-05-04,59.60855379188713,False,False,93.10515873015872,False,False,67.48739373482518,False,34.53,False
2009-05-05,54.68095238095238,False,False,91.17063492063492,False,False,67.30950652454983,False,33.36,False
2009-05-06,65.81261022927688,False,False,96.875,False,False,63.414877916231966,False,32.45,False
2009-05-07,65.76966490299824,False,False,90.97222222222221,False,False,63.17739734942672,False,33.44,False
2009-05-08,67.99691358024693,False,False,95.78373015873017,False,False,63.91463544957971,False,32.05,False
2009-05-11,65.57927689594356,False,False,89.23611111111111,False,False,64.10356106764426,False,32.87,False
2009-05-12,65.55643738977072,False,False,88.19444444444446,False,False,62.6850549752157,False,31.8,False
2009-05-13,58.57627865961199,False,False,75.1984126984127,False,False,70.44525093099998,False,33.65,False
2009-05-14,59.84294532627867,False,False,79.26587301587301,False,False,63.17391964039828,False,31.37,False
2009-05-15,50.47125220458553,False,False,70.43650793650794,False,False,62.724497801581485,False,33.12,False
2009-05-18,62.10211640211641,False,False,86.40873015873015,False,False,59.35359443718311,False,30.24,False
2009-05-19,60.87389770723104,False,False,86.75595238095238,False,False,60.92992188629918,False,28.8,False
2009-05-20,67.13941798941798,False,False,84.82142857142857,False,False,62.1527916665113,False,29.03,False
2009-05-21,62.58774250440917,False,False,76.88492063492063,False,False,69.91233021521707,False,31.35,False
2009-05-22,58.74611992945327,False,False,73.01587301587301,False,False,70.34224664855238,False,32.63,False
2009-05-26,59.99506172839506,False,False,83.28373015873017,False,False,62.0732636140309,False,30.62,False
2009-05-27,60.32910052910052,False,False,78.52182539682539,False,False,66.84654165382328,False,32.36,False
2009-05-28,58.22125220458553,False,False,78.67063492063491,False,False,64.04524624732925,False,31.67,False
2009-05-29,52.80458553791887,False,False,82.04365079365081,False,False,59.933478938280416,False,28.92,False
2009-06-01,54.16649029982363,False,False,89.03769841269842,False,False,59.948351587886464,False,30.04,False
2009-06-02,57.74523809523809,False,False,91.96428571428571,False,False,58.689328650062954,False,29.63,False
2009-06-03,43.74550264550264,False,False,73.80952380952381,False,False,62.43406672714772,False,31.02,False
2009-06-04,54.243033509700176,False,False,91.46825396825396,False,False,58.74592017643554,False,30.18,False
2009-06-05,56.891005291005285,False,False,89.78174603174602,False,False,55.65693364048807,False,29.62,False
2009-06-08,58.59338624338625,False,False,87.5,False,False,59.12120828489325,False,29.77,False
2009-06-09,58.12601410934744,False,False,92.1626984126984,False,False,53.47038820294824,False,28.27,False
2009-06-10,59.497530864197536,False,False,87.74801587301587,False,False,59.054372829178725,False,28.46,False
2009-06-11,58.8542328042328,False,False,81.94444444444444,False,False,53.617952585162534,False,28.11,False
2009-06-12,56.73765432098765,False,False,80.2579365079365,False,False,51.20909515465359,False,28.15,False
2009-06-15,53.20961199294533,False,False,73.80952380952381,False,False,55.31344649042794,False,30.81,False
2009-06-16,52.236860670194,False,False,67.16269841269842,False,False,56.80786422729299,False,32.68,False
2009-06-17,56.41957671957672,False,False,70.8829365079365,False,False,55.94372950285443,False,31.54,False
2009-06-18,53.02566137566137,False,False,68.79960317460318,False,False,54.88006015846218,False,30.03,False
2009-06-19,56.69426807760141,False,False,74.8015873015873,False,False,53.66012817101606,False,27.99,False
2009-06-22,55.809435626102285,False,False,68.65079365079364,False,False,59.585382260712635,False,31.17,False
2009-06-23,54.57195767195767,False,False,65.32738095238095,False,False,59.91956668940555,False,30.58,False
2009-06-24,51.58597883597884,False,False,61.30952380952381,False,False,57.725453175354126,False,29.05,False
2009-06-25,53.521340388007054,False,False,61.507936507936506,False,False,55.90985426278655,False,26.36,False
2009-06-26,40.7531746031746,False,False,56.64682539682539,False,False,55.358980901537194,False,25.93,False
2009-06-29,56.33112874779542,False,False,71.62698412698413,False,False,53.58789568738059,False,25.35,False
2009-06-30,42.83465608465608,False,False,62.301587301587304,False,False,52.79741919798379,False,26.35,False
2009-07-01,45.42010582010583,False,False,60.86309523809524,False,False,50.71695921030149,False,26.22,False
2009-07-02,40.88756613756613,False,False,51.19047619047619,False,False,54.676555405155405,False,27.95,False
2009-07-06,53.11287477954144,False,False,56.29960317460318,False,False,52.89588849308843,False,29.0,False
2009-07-07,42.980158730158735,False,False,46.23015873015873,False,False,57.25820080270387,False,30.85,False
2009-07-08,55.58289241622575,False,False,54.36507936507936,False,False,55.11128132460232,False,31.3,False
2009-07-09,47.60899470899471,False,False,57.14285714285714,False,False,54.136978497765796,False,29.78,False
2009-07-10,53.67495590828925,False,False,51.091269841269835,False,False,54.37705702092486,False,29.02,False
2009-07-13,69.84100529100529,False,False,70.93253968253968,False,False,48.2341308026978,False,26.31,False
2009-07-14,68.22081128747794,False,False,74.2063492063492,False,False,47.01060983802514,False,25.02,False
2009-07-15,71.63959435626101,False,False,90.72420634920636,False,False,41.7568486216102,False,25.89,False
2009-07-16,66.76402116402116,False,False,87.05357142857144,False,False,40.304954106705296,False,25.42,False
2009-07-17,73.75731922398589,False,False,90.37698412698413,False,False,40.55077448056892,False,24.34,False
2009-07-20,71.05643738977072,False,False,89.28571428571428,False,False,38.478375069772355,False,24.4,False
2009-07-21,65.20008818342151,False,False,80.30753968253968,False,False,36.58519505005783,False,23.87,False
2009-07-22,72.25652557319223,False,False,88.19444444444446,False,False,35.76936724666704,False,23.47,False
2009-07-23,53.60590828924162,False,False,78.17460317460318,False,False,34.7214715838659,False,23.43,False
2009-07-24,67.24276895943562,False,False,88.93849206349206,False,False,34.06544190127343,False,23.09,False
2009-07-27,60.98201058201059,False,False,89.78174603174602,False,False,33.83737268907661,False,24.28,False
2009-07-28,57.049118165784826,False,False,81.89484126984127,False,False,33.7963415746851,False,25.01,False
2009-07-29,58.83218694885361,False,False,77.9265873015873,False,False,33.68480436172331,False,25.61,False
2009-07-30,64.10758377425044,False,False,90.57539682539682,False,False,33.773918000218735,False,25.4,False
2009-07-31,67.0153439153439,False,False,86.01190476190476,False,False,30.711428760193012,False,25.92,False
2009-08-03,64.72416225749559,False,False,85.21825396825396,False,False,30.30497464155579,False,25.56,False
2009-08-04,63.70749559082892,False,False,85.31746031746032,False,False,27.204392063687816,False,24.89,False
2009-08-05,76.53262786596119,False,False,90.97222222222221,False,False,27.34562088240403,False,24.9,False
2009-08-06,77.0969135802469,False,False,89.8809523809524,False,False,30.10119697030959,False,25.67,False
2009-08-07,78.26384479717812,False,True,91.66666666666667,False,False,29.70179924736477,False,24.76,False
2009-08-10,70.70661375661376,False,True,85.51587301587301,False,False,26.7492735303663,False,24.99,False
2009-08-11,74.47204585537919,False,True,85.31746031746033,False,False,30.011438422693416,False,25.99,False
2009-08-12,69.260582010582,False,True,85.81349206349206,False,False,28.328335674994133,False,25.45,False
2009-08-13,67.29074074074074,False,False,80.45634920634922,False,False,28.202317522803654,False,24.71,False
2009-08-14,72.12072310405642,False,False,82.04365079365078,False,False,28.715469112080555,False,24.27,False
2009-08-17,63.71631393298061,False,False,69.64285714285714,False,False,34.47199677933845,False,27.89,False
2009-08-18,54.76772486772487,False,False,70.73412698412699,False,False,34.28024864942724,False,26.18,False
2009-08-19,54.54691358024691,False,False,67.7579365079365,False,False,34.22652085015003,False,26.26,False
2009-08-20,69.2621693121693,False,False,82.93650793650794,False,False,31.117153203578194,False,25.09,False
2009-08-21,66.04382716049382,False,False,89.6825396825397,False,False,31.54835645417239,False,25.01,False
2009-08-24,72.71763668430334,False,False,88.4920634920635,False,False,31.656452669980325,False,25.14,False
2009-08-25,63.47037037037037,False,False,83.23412698412699,False,False,31.383956408494225,False,24.92,False
2009-08-26,59.97045855379189,False,False,80.4563492063492,False,False,31.36864406328863,False,24.95,False
2009-08-27,73.21569664902998,False,False,86.75595238095238,False,False,31.179927061950195,False,24.68,False
2009-08-28,77.1615520282187,False,False,87.1031746031746,False,False,31.1799204125259,False,24.76,False
2009-08-31,72.01384479717812,False,True,77.1825396825397,False,False,31.294663522474593,False,26.01,False
2009-09-01,68.92460317460316,False,True,69.84126984126985,False,False,35.84802686577002,False,29.15,False
2009-09-02,68.82098765432099,False,True,65.47619047619048,False,False,33.52461777926335,False,28.9,False
2009-09-03,59.8121693121693,False,False,66.66666666666667,False,False,33.23120619578061,False,27.1,False
2009-09-04,62.0469135802469,False,False,70.43650793650794,False,False,32.96607325644082,False,25.26,False
2009-09-08,53.57971781305114,False,False,68.05555555555556,False,False,32.876433172727,False,25.62,False
2009-09-09,62.50299823633157,False,False,74.30555555555557,False,False,31.1261406274195,False,24.32,False
2009-09-10,62.95282186948853,False,False,75.29761904761905,False,False,30.6466509104221,False,23.55,False
2009-09-11,47.47398589065256,False,False,65.0297619047619,False,False,30.508076888115486,False,24.15,False
2009-09-14,53.71975308641975,False,False,73.21428571428571,False,False,30.196969737221057,False,23.86,False
2009-09-15,52.22257495590828,False,False,72.22222222222223,False,False,26.943129467190687,False,23.42,False
2009-09-16,58.15723104056437,False,False,79.66269841269842,False,False,27.01570447176719,False,23.69,False
2009-09-17,60.58245149911816,False,False,74.20634920634922,False,False,26.957359300862674,False,23.65,False
2009-09-18,51.68024691358024,False,False,69.94047619047619,False,False,26.893012704522572,False,23.92,False
2009-09-21,60.97195767195766,False,False,75.49603174603175,False,False,26.26452799021875,False,24.06,False
2009-09-22,65.48465608465608,False,False,78.96825396825398,False,False,25.917079859169743,False,23.08,False
2009-09-23,56.65899470899471,False,False,71.23015873015873,False,False,26.53757640838811,False,23.49,False
2009-09-24,54.89991181657848,False,False,65.67460317460318,False,False,28.83175276125525,False,24.95,False
2009-09-25,47.96358024691357,False,False,60.51587301587302,False,False,28.96839141266041,False,25.61,False
2009-09-28,53.439682539682536,False,False,73.21428571428571,False,False,28.870759704047543,False,24.88,False
2009-09-29,46.675749559082895,False,False,64.88095238095238,False,False,28.718767658410723,False,25.19,False
2009-09-30,47.80925925925925,False,False,60.019841269841265,False,False,25.79119371317309,False,25.61,False
2009-10-01,47.85264550264549,False,False,54.067460317460316,False,False,29.64993523714942,False,28.27,False
2009-10-02,52.23245149911816,False,False,53.57142857142857,False,False,29.600714196136234,False,28.68,False
2009-10-05,49.1320987654321,False,False,56.84523809523809,False,False,28.874362719010463,False,26.84,False
2009-10-06,53.932098765432094,False,False,62.5,False,False,28.396726132097612,False,25.7,False
2009-10-07,51.14779541446208,False,False,56.845238095238095,False,False,28.0675600363508,False,24.68,False
2009-10-08,46.72980599647267,False,False,57.093253968253975,False,False,27.655907607162323,False,24.18,False
2009-10-09,49.52328042328042,False,False,61.80555555555556,False,False,27.365848696666784,False,23.12,False
2009-10-12,49.4521164021164,False,False,61.60714285714286,False,False,26.89459756882829,False,23.01,False
2009-10-13,56.09902998236331,False,False,65.17857142857143,False,False,29.386439628087945,False,22.99,False
2009-10-14,66.42257495590829,False,False,76.98412698412699,False,False,27.987629980152345,False,22.86,False
2009-10-15,61.12557319223985,False,False,72.0734126984127,False,False,24.864529813564047,False,21.72,False
2009-10-16,63.777865961199296,False,False,66.76587301587301,False,False,27.872144096555914,False,21.43,False
2009-10-19,53.581393298059965,False,False,66.56746031746032,False,False,27.86189159573585,False,21.49,False
2009-10-20,57.96560846560846,False,False,61.75595238095238,False,False,28.230427891625,False,20.9,False
2009-10-21,58.75343915343915,False,False,57.73809523809524,False,False,26.341946158042933,False,22.22,False
2009-10-22,50.85123456790123,False,False,61.01190476190476,False,False,23.898892743908558,False,20.69,False
2009-10-23,59.51931216931217,False,False,56.74603174603175,False,False,26.515454679826277,False,22.27,False
2009-10-26,61.75899470899471,False,False,57.04365079365079,False,False,30.98500256872339,False,24.31,False
2009-10-27,51.43924162257495,False,False,47.71825396825397,False,False,31.36795220153002,False,24.83,False
2009-10-28,52.43977072310405,False,False,48.511904761904766,False,False,34.57340765878671,False,27.91,False
2009-10-29,53.24179894179893,False,False,50.49603174603175,False,False,29.176668434511857,False,24.76,False
2009-10-30,49.02142857142857,False,False,39.48412698412699,False,False,35.490967417947395,False,30.69,False
2009-11-02,60.28536155202821,False,False,41.02182539682539,False,False,34.95016969873404,False,29.78,False
2009-11-03,50.96975308641975,False,False,37.40079365079366,False,False,32.12910017898064,False,28.81,False
2009-11-04,52.32486772486772,False,False,36.80555555555556,False,False,31.89708248254938,False,27.72,False
2009-11-05,53.44276895943563,False,False,38.98809523809524,False,False,33.82269970655336,False,25.43,False
2009-11-06,48.6863315696649,False,False,37.599206349206355,False,False,33.663003226350824,False,24.19,False
2009-11-09,51.20414462081129,False,False,49.90079365079365,False,False,29.809056079069308,False,23.15,False
2009-11-10,51.067724867724856,False,False,48.710317460317455,False,False,32.64650637453036,False,22.84,False
2009-11-11,56.29171075837742,False,False,57.93650793650794,False,False,29.024550588407994,False,23.04,False
2009-11-12,56.26437389770722,False,False,47.519841269841265,False,False,33.96404273072486,False,24.24,False
2009-11-13,53.29206349206349,False,False,46.03174603174604,False,False,30.558041430762614,False,23.36,False
2009-11-16,55.44911816578482,False,False,57.242063492063494,False,False,30.20615516468932,False,22.89,False
2009-11-17,53.29074074074073,False,False,54.464285714285715,False,False,30.183364743573744,False,22.41,False
2009-11-18,51.58562610229277,False,False,56.795634920634924,False,False,30.491285265476634,False,21.63,False
2009-11-19,51.735537918871245,False,False,52.9265873015873,False,False,33.43507846036053,False,22.63,False
2009-11-20,40.64841269841269,False,False,38.69047619047619,False,False,32.5796330907557,False,22.19,False
2009-11-23,43.11657848324515,False,False,47.22222222222222,False,False,30.735227828625725,False,21.16,False
2009-11-24,42.55194003527337,False,False,42.46031746031746,False,False,29.9251304162181,False,20.47,False
2009-11-25,43.49435626102292,False,False,47.023809523809526,False,False,28.59702599164747,False,20.48,False
2009-11-27,58.81349206349206,False,False,44.14682539682539,False,False,30.870300038480938,False,24.85,False
2009-11-30,47.03148148148147,False,False,38.2936507936508,False,False,27.529758950393813,False,24.51,False
2009-12-01,46.72874779541446,False,False,40.87301587301587,False,False,27.113822352148095,False,21.92,False
2009-12-02,46.02680776014109,False,False,44.047619047619044,False,False,27.13279881940186,False,21.12,False
2009-12-03,69.81940035273368,False,False,55.6547619047619,False,False,28.118055338678655,False,22.46,False
2009-12-04,71.41754850088184,False,False,57.83730158730159,False,False,26.79787447387496,False,21.25,False
2009-12-07,52.73544973544973,False,False,42.16269841269842,False,False,27.246451392381044,False,22.1,False
2009-12-08,49.80185185185184,False,False,36.607142857142854,False,False,28.222563078322622,False,23.69,False
2009-12-09,47.35379188712522,False,False,39.18650793650794,False,False,27.90739513180587,False,22.66,False
2009-12-10,46.92539682539682,False,False,39.682539682539684,False,False,27.688313138176245,False,22.32,False
2009-12-11,42.52495590828924,False,False,39.48412698412699,False,False,25.80272824072627,False,21.59,False
2009-12-14,49.40520282186948,False,False,44.84126984126984,False,False,25.450442074531043,False,21.15,False
2009-12-15,58.718077601410926,False,False,51.28968253968254,False,False,25.415585960925213,False,21.49,False
2009-12-16,49.259082892416224,False,False,47.420634920634924,False,False,25.69750544224328,False,20.54,False
2009-12-17,45.29867724867725,False,False,37.301587301587304,False,False,27.761388446922467,False,22.51,False
2009-12-18,50.89647266313933,False,False,44.44444444444444,False,False,25.98357835296095,False,21.68,False
2009-12-21,51.27098765432098,False,False,44.94047619047619,False,False,25.902805535816597,False,20.49,False
2009-12-22,42.883245149911815,False,False,43.849206349206355,False,False,24.620354886624142,False,19.54,False
2009-12-23,37.38130511463845,False,False,42.16269841269842,False,False,24.51851236858575,False,19.71,False
2009-12-24,61.45749559082893,False,False,64.68253968253968,False,False,24.270341980615033,False,19.47,False
2009-12-28,55.03809523809523,False,False,59.82142857142857,False,False,22.284783980796146,False,19.93,False
2009-12-29,44.76957671957671,False,False,47.66865079365079,False,False,22.78475329387804,False,20.01,False
2009-12-30,50.77195767195767,False,False,49.900793650793645,False,False,22.100151702754193,False,19.96,False
2009-12-31,49.68395061728395,False,False,42.9563492063492,False,False,23.222156739754272,False,21.68,False
2010-01-04,42.5042328042328,False,False,45.73412698412697,False,False,22.967181523033634,False,20.04,False
2010-01-05,50.98677248677248,False,False,51.24007936507937,False,False,22.99480426510243,False,19.35,False
2010-01-06,44.01093474426807,False,False,40.773809523809526,False,False,23.13907015984844,False,19.16,False
2010-01-07,50.97830687830688,False,False,44.742063492063494,False,False,20.72197655466505,False,19.06,False
2010-01-08,48.63862433862433,False,False,42.361111111111114,False,False,20.116759235841425,False,18.13,False
2010-01-11,49.08465608465608,False,False,40.17857142857143,False,False,19.91785471939814,False,17.55,False
2010-01-12,51.85626102292768,False,False,42.55952380952381,False,False,20.957463518729917,False,18.25,False
2010-01-13,50.91181657848324,False,False,43.05555555555556,False,False,20.905758775051165,False,17.85,False
2010-01-14,60.19506172839506,False,False,54.21626984126985,False,False,20.81370352527336,False,17.63,False
2010-01-15,54.57089947089946,False,False,42.361111111111114,False,False,23.520474452400308,False,17.91,False
2010-01-19,52.358201058201054,False,False,43.650793650793645,False,False,20.87942963608452,False,17.58,False
2010-01-20,50.76119929453262,False,False,45.03968253968253,False,False,23.449294309973354,False,18.68,False
2010-01-21,62.67186948853616,False,False,51.48809523809524,False,False,26.604760101399787,False,22.27,False
2010-01-22,56.10202821869488,False,False,42.757936507936506,False,False,30.248119867924576,False,27.31,False
2010-01-25,58.28192239858906,False,False,42.757936507936506,False,False,30.44898390794694,False,25.41,False
2010-01-26,59.86199294532626,False,False,39.28571428571428,False,False,34.09545196575131,False,24.55,False
2010-01-27,55.86137566137566,False,False,41.36904761904761,False,False,33.04542941564061,False,23.14,False
2010-01-28,54.10061728395061,False,False,43.05555555555556,False,False,36.52830204228112,False,23.73,False
2010-01-29,53.31957671957672,False,False,37.301587301587304,False,False,37.80973347258294,False,24.62,False
2010-02-01,41.96940035273368,False,False,29.166666666666664,False,False,34.93984733199843,False,22.59,False
2010-02-02,34.098412698412695,False,False,22.42063492063492,False,False,32.79092511775237,False,21.48,False
2010-02-03,44.150793650793645,False,False,39.285714285714285,False,False,33.911953247517324,False,21.6,False
2010-02-04,42.45555555555555,False,False,34.32539682539682,False,False,43.882181026733484,False,26.08,False
2010-02-05,36.37627865961199,False,False,25.396825396825395,False,False,41.82207623486595,False,26.11,False
2010-02-08,38.29250440917107,False,False,27.87698412698413,False,False,43.24184143669209,False,26.51,False
2010-02-09,32.51322751322751,False,False,21.726190476190474,False,False,40.84623721598123,False,26.0,False
2010-02-10,33.17724867724868,False,False,25.694444444444446,False,False,41.82465387086105,False,25.4,False
2010-02-11,31.48606701940035,False,False,20.53571428571429,False,False,40.513081537545595,False,23.96,False
2010-02-12,58.53624338624338,False,False,42.26190476190476,False,False,41.99440344913052,False,22.73,False
2010-02-16,33.40608465608466,False,False,34.82142857142858,False,False,37.78126457213223,False,22.25,False
2010-02-17,40.46860670194004,False,False,42.70833333333333,False,False,38.08629316506152,False,21.72,False
2010-02-18,32.67469135802469,False,False,37.698412698412696,False,False,36.471567070086614,False,20.63,False
2010-02-19,34.667019400352736,False,False,43.9484126984127,False,False,34.44403097748039,False,20.02,False
2010-02-22,38.31622574955908,False,False,47.867063492063494,False,False,32.976381020971374,False,19.94,False
2010-02-23,39.53871252204585,False,False,38.2936507936508,False,False,36.40190388593992,False,21.37,False
2010-02-24,38.89320987654321,False,False,42.658730158730165,False,False,33.82112252757004,False,20.27,False
2010-02-25,42.40476190476191,False,False,40.873015873015866,False,False,37.02306119663381,False,20.1,False
2010-02-26,48.858024691358025,False,False,48.95833333333333,False,False,32.978304765429584,False,19.5,False
2010-03-01,41.58500881834215,False,False,47.12301587301587,False,False,30.27648555464962,False,19.26,False
2010-03-02,48.48712522045855,False,False,55.85317460317461,False,False,29.873758583831542,False,19.06,False
2010-03-03,38.02839506172839,False,False,48.61111111111111,False,False,29.997196820691794,False,18.83,False
2010-03-04,40.75202821869488,False,False,52.08333333333333,False,False,29.868008538063517,False,18.72,False
2010-03-05,59.039506172839495,False,False,63.2936507936508,False,False,23.748826694077778,False,17.42,False
2010-03-08,59.5984126984127,False,False,67.85714285714286,False,False,23.89962238529749,False,17.79,False
2010-03-09,71.49100529100528,False,False,73.11507936507937,False,False,23.862360359561592,False,17.92,False
2010-03-10,68.25555555555556,False,False,71.03174603174602,False,False,24.061815014339405,False,18.57,False
2010-03-11,61.48095238095237,False,False,65.67460317460316,False,False,23.432577610194826,False,18.06,False
2010-03-12,54.98165784832452,False,False,56.25,False,False,23.299328335326297,False,17.58,False
2010-03-15,50.745149911816576,False,False,49.801587301587304,False,False,26.00111790451177,False,18.0,False
2010-03-16,52.01552028218695,False,False,52.281746031746025,False,False,22.33578756738638,False,17.69,False
2010-03-17,51.11851851851851,False,False,52.38095238095238,False,False,21.590707742782886,False,16.91,False
2010-03-18,44.25379188712521,False,False,49.10714285714286,False,False,21.484578467360347,False,16.62,False
2010-03-19,42.52010582010581,False,False,44.3452380952381,False,False,22.599065170351267,False,16.97,False
2010-03-22,41.04391534391534,False,False,46.329365079365076,False,False,22.72286919174103,False,16.87,False
2010-03-23,48.632275132275126,False,False,52.28174603174603,False,False,18.887796763638608,False,16.35,False
2010-03-24,51.42151675485008,False,False,50.198412698412696,False,False,19.448845325221537,False,17.55,False
2010-03-25,62.47001763668429,False,False,57.0436507936508,False,False,23.20087055099786,False,18.4,False
2010-03-26,64.33844797178129,False,False,56.845238095238095,False,False,23.221106434287076,False,17.77,False
2010-03-29,56.1610229276896,False,False,47.32142857142857,False,False,18.79077581370684,False,17.59,False
2010-03-30,52.90229276895944,False,False,47.61904761904762,False,False,19.153690933691824,False,17.13,False
2010-03-31,54.61781305114638,False,False,36.30952380952381,False,False,19.901425921614305,False,17.59,False
2010-04-01,55.14797178130512,False,False,42.65873015873016,False,False,20.0410007454681,False,17.47,False
2010-04-05,51.3710758377425,False,False,49.900793650793645,False,False,18.736138131960104,False,17.02,False
2010-04-06,53.39523809523809,False,False,54.36507936507937,False,False,18.638478388974534,False,16.23,False
2010-04-07,61.118871252204585,False,False,53.17460317460318,False,False,19.396615972867295,False,16.62,False
2010-04-08,55.18977072310405,False,False,43.75,False,False,19.748263436515824,False,16.48,False
2010-04-09,50.7395061728395,False,False,46.230158730158735,False,False,19.390699693763292,False,16.14,False
2010-04-12,54.66860670194004,False,False,49.60317460317461,False,False,18.756825463974867,False,15.58,False
2010-04-13,51.06966490299824,False,False,44.64285714285714,False,False,18.96454688156937,False,16.2,False
2010-04-14,75.579012345679,False,False,70.03968253968254,False,False,18.626190908779353,False,15.59,False
2010-04-15,67.5957671957672,False,False,58.23412698412699,False,False,18.236141948735323,False,15.89,False
2010-04-16,75.94038800705468,False,False,60.01984126984127,False,False,26.032414646099273,False,18.36,False
2010-04-19,78.06578483245148,False,False,61.507936507936506,False,False,25.14984416226845,False,17.34,False
2010-04-20,77.93668430335096,False,True,66.36904761904762,False,False,21.557135599437117,False,15.73,False
2010-04-21,77.96455026455027,False,True,65.52579365079366,False,False,24.157116911955782,False,16.32,False
2010-04-22,71.77936507936508,False,True,61.80555555555555,False,False,23.50818445675863,False,16.47,False
2010-04-23,66.1673721340388,False,False,61.7063492063492,False,False,20.825120831482156,False,16.62,False
2010-04-26,62.97425044091711,False,False,58.03571428571429,False,False,21.636822445024546,False,17.47,False
2010-04-27,60.982980599647256,False,False,47.32142857142858,False,False,31.10473828893831,False,22.81,False
2010-04-28,60.84179894179894,False,False,46.37896825396825,False,False,30.911097186238198,False,21.08,False
2010-04-29,47.61075837742504,False,False,40.376984126984134,False,False,30.83798298402535,False,18.44,False
2010-04-30,58.803791887125215,False,False,47.02380952380952,False,False,33.99583272132291,False,22.05,False
2010-05-03,38.43059964726631,False,False,37.1031746031746,False,False,33.81460272810484,False,20.19,False
2010-05-04,44.118871252204585,False,False,30.853174603174605,False,False,39.01050382440083,False,23.84,False
2010-05-05,40.37186948853616,False,False,17.063492063492063,False,False,39.962605314806304,False,24.91,False
2010-05-06,41.43386243386243,False,False,23.115079365079364,False,False,49.92817558266913,False,32.8,False
2010-05-07,36.15520282186949,False,False,21.825396825396822,False,False,49.86397447148778,False,40.95,False
2010-05-10,38.32081128747795,False,False,26.388888888888886,False,False,45.39163953743647,False,28.84,False
2010-05-11,33.693474426807754,False,False,24.503968253968257,False,False,46.659027901424416,False,28.32,False
2010-05-12,34.05855379188712,False,False,30.357142857142858,False,False,45.08495345384881,False,25.52,False
2010-05-13,29.99700176366843,False,False,23.313492063492063,False,False,47.393099798186476,False,26.68,False
2010-05-14,40.1400352733686,False,False,31.051587301587304,False,False,52.02542109635499,False,31.24,False
2010-05-17,31.49982363315697,False,False,22.2718253968254,False,False,51.769933154847905,False,30.84,False
2010-05-18,35.88051146384479,False,False,25.59523809523809,False,False,52.405118548288016,False,33.55,False
2010-05-19,37.12380952380952,False,False,25.79365079365079,False,False,55.78948696859754,False,35.32,False
2010-05-20,27.35890652557319,False,False,18.1547619047619,True,False,64.30518361370497,False,45.79,False
2010-05-21,34.10493827160494,False,False,23.61111111111111,False,False,59.50840224731663,False,40.1,False
2010-05-24,33.649382716049374,False,False,21.924603174603174,False,False,63.50949171421963,False,38.32,False
2010-05-25,29.69197530864197,False,False,15.873015873015872,True,False,62.440061643544034,False,34.61,False
2010-05-26,34.15996472663139,False,False,20.436507936507933,True,False,64.29066393911272,False,35.02,False
2010-05-27,34.10634920634921,False,False,24.107142857142858,False,False,57.93903160499274,False,29.68,False
2010-05-28,27.33324514991181,False,False,18.5515873015873,True,False,59.437155982117226,False,32.07,False
2010-06-01,24.65590828924162,False,False,15.178571428571427,True,False,68.8496886241261,False,35.54,False
2010-06-02,18.688624338624336,False,False,11.408730158730158,True,False,60.78624958287207,False,30.17,False
2010-06-03,25.45432098765432,False,False,25.0,False,False,63.104985698427036,False,29.46,False
2010-06-04,22.176014109347445,False,False,13.392857142857142,True,False,68.69210646569833,False,35.48,False
2010-06-07,22.9152557319224,False,False,9.226190476190474,True,False,72.92938107240134,False,36.57,False
2010-06-08,29.403880070546737,False,False,18.65079365079365,True,False,71.06945214311985,False,33.7,False
2010-06-09,28.52742504409171,False,False,14.880952380952378,True,False,71.37280337112509,False,33.73,False
2010-06-10,34.82442680776014,False,False,25.1984126984127,False,False,63.67373376265042,False,30.57,False
2010-06-11,23.247178130511465,False,False,22.51984126984127,False,False,62.7782709167247,False,28.79,False
2010-06-14,27.31005291005291,False,False,31.25,False,False,62.77664493354183,False,28.58,False
2010-06-15,33.33500881834215,False,False,45.535714285714285,False,False,60.92433315025038,False,25.87,False
2010-06-16,33.06472663139329,False,False,47.12301587301587,False,False,60.675163199335195,False,25.92,False
2010-06-17,41.08774250440918,False,False,50.69444444444444,False,False,62.78499270453349,False,25.05,False
2010-06-18,27.236772486772487,False,False,31.547619047619055,False,False,59.18978508084197,False,23.95,False
2010-06-21,40.38853615520282,False,False,48.90873015873016,False,False,62.17068759615139,False,24.88,False
2010-06-22,28.667107583774246,False,False,24.107142857142858,False,False,65.67277573881886,False,27.05,False
2010-06-23,32.051763668430326,False,False,19.04761904761905,False,False,66.25904744556233,False,26.91,False
2010-06-24,34.97689594356261,False,False,26.884920634920633,False,False,69.83195817562267,False,29.74,False
2010-06-25,33.73112874779541,False,False,20.13888888888889,False,False,64.34730021197724,False,28.53,False
2010-06-28,36.688712522045854,False,False,23.511904761904766,False,False,64.2132376159262,False,29.0,False
2010-06-29,31.43571428571428,False,False,16.865079365079364,True,False,73.47192838741081,False,34.13,False
2010-06-30,16.349029982363316,False,False,4.067460317460316,True,False,74.25956113005526,False,34.54,False
2010-07-01,27.136860670194004,False,False,12.003968253968253,True,False,74.86859150424857,False,32.86,False
2010-07-02,25.7710758377425,False,False,10.267857142857142,True,False,72.81604022995772,False,30.12,False
2010-07-06,16.508377425044092,False,False,4.563492063492064,False,False,70.27907802075559,False,29.65,False
2010-07-07,24.242328042328044,False,False,13.690476190476193,False,False,66.88077050533168,False,26.84,False
2010-07-08,25.37716049382716,False,False,11.706349206349206,False,False,66.10324574627816,False,25.71,False
2010-07-09,27.06137566137566,False,False,12.79761904761905,False,False,64.77584407658128,False,24.98,False
2010-07-12,31.467460317460315,False,False,15.972222222222221,False,False,65.47173216496464,False,24.43,False
2010-07-13,50.72945326278659,False,False,39.88095238095237,False,False,60.94976416424282,False,24.56,False
2010-07-14,53.169576719576725,False,False,41.86507936507936,False,False,59.672306116487505,False,24.89,False
2010-07-15,51.02451499118166,False,False,40.079365079365076,False,False,58.97141580244013,False,25.14,False
2010-07-16,49.52601410934744,False,False,33.03571428571429,False,False,66.59063356881983,False,26.25,False
2010-07-19,48.05017636684303,False,False,30.357142857142854,False,False,63.66802819899863,False,25.97,False
2010-07-20,46.58209876543209,False,False,35.01984126984127,False,False,62.66893490300854,False,23.93,False
2010-07-21,42.54567901234569,False,False,30.158730158730158,False,False,65.73138875547811,False,25.64,False
2010-07-22,24.874867724867723,False,False,30.05952380952381,False,False,62.850109149917564,False,24.63,False
2010-07-23,26.335008818342157,False,False,24.503968253968257,False,False,60.67130499134188,False,23.47,False
2010-07-26,22.733774250440916,False,False,39.08730158730158,False,False,56.469676981035434,False,22.73,False
2010-07-27,22.213668430335098,False,False,32.44047619047619,False,False,56.51280976065119,False,23.19,False
2010-07-28,19.99338624338624,False,False,23.51190476190476,False,False,56.82267983056041,False,24.25,False
2010-07-29,34.47804232804233,False,False,36.60714285714286,False,False,58.552940388964764,False,24.13,False
2010-07-30,22.35008818342152,False,False,23.214285714285715,False,False,56.29954213322333,False,23.5,False
2010-08-02,21.17169312169312,False,False,31.6468253968254,False,False,55.27103759513938,False,22.01,False
2010-08-03,23.38456790123457,False,False,27.38095238095238,False,False,54.59007743435285,False,22.63,False
2010-08-04,27.27751322751322,False,False,31.59722222222222,False,False,50.82723995680444,False,22.21,False
2010-08-05,20.70282186948853,False,False,24.503968253968253,False,False,50.82362681283545,False,22.1,False
2010-08-06,29.346384479717813,False,False,24.900793650793652,False,False,54.34075422084377,False,21.74,False
2010-08-09,51.80934744268077,False,False,51.14087301587301,False,False,53.764210683725366,False,22.14,False
2010-08-10,43.41437389770723,False,False,39.18650793650793,False,False,57.44980367675404,False,22.37,False
2010-08-11,39.64223985890652,False,False,30.853174603174605,False,False,63.468421602077456,False,25.39,False
2010-08-12,44.67821869488536,False,False,28.174603174603178,False,False,65.0869180954305,False,25.73,False
2010-08-13,28.96278659611993,False,False,17.95634920634921,False,False,62.70661437727903,False,26.24,False
2010-08-16,22.713403880070544,False,False,12.698412698412696,False,False,61.11949923280562,False,26.1,False
2010-08-17,20.059171075837742,False,False,9.722222222222225,False,False,57.65842036936485,False,24.33,False
2010-08-18,19.429717813051145,False,False,8.928571428571429,False,False,53.207763426504606,False,24.59,False
2010-08-19,39.2352733686067,False,False,21.32936507936508,False,False,63.29228551732782,False,26.44,False
2010-08-20,36.147530864197535,False,False,22.71825396825397,False,False,62.41797376412762,False,25.49,False
2010-08-23,23.61922398589065,False,False,9.027777777777777,False,False,63.641230516230515,False,25.66,False
2010-08-24,20.326455026455022,False,False,6.349206349206349,False,False,67.85546848837988,False,27.46,False
2010-08-25,19.35978835978836,False,False,6.746031746031743,False,False,66.90259821372807,False,26.7,False
2010-08-26,21.566931216931213,False,False,4.761904761904762,False,False,68.28416011791468,False,27.37,False
2010-08-27,41.86199294532628,False,False,27.28174603174603,False,False,60.420875420875426,False,24.45,False
2010-08-30,39.35864197530864,False,False,24.454365079365076,False,False,68.32339508397821,False,27.21,False
2010-08-31,32.72795414462081,False,False,17.36111111111111,False,False,68.97240377632535,False,26.05,False
2010-09-01,33.112257495590825,False,False,23.115079365079367,False,False,61.10404755241027,False,23.89,False
2010-09-02,35.22072310405643,False,False,27.28174603174603,False,False,60.37853769397393,False,23.19,False
2010-09-03,46.93536155202822,False,False,45.932539682539684,False,False,58.98661504277599,False,21.31,False
2010-09-07,42.0026455026455,False,False,41.96428571428571,False,False,61.77430361684967,False,23.8,False
2010-09-08,43.74118165784833,False,False,40.079365079365076,False,False,63.28490624515729,False,23.25,False
2010-09-09,48.593209876543206,False,False,48.01587301587301,False,False,62.165640317814244,False,22.81,False
2010-09-10,42.50114638447971,False,False,37.6984126984127,False,False,61.51280980228349,False,21.99,False
2010-09-13,54.3542328042328,False,False,54.960317460317455,False,False,58.17801862598747,False,21.21,False
2010-09-14,48.14126984126983,False,False,52.08333333333333,False,False,55.956260581642844,False,21.56,False
2010-09-15,35.451499118165785,False,False,41.81547619047619,False,False,55.07363315696649,False,22.1,False
2010-09-16,43.444797178130514,False,False,42.85714285714286,False,False,57.26706286795102,False,21.72,False
2010-09-17,40.63818342151675,False,False,44.89087301587302,False,False,55.98604765132774,False,22.01,False
2010-09-20,37.63668430335097,False,False,42.757936507936506,False,False,52.1229224117836,False,21.5,False
2010-09-21,37.67151675485009,False,False,49.702380952380956,False,False,52.262622533940366,False,22.35,False
2010-09-22,48.53941798941798,False,False,51.388888888888886,False,False,53.44954517845252,False,22.51,False
2010-09-23,48.48932980599646,False,False,42.16269841269841,False,False,55.081734186211804,False,23.87,False
2010-09-24,43.5826278659612,False,False,45.932539682539684,False,False,50.78258585646048,False,21.71,False
2010-09-27,38.00687830687831,False,False,39.980158730158735,False,False,53.140147400633055,False,22.54,False
2010-09-28,51.46560846560846,False,False,49.20634920634921,False,False,48.05154025584133,False,22.6,False
2010-09-29,40.41225749559082,False,False,44.74206349206349,False,False,48.34051190111796,False,23.25,False
2010-09-30,40.8015873015873,False,False,40.87301587301587,False,False,46.94169189833929,False,23.7,False
2010-10-01,42.12962962962963,False,False,40.773809523809526,False,False,46.214224597062874,False,22.5,False
2010-10-04,41.51331569664902,False,False,35.714285714285715,False,False,47.681982811139164,False,23.53,False
2010-10-05,42.34232804232804,False,False,45.73412698412699,False,False,44.1824437994125,False,21.76,False
2010-10-06,43.859171075837736,False,False,44.84126984126985,False,False,46.20892938794174,False,21.49,False
2010-10-07,38.19858906525573,False,False,39.18650793650794,False,False,44.22375382901699,False,21.56,False
2010-10-08,37.63465608465608,False,False,36.45833333333333,False,False,43.09536127668147,False,20.71,False
2010-10-11,40.882186948853615,False,False,39.285714285714285,False,False,41.99218512436903,False,18.96,False
2010-10-12,39.284126984126985,False,False,40.47619047619048,False,False,41.53472791905934,False,18.93,False
2010-10-13,55.574779541446205,False,False,50.992063492063494,False,False,40.43296614334866,False,19.07,False
2010-10-14,57.2320987654321,False,False,57.341269841269835,False,False,40.95443928777262,False,19.88,False
2010-10-15,58.52927689594355,False,False,57.93650793650794,False,False,39.450015442923245,False,19.03,False
2010-10-18,60.601058201058194,False,False,56.845238095238095,False,False,38.57561421952264,False,19.09,False
2010-10-19,59.15176366843034,False,False,50.0,False,False,43.66272434899886,False,20.63,False
2010-10-20,58.39029982363317,False,False,52.77777777777778,False,False,43.92768959435626,False,19.79,False
2010-10-21,36.172663139329806,False,False,30.15873015873016,False,False,43.62951742233961,False,19.27,False
2010-10-22,36.84938271604938,False,False,33.035714285714285,False,False,41.5675196094919,False,18.78,False
2010-10-25,42.18606701940036,False,False,39.980158730158735,False,False,40.80763949927902,False,19.85,False
2010-10-26,33.85044091710758,False,False,28.769841269841265,False,False,39.2636146162048,False,20.22,False
2010-10-27,30.337477954144617,False,False,30.158730158730158,False,False,38.86813352260507,False,20.71,False
2010-10-28,45.19012345679012,False,False,39.98015873015872,False,False,40.88190585076586,False,20.88,False
2010-10-29,35.86331569664903,False,False,35.41666666666667,False,False,38.15035273368607,False,21.2,False
2010-11-01,31.43483245149912,False,False,28.373015873015873,False,False,40.807618532679356,False,21.83,False
2010-11-02,29.85970017636684,False,False,24.007936507936506,False,False,35.78159524809984,False,21.57,False
2010-11-03,36.7984126984127,False,False,27.18253968253968,False,False,34.31211575948418,False,19.56,False
2010-11-04,42.09858906525573,False,False,44.94047619047619,False,False,32.53493090871732,False,18.52,False
2010-11-05,58.37072310405644,False,False,67.36111111111111,False,False,30.99176051749482,False,18.26,False
2010-11-08,39.33386243386244,False,False,45.83333333333333,False,False,30.901087832967207,False,18.29,False
2010-11-09,39.22768959435626,False,False,43.25396825396825,False,False,30.78393567094132,False,19.08,False
2010-11-10,43.08007054673721,False,False,42.65873015873015,False,False,30.471923536439665,False,18.47,False
2010-11-11,61.25537918871252,False,False,52.182539682539684,False,False,30.50096497249331,False,18.64,False
2010-11-12,56.25282186948853,False,False,46.42857142857143,False,False,36.17066687114997,False,20.61,False
2010-11-15,39.28483245149911,False,False,26.488095238095237,False,False,33.757287724839344,False,20.2,False
2010-11-16,41.82063492063492,False,False,28.67063492063492,False,False,41.53814854511532,False,22.58,False
2010-11-17,47.5010582010582,False,False,38.69047619047619,False,False,36.051666985401916,False,21.76,False
2010-11-18,62.96296296296296,False,False,48.11507936507937,False,False,33.80318252977429,False,18.75,False
2010-11-19,47.04109347442681,False,False,38.2936507936508,False,False,38.08418157723157,False,18.04,False
2010-11-22,34.96807760141093,False,False,33.432539682539684,False,False,34.37067562067562,False,18.37,False
2010-11-23,43.58738977072311,False,False,39.48412698412698,False,False,36.958731005968794,False,20.63,False
2010-11-24,36.44567901234568,False,False,33.13492063492063,False,False,34.906172839506176,False,19.56,False
2010-11-26,40.12469135802469,False,False,33.13492063492063,False,False,37.79481176963191,False,22.22,False
2010-11-29,33.80608465608466,False,False,32.341269841269835,False,False,37.47830631483453,False,21.53,False
2010-11-30,32.77760141093474,False,False,22.81746031746032,False,False,39.4370547722503,False,23.54,False
2010-12-01,31.29911816578483,False,False,32.638888888888886,False,False,39.59488367383104,False,21.36,False
2010-12-02,39.74303350970018,False,False,48.611111111111114,False,False,35.979766999023305,False,19.39,False
2010-12-03,35.103527336860665,False,False,49.2063492063492,False,False,37.592452173131576,False,18.01,False
2010-12-06,39.52363315696649,False,False,51.88492063492064,False,False,37.67209447201492,False,18.02,False
2010-12-07,53.093121693121695,False,False,57.4404761904762,False,False,37.53524532936298,False,17.99,False
2010-12-08,50.72539682539682,False,False,55.654761904761905,False,False,36.60466160399971,False,17.74,False
2010-12-09,61.03615520282187,False,False,68.60119047619048,False,False,33.65961199294533,False,17.25,False
2010-12-10,53.77989417989417,False,False,63.88888888888889,False,False,32.5705467372134,False,17.61,False
2010-12-13,46.83597883597883,False,False,59.82142857142857,False,False,30.705467372134038,False,17.55,False
2010-12-14,41.83104056437389,False,False,54.166666666666664,False,False,30.485008818342152,False,17.61,False
2010-12-15,40.05343915343915,False,False,47.519841269841265,False,False,31.34479717813051,False,17.94,False
2010-12-16,60.28536155202821,False,False,68.84920634920634,False,False,30.939153439153444,False,17.39,False
2010-12-17,43.453615520282185,False,False,58.63095238095238,False,False,27.495590828924165,False,16.11,False
2010-12-20,40.78342151675485,False,False,59.92063492063492,False,False,26.94885361552029,False,16.41,False
2010-12-21,38.2915343915344,False,False,56.34920634920635,False,False,26.574074074074073,False,16.49,False
2010-12-22,57.96560846560846,False,False,75.69444444444444,False,False,23.743386243386244,False,15.45,False
2010-12-23,45.54479717813051,False,False,58.18452380952381,False,False,23.633156966490304,False,16.47,False
2010-12-27,63.744091710758376,False,False,70.53571428571429,False,False,21.397707231040567,False,17.67,False
2010-12-28,47.02363315696649,False,False,56.34920634920635,False,False,21.503527336860667,False,17.52,False
2010-12-29,40.41199294532628,False,False,48.90873015873016,False,False,21.106701940035276,False,17.28,False
2010-12-30,37.52186948853616,False,False,46.92460317460318,False,False,19.193121693121693,False,17.52,False
2010-12-31,37.883597883597886,False,False,41.567460317460316,False,False,19.0652557319224,False,17.75,False
2011-01-03,56.844268077601406,False,False,67.46031746031746,False,False,18.571428571428573,False,17.61,False
2011-01-04,38.162433862433865,False,False,43.452380952380956,False,False,18.800705467372136,False,17.38,False
2011-01-05,42.81728395061728,False,False,52.57936507936508,False,False,17.945326278659614,False,17.02,False
2011-01-06,46.34126984126984,False,False,51.88492063492064,False,False,17.940917107583775,False,17.4,False
2011-01-07,62.789770723104056,False,False,58.92857142857143,False,False,18.134920634920636,False,17.14,False
2011-01-10,49.25008818342151,False,False,42.16269841269841,False,False,17.88800705467372,False,17.54,False
2011-01-11,53.9405643738977,False,False,50.7936507936508,False,False,18.037918871252206,False,16.89,False
2011-01-12,63.54726631393298,False,False,60.41666666666667,False,False,17.976190476190474,False,16.24,False
2011-01-13,60.00758377425044,False,False,53.47222222222223,False,False,17.94532627865961,False,16.39,False
2011-01-14,76.605291005291,False,False,71.03174603174602,False,False,17.641093474426807,False,15.46,False
2011-01-18,72.46807760141094,False,False,79.06746031746032,False,False,17.394179894179896,False,15.87,False
2011-01-19,69.94215167548501,False,True,67.85714285714286,False,False,18.646384479717813,False,17.31,False
2011-01-20,64.97583774250441,False,False,59.92063492063492,False,False,18.46119929453263,False,17.99,False
2011-01-21,57.78465608465608,False,False,50.99206349206349,False,False,18.73456790123457,False,18.47,False
2011-01-24,55.300705467372126,False,False,53.273809523809526,False,False,20.67019400352734,False,17.65,False
2011-01-25,54.243033509700176,False,False,55.8531746031746,False,False,22.67195767195767,False,17.59,False
2011-01-26,38.08077601410934,False,False,45.73412698412698,False,False,20.617283950617285,False,16.64,False
2011-01-27,41.42504409171076,False,False,46.03174603174604,False,False,20.418871252204585,False,16.15,False
2011-01-28,44.356084656084654,False,False,39.78174603174603,False,False,24.858906525573193,False,20.04,False
2011-01-31,36.61128747795414,False,False,35.81349206349206,False,False,22.142857142857142,False,19.53,False
2011-02-01,38.52398589065256,False,False,43.45238095238095,False,False,21.432980599647266,False,17.63,False
2011-02-02,36.267195767195766,False,False,45.486111111111114,False,False,21.331569664903,False,17.3,False
2011-02-03,36.96701940035273,False,False,46.82539682539682,False,False,21.09347442680776,False,16.69,False
2011-02-04,39.26649029982364,False,False,49.702380952380956,False,False,20.98765432098765,False,15.93,False
2011-02-07,48.33527336860669,False,False,58.53174603174603,False,False,20.868606701940035,False,16.28,False
2011-02-08,53.57530864197531,False,False,68.45238095238095,False,False,15.445326278659614,False,15.81,True
2011-02-09,60.87195767195767,False,False,69.54365079365078,False,False,15.436507936507937,False,15.87,True
2011-02-10,70.6363315696649,False,False,75.9424603174603,False,False,15.427689594356261,False,16.09,True
2011-02-11,54.568430335097,False,False,64.28571428571428,False,False,15.440917107583774,False,15.69,True
2011-02-14,48.194885361552025,False,False,61.80555555555556,False,False,15.489417989417992,False,15.95,True
2011-02-15,42.150617283950616,False,False,61.9047619047619,False,False,15.749559082892416,False,16.37,True
2011-02-16,52.431922398589066,False,False,73.51190476190476,False,False,15.180776014109348,False,16.72,True
2011-02-18,53.1068783068783,False,False,72.02380952380952,False,False,14.991181657848324,False,16.43,True
2011-02-22,52.64197530864197,False,False,56.20039682539683,False,False,18.64638447971781,False,20.8,True
2011-02-23,43.65793650793651,False,False,39.28571428571429,False,False,19.28130511463845,False,22.13,True
2011-02-24,38.99329805996473,False,False,37.89682539682539,False,False,19.462081128747794,False,21.32,True
2011-02-25,40.39488536155203,False,False,47.22222222222223,False,False,19.250440917107586,False,19.22,True
2011-02-28,39.31128747795415,False,False,48.95833333333333,False,False,19.413580246913583,False,18.35,True
2011-03-01,37.534126984126985,False,False,36.80555555555556,False,False,20.083774250440918,False,21.01,True
2011-03-02,41.87301587301587,False,False,43.45238095238095,False,False,20.09259259259259,False,20.7,True
2011-03-03,54.28924162257495,False,False,58.829365079365076,False,False,19.347442680776012,False,18.6,True
2011-03-04,41.80723104056437,False,False,48.611111111111114,False,False,22.217813051146383,False,19.06,True
2011-03-07,38.72063492063492,False,False,44.44444444444444,False,False,23.156966490299823,False,20.66,True
2011-03-08,40.85255731922398,False,False,50.69444444444444,False,False,20.22045855379189,False,19.82,True
2011-03-09,43.52857142857143,False,False,53.472222222222214,False,False,22.773368606701947,False,20.22,True
2011-03-10,34.515520282186955,False,False,37.301587301587304,False,False,25.886243386243383,False,21.88,True
2011-03-11,35.471428571428575,False,False,38.888888888888886,False,False,23.403880070546734,False,20.08,True
2011-03-14,35.81402116402116,False,False,33.82936507936508,False,False,24.246031746031747,False,21.13,True
2011-03-15,42.19876543209877,False,False,39.682539682539684,False,False,29.281305114638446,False,24.32,True
2011-03-16,44.38095238095238,False,False,42.65873015873016,False,False,33.686067019400355,False,29.4,True
2011-03-17,37.708906525573184,False,False,38.69047619047619,False,False,34.223985890652564,False,26.37,True
2011-03-18,44.116225749559085,False,False,43.75,False,False,30.405643738977073,False,24.44,True
2011-03-21,47.63289241622575,False,False,46.42857142857143,False,False,30.0,False,20.61,True
2011-03-22,31.739594356261016,False,False,33.13492063492063,False,False,28.71252204585538,False,20.21,True
2011-03-23,37.40811287477954,False,False,33.23412698412699,False,False,30.69223985890653,False,19.17,True
2011-03-24,37.69400352733686,False,False,42.46031746031746,False,False,29.603174603174605,False,18.0,True
2011-03-25,41.62998236331569,False,False,45.535714285714285,False,False,29.12257495590829,False,17.91,True
2011-03-28,32.03756613756614,False,False,45.535714285714285,False,False,27.134038800705465,False,19.44,True
2011-03-29,33.92275132275132,False,False,48.61111111111111,False,False,27.44268077601411,False,18.16,True
2011-03-30,35.150264550264545,False,False,60.91269841269841,False,False,24.669312169312164,False,17.71,True
2011-03-31,33.3973544973545,False,False,57.14285714285714,False,False,24.241622574955908,False,17.74,True
2011-04-01,45.81216931216931,False,False,69.94047619047619,False,False,23.53615520282187,False,17.4,True
2011-04-04,40.2336860670194,False,False,69.54365079365078,False,False,25.55114638447972,False,17.5,True
2011-04-05,46.66225749559083,False,False,64.58333333333334,False,False,25.590828924162256,False,17.25,True
2011-04-06,53.26807760141094,False,False,82.0436507936508,False,False,25.489417989417987,False,16.9,True
2011-04-07,41.747266313932975,False,False,69.04761904761905,False,False,23.386243386243383,False,17.11,True
2011-04-08,37.02275132275131,False,False,57.63888888888889,False,False,23.544973544973544,False,17.87,True
2011-04-11,36.32857142857142,False,False,50.3968253968254,False,False,21.671075837742507,False,16.59,True
2011-04-12,37.71305114638448,False,False,43.75,False,False,19.872134038800706,False,17.09,True
2011-04-13,40.12857142857143,False,False,48.01587301587301,False,False,17.420634920634924,False,16.92,True
2011-04-14,38.8005291005291,False,False,41.86507936507937,False,False,19.171075837742503,False,16.27,True
2011-04-15,44.81640211640212,False,False,45.63492063492063,False,False,18.165784832451504,False,15.32,True
2011-04-18,54.89894179894179,False,False,53.07539682539682,False,False,18.8668430335097,False,16.96,True
2011-04-19,54.1042328042328,False,False,57.44047619047619,False,False,20.776014109347443,False,15.83,True
2011-04-20,60.790828924162255,False,False,72.91666666666667,False,False,17.55731922398589,False,15.07,True
2011-04-21,55.17248677248677,False,False,70.23809523809524,False,False,16.95326278659612,False,14.69,True
2011-04-25,40.03950617283951,False,False,59.32539682539682,False,False,19.30776014109348,False,15.77,True
2011-04-26,40.602998236331565,False,False,53.76984126984127,False,False,17.336860670194003,False,15.62,True
2011-04-27,38.08112874779541,False,False,62.79761904761905,False,False,17.041446208112877,False,15.35,True
2011-04-28,38.23086419753086,False,False,67.46031746031747,False,False,19.17548500881834,False,14.62,True
2011-04-29,71.08906525573191,False,False,86.90476190476191,False,False,22.447089947089946,False,14.75,True
2011-05-02,39.15573192239858,False,False,62.00396825396825,False,False,22.019400352733683,False,15.99,True
2011-05-03,37.970017636684304,False,False,54.067460317460316,False,False,20.568783068783066,False,16.7,True
2011-05-04,38.05485008818342,False,False,45.73412698412699,False,False,18.88447971781305,False,17.08,True
2011-05-05,32.291005291005284,False,False,40.17857142857143,False,False,22.195767195767193,False,18.2,True
2011-05-06,34.47178130511464,False,False,42.65873015873016,False,False,21.77689594356261,False,18.4,True
2011-05-09,32.10176366843033,False,False,43.45238095238095,False,False,23.16137566137566,False,17.16,True
2011-05-10,37.21640211640212,False,False,59.02777777777777,False,False,20.546737213403883,False,15.91,True
2011-05-11,36.19312169312169,False,False,52.28174603174604,False,False,22.940917107583772,False,16.95,True
2011-05-12,48.50282186948853,False,False,58.63095238095238,False,False,20.379188712522048,False,16.03,True
2011-05-13,36.63298059964726,False,False,45.43650793650794,False,False,21.935626102292773,False,17.07,True
2011-05-16,38.30917107583775,False,False,38.888888888888886,False,False,28.293650793650794,False,18.24,True
2011-05-17,42.29453262786596,False,False,42.9563492063492,False,False,25.559964726631392,False,17.55,True
2011-05-18,32.40758377425044,False,False,42.9563492063492,False,False,24.021164021164022,False,16.23,True
2011-05-19,35.7978835978836,False,False,48.80952380952381,False,False,22.34126984126984,False,15.52,True
2011-05-20,36.01252204585538,False,False,41.46825396825397,False,False,25.08377425044092,False,17.43,True
2011-05-23,34.06507936507936,False,False,36.607142857142854,False,False,30.14991181657848,False,18.27,True
2011-05-24,35.44691358024691,False,False,38.492063492063494,False,False,30.0,False,17.82,True
2011-05-25,41.52716049382716,False,False,36.111111111111114,False,False,30.105820105820104,False,17.07,True
2011-05-26,34.326807760141094,False,False,33.63095238095238,False,False,25.004409171075835,False,16.09,True
2011-05-27,37.51340388007055,False,False,42.16269841269842,False,False,25.1984126984127,False,15.98,True
2011-05-31,30.871252204585534,False,False,43.05555555555556,False,False,23.699294532627864,False,15.45,True
2011-06-01,38.0,False,False,46.32936507936508,False,False,32.88800705467372,False,18.3,True
2011-06-02,37.836507936507935,False,False,36.011904761904766,False,False,34.7663139329806,False,18.09,True
2011-06-03,29.54850088183421,False,False,23.313492063492063,False,False,39.58553791887126,False,17.95,True
2011-06-06,44.11604938271604,False,False,32.73809523809524,False,False,44.360670194003525,False,18.49,True
2011-06-07,43.2379188712522,False,False,30.05952380952381,False,False,43.80070546737213,False,18.07,True
2011-06-08,37.808289241622575,False,False,30.158730158730158,False,False,45.25573192239859,False,18.79,False
2011-06-09,33.03333333333333,False,False,21.52777777777778,False,False,40.811287477954146,False,17.77,False
2011-06-10,37.7305114638448,False,False,26.884920634920636,False,False,47.00617283950618,False,18.86,False
2011-06-13,30.195238095238093,False,False,21.626984126984127,False,False,47.11199294532628,False,19.61,False
2011-06-14,36.12645502645502,False,False,25.099206349206348,False,False,39.47089947089947,False,18.26,False
2011-06-15,33.28342151675485,False,False,19.94047619047619,False,False,50.573192239858905,False,21.32,False
2011-06-16,33.07328042328042,False,False,27.57936507936508,False,False,46.957671957671955,False,22.73,False
2011-06-17,31.533950617283946,False,False,27.57936507936508,False,False,46.388888888888886,False,21.85,False
2011-06-20,33.079894179894175,False,False,27.777777777777775,False,False,43.89329805996473,False,19.99,False
2011-06-21,30.1026455026455,False,False,31.448412698412696,False,False,41.18165784832451,False,18.86,False
2011-06-22,27.32786596119929,False,False,26.884920634920633,False,False,42.18694885361552,False,18.52,False
2011-06-23,27.99347442680776,False,False,25.694444444444443,False,False,42.74250440917108,False,19.29,False
2011-06-24,34.37566137566137,False,False,29.46428571428571,False,False,49.87654320987654,False,21.1,False
2011-06-27,39.261199294532624,False,False,31.547619047619044,False,False,45.33068783068783,False,20.56,False
2011-06-28,30.46366843033509,False,False,36.01190476190476,False,False,48.496472663139336,False,19.17,False
2011-06-29,48.050970017636686,False,False,61.70634920634921,False,False,42.663139329806,False,17.27,False
2011-06-30,41.82962962962962,False,False,58.035714285714285,False,False,41.03174603174603,False,16.52,False
2011-07-01,40.56772486772487,False,False,55.05952380952381,False,False,36.98412698412699,False,15.87,False
2011-07-05,50.25520282186949,False,False,61.30952380952381,False,False,36.41534391534392,False,16.06,False
2011-07-06,45.95379188712522,False,False,65.2281746031746,False,False,35.789241622574956,False,16.34,False
2011-07-07,37.21604938271605,False,False,57.73809523809524,False,False,34.46649029982364,False,15.95,False
2011-07-08,43.12433862433862,False,False,54.464285714285715,False,False,36.225749559082885,False,15.95,False
2011-07-11,41.05255731922398,False,False,46.13095238095238,False,False,46.72398589065256,False,18.39,False
2011-07-12,41.45837742504408,False,False,45.23809523809524,False,False,47.35449735449735,False,19.87,False
2011-07-13,41.32574955908289,False,False,42.16269841269842,False,False,43.408289241622576,False,19.91,False
2011-07-14,45.30070546737213,False,False,31.746031746031747,False,False,46.785714285714285,False,20.8,False
2011-07-15,43.31322751322751,False,False,31.69642857142857,False,False,46.64902998236331,False,19.53,False
2011-07-18,51.14770723104056,False,False,45.33730158730159,False,False,49.08730158730159,False,20.95,False
2011-07-19,66.08941798941798,False,False,57.93650793650794,False,False,45.28218694885362,False,19.21,False
2011-07-20,69.26507936507936,False,False,60.71428571428571,False,False,40.736331569664905,False,19.09,False
2011-07-21,59.457142857142856,False,False,58.432539682539684,False,False,38.963844797178126,False,17.56,False
2011-07-22,60.4936507936508,False,False,51.289682539682545,False,False,40.10582010582011,False,17.52,False
2011-07-25,60.64285714285714,False,False,47.12301587301587,False,False,42.46031746031746,False,19.35,False
2011-07-26,45.35282186948853,False,False,40.87301587301587,False,False,44.0299823633157,False,20.23,False
2011-07-27,41.15749559082892,False,False,33.08531746031746,False,False,52.045855379188716,False,22.98,False
2011-07-28,37.78112874779541,False,False,24.999999999999996,False,False,51.94003527336861,False,23.74,False
2011-07-29,35.97222222222222,False,False,17.261904761904763,False,False,51.24779541446208,False,25.25,False
2011-08-01,31.718871252204583,False,False,23.313492063492063,False,False,53.139329805996475,False,23.66,False
2011-08-02,27.82830687830688,False,False,14.484126984126982,False,False,60.71428571428572,False,24.79,False
2011-08-03,29.868253968253967,False,False,13.988095238095239,False,False,58.289241622574956,False,23.38,False
2011-08-04,24.562786596119928,False,False,4.96031746031746,True,False,70.11904761904762,False,31.66,False
2011-08-05,37.66754850088184,False,False,14.087301587301585,True,False,71.27425044091711,False,32.0,False
2011-08-08,27.469135802469136,False,False,9.821428571428571,True,False,77.46031746031746,False,48.0,False
2011-08-09,21.74797178130511,False,False,6.0515873015873,True,False,71.15961199294533,False,35.06,False
2011-08-10,20.105820105820104,False,False,13.343253968253968,True,False,78.95061728395063,False,42.99,False
2011-08-11,20.198412698412696,False,False,13.839285714285714,True,False,68.4567901234568,False,39.0,False
2011-08-12,23.45079365079365,False,False,17.16269841269841,True,False,70.18518518518518,False,36.36,False
2011-08-15,28.45846560846561,False,False,8.134920634920634,True,False,65.55996472663139,False,31.87,False
2011-08-16,29.060405643738974,False,False,7.837301587301588,True,False,66.63139329805996,False,32.85,False
2011-08-17,25.99611992945326,False,False,9.424603174603176,True,False,69.06525573192239,False,31.58,False
2011-08-18,33.7962962962963,False,False,14.78174603174603,True,False,79.66490299823634,False,42.67,False
2011-08-19,33.2010582010582,False,False,15.4265873015873,True,False,82.6410934744268,False,43.05,False
2011-08-22,26.63139329805996,False,False,10.714285714285712,True,False,82.8395061728395,False,42.44,False
2011-08-23,35.93465608465608,False,False,19.742063492063494,True,False,80.68783068783068,False,36.27,False
2011-08-24,39.7336860670194,False,False,31.249999999999996,False,False,73.18783068783068,False,35.9,False
2011-08-25,52.77883597883598,False,False,35.71428571428571,False,False,79.5326278659612,False,39.76,False
2011-08-26,46.762169312169306,False,False,25.793650793650798,False,False,73.95502645502644,False,35.59,False
2011-08-29,39.099294532627866,False,False,36.904761904761905,False,False,70.9920634920635,False,32.28,False
2011-08-30,33.53553791887125,False,False,36.40873015873016,False,False,69.26807760141094,False,32.89,False
2011-08-31,34.92451499118165,False,False,33.432539682539684,False,False,70.22486772486772,False,31.62,False
2011-09-01,32.9395061728395,False,False,29.365079365079367,False,False,73.42592592592592,False,31.82,False
2011-09-02,40.85573192239858,False,False,20.436507936507937,True,False,78.69047619047619,False,33.92,False
2011-09-06,32.57495590828924,False,False,12.698412698412698,True,False,80.5379188712522,False,37.0,False
2011-09-07,29.25097001763668,False,False,29.563492063492063,False,False,70.64373897707232,False,33.38,False
2011-09-08,30.75696649029982,False,False,24.702380952380953,False,False,75.7451499118166,False,34.32,False
2011-09-09,26.2410934744268,False,False,7.936507936507937,True,False,83.08201058201058,False,38.52,False
2011-09-12,27.084038800705464,False,False,9.523809523809526,True,False,81.73280423280423,False,38.59,False
2011-09-13,30.97151675485009,False,False,21.825396825396822,False,False,78.35978835978835,False,36.91,False
2011-09-14,33.24691358024691,False,False,29.86111111111111,False,False,75.2557319223986,False,34.6,False
2011-09-15,34.156878306878305,False,False,35.56547619047619,False,False,71.3800705467372,False,31.97,False
2011-09-16,36.82328042328042,False,False,36.507936507936506,False,False,69.10934744268077,False,30.98,False
2011-09-19,48.946296296296296,False,False,34.02777777777778,False,False,75.8509700176367,False,32.73,False
2011-09-20,45.78765432098765,False,False,26.488095238095234,False,False,77.76014109347442,False,32.86,False
2011-09-21,46.44038800705467,False,False,23.115079365079367,False,False,83.04673721340389,False,37.32,False
2011-09-22,36.022927689594354,False,False,11.408730158730156,True,False,86.52557319223986,False,41.35,False
2011-09-23,35.78042328042328,False,False,11.904761904761902,True,False,84.82804232804232,False,41.25,False
2011-09-26,42.01269841269841,False,False,20.53571428571429,True,False,79.87213403880071,False,39.02,False
2011-09-27,41.77045855379188,False,False,25.496031746031743,False,False,76.29629629629629,False,37.71,False
2011-09-28,34.25925925925925,False,False,12.202380952380953,True,False,84.36067019400353,False,41.08,False
2011-09-29,34.68324514991181,False,False,13.095238095238098,True,False,82.6410934744268,False,38.84,False
2011-09-30,24.559082892416225,False,False,4.166666666666664,True,False,86.41093474426809,False,42.96,False
2011-10-03,33.06878306878307,False,False,8.234126984126982,True,False,88.34215167548501,False,45.45,False
2011-10-04,48.56701940035273,False,False,23.809523809523803,False,False,84.90299823633158,False,40.82,False
2011-10-05,44.86746031746031,False,False,27.28174603174603,False,False,80.59964726631394,False,37.81,False
2011-10-06,48.30238095238095,False,False,31.746031746031747,False,False,75.90828924162258,False,36.27,False
2011-10-07,35.22398589065256,False,False,18.849206349206344,True,False,79.58994708994709,False,36.2,False
2011-10-10,43.2957671957672,False,False,33.73015873015873,False,False,74.51940035273368,False,33.02,False
2011-10-11,51.05661375661376,False,False,42.01388888888889,False,False,76.92239858906525,False,32.86,False
2011-10-12,52.54074074074074,False,False,48.21428571428571,False,False,71.74162257495591,False,31.26,False
2011-10-13,53.09435626102293,False,False,47.61904761904762,False,False,71.92239858906527,False,30.7,False
2011-10-14,59.48747795414461,False,False,57.83730158730158,False,False,70.07936507936508,False,28.24,False
2011-10-17,57.88298059964726,False,False,52.777777777777786,False,False,74.93386243386244,False,33.39,False
2011-10-18,59.89171075837741,False,False,58.13492063492063,False,False,70.08818342151675,False,31.56,False
2011-10-19,60.36402116402116,False,False,60.367063492063494,False,False,75.53350970017637,False,34.44,False
2011-10-20,51.68747795414461,False,False,52.182539682539684,False,False,73.32451499118166,False,34.78,False
2011-10-21,49.44303350970018,False,False,50.49603174603175,False,False,71.2389770723104,False,31.32,False
2011-10-24,49.15449735449735,False,False,51.78571428571429,False,False,64.47089947089948,False,29.26,False
2011-10-25,36.44303350970017,False,False,36.60714285714286,False,False,71.63580246913581,False,32.22,False
2011-10-26,39.605996472663136,False,False,45.63492063492064,False,False,69.43562610229276,False,29.86,False
2011-10-27,47.51781305114638,False,False,61.30952380952381,False,False,64.15784832451499,False,25.46,False
2011-10-28,39.23818342151675,False,False,48.01587301587302,False,False,60.40564373897707,False,24.53,False
2011-10-31,37.43403880070546,False,False,46.72619047619047,False,False,61.97530864197531,False,29.96,False
2011-11-01,36.30502645502645,False,False,30.456349206349206,False,False,70.97442680776014,False,34.77,False
2011-11-02,34.346384479717806,False,False,36.80555555555556,False,False,64.46649029982363,False,32.74,False
2011-11-03,39.07407407407407,False,False,52.67857142857142,False,False,64.44444444444444,False,30.5,False
2011-11-04,27.71093474426808,False,False,40.47619047619048,False,False,64.87213403880071,False,30.16,False
2011-11-07,33.28439153439154,False,False,41.86507936507937,False,False,64.14902998236332,False,29.85,False
2011-11-08,44.08077601410935,False,False,54.56349206349206,False,False,62.826278659611994,False,27.48,False
2011-11-09,49.399647266313934,False,False,35.81349206349206,False,False,70.16754850088184,False,36.16,False
2011-11-10,59.06499118165784,False,False,39.48412698412699,False,False,69.85008818342152,False,32.81,False
2011-11-11,58.04656084656084,False,False,55.853174603174594,False,False,64.81481481481482,False,30.04,False
2011-11-14,50.07768959435626,False,False,45.83333333333333,False,False,64.5326278659612,False,31.13,False
2011-11-15,48.85925925925926,False,False,51.58730158730158,False,False,61.53439153439154,False,31.22,False
2011-11-16,37.379805996472655,False,False,36.7063492063492,False,False,63.6463844797178,False,33.51,False
2011-11-17,44.09938271604938,False,False,33.23412698412699,False,False,73.26719576719579,False,34.51,False
2011-11-18,37.27072310405644,False,False,24.20634920634921,False,False,71.30070546737214,False,32.0,False
2011-11-21,38.727248677248674,False,False,17.658730158730158,True,False,76.56525573192239,False,32.91,False
2011-11-22,42.86499118165784,False,False,21.23015873015873,True,False,75.99647266313933,False,31.97,False
2011-11-23,49.023456790123454,False,False,24.404761904761905,False,False,80.2821869488536,False,33.98,False
2011-11-25,55.82795414462081,False,False,22.817460317460316,False,False,79.31216931216932,False,34.47,False
2011-11-28,42.97451499118165,False,False,22.47023809523809,False,False,68.41710758377427,False,32.13,False
2011-11-29,41.37724867724868,False,False,23.36309523809524,False,False,69.39153439153439,False,30.64,False
2011-11-30,36.2310405643739,False,False,41.964285714285715,False,False,60.85978835978836,False,27.8,False
2011-12-01,38.78456790123456,False,False,44.64285714285714,False,False,60.85097001763668,False,27.41,False
2011-12-02,44.38924162257495,False,False,49.70238095238095,False,False,60.723104056437386,False,27.52,False
2011-12-05,41.41164021164021,False,False,50.595238095238095,False,False,59.1931216931217,False,27.84,False
2011-12-06,34.901322751322745,False,False,42.16269841269841,False,False,59.2283950617284,False,28.13,False
2011-12-07,37.31296296296296,False,False,48.51190476190476,False,False,58.77865961199294,False,28.67,False
2011-12-08,45.2189594356261,False,False,35.81349206349206,False,False,62.88800705467372,False,30.59,False
2011-12-09,43.21481481481481,False,False,45.33730158730159,False,False,58.83156966490299,False,26.38,False
2011-12-12,45.19656084656084,False,False,42.65873015873016,False,False,65.70105820105819,False,25.67,False
2011-12-13,46.04647266313932,False,False,28.67063492063492,False,False,67.0546737213404,False,25.41,False
2011-12-14,45.23350970017636,False,False,25.297619047619047,False,False,70.84656084656085,False,26.04,False
2011-12-15,37.39479717813051,False,False,29.761904761904763,False,False,66.56966490299824,False,25.11,False
2011-12-16,39.988800705467376,False,False,28.670634920634924,False,False,62.83950617283951,False,24.29,False
2011-12-19,49.82398589065256,False,False,38.78968253968254,False,False,70.81128747795414,False,24.92,False
2011-12-20,46.38130511463845,False,False,50.198412698412696,False,False,58.73456790123456,False,23.22,False
2011-12-21,59.10414462081128,False,False,62.79761904761905,False,False,62.94091710758377,False,21.43,False
2011-12-22,55.83703703703704,False,False,59.72222222222223,False,False,54.92504409171076,False,21.16,False
2011-12-23,62.601499118165776,False,False,66.17063492063492,False,False,55.79805996472663,False,20.73,False
2011-12-27,62.10026455026454,False,False,55.257936507936506,False,False,53.26278659611993,False,21.91,False
2011-12-28,51.704056437389774,False,False,39.98015873015873,False,False,58.22751322751322,False,23.52,False
2011-12-29,50.09303350970017,False,False,48.710317460317455,False,False,52.173721340388006,False,22.65,False
2011-12-30,43.194885361552025,False,False,39.88095238095238,False,False,52.50440917107584,False,23.4,False
2012-01-03,37.85617283950617,False,False,54.761904761904766,False,False,51.036155202821874,False,22.97,False
2012-01-04,44.90864197530864,False,False,53.96825396825396,False,False,53.00705467372135,False,22.22,False
2012-01-05,50.41234567901234,False,False,59.42460317460318,False,False,50.47178130511464,False,21.48,False
2012-01-06,59.43835978835979,False,False,62.1031746031746,False,False,52.20017636684303,False,20.63,False
2012-01-09,61.68509700176366,False,False,61.01190476190476,False,False,51.948853615520285,False,21.07,False
2012-01-10,52.12989417989417,False,False,58.23412698412699,False,False,48.68165784832451,False,20.69,False
2012-01-11,55.060405643738974,False,False,62.698412698412696,False,False,46.84303350970018,False,21.05,False
2012-01-12,48.04135802469136,False,False,58.730158730158735,False,False,43.65961199294534,False,20.47,False
2012-01-13,61.77398589065256,False,False,66.51785714285714,False,False,42.3015873015873,False,20.91,False
2012-01-17,60.06525573192239,False,False,67.70833333333333,False,False,43.955026455026456,False,22.2,False
2012-01-18,62.79920634920635,False,False,75.0,False,False,42.4294532627866,False,20.89,False
2012-01-19,63.1074074074074,False,False,72.42063492063492,False,False,39.25485008818342,False,19.87,False
2012-01-20,67.27707231040563,False,False,75.09920634920636,False,False,36.22134038800706,False,18.28,False
2012-01-23,57.34197530864197,False,False,69.59325396825398,False,False,33.72134038800706,False,18.67,False
2012-01-24,66.20229276895944,False,False,71.77579365079364,False,False,32.80864197530864,False,18.91,False
2012-01-25,73.74726631393298,False,False,80.0595238095238,False,False,31.688712522045858,False,18.31,False
2012-01-26,47.179717813051134,False,False,57.88690476190476,False,False,30.52028218694885,False,18.57,False
2012-01-27,50.22239858906525,False,False,51.289682539682545,False,False,28.641975308641975,False,18.53,False
2012-01-30,50.18165784832451,False,False,53.125,False,False,27.47354497354497,False,19.4,False
2012-01-31,42.97231040564373,False,False,50.992063492063494,False,False,28.412698412698415,False,19.44,False
2012-02-01,59.17283950617284,False,False,70.08928571428571,False,False,25.37918871252205,False,18.55,False
2012-02-02,49.77530864197531,False,False,64.48412698412699,False,False,25.34832451499118,False,17.98,False
2012-02-03,48.70282186948854,False,False,66.17063492063491,False,False,23.597883597883598,False,17.1,False
2012-02-06,45.36807760141093,False,False,57.73809523809524,False,False,24.241622574955908,False,17.76,False
2012-02-07,51.48677248677248,False,False,66.17063492063492,False,False,23.54056437389771,False,17.65,False
2012-02-08,71.68730158730158,False,False,83.33333333333333,False,False,22.61463844797178,False,18.16,False
2012-02-09,73.10511463844797,False,False,82.88690476190476,False,False,21.843033509700177,False,18.63,False
2012-02-10,67.13165784832452,False,True,74.30555555555556,False,False,22.43827160493827,False,20.79,False
2012-02-13,65.37442680776013,False,False,73.61111111111111,False,False,21.55643738977072,False,19.04,False
2012-02-14,66.56049382716049,False,False,74.2063492063492,False,False,22.32363315696649,False,19.54,False
2012-02-15,68.48042328042328,False,False,74.4047619047619,False,False,22.971781305114643,False,21.14,False
2012-02-16,68.41516754850088,False,True,77.87698412698413,False,False,20.727513227513228,False,19.22,False
2012-02-17,66.28941798941798,False,False,76.09126984126983,False,False,21.23015873015873,False,17.78,False
2012-02-21,62.901763668430334,False,False,71.23015873015872,False,False,21.997354497354497,False,18.19,False
2012-02-22,61.57901234567901,False,False,66.56746031746032,False,False,22.69400352733686,False,18.19,False
2012-02-23,65.5485008818342,False,False,73.01587301587301,False,False,21.56966490299824,False,16.8,False
2012-02-24,58.85308641975308,False,False,67.75793650793652,False,False,20.436507936507937,False,17.31,False
2012-02-27,66.62751322751323,False,False,69.5436507936508,False,False,19.42680776014109,False,18.19,False
2012-02-28,69.90335097001764,False,False,74.30555555555556,False,False,19.528218694885364,False,17.96,False
2012-02-29,72.22504409171076,False,True,70.63492063492063,False,False,20.71428571428571,False,18.43,False
2012-03-01,72.46684303350969,False,True,72.02380952380952,False,False,22.125220458553795,False,17.26,False
2012-03-02,74.35149911816579,False,True,66.76587301587301,False,False,21.662257495590826,False,17.29,False
2012-03-05,78.11463844797177,False,True,68.84920634920634,False,False,21.887125220458557,False,18.05,False
2012-03-06,72.24594356261024,False,True,58.82936507936508,False,False,25.96560846560847,False,20.87,False
2012-03-07,74.24761904761905,False,True,59.226190476190474,False,False,27.12081128747796,False,19.07,False
2012-03-08,64.64550264550263,False,False,56.94444444444445,False,False,24.440035273368608,False,17.95,False
2012-03-09,56.56208112874779,False,False,56.79563492063492,False,False,21.649029982363317,False,17.11,False
2012-03-12,62.626631393298055,False,False,67.46031746031747,False,False,20.238095238095237,False,15.64,False
2012-03-13,75.48677248677248,False,False,84.47420634920634,False,False,18.06878306878307,False,14.8,False
2012-03-14,77.3010582010582,False,False,82.93650793650794,False,False,17.83950617283951,False,15.31,False
2012-03-15,75.48130511463845,False,True,86.80555555555557,False,False,16.243386243386244,False,15.42,False
2012-03-16,74.13386243386243,False,True,85.51587301587301,False,False,15.35273368606702,False,14.47,False
2012-03-19,76.91763668430335,False,True,87.10317460317461,False,False,17.48236331569665,False,15.04,False
2012-03-20,78.89700176366843,False,True,83.68055555555554,False,False,15.833333333333334,False,15.58,False
2012-03-21,77.36878306878306,False,True,81.15079365079364,False,False,15.784832451499119,False,15.13,False
2012-03-22,76.19647266313933,False,True,73.71031746031747,False,False,19.484126984126984,False,15.57,False
2012-03-23,74.11975308641976,False,True,74.15674603174602,False,False,18.637566137566136,False,14.82,False
2012-03-26,79.65820105820104,False,True,86.75595238095238,False,False,14.39594356261023,False,14.26,False
2012-03-27,76.87971781305114,False,True,87.20238095238096,False,False,17.134038800705465,False,15.59,False
2012-03-28,78.35784832451499,False,True,78.96825396825396,False,False,20.621693121693124,False,15.47,False
2012-03-29,74.24620811287477,False,True,77.28174603174602,False,False,20.789241622574956,False,15.48,False
2012-03-30,75.65696649029982,False,True,80.40674603174604,False,False,20.17636684303351,False,15.5,False
2012-04-02,74.06843033509699,False,True,82.83730158730158,False,False,20.044091710758376,False,15.64,False
2012-04-03,73.29664902998235,False,True,80.00992063492063,False,False,19.25925925925926,False,15.66,False
2012-04-04,69.78447971781304,False,False,72.96626984126985,False,False,21.009700176366845,False,16.44,False
2012-04-05,74.76455026455027,False,False,71.82539682539684,False,False,21.684303350970016,False,16.7,False
2012-04-09,60.80194003527337,False,False,50.0,False,False,24.98236331569665,False,18.81,False
2012-04-10,78.04611992945325,False,False,62.59920634920635,False,False,28.059964726631392,False,20.39,False
2012-04-11,77.94303350970017,False,False,64.58333333333333,False,False,22.47795414462081,False,20.02,False
2012-04-12,76.81040564373897,False,True,64.0873015873016,False,False,25.0352733686067,False,17.2,False
2012-04-13,76.4700176366843,False,True,67.46031746031746,False,False,29.17548500881834,False,19.55,False
2012-04-16,73.95679012345678,False,True,66.26984126984127,False,False,29.656084656084655,False,19.55,False
2012-04-17,74.46243386243385,False,True,69.64285714285714,False,False,24.074074074074073,False,18.46,False
2012-04-18,74.32857142857142,False,True,70.48611111111111,False,False,26.3668430335097,False,18.64,False
2012-04-19,72.10440917107583,False,False,64.38492063492063,False,False,29.312169312169313,False,18.36,False
2012-04-20,72.39911816578484,False,False,68.35317460317461,False,False,28.17901234567901,False,17.44,False
2012-04-23,68.2299823633157,False,False,62.20238095238095,False,False,31.640211640211646,False,18.97,False
2012-04-24,68.55731922398589,False,False,64.0873015873016,False,False,28.734567901234566,False,18.1,False
2012-04-25,67.863139329806,False,False,67.85714285714286,False,False,28.298059964726633,False,16.82,False
2012-04-26,53.406172839506176,False,False,57.34126984126984,False,False,27.936507936507937,False,16.24,False
2012-04-27,62.64268077601411,False,False,68.00595238095238,False,False,28.76984126984127,False,16.32,False
2012-04-30,45.71516754850089,False,False,52.48015873015873,False,False,26.776895943562607,False,17.15,False
2012-05-01,61.185185185185176,False,False,71.92460317460318,False,False,23.430335097001763,False,16.6,False
2012-05-02,53.02574955908289,False,False,63.144841269841265,False,False,27.1957671957672,False,16.88,False
2012-05-03,55.70934744268077,False,False,65.4265873015873,False,False,29.99559082892416,False,17.56,False
2012-05-04,59.597354497354495,False,False,60.019841269841265,False,False,34.90740740740741,False,19.16,False
2012-05-07,64.33915343915343,False,False,62.00396825396825,False,False,30.899470899470902,False,18.94,False
2012-05-08,48.69664902998236,False,False,49.90079365079365,False,False,32.63227513227513,False,19.05,False
2012-05-09,45.70070546737213,False,False,46.47817460317461,False,False,31.82980599647266,False,20.08,False
2012-05-10,54.73915343915344,False,False,58.13492063492064,False,False,30.793650793650787,False,18.83,False
2012-05-11,60.63809523809524,False,False,56.845238095238095,False,False,26.87389770723104,False,19.89,False
2012-05-14,46.64629629629629,False,False,43.948412698412696,False,False,32.5220458553792,False,21.87,False
2012-05-15,50.20626102292768,False,False,48.66071428571428,False,False,33.37742504409171,False,21.97,False
2012-05-16,52.11190476190475,False,False,50.198412698412696,False,False,33.76984126984127,False,22.27,False
2012-05-17,50.129012345679016,False,False,43.9484126984127,False,False,36.31834215167549,False,24.49,False
2012-05-18,51.70811287477954,False,False,40.97222222222222,False,False,37.79100529100529,False,25.1,False
2012-05-21,49.05970017636683,False,False,45.63492063492063,False,False,33.57583774250441,False,22.01,False
2012-05-22,50.29770723104056,False,False,50.69444444444444,False,False,35.3968253968254,False,22.48,False
2012-05-23,50.79991181657847,False,False,49.30555555555555,False,False,36.66225749559083,False,22.33,False
2012-05-24,40.436331569664894,False,False,44.24603174603174,False,False,35.86860670194004,False,21.54,False
2012-05-25,34.09717813051146,False,False,32.53968253968254,False,False,34.44003527336861,False,21.76,False
2012-05-29,34.7231922398589,False,False,40.476190476190474,False,False,31.618165784832446,False,21.03,False
2012-05-30,44.98835978835979,False,False,46.52777777777777,False,False,40.370370370370374,False,24.14,False
2012-05-31,34.296472663139326,False,False,34.523809523809526,False,False,41.56084656084656,False,24.06,False
2012-06-01,35.45343915343916,False,False,31.150793650793652,False,False,49.435626102292765,False,26.66,False
2012-06-04,41.904232804232805,False,False,29.46428571428571,False,False,48.152557319223995,False,26.12,False
2012-06-05,36.35502645502645,False,False,39.08730158730159,False,False,43.04673721340388,False,24.68,False
2012-06-06,28.8705467372134,False,False,35.51587301587301,False,False,42.151675485008816,False,22.16,False
2012-06-07,29.02680776014109,False,False,32.638888888888886,False,False,39.717813051146386,False,21.72,False
2012-06-08,33.97275132275132,False,False,36.01190476190476,False,False,41.98412698412698,False,21.23,False
2012-06-11,52.87231040564373,False,False,51.78571428571429,False,False,50.04409171075838,False,23.56,False
2012-06-12,45.5099647266314,False,False,50.198412698412696,False,False,41.657848324514994,False,22.09,False
2012-06-13,34.15776014109347,False,False,34.82142857142857,False,False,49.81481481481481,False,24.27,False
2012-06-14,34.71481481481481,False,False,42.460317460317455,False,False,48.59347442680777,False,21.68,False
2012-06-15,28.79250440917108,False,False,44.345238095238095,False,False,45.65696649029982,False,21.11,False
2012-06-18,46.44338624338624,False,False,60.019841269841265,False,False,41.89153439153439,False,18.32,False
2012-06-19,45.56102292768959,False,False,57.83730158730158,False,False,38.474426807760146,False,18.38,False
2012-06-20,42.57283950617284,False,False,58.531746031746025,False,False,37.2663139329806,False,17.24,False
2012-06-21,38.40352733686067,False,False,43.3531746031746,False,False,45.952380952380956,False,20.08,False
2012-06-22,40.34955908289241,False,False,39.48412698412698,False,False,39.62522045855379,False,18.11,False
2012-06-25,36.4731922398589,False,False,35.317460317460316,False,False,50.24250440917108,False,20.38,False
2012-06-26,33.688536155202826,False,False,40.029761904761905,False,False,49.75308641975309,False,19.72,False
2012-06-27,34.82627865961199,False,False,40.773809523809526,False,False,43.24955908289241,False,19.45,False
2012-06-28,36.675837742504406,False,False,36.70634920634921,False,False,46.82539682539683,False,19.71,False
2012-06-29,44.11746031746031,False,False,54.76190476190476,False,False,36.68430335097002,False,17.08,False
2012-07-02,38.25573192239859,False,False,55.95238095238095,False,False,36.507936507936506,False,16.8,False
2012-07-03,38.56560846560846,False,False,55.45634920634921,False,False,35.72310405643739,False,16.66,False
2012-07-05,47.04585537918871,False,False,60.91269841269841,False,False,35.41887125220458,False,17.5,False
2012-07-06,51.56878306878306,False,False,61.30952380952381,False,False,38.88888888888889,False,17.1,False
2012-07-09,42.34585537918872,False,False,53.57142857142857,False,False,37.032627865961196,False,17.98,False
2012-07-10,49.636507936507925,False,False,56.845238095238095,False,False,42.945326278659614,False,18.72,False
2012-07-11,44.56172839506173,False,False,49.30555555555556,False,False,42.51322751322751,False,17.95,False
2012-07-12,43.72063492063492,False,False,41.567460317460316,False,False,44.31216931216932,False,18.33,False
2012-07-13,53.99700176366843,False,False,59.42460317460318,False,False,41.13756613756613,False,16.74,False
2012-07-16,51.99858906525573,False,False,61.7063492063492,False,False,40.57760141093474,False,17.11,False
2012-07-17,40.59541446208113,False,False,50.0,False,False,38.245149911816576,False,16.48,False
2012-07-18,41.3037037037037,False,False,47.22222222222222,False,False,34.144620811287474,False,16.16,False
2012-07-19,47.82451499118165,False,False,54.067460317460316,False,False,34.77513227513228,False,15.45,False
2012-07-20,40.29964726631393,False,False,40.87301587301587,False,False,36.21252204585538,False,16.27,False
2012-07-23,41.89929453262786,False,False,42.85714285714286,False,False,40.51587301587301,False,18.62,False
2012-07-24,46.7847442680776,False,False,49.50396825396825,False,False,40.37918871252205,False,20.47,False
2012-07-25,56.02433862433863,False,False,54.861111111111114,False,False,40.855379188712526,False,19.34,False
2012-07-26,35.48253968253968,False,False,44.44444444444444,False,False,38.941798941798936,False,17.53,False
2012-07-27,37.198412698412696,False,False,46.13095238095238,False,False,30.599647266313934,False,16.7,False
2012-07-30,38.07954144620811,False,False,49.90079365079365,False,False,29.431216931216937,False,18.03,False
2012-07-31,38.24797178130511,False,False,49.8015873015873,False,False,36.00529100529101,False,18.93,False
2012-08-01,27.654673721340387,False,False,41.567460317460316,False,False,36.574074074074076,False,18.96,False
2012-08-02,30.05890652557319,False,False,35.71428571428571,False,False,38.45679012345679,False,17.57,False
2012-08-03,36.98730158730159,False,False,46.13095238095238,False,False,32.26190476190476,False,15.64,False
2012-08-06,45.725749559082885,False,False,54.3154761904762,False,False,31.29188712522046,False,15.95,False
2012-08-07,32.45379188712522,False,False,43.452380952380956,False,False,30.14991181657848,False,15.99,False
2012-08-08,47.06507936507936,False,False,54.31547619047619,False,False,30.255731922398592,False,15.32,False
2012-08-09,35.57954144620811,False,False,50.198412698412696,False,False,27.989417989417987,False,15.28,False
2012-08-10,32.189241622574954,False,False,45.08928571428572,False,False,27.235449735449738,False,14.74,False
2012-08-13,47.16754850088183,False,False,53.670634920634924,False,False,29.149029982363317,False,13.7,False
2012-08-14,45.66931216931217,False,False,59.32539682539682,False,False,29.30776014109347,False,14.85,False
2012-08-15,41.87936507936508,False,False,50.198412698412696,False,False,26.468253968253965,False,14.63,False
2012-08-16,44.59400352733686,False,False,54.761904761904766,False,False,25.855379188712522,False,14.29,False
2012-08-17,56.17548500881834,False,False,73.51190476190476,False,False,24.96913580246914,False,13.45,False
2012-08-20,65.33051146384479,False,False,80.45634920634922,False,False,23.540564373897706,False,14.02,False
2012-08-21,67.06331569664903,False,False,75.09920634920636,False,False,23.822751322751326,False,15.02,False
2012-08-22,65.37601410934744,False,False,71.52777777777777,False,False,26.044973544973544,False,15.11,False
2012-08-23,61.984479717813045,False,False,62.99603174603175,False,False,28.92857142857143,False,15.96,False
2012-08-24,65.27619047619046,False,False,66.56746031746032,False,False,22.777777777777782,False,15.18,False
2012-08-27,65.56349206349206,False,False,72.81746031746033,False,False,28.597883597883598,False,16.35,False
2012-08-28,49.77742504409171,False,False,58.13492063492063,False,False,28.981481481481485,False,16.49,False
2012-08-29,47.644973544973546,False,False,48.611111111111114,False,False,25.507054673721342,False,17.06,False
2012-08-30,54.48342151675485,False,False,53.57142857142857,False,False,30.432098765432098,False,17.83,False
2012-08-31,49.46014109347443,False,False,46.92460317460318,False,False,25.952380952380953,False,17.47,False
2012-09-04,47.08571428571429,False,False,55.95238095238095,False,False,29.08289241622575,False,17.98,False
2012-09-05,48.36649029982363,False,False,53.96825396825396,False,False,29.97795414462081,False,17.74,False
2012-09-06,58.7689594356261,False,False,66.66666666666666,False,False,22.55731922398589,False,15.6,False
2012-09-07,56.26649029982363,False,False,71.82539682539682,False,False,26.062610229276896,False,14.38,False
2012-09-10,63.56895943562609,False,False,79.06746031746032,False,False,26.843033509700177,False,16.28,False
2012-09-11,64.74726631393298,False,False,79.06746031746032,False,False,26.468253968253972,False,16.41,False
2012-09-12,64.10229276895943,False,False,82.2420634920635,False,False,25.97442680776014,False,15.8,False
2012-09-13,62.45326278659612,False,False,81.54761904761905,False,False,20.9700176366843,False,14.05,False
2012-09-14,55.98977072310405,False,False,81.20039682539682,False,False,20.180776014109345,False,14.51,False
2012-09-17,45.20864197530864,False,False,66.17063492063491,False,False,21.19047619047619,False,14.59,False
2012-09-18,58.56102292768959,False,False,75.89285714285714,False,False,21.415343915343914,False,14.18,False
2012-09-19,51.20035273368606,False,False,70.53571428571428,False,False,23.01146384479718,False,13.88,False
2012-09-20,50.85696649029983,False,False,65.52579365079364,False,False,26.45943562610229,False,14.07,False
2012-09-21,56.53456790123457,False,False,69.04761904761905,False,False,26.124338624338623,False,13.98,False
2012-09-24,69.11022927689594,False,False,73.61111111111111,False,False,27.217813051146383,False,14.15,False
2012-09-25,57.26031746031746,False,False,59.42460317460318,False,False,32.02821869488536,False,15.43,False
2012-09-26,62.16437389770724,False,False,59.672619047619044,False,False,30.304232804232807,False,16.81,False
2012-09-27,67.21922398589064,False,False,66.22023809523809,False,False,24.581128747795418,False,14.84,False
2012-09-28,56.530158730158725,False,False,57.0436507936508,False,False,27.35008818342152,False,15.73,False
2012-10-01,63.89929453262786,False,False,70.43650793650792,False,False,27.38536155202822,False,16.32,False
2012-10-02,65.96596119929453,False,False,66.17063492063491,False,False,30.13227513227513,False,15.71,False
2012-10-03,61.22857142857143,False,False,61.904761904761905,False,False,29.8015873015873,False,15.43,False
2012-10-04,60.02380952380952,False,False,64.18650793650794,False,False,22.27072310405644,False,14.55,False
2012-10-05,68.16067019400352,False,False,57.638888888888886,False,False,25.110229276895947,False,14.33,False
2012-10-08,62.3336860670194,False,False,58.53174603174603,False,False,27.438271604938276,False,15.11,False
2012-10-09,59.1700176366843,False,False,52.579365079365076,False,False,30.84656084656085,False,16.37,False
2012-10-10,44.90705467372134,False,False,38.2936507936508,False,False,32.26190476190476,False,16.29,False
2012-10-11,49.12398589065256,False,False,46.62698412698413,False,False,27.222222222222225,False,15.59,False
2012-10-12,53.010229276895934,False,False,49.404761904761905,False,False,31.265432098765434,False,16.14,False
2012-10-15,52.38959435626102,False,False,46.82539682539682,False,False,29.36067019400353,False,15.27,False
2012-10-16,60.8005291005291,False,False,61.210317460317455,False,False,26.30952380952381,False,15.22,False
2012-10-17,52.34726631393298,False,False,62.99603174603175,False,False,24.118165784832446,False,15.07,False
2012-10-18,44.10246913580247,False,False,48.01587301587302,False,False,26.300705467372136,False,15.03,False
2012-10-19,50.003880070546735,False,False,47.817460317460316,False,False,35.21164021164021,False,17.06,False
2012-10-22,52.65326278659612,False,False,54.36507936507937,False,False,34.620811287477956,False,16.62,False
2012-10-23,53.04162257495591,False,False,49.801587301587304,False,False,36.529982363315696,False,18.83,False
2012-10-24,45.74885361552028,False,False,39.08730158730159,False,False,38.35097001763668,False,18.33,False
2012-10-25,52.90458553791886,False,False,49.801587301587304,False,False,36.37566137566137,False,18.12,False
2012-10-26,59.620282186948856,False,False,51.289682539682545,False,False,36.8562610229277,False,17.81,False
2012-10-31,38.94532627865961,False,False,38.59126984126984,False,False,35.98765432098765,False,18.6,False
2012-11-01,35.13721340388007,False,False,49.10714285714286,False,False,31.525573192239857,False,16.69,False
2012-11-02,45.66719576719576,False,False,44.79166666666667,False,False,35.29100529100529,False,17.59,False
2012-11-05,47.03774250440917,False,False,50.69444444444445,False,False,34.20194003527337,False,18.42,False
2012-11-06,37.38906525573192,False,False,45.33730158730158,False,False,30.62610229276896,False,17.58,False
2012-11-07,51.85996472663139,False,False,47.6686507936508,False,False,40.436507936507944,False,19.08,False
2012-11-08,56.439682539682536,False,False,43.45238095238095,False,False,43.28042328042327,False,18.49,False
2012-11-09,53.131746031746026,False,False,39.980158730158735,False,False,42.936507936507944,False,18.61,False
2012-11-12,50.24973544973545,False,False,36.607142857142854,False,False,43.34656084656084,False,16.68,False
2012-11-13,50.10670194003527,False,False,36.01190476190476,False,False,44.7310405643739,False,16.65,False
2012-11-14,42.47865961199294,False,False,27.480158730158728,False,False,48.23192239858906,False,17.92,False
2012-11-15,49.830335097001765,False,False,34.22619047619048,False,False,48.13492063492063,False,17.99,False
2012-11-16,56.149382716049374,False,False,38.789682539682545,False,False,47.3015873015873,False,16.41,False
2012-11-19,57.25097001763668,False,False,45.63492063492063,False,False,44.091710758377424,False,15.24,False
2012-11-20,56.48077601410934,False,False,48.51190476190476,False,False,43.20987654320987,False,15.08,False
2012-11-21,53.97654320987654,False,False,46.82539682539682,False,False,42.7689594356261,False,15.31,False
2012-11-23,57.71481481481481,False,False,58.92857142857142,False,False,38.69488536155203,False,15.14,False
2012-11-26,55.92592592592592,False,False,55.95238095238095,False,False,33.59347442680776,False,15.5,False
2012-11-27,52.174426807760135,False,False,49.30555555555556,False,False,34.735449735449734,False,15.92,False
2012-11-28,50.447442680776014,False,False,51.88492063492063,False,False,34.40917107583775,False,15.51,False
2012-11-29,45.56825396825397,False,False,52.77777777777778,False,False,33.91975308641975,False,15.06,False
2012-11-30,35.916049382716054,False,False,46.23015873015873,False,False,36.128747795414455,False,15.87,False
2012-12-03,39.1389770723104,False,False,59.82142857142858,False,False,36.64902998236332,False,16.64,False
2012-12-04,48.23968253968253,False,False,66.46825396825396,False,False,34.68694885361552,False,17.12,False
2012-12-05,62.88395061728394,False,False,74.50396825396825,False,False,33.94179894179894,False,16.46,False
2012-12-06,64.31587301587301,False,False,79.26587301587301,False,False,33.88447971781304,False,16.58,False
2012-12-07,71.37654320987654,False,False,80.05952380952382,False,False,29.179894179894177,False,15.9,False
2012-12-10,66.77865961199295,False,False,78.27380952380953,False,False,31.463844797178126,False,16.05,False
2012-12-11,62.814638447971774,False,False,70.33730158730158,False,False,28.425925925925924,False,15.57,False
2012-12-12,47.68783068783068,False,False,67.70833333333333,False,False,28.276014109347443,False,15.95,False
2012-12-13,54.99065255731922,False,False,62.00396825396825,False,False,26.216931216931215,False,16.56,False
2012-12-14,55.86860670194003,False,False,57.638888888888886,False,False,27.17372134038801,False,17.0,False
2012-12-17,51.75185185185185,False,False,75.7936507936508,False,False,25.38800705467372,False,16.34,False
2012-12-18,45.618871252204585,False,False,73.90873015873015,False,False,23.75220458553792,False,15.57,False
2012-12-19,40.808112874779546,False,False,65.67460317460318,False,False,25.03968253968254,False,17.36,False
2012-12-20,44.18941798941799,False,False,73.56150793650794,False,False,24.50176366843034,False,17.67,False
2012-12-21,32.933509700176366,False,False,54.66269841269842,False,False,26.305114638447975,False,17.84,False
2012-12-24,38.88589065255731,False,False,51.68650793650794,False,False,27.169312169312168,False,17.84,False
2012-12-26,37.32821869488536,False,False,49.70238095238095,False,False,28.134920634920633,False,19.48,False
2012-12-27,43.31375661375661,False,False,48.41269841269842,False,False,30.568783068783066,False,19.47,False
2012-12-28,33.38747795414462,False,False,33.33333333333333,False,False,36.26543209876543,False,22.72,False
2012-12-31,47.39400352733686,False,False,59.42460317460318,False,False,30.599647266313934,False,18.02,False
2013-01-02,38.38465608465608,False,False,70.93253968253968,False,False,27.48677248677249,False,14.68,False
2013-01-03,29.346913580246916,False,False,66.46825396825398,False,False,27.376543209876544,False,14.56,False
2013-01-04,47.199470899470896,False,False,79.96031746031747,False,False,25.8641975308642,False,13.83,False
2013-01-07,44.11340388007054,False,False,78.47222222222223,False,False,27.169312169312168,False,13.79,False
2013-01-08,36.58624338624339,False,False,69.24603174603175,False,False,27.37654320987654,False,13.62,False
2013-01-09,49.84514991181656,False,False,78.76984126984127,False,False,27.52204585537919,False,13.81,False
2013-01-10,56.17513227513226,False,False,88.09523809523809,False,False,26.459435626102294,False,13.49,False
2013-01-11,46.2005291005291,False,False,77.77777777777777,False,False,26.472663139329807,False,13.36,False
2013-01-14,60.22028218694886,False,False,86.25992063492063,False,False,26.199294532627864,False,13.52,False
2013-01-15,59.10670194003527,False,False,78.27380952380952,False,False,25.723104056437393,False,13.55,False
2013-01-16,59.22910052910051,False,False,85.16865079365078,False,False,25.374779541446213,False,13.42,False
2013-01-17,50.46455026455027,False,False,78.17460317460318,False,False,24.2636684303351,False,13.57,False
2013-01-18,45.65731922398588,False,False,83.03571428571428,False,False,23.950617283950617,False,12.46,False
2013-01-22,41.28148148148148,False,False,76.88492063492063,False,False,23.893298059964724,False,12.43,False
2013-01-23,53.990652557319216,False,False,84.07738095238095,False,False,26.01410934744268,False,12.46,False
2013-01-24,61.49523809523809,False,False,87.15277777777779,False,False,22.79982363315696,False,12.69,False
2013-01-25,54.17425044091711,False,False,79.16666666666667,False,False,24.373897707231038,False,12.89,False
2013-01-28,47.047442680776015,False,False,78.72023809523809,False,False,21.98853615520282,False,13.57,False
2013-01-29,36.13703703703703,False,False,55.605158730158735,False,False,19.84567901234568,False,13.31,False
2013-01-30,30.252910052910053,False,False,55.75396825396825,False,False,19.82363315696649,False,14.32,False
2013-01-31,28.048677248677244,False,False,52.43055555555556,False,False,18.79188712522046,False,14.28,False
2013-02-01,33.55026455026455,False,False,54.66269841269842,False,False,17.44268077601411,False,12.9,False
2013-02-04,32.75202821869489,False,False,60.51587301587303,False,False,23.284832451499117,False,14.67,False
2013-02-05,38.811992945326274,False,False,62.5,False,False,20.167548500881836,False,13.72,False
2013-02-06,38.208465608465616,False,False,67.95634920634922,False,False,19.80599647266314,False,13.41,False
2013-02-07,46.15520282186949,False,False,70.53571428571429,False,False,22.239858906525573,False,13.5,False
2013-02-08,47.3058201058201,False,False,67.36111111111111,False,False,19.087301587301585,False,13.02,False
2013-02-11,53.41322751322751,False,False,74.10714285714286,False,False,19.814814814814813,False,12.94,False
2013-02-12,60.64691358024691,False,False,76.28968253968253,False,False,19.206349206349206,False,12.64,False
2013-02-13,56.58747795414461,False,False,69.19642857142857,False,False,19.069664902998237,False,12.98,False
2013-02-14,47.66172839506173,False,False,54.71230158730158,False,False,21.093474426807763,False,12.66,False
2013-02-15,45.436860670194,False,False,60.51587301587302,False,False,19.034391534391535,False,12.46,False
2013-02-19,43.751675485008825,False,False,59.22619047619047,False,False,17.61904761904762,False,12.31,False
2013-02-20,40.65537918871252,False,False,52.182539682539684,False,False,26.626984126984127,False,14.68,False
2013-02-21,36.04303350970017,False,False,39.583333333333336,False,False,28.646384479717813,False,15.22,False
2013-02-22,40.11975308641975,False,False,51.88492063492063,False,False,26.68871252204585,False,14.17,False
2013-02-25,33.243033509700176,False,False,38.98809523809524,False,False,33.46560846560846,False,18.99,False
2013-02-26,40.51481481481482,False,False,44.94047619047619,False,False,29.678130511463838,False,16.87,False
2013-02-27,42.914638447971775,False,False,44.1468253968254,False,False,25.03086419753086,False,14.73,False
2013-02-28,33.516225749559084,False,False,40.67460317460318,False,False,27.59700176366843,False,15.51,False
2013-03-01,44.15467372134039,False,False,61.111111111111114,False,False,28.875661375661377,False,15.36,False
2013-03-04,46.18377425044091,False,False,59.22619047619048,False,False,30.189594356261022,False,14.01,False
2013-03-05,56.340564373897706,False,False,74.30555555555554,False,False,24.290123456790123,False,13.48,False
2013-03-06,59.76825396825397,False,False,79.56349206349206,False,False,21.32275132275132,False,13.53,False
2013-03-07,65.47125220458553,False,False,79.76190476190476,False,False,21.468253968253972,False,13.06,False
2013-03-08,62.88500881834215,False,False,79.36507936507937,False,False,20.978835978835978,False,12.59,False
2013-03-11,62.816931216931216,False,False,79.81150793650794,False,False,21.349206349206355,False,11.56,False
2013-03-12,55.568606701940034,False,False,68.10515873015873,False,False,21.746031746031747,False,12.27,False
2013-03-13,51.692416225749554,False,False,68.84920634920636,False,False,21.719576719576718,False,11.83,False
2013-03-14,46.24074074074073,False,False,70.03968253968254,False,False,21.03615520282187,False,11.3,False
2013-03-15,53.71428571428571,False,False,80.35714285714286,False,False,26.084656084656086,False,11.3,False
2013-03-18,58.61234567901234,False,False,74.70238095238095,False,False,24.814814814814813,False,13.36,False
2013-03-19,51.8021164021164,False,False,67.36111111111111,False,False,25.299823633156965,False,14.39,False
2013-03-20,45.512169312169306,False,False,63.98809523809524,False,False,22.014991181657848,False,12.67,False
2013-03-21,62.91675485008818,False,False,72.51984126984127,False,False,22.605820105820104,False,13.99,False
2013-03-22,55.68941798941799,False,False,61.80555555555556,False,False,19.100529100529098,False,13.57,False
2013-03-25,55.34620811287478,False,False,61.30952380952381,False,False,16.825396825396826,False,13.74,False
2013-03-26,49.61181657848325,False,False,57.142857142857146,False,False,15.886243386243386,False,12.77,False
2013-03-27,51.65873015873016,False,False,59.07738095238095,False,False,17.954144620811288,False,13.15,False
2013-03-28,43.82539682539682,False,False,48.90873015873016,False,False,14.810405643738974,False,12.7,False
2013-04-01,46.55132275132274,False,False,47.519841269841265,False,False,18.104056437389772,False,13.58,False
2013-04-02,45.23562610229277,False,False,37.59920634920635,False,False,15.582010582010582,False,12.78,False
2013-04-03,37.56208112874779,False,False,31.051587301587304,False,False,19.581128747795415,False,14.21,False
2013-04-04,36.79329805996473,False,False,32.539682539682545,False,False,18.134920634920633,False,13.89,False
2013-04-05,37.88430335097002,False,False,31.845238095238095,False,False,21.1331569664903,False,13.92,False
2013-04-08,33.77918871252204,False,False,35.317460317460316,False,False,19.669312169312168,False,13.19,False
2013-04-09,43.36119929453263,False,False,44.54365079365079,False,False,19.44885361552028,False,12.84,False
2013-04-10,43.14497354497354,False,False,57.53968253968254,False,False,15.401234567901236,False,12.36,True
2013-04-11,38.560493827160485,False,False,54.861111111111114,False,False,15.374779541446207,False,12.24,True
2013-04-12,36.57795414462081,False,False,44.5436507936508,False,False,18.95943562610229,False,12.06,True
2013-04-15,26.62239858906525,False,False,27.28174603174603,False,False,30.952380952380953,False,17.27,True
2013-04-16,31.005643738977067,False,False,38.19444444444445,False,False,28.470017636684304,False,13.96,True
2013-04-17,52.11410934744267,False,False,48.46230158730158,False,False,33.042328042328045,False,16.51,True
2013-04-18,39.81428571428572,False,False,35.81349206349206,False,False,34.30335097001764,False,17.56,True
2013-04-19,39.649735449735445,False,False,34.82142857142857,False,False,33.042328042328045,False,14.97,True
2013-04-22,42.939682539682536,False,False,33.92857142857143,False,False,25.396825396825395,False,14.39,True
2013-04-23,44.78853615520282,False,False,43.452380952380956,False,False,26.622574955908288,False,13.48,True
2013-04-24,55.46860670194004,False,False,54.36507936507937,False,False,28.121693121693124,False,13.61,True
2013-04-25,43.177954144620806,False,False,53.273809523809526,False,False,22.84832451499118,False,13.62,True
2013-04-26,58.68730158730159,False,False,56.051587301587304,False,False,28.74779541446208,False,13.61,True
2013-04-29,55.13703703703704,False,False,61.607142857142854,False,False,22.702821869488535,False,13.71,True
2013-04-30,49.483950617283945,False,False,59.62301587301587,False,False,24.32980599647266,False,13.52,True
2013-05-01,38.33121693121692,False,False,42.361111111111114,False,False,27.544091710758376,False,14.49,True
2013-05-02,41.97671957671957,False,False,46.92460317460318,False,False,20.58201058201058,False,13.59,True
2013-05-03,39.16137566137566,False,False,54.067460317460316,False,False,19.052028218694886,False,12.85,True
2013-05-06,57.891005291005285,False,False,66.86507936507937,False,False,18.21428571428571,False,12.66,True
2013-05-07,52.23474426807759,False,False,61.210317460317455,False,False,17.724867724867725,False,12.83,True
2013-05-08,47.39717813051146,False,False,57.638888888888886,False,False,16.93562610229277,False,12.66,True
2013-05-09,37.35114638447972,False,False,46.97420634920635,False,False,16.988536155202823,False,13.13,True
2013-05-10,40.464373897707226,False,False,49.007936507936506,False,False,16.70194003527337,False,12.59,True
2013-05-13,39.36243386243386,False,False,50.89285714285714,False,False,13.280423280423278,False,12.55,True
2013-05-14,39.00776014109347,False,False,57.638888888888886,False,False,12.36331569664903,False,12.77,True
2013-05-15,46.67936507936508,False,False,68.65079365079364,False,False,11.89594356261023,False,12.81,True
2013-05-16,54.92222222222222,False,False,72.51984126984127,False,False,12.138447971781305,False,13.07,True
2013-05-17,37.401234567901234,False,False,61.45833333333333,False,False,11.78130511463845,False,12.45,True
2013-05-20,44.55008818342152,False,False,62.99603174603175,False,False,9.45326278659612,False,13.02,True
2013-05-21,46.89488536155202,False,False,62.797619047619044,False,False,8.977072310405644,False,13.37,True
2013-05-22,48.7978835978836,False,False,50.69444444444444,False,False,10.19400352733686,False,13.82,True
2013-05-23,46.22733686067019,False,False,50.198412698412696,False,False,10.626102292768959,False,14.07,True
2013-05-24,37.1010582010582,False,False,39.236111111111114,False,False,10.85978835978836,False,13.99,True
2013-05-28,33.1395061728395,False,False,45.43650793650794,False,False,10.723104056437391,False,14.48,True
2013-05-29,31.78059964726631,False,False,39.98015873015873,False,False,11.887125220458552,False,14.83,True
2013-05-30,40.75590828924162,False,False,48.214285714285715,False,False,11.058201058201057,False,14.53,True
2013-05-31,33.56437389770723,False,False,36.01190476190476,False,False,15.295414462081132,False,16.3,True
2013-06-03,43.0442680776014,False,False,41.36904761904762,False,False,14.492945326278658,False,16.28,True
2013-06-04,41.86490299823633,False,False,36.40873015873016,False,False,15.604056437389772,False,16.27,True
2013-06-05,41.7989417989418,False,False,34.226190476190474,False,False,21.062610229276896,False,17.5,True
2013-06-06,42.06014109347443,False,False,34.82142857142857,False,False,19.206349206349206,False,16.63,True
2013-06-07,44.42116402116402,False,False,34.32539682539682,False,False,18.68606701940035,False,15.14,True
2013-06-10,47.72539682539683,False,False,43.65079365079365,False,False,19.250440917107582,False,15.44,True
2013-06-11,41.13033509700176,False,False,30.357142857142854,False,False,24.184303350970016,False,17.07,True
2013-06-12,42.549911816578486,False,False,36.40873015873016,False,False,28.562610229276896,False,18.59,True
2013-06-13,41.13615520282188,False,False,33.53174603174603,False,False,23.05114638447972,False,16.41,True
2013-06-14,44.61287477954144,False,False,35.11904761904762,False,False,24.603174603174605,False,17.15,True
2013-06-17,39.55643738977072,False,False,38.59126984126984,False,False,22.91005291005291,False,16.8,True
2013-06-18,38.99594356261022,False,False,44.642857142857146,False,False,21.992945326278658,False,16.61,True
2013-06-19,40.15308641975308,False,False,42.857142857142854,False,False,29.969135802469136,False,16.64,True
2013-06-20,34.516137566137566,False,False,41.567460317460316,False,False,41.54761904761905,False,20.49,True
2013-06-21,40.99294532627866,False,False,42.85714285714286,False,False,40.22045855379189,False,18.9,True
2013-06-24,43.78809523809524,False,False,35.91269841269841,False,False,45.62610229276896,False,20.11,True
2013-06-25,45.13033509700176,False,False,39.88095238095238,False,False,40.66578483245149,False,18.47,True
2013-06-26,51.00564373897707,False,False,44.94047619047619,False,False,39.05643738977073,False,17.21,True
2013-06-27,47.18377425044092,False,False,39.48412698412698,False,False,36.067019400352734,False,16.86,True
2013-06-28,46.0373897707231,False,False,39.88095238095238,False,False,37.72927689594356,False,16.86,True
2013-07-01,45.67795414462081,False,False,56.448412698412696,False,False,39.13139329805996,False,16.37,True
2013-07-02,46.65837742504409,False,False,39.08730158730159,False,False,39.523809523809526,False,16.44,True
2013-07-03,46.26366843033509,False,False,40.37698412698413,False,False,38.32892416225749,False,16.2,True
2013-07-05,52.1283950617284,False,False,54.067460317460316,False,False,37.24426807760141,False,14.89,True
2013-07-08,55.11657848324515,False,False,59.82142857142857,False,False,33.54056437389771,False,14.78,True
2013-07-09,46.335097001763664,False,False,62.698412698412696,False,False,32.16490299823633,False,14.35,True
2013-07-10,51.73756613756613,False,False,73.21428571428572,False,False,30.7010582010582,False,14.21,True
2013-07-11,48.80723104056437,False,False,70.03968253968254,False,False,23.994708994708997,False,14.01,True
2013-07-12,53.8021164021164,False,False,74.30555555555556,False,False,23.205467372134038,False,13.84,True
2013-07-15,54.364726631393296,False,False,79.16666666666666,False,False,23.033509700176367,False,13.79,True
2013-07-16,50.07125220458554,False,False,72.61904761904762,False,False,24.06084656084656,False,14.42,True
2013-07-17,60.41640211640211,False,False,74.15674603174604,False,False,26.075837742504408,False,13.78,True
2013-07-18,65.14532627865961,False,False,78.27380952380952,False,False,21.062610229276896,False,13.77,True
2013-07-19,63.778306878306886,False,False,73.01587301587301,False,False,18.584656084656086,False,12.54,True
2013-07-22,51.952910052910056,False,False,72.42063492063491,False,False,15.357142857142856,False,12.29,True
2013-07-23,54.20934744268077,False,False,73.4126984126984,False,False,13.064373897707233,False,12.66,True
2013-07-24,64.47813051146385,False,False,73.90873015873017,False,False,17.40740740740741,False,13.18,True
2013-07-25,65.02010582010581,False,False,69.84126984126983,False,False,17.1957671957672,False,12.97,True
2013-07-26,63.97513227513227,False,False,69.14682539682539,False,False,14.09611992945326,False,12.72,True
2013-07-29,60.07813051146384,False,False,55.05952380952381,False,False,15.789241622574956,False,13.39,True
2013-07-30,62.65749559082892,False,False,59.52380952380953,False,False,18.483245149911813,False,13.39,True
2013-07-31,65.56701940035273,False,False,55.90277777777778,False,False,21.19488536155203,False,13.45,True
2013-08-01,54.25097001763668,False,False,52.777777777777786,False,False,17.896825396825395,False,12.94,True
2013-08-02,52.78236331569664,False,False,60.51587301587301,False,False,20.31746031746032,False,11.98,True
2013-08-05,60.21305114638448,False,False,62.797619047619044,False,False,15.692239858906525,False,11.84,True
2013-08-06,55.97248677248677,False,False,59.12698412698413,False,False,19.356261022927686,False,12.72,True
2013-08-07,61.9005291005291,False,False,53.17460317460318,False,False,20.69223985890652,False,12.98,True
2013-08-08,66.96225749559082,False,False,60.714285714285715,False,False,17.001763668430332,False,12.73,True
2013-08-09,64.13439153439154,False,False,50.595238095238095,False,False,17.297178130511465,False,13.41,True
2013-08-12,61.91305114638448,False,False,47.76785714285714,False,False,17.42504409171076,False,12.81,True
2013-08-13,87.35837742504408,False,False,72.61904761904762,False,False,19.788359788359788,False,12.31,True
2013-08-14,86.01816578483243,False,False,73.4126984126984,False,False,24.32980599647266,False,13.04,True
2013-08-15,70.56014109347443,False,False,52.38095238095238,False,False,28.932980599647266,False,14.73,True
2013-08-16,52.6400352733686,False,False,41.17063492063492,False,False,30.339506172839506,False,14.37,True
2013-08-19,67.15079365079364,False,False,55.55555555555556,False,False,33.00705467372134,False,15.1,True
2013-08-20,54.597354497354495,False,False,37.40079365079365,False,False,25.11904761904762,False,14.91,True
2013-08-21,47.52257495590829,False,False,38.888888888888886,False,False,29.096119929453266,False,15.94,True
2013-08-22,46.673192239858906,False,False,37.698412698412696,False,False,25.511463844797177,False,14.76,True
2013-08-23,70.1148148148148,False,False,61.210317460317455,False,False,25.40123456790123,False,13.98,True
2013-08-26,62.863844797178125,False,False,50.099206349206355,False,False,26.428571428571427,False,14.99,True
2013-08-27,57.60123456790124,False,False,43.84920634920635,False,False,37.20899470899471,False,16.77,True
2013-08-28,53.01816578483245,False,False,35.81349206349206,False,False,37.98500881834215,False,16.49,True
2013-08-29,49.554144620811286,False,False,34.42460317460318,False,False,31.503527336860667,False,16.81,True
2013-08-30,48.97918871252204,False,False,29.464285714285715,False,False,35.048500881834215,False,17.01,True
2013-09-03,53.281657848324514,False,False,43.948412698412696,False,False,38.708112874779545,False,16.61,True
2013-09-04,55.37142857142856,False,False,46.62698412698413,False,False,32.08553791887125,False,15.88,True
2013-09-05,42.28818342151676,False,False,44.94047619047619,False,False,39.153439153439145,False,15.77,True
2013-09-06,45.263668430335095,False,False,40.37698412698413,False,False,31.750440917107586,False,15.85,True
2013-09-09,47.09541446208113,False,False,50.44642857142857,False,False,30.537918871252206,False,15.63,True
2013-09-10,62.71358024691357,False,False,76.28968253968253,False,False,29.537037037037038,False,14.53,True
2013-09-11,67.9336860670194,False,False,78.125,False,False,29.413580246913583,False,13.82,True
2013-09-12,46.18130511463845,False,False,58.730158730158735,False,False,33.67724867724868,False,14.29,True
2013-09-13,48.94920634920635,False,False,67.26190476190476,False,False,27.43827160493827,False,14.16,True
2013-09-16,55.56102292768959,False,False,74.90079365079364,False,False,26.89153439153439,False,14.38,True
2013-09-17,48.78059964726631,False,False,73.6111111111111,False,False,26.238977072310405,False,14.53,True
2013-09-18,41.18306878306878,False,False,64.88095238095238,False,False,26.36243386243386,False,13.59,True
2013-09-19,44.24021164021163,False,False,76.28968253968253,False,False,26.750440917107582,False,13.16,True
2013-09-20,44.17442680776014,False,False,66.56746031746032,False,False,25.99647266313933,False,13.12,True
2013-09-23,57.20405643738977,False,False,80.15873015873015,False,False,26.865079365079364,False,14.31,True
2013-09-24,42.0716049382716,False,False,58.73015873015873,False,False,30.498236331569668,False,14.08,True
2013-09-25,41.00299823633157,False,False,57.4404761904762,False,False,24.80599647266314,False,14.01,True
2013-09-26,48.24462081128748,False,False,57.638888888888886,False,False,24.713403880070548,False,14.06,True
2013-09-27,57.91040564373897,False,False,58.23412698412699,False,False,25.868606701940035,False,15.46,True
2013-09-30,44.78306878306878,False,False,40.57539682539682,False,False,28.073192239858912,False,16.6,True
2013-10-01,45.03492063492064,False,False,40.37698412698413,False,False,27.310405643738978,False,15.54,True
2013-10-02,44.05555555555555,False,False,52.08333333333334,False,False,27.25308641975309,False,16.6,True
2013-10-03,39.73615520282186,False,False,45.63492063492063,False,False,33.36860670194003,False,17.67,True
2013-10-04,42.77566137566138,False,False,46.82539682539683,False,False,31.7636684303351,False,16.74,True
2013-10-07,49.02416225749559,False,False,44.24603174603175,False,False,35.423280423280424,False,19.41,True
2013-10-08,47.209700176366844,False,False,32.0436507936508,False,False,39.025573192239854,False,20.34,True
2013-10-09,50.99559082892416,False,False,31.001984126984127,False,False,36.53439153439154,False,19.6,True
2013-10-10,49.65626102292769,False,False,43.84920634920635,False,False,31.776895943562618,False,16.48,True
2013-10-11,59.737918871252205,False,False,60.51587301587302,False,False,36.6931216931217,False,15.72,True
2013-10-14,52.38253968253969,False,False,61.80555555555555,False,False,30.965608465608465,False,16.07,True
2013-10-15,56.44920634920635,False,False,57.341269841269835,False,False,38.774250440917115,False,18.66,True
2013-10-16,53.56296296296296,False,False,60.71428571428571,False,False,30.934744268077605,False,14.71,True
2013-10-17,57.24444444444444,False,False,61.904761904761905,False,False,32.760141093474424,False,13.48,True
2013-10-18,61.194532627865954,False,False,74.4047619047619,False,False,31.437389770723097,False,13.04,True
2013-10-21,58.5700176366843,False,False,78.47222222222221,False,False,31.437389770723104,False,13.16,True
2013-10-22,63.67213403880071,False,False,81.74603174603175,False,False,27.41622574955908,False,13.33,True
2013-10-23,54.99629629629629,False,False,68.65079365079364,False,False,29.40476190476191,False,13.42,True
2013-10-24,63.55202821869488,False,False,81.34920634920634,False,False,29.898589065255734,False,13.2,True
2013-10-25,72.02962962962964,False,False,85.81349206349206,False,False,28.558201058201053,False,13.09,True
2013-10-28,65.54620811287478,False,False,74.70238095238095,False,False,28.853615520282187,False,13.31,True
2013-10-29,73.06296296296297,False,False,80.70436507936508,False,False,27.310405643738978,False,13.41,True
2013-10-30,61.24426807760141,False,False,63.144841269841265,False,False,34.78395061728395,False,13.65,True
2013-10-31,58.73015873015872,False,False,58.13492063492063,False,False,34.70458553791887,False,13.75,True
2013-11-01,60.927865961199295,False,False,64.88095238095238,False,False,30.590828924162253,False,13.28,True
2013-11-04,53.55661375661376,False,False,59.62301587301587,False,False,29.298941798941797,False,12.93,True
2013-11-05,60.29964726631393,False,False,61.904761904761905,False,False,30.489417989417987,False,13.27,True
2013-11-06,67.16119929453262,False,False,59.52380952380952,False,False,30.17195767195767,False,12.67,True
2013-11-07,59.8310405643739,False,False,44.841269841269835,False,False,36.12433862433863,False,13.91,True
2013-11-08,51.8042328042328,False,False,48.80952380952381,False,False,35.98765432098765,False,12.9,True
2013-11-11,57.506349206349206,False,False,58.92857142857143,False,False,29.166666666666668,False,12.53,True
2013-11-12,51.562433862433856,False,False,56.15079365079365,False,False,32.38536155202822,False,12.82,True
2013-11-13,53.968077601410926,False,False,53.07539682539682,False,False,26.803350970017636,False,12.52,True
2013-11-14,73.79964726631393,False,False,74.60317460317461,False,False,26.225749559082896,False,12.37,True
2013-11-15,55.43703703703703,False,False,70.83333333333333,False,False,27.279541446208118,False,12.19,True
2013-11-18,61.94356261022927,False,False,65.07936507936508,False,False,28.412698412698415,False,13.1,True
2013-11-19,58.71128747795413,False,False,51.785714285714285,False,False,29.417989417989418,False,13.39,True
2013-11-20,57.22310405643739,False,False,49.50396825396825,False,False,33.02469135802469,False,13.4,True
2013-11-21,60.18377425044091,False,False,57.539682539682545,False,False,29.065255731922395,False,12.66,True
2013-11-22,61.465961199294526,False,False,61.9047619047619,False,False,31.05820105820106,False,12.26,True
2013-11-25,63.56666666666666,False,False,60.81349206349206,False,False,32.85273368606702,False,12.79,True
2013-11-26,65.13174603174602,False,False,67.06349206349206,False,False,33.522927689594354,False,12.81,True
2013-11-27,79.42698412698411,False,False,77.38095238095238,False,False,31.56966490299823,False,12.98,True
2013-11-29,81.84567901234567,False,False,81.54761904761905,False,False,30.87301587301587,False,13.7,True
2013-12-02,70.4984126984127,False,False,68.45238095238095,False,False,32.045855379188716,False,14.23,True
2013-12-03,72.3694885361552,False,False,68.15476190476191,False,False,34.435626102292765,False,14.55,True
2013-12-04,65.45679012345678,False,False,60.41666666666667,False,False,31.70194003527337,False,14.7,True
2013-12-05,73.69858906525573,False,False,70.13888888888889,False,False,34.14902998236332,False,15.08,True
2013-12-06,61.17689594356261,False,False,60.81349206349206,False,False,27.094356261022927,False,13.79,True
2013-12-09,60.56225749559082,False,False,62.99603174603175,False,False,22.02380952380953,False,13.49,True
2013-12-10,59.985361552028216,False,False,55.75396825396826,False,False,21.798941798941797,False,13.91,True
2013-12-11,64.48042328042328,False,False,56.6468253968254,False,False,33.64638447971782,False,15.42,True
2013-12-12,58.10811287477954,False,False,49.10714285714286,False,False,35.32186948853616,False,15.54,True
2013-12-13,65.57971781305115,False,False,55.158730158730165,False,False,34.457671957671955,False,15.76,True
2013-12-16,54.8079365079365,False,False,51.98412698412699,False,False,33.15255731922398,False,16.03,True
2013-12-17,48.65555555555554,False,False,49.15674603174603,False,False,34.025573192239854,False,16.21,True
2013-12-18,65.8395061728395,False,False,65.8234126984127,False,False,32.28835978835979,False,13.8,True
2013-12-19,54.31746031746032,False,False,62.5,False,False,34.5679012345679,False,14.15,True
2013-12-20,58.59753086419754,False,False,70.68452380952381,False,False,28.311287477954142,False,13.79,True
2013-12-23,72.15132275132275,False,False,83.03571428571429,False,False,27.47354497354497,False,13.04,True
2013-12-24,72.22239858906525,False,False,83.43253968253968,False,False,24.80599647266314,False,12.48,True
2013-12-26,60.24179894179893,False,False,72.32142857142857,False,False,23.849206349206344,False,12.33,True
2013-12-27,69.97389770723103,False,False,82.63888888888889,False,False,24.223985890652557,False,12.46,True
2013-12-30,66.54708994708994,False,False,77.57936507936508,False,False,24.029982363315696,False,13.56,True
2013-12-31,53.759082892416224,False,False,70.33730158730158,False,False,23.999118165784832,False,13.72,True
2014-01-02,59.343209876543206,False,False,70.03968253968253,False,False,27.173721340388003,False,14.23,True
2014-01-03,75.01093474426808,False,False,81.25,False,False,32.86596119929453,False,13.76,True
2014-01-06,64.79453262786595,False,False,68.05555555555556,False,False,33.24955908289241,False,13.55,True
2014-01-07,63.70881834215167,False,False,67.06349206349206,False,False,26.17724867724868,False,12.92,True
2014-01-08,63.85255731922399,False,False,64.28571428571429,False,False,26.768077601410937,False,12.87,True
2014-01-09,65.1310405643739,False,False,62.698412698412696,False,False,29.422398589065256,False,12.89,True
2014-01-10,62.28271604938271,False,False,60.11904761904763,False,False,22.028218694885357,False,12.14,True
2014-01-13,63.264726631393295,False,False,53.07539682539683,False,False,31.834215167548496,False,13.28,True
2014-01-14,73.83350970017638,False,False,68.75,False,False,29.470899470899468,False,12.28,True
2014-01-15,81.50546737213404,False,False,78.27380952380952,False,False,25.304232804232807,False,12.28,True
2014-01-16,63.15008818342152,False,False,68.45238095238095,False,False,28.778659611992946,False,12.53,True
2014-01-17,66.73333333333333,False,False,69.7420634920635,False,False,28.769841269841265,False,12.44,True
2014-01-21,51.61710758377425,False,False,57.44047619047619,False,False,24.86331569664903,False,12.87,True
2014-01-22,64.76772486772485,False,False,68.84920634920634,False,False,31.106701940035276,False,12.84,True
2014-01-23,57.05449735449735,False,False,53.86904761904762,False,False,34.84567901234568,False,13.77,True
2014-01-24,44.9679012345679,False,False,35.317460317460316,False,False,43.589065255731924,False,18.14,True
2014-01-27,61.266137566137566,False,False,37.10317460317461,False,False,45.908289241622576,False,17.42,True
2014-01-28,78.91710758377424,False,False,60.11904761904762,False,False,43.38183421516755,False,15.8,True
2014-01-29,46.72751322751322,False,False,23.908730158730158,False,False,45.50705467372134,False,17.35,True
2014-01-30,63.48289241622575,False,False,51.388888888888886,False,False,43.29805996472663,False,17.29,True
2014-01-31,39.88395061728395,False,False,27.083333333333332,False,False,45.08377425044092,False,18.41,True
2014-02-03,36.766137566137566,False,False,32.83730158730158,False,False,54.17548500881835,False,21.44,True
2014-02-04,30.794885361552023,False,False,23.908730158730158,False,False,52.01940035273369,False,19.11,True
2014-02-05,33.432980599647266,False,False,20.03968253968254,False,False,53.23192239858906,False,19.95,True
2014-02-06,36.2347442680776,False,False,27.876984126984127,False,False,49.32098765432099,False,17.23,True
2014-02-07,47.01022927689594,False,False,30.55555555555555,False,False,46.9620811287478,False,15.29,True
2014-02-10,35.68994708994709,False,False,38.789682539682545,False,False,41.26984126984127,False,15.26,True
2014-02-11,35.68553791887125,False,False,44.44444444444444,False,False,37.83950617283951,False,14.51,True
2014-02-12,46.72134038800705,False,False,51.88492063492063,False,False,37.901234567901234,False,14.3,True
2014-02-13,69.71657848324514,False,False,70.33730158730158,False,False,37.13844797178131,False,14.14,True
2014-02-14,51.63298059964727,False,False,58.333333333333336,False,False,36.63139329805997,False,13.57,True
2014-02-18,51.25555555555555,False,False,56.54761904761905,False,False,36.65343915343916,False,13.87,True
2014-02-19,52.86155202821869,False,False,51.28968253968254,False,False,37.13844797178131,False,15.5,True
2014-02-20,57.17777777777778,False,False,63.88888888888889,False,False,37.217813051146386,False,14.79,True
2014-02-21,52.78059964726631,False,False,63.69047619047619,False,False,37.16931216931217,False,14.68,True
2014-02-24,75.81146384479717,False,False,81.25,False,False,34.61640211640212,False,14.23,True
2014-02-25,67.41693121693122,False,False,73.71031746031746,False,False,32.71604938271605,False,13.67,False
2014-02-26,66.52910052910053,False,False,71.6765873015873,False,False,32.13844797178131,False,14.35,False
2014-02-27,67.53492063492064,False,False,75.9920634920635,False,False,35.8641975308642,False,14.04,False
2014-02-28,55.58641975308642,False,False,60.81349206349206,False,False,36.4726631393298,False,14.0,False
2014-03-03,48.18342151675485,False,False,47.817460317460316,False,False,39.069664902998234,False,16.0,False
2014-03-04,47.51675485008818,False,False,71.03174603174602,False,False,25.088183421516757,False,14.1,False
2014-03-05,53.70246913580247,False,False,65.625,False,False,25.815696649029984,False,13.89,False
2014-03-06,48.95978835978836,False,False,63.988095238095234,False,False,25.163139329805997,False,14.21,False
2014-03-07,50.34955908289241,False,False,58.829365079365076,False,False,24.669312169312168,False,14.11,False
2014-03-10,50.58024691358024,False,False,50.3968253968254,False,False,24.074074074074066,False,14.2,False
2014-03-11,53.92592592592592,False,False,53.96825396825396,False,False,29.343033509700177,False,14.8,False
2014-03-12,46.46631393298059,False,False,46.27976190476191,False,False,30.088183421516757,False,14.47,False
2014-03-13,44.85255731922399,False,False,38.39285714285714,False,False,38.664021164021165,False,16.22,False
2014-03-14,40.18677248677249,False,False,34.32539682539682,False,False,37.13844797178131,False,17.82,False
2014-03-17,43.09400352733685,False,False,40.773809523809526,False,False,34.70899470899471,False,15.64,False
2014-03-18,51.08447971781305,False,False,54.71230158730158,False,False,33.12610229276896,False,14.52,False
2014-03-19,53.173544973544985,False,False,60.91269841269842,False,False,34.2989417989418,False,15.12,False
2014-03-20,61.842857142857135,False,False,73.8095238095238,False,False,31.164021164021165,False,14.52,False
2014-03-21,42.08553791887125,False,False,56.845238095238095,False,False,38.148148148148145,False,15.0,False
2014-03-24,52.34708994708995,False,False,54.26587301587301,False,False,32.58377425044091,False,15.09,False
2014-03-25,50.934567901234566,False,False,44.14682539682539,False,False,32.53086419753086,False,14.02,False
2014-03-26,58.85202821869488,False,False,44.14682539682539,False,False,35.07495590828924,False,14.93,False
2014-03-27,56.837566137566135,False,False,37.301587301587304,False,False,35.53350970017637,False,14.62,False
2014-03-28,50.01622574955909,False,False,34.12698412698413,False,False,38.75661375661375,False,14.41,False
2014-03-31,42.49223985890652,False,False,41.170634920634924,False,False,35.498236331569665,False,13.88,False
2014-04-01,47.83421516754851,False,False,53.472222222222214,False,False,27.081128747795418,False,13.1,False
2014-04-02,44.648677248677245,False,False,53.57142857142857,False,False,26.909171075837744,False,13.09,False
2014-04-03,61.268783068783065,False,False,66.07142857142857,False,False,29.510582010582013,False,13.37,False
2014-04-04,68.32927689594356,False,False,57.886904761904766,False,False,37.97178130511464,False,13.96,False
2014-04-07,51.99012345679012,False,False,35.91269841269842,False,False,44.241622574955905,False,15.57,False
2014-04-08,45.29417989417989,False,False,35.51587301587301,False,False,41.935626102292765,False,14.89,False
2014-04-09,46.65943562610229,False,False,39.78174603174603,False,False,40.71869488536155,False,13.82,False
2014-04-10,44.35943562610229,False,False,29.166666666666668,False,False,53.738977072310405,False,15.89,False
2014-04-11,42.409347442680776,False,False,18.650793650793652,False,False,57.57495590828925,False,17.03,False
2014-04-14,43.409523809523805,False,False,24.6031746031746,False,False,52.92768959435626,False,16.11,False
2014-04-15,45.88306878306878,False,False,25.446428571428573,False,False,48.505291005291014,False,15.61,False
2014-04-16,49.963139329806,False,False,35.91269841269841,False,False,46.6931216931217,False,14.18,False
2014-04-17,56.31957671957672,False,False,48.41269841269841,False,False,46.60493827160494,False,13.36,False
2014-04-21,50.42328042328042,False,False,47.22222222222223,False,False,45.47178130511463,False,13.25,False
2014-04-22,49.80652557319224,False,False,49.55357142857143,False,False,43.99029982363316,False,13.19,False
2014-04-23,62.5042328042328,False,False,52.57936507936508,False,False,45.06172839506173,False,13.27,False
2014-04-24,76.82257495590828,False,False,68.1547619047619,False,False,44.81922398589065,False,13.32,False
2014-04-25,71.59118165784832,False,False,48.11507936507936,False,False,47.848324514991184,False,14.06,False
2014-04-28,72.66119929453261,False,False,50.09920634920635,False,False,48.39506172839506,False,13.97,False
2014-04-29,53.85837742504408,False,False,38.492063492063494,False,False,46.816578483245145,False,13.71,False
2014-04-30,56.02151675485009,False,False,41.86507936507937,False,False,49.188712522045854,False,13.41,False
2014-05-01,49.34303350970018,False,False,43.15476190476191,False,False,49.75749559082892,False,13.25,False
2014-05-02,45.532098765432096,False,False,37.698412698412696,False,False,48.69047619047618,False,12.91,False
2014-05-05,49.1883597883598,False,False,43.25396825396825,False,False,47.0679012345679,False,13.29,False
2014-05-06,59.291887125220455,False,False,44.94047619047619,False,False,49.81922398589066,False,13.8,False
2014-05-07,65.75485008818342,False,False,47.916666666666664,False,False,49.9647266313933,False,13.4,False
2014-05-08,62.7673721340388,False,False,41.31944444444444,False,False,49.55026455026455,False,13.43,False
2014-05-09,53.98659611992945,False,False,36.30952380952381,False,False,37.7689594356261,False,12.92,False
2014-05-12,47.456084656084656,False,False,43.154761904761905,False,False,39.254850088183424,False,12.23,False
2014-05-13,50.43315696649029,False,False,44.94047619047619,False,False,33.80070546737214,False,12.13,False
2014-05-14,48.62504409171076,False,False,34.62301587301587,False,False,41.32716049382716,False,12.17,False
2014-05-15,53.00335097001764,False,False,34.22619047619048,False,False,42.31040564373898,False,13.17,False
2014-05-16,46.98024691358024,False,False,39.18650793650794,False,False,43.01146384479717,False,12.44,False
2014-05-19,64.30846560846561,False,False,52.579365079365076,False,False,38.716931216931215,False,12.42,False
2014-05-20,54.73580246913579,False,False,47.91666666666667,False,False,45.00440917107584,False,12.96,False
2014-05-21,58.70229276895944,False,False,40.27777777777777,False,False,38.96384479717813,False,11.91,False
2014-05-22,56.871428571428574,False,False,41.07142857142857,False,False,37.93650793650794,False,12.03,False
2014-05-23,74.21640211640211,False,False,63.39285714285714,False,False,33.57583774250441,False,11.36,False
2014-05-27,76.16613756613756,False,False,65.77380952380952,False,False,31.216931216931215,False,11.51,False
2014-05-28,62.00017636684303,False,False,59.12698412698413,False,False,34.40917107583774,False,11.68,False
2014-05-29,66.55361552028218,False,False,67.7579365079365,False,False,33.36860670194003,False,11.57,False
2014-05-30,69.67460317460316,False,False,74.60317460317461,False,False,30.229276895943567,False,11.4,False
2014-06-02,60.32557319223986,False,False,71.52777777777777,False,False,33.761022927689595,False,11.58,False
2014-06-03,45.76172839506173,False,False,62.1031746031746,False,False,34.074074074074076,False,11.87,False
2014-06-04,53.046031746031744,False,False,63.492063492063494,False,False,34.60758377425044,False,12.08,False
2014-06-05,60.56719576719576,False,False,69.24603174603175,False,False,29.572310405643737,False,11.68,False
2014-06-06,66.03192239858907,False,False,76.58730158730158,False,False,23.884479717813054,False,10.73,False
2014-06-09,60.80335097001763,False,False,72.42063492063492,False,False,23.67283950617284,False,11.15,False
2014-06-10,66.33827160493827,False,False,67.85714285714286,False,False,27.799823633156965,False,10.99,False
2014-06-11,61.9347442680776,False,False,68.75,False,False,24.88095238095238,False,11.6,False
2014-06-12,57.09823633156966,False,False,55.75396825396825,False,False,34.55026455026455,False,12.56,False
2014-06-13,75.50987654320987,False,False,69.94047619047619,False,False,27.86596119929453,False,12.18,False
2014-06-16,48.66490299823632,False,False,49.30555555555556,False,False,28.76984126984127,False,12.65,False
2014-06-17,43.08148148148148,False,False,53.273809523809526,False,False,28.18342151675485,False,12.06,False
2014-06-18,40.481834215167545,False,False,53.968253968253975,False,False,25.066137566137566,False,10.61,False
2014-06-19,41.5289241622575,False,False,63.045634920634924,False,False,29.228395061728396,False,10.62,False
2014-06-20,46.96119929453263,False,False,65.22817460317461,False,False,29.268077601410937,False,10.85,False
2014-06-23,45.802645502645504,False,False,62.698412698412696,False,False,28.994708994708997,False,10.98,False
2014-06-24,48.6694885361552,False,False,49.702380952380956,False,False,28.179012345679013,False,12.13,False
2014-06-25,41.6416225749559,False,False,45.23809523809524,False,False,26.613756613756617,False,11.59,False
2014-06-26,40.671252204585535,False,False,51.388888888888886,False,False,27.782186948853617,False,11.63,False
2014-06-27,42.09647266313933,False,False,50.49603174603175,False,False,27.63668430335097,False,11.26,False
2014-06-30,40.18677248677248,False,False,45.63492063492063,False,False,28.328924162257493,False,11.57,False
2014-07-01,43.23280423280423,False,False,62.79761904761904,False,False,25.088183421516757,False,11.15,False
2014-07-02,49.13298059964727,False,False,58.03571428571429,False,False,25.5952380952381,False,10.82,False
2014-07-03,46.58007054673721,False,False,57.341269841269835,False,False,23.002645502645503,False,10.32,False
2014-07-07,59.43492063492064,False,False,66.56746031746032,False,False,24.832451499118164,False,11.33,False
2014-07-08,73.04250440917107,False,False,61.70634920634921,False,False,29.67372134038801,False,11.98,False
2014-07-09,63.157848324514994,False,False,61.111111111111114,False,False,28.589065255731924,False,11.65,False
2014-07-10,55.7641975308642,False,False,46.230158730158735,False,False,30.224867724867725,False,12.59,False
2014-07-11,50.95167548500882,False,False,45.23809523809524,False,False,29.378306878306876,False,12.08,False
2014-07-14,51.02010582010582,False,False,52.28174603174603,False,False,31.397707231040567,False,11.82,False
2014-07-15,53.77460317460317,False,False,53.273809523809526,False,False,31.90476190476191,False,11.96,False
2014-07-16,75.65255731922399,False,False,73.41269841269842,False,False,31.044973544973544,False,11.0,False
2014-07-17,71.34444444444445,False,False,53.670634920634924,False,False,33.76543209876543,False,14.54,False
2014-07-18,65.45802469135802,False,False,49.30555555555556,False,False,30.339506172839503,False,12.06,False
2014-07-21,50.03033509700175,False,False,43.65079365079365,False,False,32.18694885361552,False,12.81,False
2014-07-22,49.67160493827161,False,False,47.61904761904762,False,False,30.22486772486772,False,12.24,False
2014-07-23,64.42663139329805,False,False,67.06349206349206,False,False,29.537037037037038,False,11.52,False
2014-07-24,56.48730158730159,False,False,62.89682539682539,False,False,28.668430335097,False,11.84,False
2014-07-25,64.95643738977071,False,False,65.37698412698413,False,False,30.07936507936508,False,12.69,False
2014-07-28,49.97742504409171,False,False,48.41269841269841,False,False,30.06172839506173,False,12.56,False
2014-07-29,40.22680776014109,False,False,40.27777777777778,False,False,34.89417989417989,False,13.28,False
2014-07-30,37.96666666666666,False,False,42.361111111111114,False,False,35.39682539682539,False,13.33,False
2014-07-31,33.216931216931215,False,False,30.25793650793651,False,False,49.541446208112866,False,16.95,False
2014-08-01,33.70123456790123,False,False,33.23412698412699,False,False,49.94268077601411,False,17.03,False
2014-08-04,33.574779541446205,False,False,26.091269841269842,False,False,44.228395061728385,False,15.12,False
2014-08-05,30.28553791887125,False,False,20.634920634920633,False,False,51.71516754850088,False,16.87,False
2014-08-06,27.62239858906525,False,False,17.16269841269841,False,False,49.20634920634921,False,16.37,False
2014-08-07,30.607054673721336,False,False,23.412698412698415,False,False,53.65961199294532,False,16.66,False
2014-08-08,31.177072310405645,False,False,26.091269841269842,False,False,46.73721340388007,False,15.77,False
2014-08-11,43.09541446208112,False,False,37.40079365079365,False,False,45.14109347442681,False,14.23,False
2014-08-12,35.137742504409175,False,False,37.84722222222222,False,False,49.232804232804234,False,14.13,False
2014-08-13,44.55114638447971,False,False,44.5436507936508,False,False,45.94356261022927,False,12.9,False
2014-08-14,41.64532627865962,False,False,44.44444444444444,False,False,41.477072310405646,False,12.42,False
2014-08-15,41.4294532627866,False,False,34.226190476190474,False,False,41.26984126984127,False,13.15,False
2014-08-18,42.61622574955908,False,False,58.13492063492063,False,False,39.44444444444445,False,12.32,False
2014-08-19,60.15467372134038,False,False,71.52777777777777,False,False,38.086419753086425,False,12.21,False
2014-08-20,53.02663139329806,False,False,76.19047619047619,False,False,37.94973544973545,False,11.78,False
2014-08-21,57.59029982363315,False,False,78.47222222222223,False,False,36.34920634920635,False,11.76,False
2014-08-22,58.772310405643736,False,False,74.4047619047619,False,False,38.15696649029982,False,11.47,False
2014-08-25,53.7768959435626,False,False,70.43650793650794,False,False,36.98412698412699,False,11.7,False
2014-08-26,46.6015873015873,False,False,61.111111111111114,False,False,36.741622574955905,False,11.63,False
2014-08-27,52.343209876543206,False,False,70.73412698412699,False,False,36.763668430335095,False,11.78,False
2014-08-28,63.52910052910053,False,False,79.96031746031747,False,False,31.208112874779545,False,12.05,False
2014-08-29,55.91287477954144,False,False,80.40674603174602,False,False,30.41005291005291,False,11.98,False
2014-09-02,66.37125220458553,False,False,88.24404761904762,False,False,30.828924162257504,False,12.25,False
2014-09-03,77.88924162257496,False,False,87.30158730158729,False,False,32.55291005291005,False,12.36,False
2014-09-04,74.93262786596121,False,False,78.47222222222223,False,False,32.53086419753087,False,12.64,False
2014-09-05,67.03403880070546,False,False,65.07936507936508,False,False,28.730158730158735,False,12.09,False
2014-09-08,68.98007054673721,False,False,77.48015873015873,False,False,30.330687830687832,False,12.66,False
2014-09-09,75.71869488536154,False,False,72.91666666666666,False,False,35.09259259259259,False,13.5,False
2014-09-10,68.4710758377425,False,False,61.111111111111114,False,False,32.38977072310406,False,12.88,False
2014-09-11,56.94179894179894,False,False,62.301587301587304,False,False,30.61728395061728,False,12.8,False
2014-09-12,58.62380952380951,False,False,62.400793650793645,False,False,32.67636684303351,False,13.31,False
2014-09-15,72.0536155202822,False,False,60.317460317460316,False,False,40.780423280423285,False,14.12,False
2014-09-16,60.37054673721341,False,False,64.38492063492063,False,False,38.57583774250441,False,12.73,False
2014-09-17,51.17813051146384,False,False,58.03571428571429,False,False,35.10582010582011,False,12.65,False
2014-09-18,54.29206349206349,False,False,65.27777777777777,False,False,33.34656084656085,False,12.03,False
2014-09-19,63.1978835978836,False,False,63.78968253968254,False,False,35.326278659611994,False,12.11,False
2014-09-22,50.639858906525575,False,False,51.98412698412699,False,False,43.730158730158735,False,13.69,False
2014-09-23,47.78500881834214,False,False,43.84920634920634,False,False,45.97883597883598,False,14.93,False
2014-09-24,42.68500881834215,False,False,39.18650793650794,False,False,42.26190476190476,False,13.27,False
2014-09-25,60.9731922398589,False,False,54.66269841269841,False,False,52.45149911816579,False,15.64,False
2014-09-26,51.11463844797178,False,False,46.03174603174603,False,False,48.04232804232803,False,14.85,False
2014-09-29,48.977248677248674,False,False,44.54365079365079,False,False,51.04938271604939,False,15.98,False
2014-09-30,48.147619047619045,False,False,42.95634920634921,False,False,53.425925925925924,False,16.31,False
2014-10-01,32.24902998236332,False,False,21.42857142857143,False,False,58.990299823633144,False,16.71,False
2014-10-02,29.02416225749559,False,False,13.888888888888888,False,False,57.24426807760142,False,16.16,False
2014-10-03,33.3042328042328,False,False,24.404761904761905,False,False,55.903880070546734,False,14.55,False
2014-10-06,41.61851851851852,False,False,30.952380952380953,False,False,56.48589065255732,False,15.46,False
2014-10-07,28.331569664903,False,False,13.690476190476192,False,False,64.77072310405644,False,17.2,False
2014-10-08,32.96860670194003,False,False,20.436507936507937,False,False,60.51587301587301,False,15.11,False
2014-10-09,33.21199294532628,False,False,22.123015873015873,False,False,69.32098765432097,False,18.76,False
2014-10-10,40.1400352733686,False,False,22.420634920634917,False,False,73.54497354497354,False,21.24,False
2014-10-13,22.81904761904762,False,False,7.936507936507935,False,False,76.13756613756614,False,24.64,False
2014-10-14,22.193386243386243,False,False,5.456349206349207,False,False,74.87213403880071,True,22.79,False
2014-10-15,23.60008818342152,False,False,9.126984126984127,False,False,75.80246913580247,False,26.25,False
2014-10-16,19.575837742504408,False,False,6.746031746031746,False,False,75.56878306878308,False,25.2,False
2014-10-17,27.774514991181658,False,False,8.432539682539682,False,False,71.93121693121692,False,21.99,False
2014-10-20,40.6320987654321,False,False,24.900793650793652,False,False,67.98941798941799,False,18.57,False
2014-10-21,40.09188712522046,False,False,36.60714285714286,False,False,69.06966490299824,False,16.08,False
2014-10-22,31.48924162257495,False,False,22.817460317460316,False,False,71.29188712522046,False,17.87,False
2014-10-23,34.87407407407407,False,False,32.638888888888886,False,False,66.10229276895943,False,16.53,False
2014-10-24,53.30811287477954,False,False,58.829365079365076,False,False,66.87830687830687,False,16.11,False
2014-10-27,26.82063492063492,False,False,41.07142857142857,False,False,65.07936507936508,False,16.04,False
2014-10-28,36.30388007054673,False,False,48.611111111111114,False,False,64.68253968253968,False,14.39,False
2014-10-29,35.525573192239854,False,False,50.099206349206355,False,False,64.33862433862434,False,15.15,False
2014-10-30,48.68148148148149,False,False,64.0873015873016,False,False,66.46825396825396,False,14.52,False
2014-10-31,39.70211640211641,False,False,67.46031746031747,False,False,62.91887125220459,False,14.03,False
2014-11-03,36.962257495590826,False,False,65.27777777777777,False,False,60.03968253968254,False,14.73,False
2014-11-04,39.16543209876543,False,False,65.67460317460318,False,False,62.52204585537919,False,14.89,False
2014-11-05,39.39223985890652,False,False,66.96428571428572,False,False,60.983245149911816,False,14.17,False
2014-11-06,53.59417989417989,False,False,78.57142857142857,False,False,50.08818342151676,False,13.67,False
2014-11-07,51.00864197530864,False,False,78.07539682539681,False,False,45.47619047619048,False,13.12,False
2014-11-10,47.38606701940035,False,False,69.39484126984127,False,False,41.08465608465608,False,12.67,False
2014-11-11,47.72557319223986,False,False,74.10714285714286,False,False,41.119929453262785,False,12.92,False
2014-11-12,40.80229276895944,False,False,68.05555555555556,False,False,41.35361552028218,False,13.02,False
2014-11-13,45.74479717813051,False,False,62.400793650793645,False,False,47.58377425044092,False,13.79,False
2014-11-14,54.7437389770723,False,False,69.24603174603175,False,False,44.17989417989418,False,13.31,False
2014-11-17,51.91587301587302,False,False,67.60912698412699,False,False,42.08994708994709,False,13.99,False
2014-11-18,48.753439153439146,False,False,71.62698412698413,False,False,41.2962962962963,False,13.86,False
2014-11-19,43.4395061728395,False,False,57.638888888888886,False,False,41.7283950617284,False,13.96,False
2014-11-20,48.9984126984127,False,False,69.7420634920635,False,False,40.423280423280424,False,13.58,False
2014-11-21,46.33686067019401,False,False,72.81746031746033,False,False,35.00440917107584,False,12.9,False
2014-11-24,51.78465608465608,False,False,79.61309523809524,False,False,35.09700176366843,False,12.62,False
2014-11-25,51.86507936507936,False,False,77.97619047619048,False,False,34.15343915343915,False,12.25,False
2014-11-26,71.02451499118166,False,False,87.20238095238095,False,False,36.82098765432099,False,12.07,False
2014-11-28,49.45255731922398,False,False,69.3452380952381,False,False,43.74338624338625,False,13.33,False
2014-12-01,52.66278659611993,False,False,62.00396825396825,False,False,46.19047619047618,False,14.29,False
2014-12-02,41.4320987654321,False,False,65.37698412698413,False,False,42.336860670194,False,12.85,False
2014-12-03,38.83403880070546,False,False,67.06349206349206,False,False,34.55026455026455,False,12.47,False
2014-12-04,46.032804232804224,False,False,71.92460317460318,False,False,38.170194003527335,False,12.38,False
2014-12-05,44.11975308641975,False,False,66.76587301587301,False,False,37.30599647266314,False,11.82,False
2014-12-08,42.67671957671957,False,False,62.400793650793645,False,False,46.00970017636684,False,14.21,False
2014-12-09,39.71657848324515,False,False,58.33333333333333,False,False,45.22927689594356,False,14.89,False
2014-12-10,30.95432098765432,False,False,40.37698412698413,False,False,54.87654320987654,False,18.53,False
2014-12-11,27.623104056437388,False,False,38.39285714285714,False,False,53.56261022927689,False,20.08,False
2014-12-12,31.07989417989418,False,False,32.73809523809524,False,False,60.9347442680776,False,21.08,False
2014-12-15,35.74550264550265,False,False,26.686507936507937,False,False,62.59259259259259,False,20.42,False
2014-12-16,28.616313932980603,False,False,18.849206349206348,False,False,63.708112874779545,False,23.57,False
2014-12-17,22.050793650793647,False,False,26.587301587301585,False,False,60.498236331569665,False,19.44,False
2014-12-18,32.27019400352734,False,False,59.02777777777777,False,False,51.89594356261023,False,16.81,False
2014-12-19,35.5358024691358,False,False,68.35317460317461,False,False,50.67460317460317,False,16.49,False
2014-12-22,53.69047619047618,False,False,82.14285714285715,False,False,49.54585537918871,False,15.25,False
2014-12-23,56.17460317460318,False,False,90.87301587301587,False,False,48.94620811287478,False,14.8,False
2014-12-24,47.5694885361552,False,False,84.12698412698413,False,False,51.71516754850089,False,14.37,False
2014-12-26,50.00440917107584,False,False,80.15873015873017,False,False,49.92504409171076,False,14.5,False
2014-12-29,38.4915343915344,False,False,71.92460317460318,False,False,47.23544973544973,False,15.06,False
2014-12-30,40.90899470899471,False,False,75.89285714285714,False,False,51.177248677248684,False,15.92,False
2014-12-31,38.94003527336861,False,False,65.27777777777777,False,False,51.06261022927689,False,19.2,False
2015-01-02,42.75537918871252,False,False,63.392857142857146,False,False,51.20811287477954,False,17.79,False
2015-01-05,34.85520282186948,False,False,43.25396825396825,False,False,62.54409171075837,False,19.92,False
2015-01-06,36.74550264550264,False,False,37.8968253968254,False,False,69.2063492063492,False,21.12,False
2015-01-07,31.58677248677249,False,False,40.17857142857143,False,False,64.11816578483246,False,19.31,False
2015-01-08,43.11499118165784,False,False,62.3015873015873,False,False,58.628747795414455,False,17.01,False
2015-01-09,39.4726631393298,False,False,54.91071428571429,False,False,61.441798941798936,False,17.55,False
2015-01-12,33.31481481481481,False,False,38.78968253968254,False,False,67.6190476190476,False,19.6,False
2015-01-13,38.04867724867725,False,False,42.06349206349206,False,False,65.71869488536156,False,20.56,False
2015-01-14,39.47760141093474,False,False,39.08730158730159,False,False,67.10758377425044,False,21.48,False
2015-01-15,43.40326278659612,False,False,37.10317460317461,False,False,68.97266313932981,False,22.39,False
2015-01-16,42.19708994708995,False,False,44.44444444444444,False,False,64.76190476190476,False,20.95,False
2015-01-20,42.91322751322751,False,False,44.74206349206349,False,False,63.87125220458554,False,19.89,False
2015-01-21,43.0326278659612,False,False,41.07142857142857,False,False,61.19929453262787,False,18.85,False
2015-01-22,52.32451499118166,False,False,63.98809523809524,False,False,51.485890652557316,False,16.4,False
2015-01-23,41.167019400352736,False,False,44.94047619047619,False,False,59.10934744268078,False,16.66,False
2015-01-26,61.74585537918871,False,False,70.73412698412699,False,False,55.9347442680776,False,15.52,False
2015-01-27,64.0015873015873,False,False,61.80555555555556,False,False,63.514109347442684,False,17.22,False
2015-01-28,59.34550264550264,False,False,53.57142857142857,False,False,71.9620811287478,False,20.44,False
2015-01-29,51.59823633156967,False,False,42.46031746031746,False,False,69.59876543209874,False,18.76,False
2015-01-30,42.38439153439153,False,False,31.25,False,False,74.16225749559082,False,20.97,False
2015-02-02,37.75855379188712,False,False,34.12698412698413,False,False,64.6031746031746,False,19.43,False
2015-02-03,31.18536155202822,False,False,43.79960317460318,False,False,60.24250440917107,False,17.33,False
2015-02-04,47.0936507936508,False,False,48.263888888888886,False,False,64.26807760141094,False,18.33,False
2015-02-05,35.179894179894184,False,False,47.71825396825396,False,False,62.49559082892417,False,16.85,False
2015-02-06,46.11075837742504,False,False,58.432539682539684,False,False,64.85449735449735,False,17.29,False
2015-02-09,37.70017636684303,False,False,51.19047619047619,False,False,65.84656084656085,False,18.55,False
2015-02-10,50.60864197530864,False,False,70.43650793650794,False,False,61.83421516754851,False,17.23,False
2015-02-11,54.19347442680776,False,False,70.63492063492063,False,False,59.23721340388007,False,16.96,False
2015-02-12,64.34885361552027,False,False,82.14285714285714,False,False,56.225749559082885,False,15.34,False
2015-02-13,55.5252204585538,False,False,79.96031746031747,False,False,55.64814814814815,False,14.69,False
2015-02-17,49.88271604938272,False,False,79.06746031746032,False,False,55.22486772486772,False,15.8,False
2015-02-18,40.30687830687831,False,False,70.53571428571428,False,False,53.342151675485006,False,15.45,False
2015-02-19,43.94585537918871,False,False,67.1626984126984,False,False,53.46119929453263,False,15.29,False
2015-02-20,42.86331569664903,False,False,72.81746031746032,False,False,50.26455026455026,False,14.3,False
2015-02-23,57.52151675485008,False,False,85.51587301587301,False,False,54.15784832451499,False,14.56,False
2015-02-24,62.91940035273368,False,False,90.17857142857143,False,False,49.14021164021164,False,13.69,False
2015-02-25,68.33033509700175,False,False,90.8234126984127,False,False,47.18253968253968,False,13.84,False
2015-02-26,69.9721340388007,False,False,88.19444444444444,False,False,47.16931216931217,False,13.91,False
2015-02-27,58.5904761904762,False,False,79.46428571428572,False,False,50.36155202821869,False,13.34,False
2015-03-02,57.336507936507935,False,False,82.8373015873016,False,False,43.98148148148149,False,13.04,False
2015-03-03,50.53915343915344,False,False,76.09126984126983,False,False,39.113756613756614,False,13.86,False
2015-03-04,45.74091710758377,False,False,66.26984126984127,False,False,46.13756613756613,False,14.23,False
2015-03-05,60.92116402116402,False,False,79.06746031746032,False,False,43.2716049382716,False,14.04,False
2015-03-06,59.65432098765432,False,False,72.61904761904762,False,False,54.03439153439154,False,15.2,False
2015-03-09,64.21904761904761,False,False,72.91666666666667,False,False,50.01322751322751,False,15.06,False
2015-03-10,59.43174603174603,False,False,64.58333333333334,False,False,62.36331569664903,False,16.69,False
2015-03-11,66.04391534391534,False,False,71.62698412698413,False,False,62.4647266313933,False,16.87,False
2015-03-12,67.03774250440918,False,False,71.62698412698413,False,False,60.18077601410935,False,15.42,False
2015-03-13,57.795414462081126,False,False,71.62698412698413,False,False,55.983245149911816,False,16.0,False
2015-03-16,48.10970017636684,False,False,68.55158730158729,False,False,54.43121693121693,False,15.61,False
2015-03-17,58.107054673721336,False,False,76.48809523809524,False,False,58.25396825396825,False,15.66,False
2015-03-18,54.3410934744268,False,False,73.95833333333334,False,False,52.52645502645502,False,13.97,False
2015-03-19,46.62416225749559,False,False,67.1626984126984,False,False,54.93386243386243,False,14.07,False
2015-03-20,54.47072310405644,False,False,77.1329365079365,False,False,47.9320987654321,False,13.02,False
2015-03-23,54.434215167548494,False,False,79.36507936507937,False,False,48.161375661375665,False,13.41,False
2015-03-24,46.94779541446207,False,False,62.59920634920635,False,False,49.55908289241622,False,13.62,False
2015-03-25,61.4379188712522,False,False,62.89682539682539,False,False,57.4294532627866,False,15.44,False
2015-03-26,59.8694885361552,False,False,64.03769841269842,False,False,61.882716049382715,False,15.8,False
2015-03-27,58.12328042328042,False,False,64.33531746031746,False,False,58.95061728395061,False,15.07,False
2015-03-30,59.010052910052906,False,False,78.47222222222223,False,False,53.46119929453263,False,14.51,False
2015-03-31,46.370899470899474,False,False,65.07936507936509,False,False,59.66049382716049,False,15.29,False
2015-04-01,55.21287477954144,False,False,66.02182539682539,False,False,59.57231040564373,False,15.11,False
2015-04-02,43.22380952380952,False,False,57.93650793650794,False,False,56.43738977072311,False,14.67,False
2015-04-06,45.218342151675486,False,False,64.28571428571428,False,False,48.44356261022927,False,14.74,False
2015-04-07,46.54074074074074,False,False,59.077380952380956,False,False,50.31305114638448,False,14.78,False
2015-04-08,44.740035273368605,False,False,62.10317460317461,False,False,44.27248677248678,False,13.98,False
2015-04-09,45.04550264550264,False,False,59.32539682539682,False,False,42.41622574955909,False,13.09,False
2015-04-10,74.11746031746031,False,False,81.8452380952381,False,False,40.75396825396825,False,12.58,False
2015-04-13,59.68747795414461,False,False,59.92063492063492,False,False,41.70194003527337,False,13.94,False
2015-04-14,53.63827160493828,False,False,65.82341269841271,False,False,41.2037037037037,False,13.67,False
2015-04-15,51.38589065255732,False,False,59.02777777777778,False,False,40.01322751322751,False,12.84,False
2015-04-16,52.33597883597884,False,False,57.93650793650794,False,False,39.554673721340386,False,12.6,False
2015-04-17,55.620458553791885,False,False,56.64682539682539,False,False,49.074074074074076,False,13.89,False
2015-04-20,53.98324514991181,False,False,58.03571428571428,False,False,47.62786596119929,False,13.3,False
2015-04-21,44.49294532627866,False,False,57.341269841269835,False,False,45.454144620811284,False,13.25,False
2015-04-22,51.37601410934744,False,False,61.16071428571429,False,False,45.379188712522044,False,12.71,False
2015-04-23,70.78941798941798,False,False,75.79365079365078,False,False,39.369488536155195,False,12.48,False
2015-04-24,74.5058201058201,False,False,75.74404761904762,False,False,42.32804232804233,False,12.29,False
2015-04-27,78.36754850088184,False,True,74.30555555555556,False,False,44.3915343915344,False,13.12,False
2015-04-28,79.81781305114639,False,True,75.1984126984127,False,False,40.96560846560846,False,12.41,False
2015-04-29,66.49347442680774,False,True,66.07142857142857,False,False,46.600529100529094,False,13.39,False
2015-04-30,67.93827160493827,False,True,69.24603174603175,False,False,47.48677248677249,False,14.55,False
2015-05-01,70.19223985890652,False,True,69.44444444444444,False,False,46.32716049382716,False,12.7,False
2015-05-04,59.44356261022928,False,False,61.90476190476191,False,False,42.345679012345684,False,12.85,False
2015-05-05,63.81781305114639,False,False,63.888888888888886,False,False,52.35008818342152,False,14.31,False
2015-05-06,68.4620811287478,False,False,65.87301587301587,False,False,56.98412698412699,False,15.15,False
2015-05-07,58.23298059964726,False,False,55.55555555555556,False,False,52.89241622574955,False,15.13,False
2015-05-08,64.19435626102293,False,False,69.04761904761905,False,False,48.50529100529101,False,12.86,False
2015-05-11,54.58465608465608,False,False,56.845238095238095,False,False,50.02204585537919,False,13.85,False
2015-05-12,56.18289241622575,False,False,57.44047619047619,False,False,53.41269841269841,False,13.86,False
2015-05-13,48.732275132275134,False,False,56.448412698412696,False,False,50.899470899470906,False,13.76,False
2015-05-14,60.86649029982363,False,False,68.50198412698413,False,False,49.02557319223987,False,12.74,False
2015-05-15,52.99929453262786,False,False,62.20238095238095,False,False,47.38536155202822,False,12.38,False
2015-05-18,64.03015873015872,False,False,70.23809523809524,False,False,46.410934744268076,False,12.73,False
2015-05-19,50.88977072310405,False,False,59.02777777777777,False,False,50.64814814814815,False,12.85,False
2015-05-20,47.35114638447971,False,False,62.99603174603174,False,False,47.81746031746032,False,12.88,False
2015-05-21,52.21904761904762,False,False,62.94642857142858,False,False,46.516754850088184,False,12.11,False
2015-05-22,62.16155202821869,False,False,75.79365079365078,False,False,47.83509700176367,False,12.13,False
2015-05-26,56.225220458553785,False,False,51.19047619047619,False,False,58.311287477954146,False,14.06,False
2015-05-27,55.18500881834215,False,False,63.78968253968254,False,False,52.3015873015873,False,13.27,False
2015-05-28,50.57707231040563,False,False,64.78174603174602,False,False,55.84215167548501,False,13.31,False
2015-05-29,47.71746031746031,False,False,53.769841269841265,False,False,58.223104056437386,False,13.84,False
2015-06-01,45.324338624338615,False,False,60.81349206349206,False,False,53.011463844797184,False,13.97,False
2015-06-02,37.308289241622575,False,False,44.94047619047619,False,False,53.17460317460317,False,14.24,False
2015-06-03,41.54620811287478,False,False,49.85119047619048,False,False,49.94708994708994,False,13.66,False
2015-06-04,34.00828924162258,False,False,43.3531746031746,False,False,56.37566137566137,False,14.71,False
2015-06-05,47.39453262786595,False,False,60.51587301587302,False,False,55.43650793650793,False,14.21,False
2015-06-08,50.05255731922399,False,False,59.42460317460318,False,False,57.813051146384474,False,15.29,False
2015-06-09,55.24056437389771,False,False,58.432539682539684,False,False,57.66754850088183,False,14.47,False
2015-06-10,52.418694885361546,False,False,54.216269841269835,False,False,49.43562610229276,False,13.22,False
2015-06-11,61.95679012345679,False,False,65.27777777777777,False,False,50.335097001763664,False,12.85,False
2015-06-12,51.75238095238094,False,False,59.82142857142857,False,False,57.98500881834215,False,13.78,False
2015-06-15,59.50934744268078,False,False,60.86309523809524,False,False,59.93827160493827,False,15.39,False
2015-06-16,51.09294532627865,False,False,56.10119047619047,False,False,58.61552028218696,False,14.81,False
2015-06-17,47.57936507936508,False,False,61.111111111111114,False,False,53.89770723104056,False,14.5,False
2015-06-18,49.96084656084656,False,False,58.035714285714285,False,False,49.382716049382715,False,13.19,False
2015-06-19,48.84074074074074,False,False,57.93650793650794,False,False,51.23456790123456,False,13.96,False
2015-06-22,50.9458553791887,False,False,62.94642857142857,False,False,52.26190476190476,False,12.74,False
2015-06-23,45.95802469135802,False,False,52.77777777777778,False,False,46.988536155202816,False,12.11,False
2015-06-24,61.98624338624337,False,False,63.492063492063494,False,False,56.07142857142858,False,13.26,False
2015-06-25,52.312522045855374,False,False,50.39682539682539,False,False,57.5352733686067,False,14.01,False
2015-06-26,57.26172839506173,False,False,59.32539682539682,False,False,55.04409171075838,False,14.02,False
2015-06-29,39.37301587301587,False,False,42.85714285714286,False,False,65.95238095238095,False,18.85,False
2015-06-30,33.734744268077606,False,False,36.40873015873016,False,False,66.08465608465609,False,18.23,False
2015-07-01,32.011992945326284,False,False,42.41071428571429,False,False,65.50705467372133,False,16.09,False
2015-07-02,38.15661375661375,False,False,44.29563492063492,False,False,64.6384479717813,False,16.79,False
2015-07-06,41.43950617283949,False,False,49.30555555555556,False,False,65.90828924162257,False,17.01,False
2015-07-07,39.06666666666666,False,False,43.89880952380952,False,False,62.68077601410935,False,16.09,False
2015-07-08,41.62557319223986,False,False,47.71825396825396,False,False,70.44091710758379,False,19.66,False
2015-07-09,44.56596119929453,False,False,51.091269841269835,False,False,69.07407407407408,False,19.97,False
2015-07-10,47.10687830687832,False,False,55.75396825396825,False,False,68.69047619047619,False,16.83,False
2015-07-13,44.21164021164021,False,False,51.88492063492063,False,False,62.09435626102292,False,13.9,False
2015-07-14,47.57830687830688,False,False,59.52380952380952,False,False,59.184303350970005,False,13.37,False
2015-07-15,49.80617283950616,False,False,60.91269841269841,False,False,66.69753086419753,False,13.23,False
2015-07-16,65.3363315696649,False,False,71.72619047619048,False,False,66.81657848324515,False,12.11,False
2015-07-17,71.5326278659612,False,False,74.10714285714286,False,False,66.82539682539682,False,11.95,False
2015-07-20,70.31746031746032,False,True,71.03174603174602,False,False,65.78924162257495,False,12.25,False
2015-07-21,68.3225749559083,False,True,65.87301587301587,False,False,65.84656084656085,False,12.22,False
2015-07-22,69.07301587301586,False,True,67.1626984126984,False,False,67.15608465608466,False,12.12,False
2015-07-23,59.56666666666666,False,False,55.95238095238095,False,False,67.11199294532628,False,12.64,False
2015-07-24,52.52433862433862,False,False,47.12301587301587,False,False,72.27072310405644,False,13.74,False
2015-07-27,42.25661375661375,False,False,37.698412698412696,False,False,73.91093474426808,False,15.6,False
2015-07-28,32.22275132275132,False,False,40.47619047619048,False,False,60.65696649029982,False,13.44,False
2015-07-29,41.46825396825397,False,False,50.09920634920635,False,False,60.12345679012345,False,12.5,False
2015-07-30,51.42522045855379,False,False,57.73809523809524,False,False,62.45590828924162,False,12.13,False
2015-07-31,42.41957671957672,False,False,49.90079365079366,False,False,68.21428571428572,False,12.12,False
2015-08-03,49.44832451499118,False,False,55.6547619047619,False,False,69.31657848324515,False,12.56,False
2015-08-04,63.48765432098766,False,False,67.06349206349206,False,False,69.79717813051145,False,13.0,False
2015-08-05,63.52504409171076,False,False,66.07142857142857,False,False,65.05291005291005,False,12.51,False
2015-08-06,56.43721340388007,False,False,57.44047619047619,False,False,66.05820105820106,False,13.77,False
2015-08-07,39.13456790123456,False,False,39.88095238095238,False,False,65.75396825396825,False,13.39,False
2015-08-10,50.60864197530864,False,False,65.97222222222223,False,False,55.56878306878307,False,12.23,False
2015-08-11,64.947442680776,False,False,71.52777777777777,False,False,65.87742504409171,False,13.71,False
2015-08-12,62.10440917107584,False,False,65.625,False,False,62.68077601410935,False,13.61,False
2015-08-13,48.701587301587296,False,False,50.7936507936508,False,False,64.89417989417989,False,13.49,False
2015-08-14,53.02839506172839,False,False,49.55357142857143,False,False,64.64285714285715,False,12.83,False
2015-08-17,49.97336860670194,False,False,55.75396825396825,False,False,59.488536155202816,False,13.02,False
2015-08-18,48.3241622574956,False,False,56.6468253968254,False,False,66.6358024691358,False,13.79,False
2015-08-19,50.89065255731923,False,False,54.66269841269841,False,False,67.7557319223986,False,15.25,False
2015-08-20,56.44497354497354,False,False,49.10714285714286,False,False,74.23721340388006,False,19.14,False
2015-08-21,44.65705467372133,False,False,32.638888888888886,False,False,78.71693121693121,False,28.03,False
2015-08-24,28.68165784832452,False,False,26.686507936507937,False,False,84.60758377425044,False,40.74,False
2015-08-25,27.89453262786596,False,False,26.38888888888889,False,False,85.95238095238096,False,36.02,False
2015-08-26,30.399823633156963,False,False,28.472222222222225,False,False,82.86596119929453,False,30.32,False
2015-08-27,28.35714285714285,False,False,26.388888888888886,False,False,74.46649029982363,False,26.1,False
2015-08-28,21.991622574955905,False,False,20.783730158730158,False,False,77.13403880070547,False,26.05,False
2015-08-31,19.41278659611993,False,False,20.238095238095237,False,False,80.59964726631392,False,28.43,False
2015-09-01,25.74338624338624,False,False,24.503968253968253,False,False,86.27425044091711,False,31.4,False
2015-09-02,27.74541446208113,False,False,22.42063492063492,False,False,85.61728395061728,False,26.09,False
2015-09-03,27.24047619047619,False,False,25.198412698412696,False,False,77.55291005291006,False,25.61,False
2015-09-04,30.10229276895944,False,False,28.174603174603178,False,False,87.37213403880071,False,27.8,False
2015-09-08,27.480599647266317,False,False,26.091269841269842,False,False,78.994708994709,False,24.9,False
2015-09-09,41.53447971781305,False,False,36.111111111111114,False,False,87.6763668430335,False,26.23,False
2015-09-10,34.587213403880064,False,False,32.638888888888886,False,False,88.23192239858906,False,24.37,False
2015-09-11,30.431216931216927,False,False,32.93650793650794,False,False,87.09435626102292,False,23.2,False
2015-09-14,40.9810405643739,False,False,40.57539682539683,False,False,87.58818342151676,False,24.25,False
2015-09-15,28.32874779541446,False,False,38.98809523809524,False,False,80.41446208112875,False,22.54,False
2015-09-16,23.963403880070548,False,False,43.25396825396825,False,False,81.41534391534391,False,21.35,False
2015-09-17,33.80229276895943,False,False,49.404761904761905,False,False,84.17548500881833,False,21.14,False
2015-09-18,34.40352733686067,False,False,37.40079365079365,False,False,94.12257495590829,False,22.28,False
2015-09-21,44.4768959435626,False,False,45.73412698412697,False,False,92.48677248677247,False,20.14,False
2015-09-22,35.81375661375661,False,False,30.8531746031746,False,False,93.64638447971782,False,22.44,False
2015-09-23,29.61472663139329,False,False,26.19047619047619,False,False,93.2583774250441,False,22.13,False
2015-09-24,36.10132275132276,False,False,26.984126984126988,False,False,93.54938271604938,False,23.47,False
2015-09-25,46.95273368606702,False,False,37.698412698412696,False,False,93.41710758377427,False,23.62,False
2015-09-28,49.61913580246914,False,False,36.3095238095238,False,False,95.19400352733686,False,27.63,False
2015-09-29,49.38015873015873,False,False,33.53174603174603,False,False,95.11463844797179,False,26.83,False
2015-09-30,43.399470899470906,False,False,33.035714285714285,False,False,92.54409171075838,False,24.5,False
2015-10-01,44.57098765432099,False,False,32.88690476190476,False,False,93.34656084656085,False,22.55,False
2015-10-02,42.88606701940036,False,False,32.73809523809524,False,False,86.52557319223986,False,20.94,False
2015-10-05,43.74303350970017,False,False,46.230158730158735,False,False,82.23985890652557,False,19.54,False
2015-10-06,51.614638447971785,False,False,54.36507936507937,False,False,89.03880070546738,False,19.4,False
2015-10-07,38.52821869488536,False,False,43.849206349206355,False,False,84.99559082892416,False,18.4,False
2015-10-08,51.03686067019399,False,False,54.26587301587301,False,False,81.38447971781305,False,17.42,False
2015-10-09,44.05132275132275,False,False,50.29761904761905,False,False,83.68606701940035,False,17.08,False
2015-10-12,53.06507936507936,False,False,62.00396825396825,False,False,80.51146384479718,False,16.17,False
2015-10-13,41.56596119929453,False,False,46.230158730158735,False,False,83.61111111111113,False,17.67,False
2015-10-14,48.88201058201058,False,False,43.849206349206355,False,False,84.97354497354497,False,18.03,False
2015-10-15,43.45414462081128,False,False,44.64285714285714,False,False,84.0432098765432,False,16.05,False
2015-10-16,41.12610229276896,False,False,45.83333333333333,False,False,81.30070546737214,False,15.05,False
2015-10-19,42.08571428571428,False,False,48.51190476190476,False,False,80.91710758377424,False,14.98,False
2015-10-20,57.34567901234568,False,False,64.6329365079365,False,False,77.85714285714285,False,15.75,False
2015-10-21,53.005291005291,False,False,63.492063492063494,False,False,78.59788359788361,False,16.7,False
2015-10-22,54.24867724867725,False,False,63.0952380952381,False,False,77.53086419753086,False,14.45,False
2015-10-23,66.9800705467372,False,False,73.41269841269842,False,False,75.92592592592592,False,14.46,False
2015-10-26,59.00317460317459,False,False,70.8829365079365,False,False,71.78571428571429,False,15.29,False
2015-10-27,59.464902998236326,False,False,68.05555555555556,False,False,73.56701940035273,False,15.43,False
2015-10-28,61.26031746031747,False,False,70.8829365079365,False,False,68.46119929453262,False,14.33,False
2015-10-29,59.11940035273369,False,False,69.14682539682539,False,False,69.81040564373897,False,14.61,False
2015-10-30,42.42663139329806,False,False,54.464285714285715,False,False,70.71869488536156,False,15.07,False
2015-11-02,42.4347442680776,False,False,50.09920634920635,False,False,61.754850088183424,False,14.15,False
2015-11-03,53.17865961199295,False,False,60.46626984126985,False,False,63.6463844797178,False,14.54,False
2015-11-04,47.89012345679012,False,False,56.448412698412696,False,False,64.09171075837743,False,15.51,False
2015-11-05,59.75485008818342,False,False,65.02976190476191,False,False,67.70282186948855,False,15.05,False
2015-11-06,62.36261022927689,False,False,66.46825396825398,False,False,69.07407407407408,False,14.33,False
2015-11-09,50.73615520282187,False,False,49.90079365079365,False,False,71.50352733686067,False,16.52,False
2015-11-10,66.32239858906526,False,False,62.10317460317461,False,False,71.01410934744268,False,15.29,False
2015-11-11,57.48624338624339,False,False,54.36507936507937,False,False,71.57407407407408,False,16.06,False
2015-11-12,52.64885361552028,False,False,46.72619047619048,False,False,75.48941798941797,False,18.37,False
2015-11-13,50.13192239858907,False,False,44.94047619047619,False,False,79.32980599647266,False,20.08,False
2015-11-16,52.15467372134038,False,False,49.50396825396825,False,False,76.87389770723104,False,18.16,False
2015-11-17,54.39735449735449,False,False,55.75396825396825,False,False,79.23280423280423,False,18.84,False
2015-11-18,52.48589065255732,False,False,52.28174603174603,False,False,76.2962962962963,False,16.85,False
2015-11-19,58.65749559082892,False,False,60.019841269841265,False,False,75.93915343915343,False,16.99,False
2015-11-20,56.24585537918871,False,False,57.44047619047619,False,False,76.30511463844796,False,15.47,False
2015-11-23,52.35343915343916,False,False,53.07539682539683,False,False,74.95590828924162,False,15.62,False
2015-11-24,54.61040564373898,False,False,60.664682539682545,False,False,72.65432098765432,False,15.93,False
2015-11-25,48.09135802469136,False,False,47.023809523809526,False,False,72.05026455026456,False,15.19,False
2015-11-27,50.02098765432098,False,False,52.77777777777778,False,False,72.88800705467372,False,15.12,False
2015-11-30,51.43403880070547,False,False,62.301587301587304,False,False,74.27689594356262,False,16.13,False
2015-12-01,45.64885361552028,False,False,64.0873015873016,False,False,73.86243386243387,False,14.67,False
2015-12-02,46.0347442680776,False,False,47.61904761904762,False,False,77.7248677248677,False,15.91,False
2015-12-03,39.44567901234568,False,False,38.39285714285714,False,False,81.16402116402116,False,18.11,False
2015-12-04,47.764021164021166,False,False,52.97619047619048,False,False,80.55996472663139,False,14.81,False
2015-12-07,40.86560846560846,False,False,45.23809523809524,False,False,82.19576719576719,False,15.84,False
2015-12-08,38.09435626102292,False,False,37.59920634920635,False,False,83.20987654320987,False,17.6,False
2015-12-09,39.78518518518519,False,False,36.507936507936506,False,False,83.84479717813052,False,19.61,False
2015-12-10,34.68395061728395,False,False,38.59126984126984,False,False,83.09523809523809,False,19.34,False
2015-12-11,43.06375661375661,False,False,41.86507936507937,False,False,85.64373897707232,False,24.39,False
2015-12-14,51.0847442680776,False,False,44.14682539682539,False,False,83.91534391534391,False,22.73,False
2015-12-15,42.21913580246914,False,False,48.11507936507937,False,False,78.91534391534391,False,20.95,False
2015-12-16,49.86455026455026,False,False,58.53174603174603,False,False,75.75396825396825,False,17.86,False
2015-12-17,45.20335097001763,False,False,48.51190476190476,False,False,83.54497354497353,False,18.94,False
2015-12-18,46.50264550264549,False,False,45.138888888888886,False,False,86.20811287477954,False,20.7,False
2015-12-21,40.11287477954144,False,False,35.91269841269842,False,False,84.46649029982363,False,18.7,False
2015-12-22,39.31569664902998,False,False,45.83333333333333,False,False,81.45943562610229,False,16.6,False
2015-12-23,45.75114638447972,False,False,54.662698412698404,False,False,75.31305114638447,False,15.57,False
2015-12-24,44.59223985890653,False,False,59.82142857142857,False,False,75.66578483245151,False,15.74,False
2015-12-28,44.769312169312165,False,False,45.43650793650794,False,False,77.70282186948853,False,16.91,False
2015-12-29,57.92698412698413,False,False,73.90873015873017,False,False,79.15784832451499,False,16.08,False
2015-12-30,41.21657848324514,False,False,51.48809523809524,False,False,80.29982363315696,False,17.29,False
2015-12-31,50.62204585537919,False,False,57.93650793650794,False,False,79.03880070546738,False,18.21,False
2016-01-04,49.4347442680776,False,False,46.03174603174603,False,False,85.79805996472663,False,20.7,False
2016-01-05,42.04726631393298,False,False,39.583333333333336,False,False,85.99647266313934,False,19.34,False
2016-01-06,46.21102292768959,False,False,42.361111111111114,False,False,89.37389770723104,False,20.59,False
2016-01-07,42.64223985890653,False,False,29.96031746031746,False,False,91.69312169312168,False,24.99,False
2016-01-08,43.90097001763668,False,False,30.456349206349202,False,False,92.53968253968254,False,27.01,False
2016-01-11,32.7742504409171,False,False,21.825396825396826,False,False,92.43386243386243,False,24.3,False
2016-01-12,34.38615520282187,False,False,24.206349206349206,False,False,91.38447971781305,False,22.47,False
2016-01-13,43.92539682539683,False,False,27.77777777777778,False,False,93.32010582010582,False,25.22,False
2016-01-14,38.67857142857142,False,False,23.80952380952381,False,False,92.37654320987654,False,23.95,False
2016-01-15,43.21199294532628,False,False,31.34920634920635,False,False,93.43033509700177,False,27.02,False
2016-01-19,35.748236331569665,False,False,21.52777777777778,False,False,93.41269841269842,False,26.05,False
2016-01-20,40.62460317460318,False,False,21.726190476190474,False,False,93.93298059964728,False,27.59,False
2016-01-21,32.46058201058201,False,False,17.460317460317462,False,False,93.7169312169312,False,26.69,False
2016-01-22,45.41516754850088,False,False,27.628968253968253,False,False,91.33597883597884,False,22.34,False
2016-01-25,39.93430335097002,False,False,23.36309523809524,False,False,93.85802469135803,False,24.15,False
2016-01-26,40.87301587301587,False,False,27.480158730158735,False,False,89.4973544973545,False,22.5,False
2016-01-27,50.807495590828914,False,False,31.547619047619044,False,False,93.31569664902999,False,23.11,False
2016-01-28,41.11587301587301,False,False,23.611111111111114,False,False,94.42239858906525,False,22.42,False
2016-01-29,42.525573192239854,False,False,36.111111111111114,False,False,89.25485008818343,False,20.2,False
2016-02-01,34.0389770723104,False,False,35.41666666666667,False,False,89.52821869488537,False,19.98,False
2016-02-02,41.051675485008815,False,False,31.845238095238095,False,False,94.5546737213404,False,21.98,False
2016-02-03,49.50220458553792,False,False,41.567460317460316,False,False,94.08289241622576,False,21.65,False
2016-02-04,36.036860670194,False,False,29.216269841269842,False,False,93.02028218694885,False,21.84,False
2016-02-05,44.24215167548501,False,False,26.19047619047619,False,False,95.11463844797179,False,23.38,False
2016-02-08,38.33333333333333,False,False,17.55952380952381,False,False,95.97883597883599,False,26.0,False
2016-02-09,37.9010582010582,False,False,15.773809523809524,False,False,95.84656084656085,False,26.54,False
2016-02-10,37.709259259259255,False,False,14.285714285714286,False,False,95.51146384479718,False,26.29,False
2016-02-11,43.118871252204585,False,False,17.46031746031746,False,False,96.01410934744268,False,28.14,False
2016-02-12,43.25220458553792,False,False,28.47222222222222,False,False,87.74250440917108,False,25.4,False
2016-02-16,41.32336860670194,False,False,35.714285714285715,False,False,83.87125220458553,False,24.11,False
2016-02-17,39.25899470899471,False,False,35.71428571428571,False,False,83.84038800705467,False,22.31,False
2016-02-18,35.35432098765432,False,False,29.46428571428571,False,False,85.27336860670194,False,21.64,False
2016-02-19,34.09708994708994,False,False,31.845238095238095,False,False,88.0379188712522,False,20.53,False
2016-02-22,38.05661375661375,False,False,41.86507936507937,False,False,82.35449735449737,False,19.38,False
2016-02-23,35.6989417989418,False,False,37.400793650793645,False,False,84.97354497354497,False,20.98,False
2016-02-24,38.48888888888889,False,False,37.103174603174594,False,False,81.88271604938272,False,20.72,False
2016-02-25,37.981834215167545,False,False,45.43650793650794,False,False,80.8994708994709,False,19.11,False
2016-02-26,39.2984126984127,False,False,44.3452380952381,False,False,80.79365079365078,False,19.81,False
2016-02-29,34.37257495590829,False,False,38.78968253968254,False,False,82.82186948853615,False,20.55,False
2016-03-01,51.82804232804233,False,False,60.51587301587301,False,False,79.55026455026456,False,17.7,False
2016-03-02,40.31446208112875,False,False,53.86904761904762,False,False,77.29276895943563,False,17.09,False
2016-03-03,39.18253968253968,False,False,46.03174603174603,False,False,78.80952380952381,False,16.7,False
2016-03-04,43.65643738977072,False,False,52.87698412698413,False,False,76.6490299823633,False,16.86,False
2016-03-07,45.86772486772486,False,False,48.41269841269841,False,False,76.59611992945325,False,17.35,False
2016-03-08,39.33051146384479,False,False,41.07142857142857,False,False,78.25837742504409,False,18.67,False
2016-03-09,39.21216931216931,False,False,50.198412698412696,False,False,75.74514991181657,False,18.34,False
2016-03-10,42.576719576719576,False,False,48.46230158730158,False,False,75.55996472663139,False,18.05,False
2016-03-11,39.09611992945326,False,False,49.90079365079365,False,False,70.38800705467372,False,16.5,False
2016-03-14,41.18677248677248,False,False,58.82936507936508,False,False,70.51146384479718,False,16.92,False
2016-03-15,41.47407407407407,False,False,60.317460317460316,False,False,69.58553791887124,False,16.84,False
2016-03-16,46.9026455026455,False,False,58.085317460317455,False,False,68.54938271604938,False,14.99,False
2016-03-17,32.72098765432099,False,False,51.19047619047619,False,False,68.60670194003528,False,14.44,False
2016-03-18,40.06596119929453,False,False,53.52182539682539,False,False,62.186948853615526,False,14.02,False
2016-03-21,41.13721340388008,False,False,61.80555555555555,False,False,58.835978835978835,False,13.79,False
2016-03-22,32.44779541446208,False,False,53.96825396825397,False,False,55.22486772486773,False,14.17,False
2016-03-23,30.24744268077601,False,False,43.75,False,False,58.866843033509696,False,14.94,False
2016-03-24,35.27566137566138,False,False,45.68452380952381,False,False,58.98148148148149,False,14.74,False
2016-03-28,39.17336860670194,False,False,49.801587301587304,False,False,59.9294532627866,False,15.24,False
2016-03-29,41.61093474426808,False,False,47.61904761904762,False,False,58.62433862433863,False,13.82,False
2016-03-30,53.209347442680766,False,False,57.14285714285715,False,False,53.72134038800706,False,13.56,False
2016-03-31,40.12169312169312,False,False,45.882936507936506,False,False,54.47530864197531,False,13.95,False
2016-04-01,38.70723104056437,False,False,48.21428571428571,False,False,53.40388007054674,False,13.1,False
2016-04-04,44.87107583774251,False,False,54.31547619047619,False,False,54.5679012345679,False,14.12,False
2016-04-05,56.962786596119926,False,False,55.4563492063492,False,False,58.14814814814815,False,15.42,False
2016-04-06,51.31975308641975,False,False,60.61507936507937,False,False,51.82539682539683,False,14.09,False
2016-04-07,37.04885361552029,False,False,41.36904761904762,False,False,58.26278659611992,False,16.16,False
2016-04-08,43.40511463844796,False,False,36.7063492063492,False,False,58.39065255731922,False,15.36,False
2016-04-11,43.63968253968253,False,False,33.432539682539684,False,False,57.20017636684304,False,16.26,False
2016-04-12,40.26807760141093,False,False,42.26190476190476,False,False,55.723104056437386,False,14.85,False
2016-04-13,63.50229276895943,False,False,64.98015873015873,False,False,53.439153439153436,False,13.84,False
2016-04-14,59.182363315696655,False,False,67.7579365079365,False,False,52.72045855379188,False,13.72,False
2016-04-15,54.48747795414462,False,False,61.30952380952381,False,False,55.79805996472663,False,13.62,False
2016-04-18,51.3042328042328,False,False,59.722222222222214,False,False,53.042328042328045,False,13.35,False
2016-04-19,43.62222222222222,False,False,52.579365079365076,False,False,54.0652557319224,False,13.24,False
2016-04-20,37.6694885361552,False,False,55.35714285714286,False,False,50.67460317460317,False,13.28,False
2016-04-21,30.88447971781305,False,False,49.30555555555556,False,False,51.596119929453266,False,13.95,False
2016-04-22,61.65590828924162,False,False,67.01388888888889,False,False,53.37301587301588,False,13.22,False
2016-04-25,37.486067019400345,False,False,51.98412698412699,False,False,51.67548500881835,False,14.08,False
2016-04-26,43.28518518518518,False,False,61.111111111111114,False,False,49.86331569664903,False,13.96,False
2016-04-27,64.63827160493827,False,False,73.16468253968254,False,False,48.99470899470899,False,13.77,False
2016-04-28,61.90282186948853,False,False,58.82936507936508,False,False,54.90740740740741,False,15.22,False
2016-04-29,58.26102292768959,False,False,49.90079365079365,False,False,58.955026455026456,False,15.7,False
2016-05-02,46.05661375661375,False,False,43.70039682539682,False,False,57.01499118165785,False,14.68,False
2016-05-03,39.85361552028218,False,False,35.317460317460316,False,False,60.45855379188712,False,15.6,False
2016-05-04,40.65432098765432,False,False,35.81349206349206,False,False,60.14991181657848,False,16.05,False
2016-05-05,35.54091710758377,False,False,35.714285714285715,False,False,58.67283950617284,False,15.91,False
2016-05-06,39.5747795414462,False,False,34.52380952380952,False,False,56.031746031746025,False,14.72,False
2016-05-09,34.450440917107585,False,False,30.357142857142854,False,False,51.65343915343916,False,14.57,False
2016-05-10,39.00017636684304,False,False,36.25992063492063,False,False,50.06172839506173,False,13.63,False
2016-05-11,39.58606701940035,False,False,37.59920634920635,False,False,56.261022927689595,False,14.69,False
2016-05-12,49.50917107583774,False,False,47.91666666666667,False,False,57.98500881834216,False,14.41,False
2016-05-13,39.21922398589065,False,False,32.192460317460316,False,False,59.360670194003525,False,15.04,False
2016-05-16,43.124514991181655,False,False,36.210317460317455,False,False,53.095238095238095,False,14.68,False
2016-05-17,36.403703703703705,False,False,24.107142857142854,False,False,55.07936507936508,False,15.57,False
2016-05-18,35.430335097001766,False,False,31.4484126984127,False,False,54.37389770723104,False,15.95,False
2016-05-19,31.32645502645503,False,False,29.66269841269841,False,False,57.8968253968254,False,16.33,False
2016-05-20,30.90652557319224,False,False,33.92857142857143,False,False,52.33245149911816,False,15.2,False
2016-05-23,32.70881834215167,False,False,34.62301587301587,False,False,52.83068783068783,False,15.82,False
2016-05-24,33.977777777777774,False,False,43.15476190476191,False,False,52.58818342151676,False,14.42,False
2016-05-25,41.56613756613756,False,False,58.13492063492063,False,False,48.580246913580254,False,13.9,False
2016-05-26,42.85996472663139,False,False,58.432539682539684,False,False,49.488536155202816,False,13.43,False
2016-05-27,52.15502645502646,False,False,71.18055555555557,False,False,45.877425044091716,False,13.12,False
2016-05-31,31.962610229276898,False,False,62.5,False,False,45.5599647266314,False,14.19,False
2016-06-01,35.54497354497354,False,False,53.96825396825396,False,False,44.21516754850088,False,14.2,False
2016-06-02,49.51604938271605,False,False,75.7936507936508,False,False,42.22663139329806,False,13.63,False
2016-06-03,51.81022927689594,False,False,73.21428571428572,False,False,43.98148148148149,False,13.47,False
2016-06-06,37.74338624338624,False,False,55.35714285714286,False,False,41.2962962962963,False,13.65,False
2016-06-07,40.495590828924165,False,False,48.66071428571429,False,False,40.533509700176374,False,14.05,False
2016-06-08,38.50017636684304,False,False,54.36507936507937,False,False,39.360670194003525,False,14.08,False
2016-06-09,36.731569664903,False,False,53.17460317460318,False,False,43.34656084656084,False,14.64,False
2016-06-10,38.17654320987654,False,False,49.4047619047619,False,False,46.34479717813051,False,17.03,False
2016-06-13,41.10573192239859,False,False,39.13690476190476,False,False,50.15432098765432,False,20.97,False
2016-06-14,39.82363315696649,False,False,47.32142857142857,False,False,51.76807760141094,False,20.5,False
2016-06-15,37.00335097001764,False,False,45.932539682539684,False,False,51.0273368606702,False,20.14,False
2016-06-16,27.55185185185185,False,False,28.769841269841265,False,False,50.14991181657848,False,19.37,False
2016-06-17,26.47125220458554,False,False,38.49206349206349,False,False,52.72927689594356,False,19.41,False
2016-06-20,36.11446208112874,False,False,41.170634920634924,False,False,49.25044091710759,False,18.37,False
2016-06-21,35.55132275132275,False,False,47.71825396825397,False,False,50.17195767195767,False,18.48,False
2016-06-22,40.86234567901234,False,False,42.757936507936506,False,False,46.12874779541446,False,21.17,False
2016-06-23,42.98059964726631,False,False,57.14285714285714,False,False,40.405643738977076,False,17.25,False
2016-06-24,33.61657848324515,False,False,26.785714285714285,False,False,66.56084656084657,False,25.76,False
2016-06-27,35.250881834215164,False,False,24.30555555555556,False,False,74.05643738977072,False,23.85,False
2016-06-28,33.3994708994709,False,False,24.40476190476191,False,False,66.19488536155204,False,18.75,False
2016-06-29,34.90617283950617,False,False,31.547619047619047,False,False,58.17901234567901,False,16.64,False
2016-06-30,28.73121693121693,False,False,30.456349206349206,False,False,54.060846560846564,False,15.63,False
2016-07-01,29.819047619047623,False,False,29.464285714285715,False,False,54.276895943562614,False,14.77,False
2016-07-05,31.476366843033507,False,False,22.916666666666668,False,False,62.3236331569665,False,15.58,False
2016-07-06,34.3037037037037,False,False,29.86111111111111,False,False,59.51499118165784,False,14.96,False
2016-07-07,36.17936507936507,False,False,38.789682539682545,False,False,58.67724867724868,False,14.76,False
2016-07-08,40.359788359788354,False,False,40.37698412698413,False,False,49.94268077601411,False,13.2,False
2016-07-11,41.04021164021164,False,False,53.7202380952381,False,False,51.22134038800706,False,13.54,False
2016-07-12,43.56437389770724,False,False,53.125,False,False,47.29717813051146,False,13.55,False
2016-07-13,43.69012345679012,False,False,56.54761904761905,False,False,46.565255731922406,False,13.04,False
2016-07-14,59.697354497354496,False,False,81.84523809523809,False,False,44.9647266313933,False,12.82,False
2016-07-15,53.22821869488536,False,False,75.24801587301587,False,False,44.44885361552028,False,12.67,False
2016-07-18,59.9652557319224,False,False,77.18253968253968,False,False,43.24955908289241,False,12.44,False
2016-07-19,52.02186948853616,False,False,62.35119047619048,False,False,43.44356261022927,False,11.97,False
2016-07-20,70.29964726631393,False,False,79.91071428571428,False,False,39.25925925925926,False,11.77,False
2016-07-21,56.76596119929454,False,False,74.0079365079365,False,False,41.177248677248684,False,12.74,False
2016-07-22,52.75996472663139,False,False,69.64285714285714,False,False,38.364197530864196,False,12.02,False
2016-07-25,61.22910052910052,False,False,74.90079365079366,False,False,33.13492063492064,False,12.87,False
2016-07-26,69.93562610229277,False,False,85.31746031746033,False,False,27.685185185185187,False,13.05,False
2016-07-27,72.89171075837741,False,False,77.08333333333334,False,False,26.626984126984127,False,12.83,False
2016-07-28,74.02804232804232,False,True,76.38888888888889,False,False,24.43562610229277,False,12.72,False
2016-07-29,58.041269841269845,False,False,49.90079365079365,False,False,23.619929453262788,False,11.87,False
2016-08-01,54.51992945326278,False,False,49.50396825396825,False,False,24.188712522045858,False,12.44,False
2016-08-02,56.24232804232803,False,False,51.58730158730159,False,False,28.831569664902997,False,13.37,False
2016-08-03,50.32751322751323,False,False,49.95039682539682,False,False,24.39594356261023,False,12.86,False
2016-08-04,51.21322751322752,False,False,42.013888888888886,False,False,29.77072310405644,False,12.42,False
2016-08-05,79.82680776014108,False,False,74.40476190476191,False,False,21.12433862433862,False,11.39,False
2016-08-08,67.27072310405644,False,False,67.06349206349206,False,False,23.245149911816572,False,11.5,False
2016-08-09,57.6352733686067,False,False,51.98412698412699,False,False,25.71428571428572,False,11.66,False
2016-08-10,61.4347442680776,False,False,57.88690476190476,False,False,26.521164021164022,False,12.05,False
2016-08-11,64.4031746031746,False,False,69.6924603174603,False,False,20.793650793650794,False,11.68,False
2016-08-12,69.26543209876543,False,False,69.44444444444444,False,False,20.529100529100532,False,11.55,False
2016-08-15,59.78342151675484,False,False,68.35317460317461,False,False,22.063492063492063,False,11.81,False
2016-08-16,52.99700176366843,False,False,58.23412698412698,False,False,26.428571428571427,False,12.64,False
2016-08-17,48.11781305114638,False,False,56.051587301587304,False,False,25.58641975308642,False,12.19,False
2016-08-18,46.77971781305114,False,False,51.48809523809524,False,False,19.951499118165785,False,11.43,False
2016-08-19,52.08253968253968,False,False,58.03571428571429,False,False,22.65432098765432,False,11.34,False
2016-08-22,52.15149911816579,False,False,63.392857142857146,False,False,20.983245149911813,False,12.27,False
2016-08-23,52.66860670194004,False,False,58.73015873015873,False,False,20.229276895943563,False,12.38,False
2016-08-24,49.60582010582011,False,False,56.25,False,False,24.36067019400353,False,13.45,False
2016-08-25,52.3379188712522,False,False,50.7936507936508,False,False,24.717813051146383,False,13.63,False
2016-08-26,50.22134038800705,False,False,50.49603174603175,False,False,25.58641975308642,False,13.65,False
2016-08-29,48.45291005291005,False,False,53.07539682539682,False,False,25.679012345679013,False,12.94,False
2016-08-30,48.407231040564376,False,False,60.81349206349207,False,False,24.294532627865962,False,13.12,False
2016-08-31,51.79964726631393,False,False,62.00396825396825,False,False,24.171075837742503,False,13.42,False
2016-09-01,58.91992945326279,False,False,62.40079365079365,False,False,26.01410934744268,False,13.48,False
2016-09-02,57.91904761904762,False,False,62.251984126984134,False,False,23.990299823633155,False,11.98,False
2016-09-06,52.03245149911817,False,False,54.26587301587301,False,False,23.452380952380953,False,12.02,False
2016-09-07,55.00934744268078,False,False,58.73015873015873,False,False,26.525573192239857,False,11.94,False
2016-09-08,56.536507936507945,False,False,66.17063492063492,False,False,29.140211640211636,False,12.51,False
2016-09-09,47.310405643738974,False,False,36.01190476190476,False,False,42.57936507936507,False,17.5,False
2016-09-12,46.03033509700176,False,False,41.86507936507937,False,False,37.37654320987654,False,15.16,False
2016-09-13,52.3668430335097,False,False,47.61904761904762,False,False,47.967372134038804,False,17.85,False
2016-09-14,56.36560846560846,False,False,46.92460317460318,False,False,49.15784832451499,False,18.14,False
2016-09-15,54.948853615520285,False,False,55.75396825396825,False,False,41.21252204585539,False,16.3,False
2016-09-16,53.6673721340388,False,False,54.56349206349206,False,False,47.64550264550265,False,15.37,False
2016-09-19,51.968430335097,False,False,58.92857142857143,False,False,50.917107583774246,False,15.53,False
2016-09-20,45.51657848324516,False,False,48.31349206349206,False,False,46.534391534391524,False,15.92,False
2016-09-21,54.181657848324505,False,False,55.15873015873015,False,False,42.04585537918871,False,13.3,False
2016-09-22,48.13033509700177,False,False,54.56349206349206,False,False,39.61640211640212,False,12.02,False
2016-09-23,69.6557319223986,False,False,66.12103174603175,False,False,43.32892416225749,False,12.29,False
2016-09-26,53.2010582010582,False,False,46.92460317460318,False,False,46.838624338624335,False,14.5,False
2016-09-27,48.71604938271605,False,False,49.702380952380956,False,False,44.37830687830689,False,13.1,False
2016-09-28,48.16014109347442,False,False,49.50396825396826,False,False,42.75132275132275,False,12.39,False
2016-09-29,59.37813051146384,False,False,51.93452380952381,False,False,49.629629629629626,False,14.02,False
2016-09-30,63.62839506172839,False,False,63.888888888888886,False,False,48.53174603174603,False,13.29,False
2016-10-03,44.44603174603174,False,False,52.87698412698413,False,False,51.10670194003527,False,13.57,False
2016-10-04,49.427865961199295,False,False,56.54761904761905,False,False,54.15343915343916,False,13.63,False
2016-10-05,51.37354497354497,False,False,51.24007936507937,False,False,52.81746031746031,False,12.99,False
2016-10-06,59.71922398589064,False,False,71.47817460317461,False,False,49.80599647266314,False,12.84,False
2016-10-07,48.88906525573192,False,False,55.95238095238095,False,False,49.14021164021164,False,13.48,False
2016-10-10,71.5089947089947,False,False,62.45039682539682,False,False,44.54585537918871,False,13.38,False
2016-10-11,70.91834215167547,False,False,66.26984126984127,False,False,52.20458553791887,False,15.36,False
2016-10-12,67.59559082892416,False,True,58.23412698412698,False,False,49.75749559082893,False,15.91,False
2016-10-13,63.46613756613756,False,False,43.25396825396825,False,False,47.032627865961196,False,16.69,False
2016-10-14,71.13209876543209,False,False,68.35317460317461,False,False,52.0679012345679,False,16.12,False
2016-10-17,54.47566137566137,False,False,34.12698412698413,False,False,54.19753086419754,False,16.21,False
2016-10-18,56.54514991181657,False,False,42.65873015873016,False,False,49.4400352733686,False,15.28,False
2016-10-19,52.22081128747795,False,False,42.46031746031746,False,False,42.45149911816578,False,14.41,False
2016-10-20,60.25132275132275,False,False,58.53174603174603,False,False,49.7883597883598,False,13.75,False
2016-10-21,61.58871252204585,False,False,55.05952380952381,False,False,50.04409171075838,False,13.34,False
2016-10-24,54.3604938271605,False,False,49.70238095238095,False,False,49.95149911816579,False,13.02,False
2016-10-25,48.33809523809524,False,False,58.33333333333333,False,False,49.44003527336861,False,13.46,False
2016-10-26,61.88941798941799,False,False,56.25,False,False,52.2310405643739,False,14.24,False
2016-10-27,65.14232804232805,False,False,59.52380952380952,False,False,55.0,False,15.36,False
2016-10-28,64.85943562610228,False,False,50.49603174603175,False,False,56.63139329805997,False,16.19,False
2016-10-31,42.39805996472663,False,False,32.73809523809524,False,False,54.091710758377424,False,17.06,False
2016-11-01,37.68906525573192,False,False,23.611111111111107,False,False,57.99382716049383,False,18.56,False
2016-11-02,30.010405643738977,False,False,12.003968253968253,False,False,59.71340388007055,False,19.32,False
2016-11-03,29.7968253968254,False,False,15.773809523809522,False,False,61.622574955908284,False,22.08,False
2016-11-04,25.501499118165786,False,False,13.789682539682541,False,False,60.38359788359789,False,22.51,False
2016-11-07,34.83280423280423,False,False,41.07142857142857,False,False,52.72486772486773,False,18.71,False
2016-11-08,35.989947089947094,False,False,57.738095238095234,False,False,51.78130511463845,False,18.74,False
2016-11-09,55.5389770723104,False,False,71.92460317460318,False,False,48.425925925925924,False,14.38,False
2016-11-10,61.0031746031746,False,False,79.06746031746032,False,False,54.078483245149904,False,14.74,False
2016-11-11,71.0721340388007,False,False,79.46428571428572,False,False,53.073192239858905,False,14.17,False
2016-11-14,76.8784832451499,False,False,85.11904761904762,False,False,49.84126984126984,False,14.48,False
2016-11-15,72.1373897707231,False,True,80.35714285714286,False,False,48.46560846560846,False,13.37,False
2016-11-16,81.02980599647266,False,True,84.42460317460316,False,False,50.09259259259259,False,13.72,False
2016-11-17,77.40652557319225,False,True,77.38095238095238,False,False,51.516754850088184,False,13.35,False
2016-11-18,73.75132275132276,False,True,89.18650793650794,False,False,52.15608465608466,False,12.85,False
2016-11-21,69.70970017636684,False,True,80.75396825396825,False,False,51.39770723104056,False,12.42,False
2016-11-22,66.25961199294532,False,False,83.23412698412699,False,False,44.219576719576715,False,12.41,False
2016-11-23,76.5768959435626,False,False,90.17857142857143,False,False,44.598765432098766,False,12.43,False
2016-11-25,69.93086419753085,False,False,90.37698412698411,False,False,43.17460317460317,False,12.34,False
2016-11-28,71.36772486772485,False,True,86.60714285714286,False,False,47.65432098765431,False,13.15,False
2016-11-29,62.62874779541446,False,False,77.18253968253967,False,False,47.43386243386244,False,12.9,False
2016-11-30,54.1042328042328,False,False,72.51984126984127,False,False,47.72486772486772,False,13.33,False
2016-12-01,75.48218694885361,False,False,83.63095238095238,False,False,53.29365079365079,False,14.07,False
2016-12-02,70.66472663139328,False,False,80.95238095238096,False,False,50.996472663139336,False,14.12,False
2016-12-05,72.66631393298059,False,True,84.72222222222223,False,False,42.25308641975309,False,12.14,False
2016-12-06,76.00934744268078,False,True,88.39285714285715,False,False,37.20017636684304,False,11.79,False
2016-12-07,77.0747795414462,False,True,92.46031746031746,False,False,35.31305114638448,False,12.22,False
2016-12-08,75.48377425044092,False,True,93.3531746031746,False,False,32.195767195767196,False,12.64,False
2016-12-09,78.67724867724867,False,True,93.65079365079366,False,False,29.99118165784832,False,11.75,False
2016-12-12,69.42116402116402,False,True,86.40873015873015,False,False,30.7363315696649,False,12.64,False
2016-12-13,79.1647266313933,False,True,93.45238095238095,False,False,29.272486772486776,False,12.72,False
2016-12-14,84.2641975308642,False,True,90.57539682539682,False,False,31.988536155202823,False,13.19,False
2016-12-15,76.63985890652557,False,True,91.36904761904762,False,False,30.29100529100529,False,12.79,False
2016-12-16,67.5731922398589,False,False,88.83928571428572,False,False,31.719576719576718,False,12.2,False
2016-12-19,72.7031746031746,False,False,89.48412698412699,False,False,31.560846560846556,False,11.71,False
2016-12-20,69.50881834215168,False,False,90.07936507936509,False,False,31.005291005291003,False,11.45,False
2016-12-21,64.9689594356261,False,False,85.11904761904762,False,False,34.457671957671955,False,11.27,False
2016-12-22,73.85202821869488,False,False,87.00396825396825,False,False,35.0,False,11.43,False
2016-12-23,74.28183421516754,False,False,85.9126984126984,False,False,32.663139329806,False,11.44,False
2016-12-27,85.61957671957671,False,True,90.47619047619048,False,False,31.51675485008818,False,11.99,False
2016-12-28,90.7037037037037,False,True,80.85317460317461,False,False,37.28395061728395,False,12.95,False
2016-12-29,93.2352733686067,True,True,77.67857142857143,False,False,36.25220458553792,False,13.37,False
2016-12-30,85.94320987654321,True,True,71.23015873015873,False,False,38.15696649029983,False,14.04,False
2017-01-03,80.60758377425043,False,True,77.67857142857142,False,False,36.44179894179894,False,12.85,False
2017-01-04,69.61552028218694,False,True,75.29761904761907,False,False,31.424162257495595,False,11.85,False
2017-01-05,67.10388007054674,False,False,68.5515873015873,False,False,31.503527336860667,False,11.67,False
2017-01-06,67.77936507936508,False,False,72.32142857142856,False,False,29.126984126984127,False,11.32,False
2017-01-09,79.72610229276896,False,False,74.8015873015873,False,False,30.361552028218693,False,11.56,False
2017-01-10,68.45026455026455,False,False,65.0297619047619,False,False,30.11463844797178,False,11.49,False
2017-01-11,77.5021164021164,False,False,81.74603174603175,False,False,28.981481481481477,False,11.26,False
2017-01-12,86.47231040564374,False,False,77.48015873015873,False,False,29.94708994708995,False,11.54,False
2017-01-13,90.14567901234568,False,True,81.8452380952381,False,False,28.738977072310405,False,11.23,False
2017-01-17,84.56243386243386,True,True,76.09126984126983,False,False,29.193121693121697,False,11.87,False
2017-01-18,81.94462081128748,True,True,85.71428571428571,False,False,28.783068783068785,False,12.48,False
2017-01-19,78.7453262786596,False,True,70.23809523809524,False,False,33.69047619047619,False,12.78,False
2017-01-20,80.3215167548501,False,True,78.17460317460318,False,False,35.970017636684304,False,11.54,False
2017-01-23,78.83139329805996,False,True,69.84126984126985,False,False,36.6710758377425,False,11.77,False
2017-01-24,65.94074074074074,False,False,80.2579365079365,False,False,32.16490299823633,False,11.07,False
2017-01-25,64.06913580246913,False,False,83.63095238095238,False,False,25.18077601410935,False,10.81,False
2017-01-26,66.25326278659611,False,False,81.25,False,False,28.077601410934744,False,10.63,False
2017-01-27,61.87760141093474,False,False,71.92460317460318,False,False,29.739858906525573,False,10.58,False
2017-01-30,68.59012345679011,False,False,72.96626984126983,False,False,30.811287477954142,False,11.88,False
2017-01-31,63.81622574955908,False,False,68.30357142857142,False,False,29.60758377425044,False,11.99,False
2017-02-01,87.29664902998235,False,False,78.96825396825398,False,False,31.609347442680775,False,11.81,False
2017-02-02,75.17037037037038,False,False,70.03968253968253,False,False,30.604056437389772,False,11.93,False
2017-02-03,82.91693121693122,False,True,86.40873015873015,False,False,30.987654320987655,False,10.97,False
2017-02-06,72.02275132275132,False,True,79.51388888888889,False,False,32.257495590828924,False,11.37,False
2017-02-07,77.93174603174603,False,True,78.47222222222221,False,False,32.967372134038804,False,11.29,False
2017-02-08,72.33068783068784,False,True,72.32142857142857,False,False,28.355379188712515,False,11.45,False
2017-02-09,79.46754850088183,False,True,81.25,False,False,25.335097001763668,False,10.88,False
2017-02-10,77.20811287477953,False,True,85.01984126984128,False,False,21.29188712522046,False,10.85,False
2017-02-13,78.57301587301586,False,True,84.82142857142857,False,False,19.97795414462081,False,11.07,False
2017-02-14,78.8074074074074,False,True,88.19444444444444,False,False,18.75220458553792,False,10.74,False
2017-02-15,79.4469135802469,False,True,87.89682539682539,False,False,18.55820105820106,False,11.97,False
2017-02-16,67.75343915343916,False,False,80.15873015873015,False,False,16.494708994708997,False,11.76,False
2017-02-17,54.03227513227513,False,False,69.24603174603175,False,False,16.022927689594358,False,11.49,False
2017-02-21,54.91340388007054,False,False,78.67063492063492,False,False,13.875661375661375,False,11.57,False
2017-02-22,59.94938271604937,False,False,79.46428571428571,False,False,14.351851851851853,False,11.74,False
2017-02-23,69.90335097001763,False,False,79.26587301587301,False,False,14.71340388007055,False,11.71,False
2017-02-24,67.50246913580246,False,False,80.05952380952381,False,False,13.227513227513228,False,11.47,False
2017-02-27,72.06049382716049,False,False,79.36507936507937,False,False,14.126984126984127,False,12.09,False
2017-02-28,67.65502645502646,False,False,78.17460317460318,False,False,17.566137566137566,False,12.92,False
2017-03-01,70.54638447971782,False,False,82.73809523809524,False,False,19.365079365079367,False,12.54,False
2017-03-02,69.52768959435625,False,False,81.0515873015873,False,False,17.389770723104053,False,11.81,False
2017-03-03,70.05326278659611,False,False,85.21825396825396,False,False,19.757495590828924,False,10.96,False
2017-03-06,64.69365079365079,False,False,80.2579365079365,False,False,22.777777777777782,False,11.24,False
2017-03-07,61.4400352733686,False,False,71.92460317460318,False,False,24.5326278659612,False,11.45,False
2017-03-08,74.01358024691358,False,False,74.60317460317461,False,False,26.203703703703706,False,11.86,False
2017-03-09,64.35361552028218,False,False,64.28571428571428,False,False,26.825396825396822,False,12.3,False
2017-03-10,68.30546737213403,False,False,71.62698412698413,False,False,24.215167548500876,False,11.66,False
2017-03-13,66.11463844797179,False,False,76.28968253968253,False,False,18.37742504409171,False,11.35,False
2017-03-14,57.585537918871246,False,False,64.88095238095238,False,False,24.043209876543212,False,12.3,False
2017-03-15,68.60335097001763,False,False,80.0595238095238,False,False,19.15784832451499,False,11.63,False
2017-03-16,68.76137566137565,False,False,80.55555555555556,False,False,17.689594356261022,False,11.21,False
2017-03-17,64.86966490299824,False,False,75.39682539682539,False,False,18.915343915343914,False,11.28,False
2017-03-20,68.6389770723104,False,False,74.30555555555556,False,False,16.900352733686066,False,11.34,False
2017-03-21,76.48835978835979,False,False,64.88095238095238,False,False,33.139329805996475,False,12.47,False
2017-03-22,72.49506172839506,False,False,57.93650793650794,False,False,32.50440917107584,False,12.81,False
2017-03-23,68.73350970017637,False,False,60.218253968253975,False,False,29.581128747795415,False,13.12,False
2017-03-24,71.82134038800703,False,False,59.22619047619048,False,False,31.437389770723104,False,12.96,False
2017-03-27,67.28395061728395,False,False,55.95238095238095,False,False,31.953262786596117,False,12.5,False
2017-03-28,63.02663139329806,False,False,62.79761904761905,False,False,24.065255731922395,False,11.53,False
2017-03-29,60.32698412698412,False,False,62.3015873015873,False,False,23.17019400352734,False,11.42,False
2017-03-30,68.1742504409171,False,False,68.60119047619047,False,False,25.69223985890652,False,11.54,False
2017-03-31,61.52010582010582,False,False,63.045634920634924,False,False,23.492063492063494,False,12.37,False
2017-04-03,72.73033509700177,False,False,63.19444444444445,False,False,29.68694885361552,False,12.38,False
2017-04-04,85.04814814814814,False,False,64.98015873015873,False,False,28.985890652557316,False,11.79,False
2017-04-05,82.61340388007054,False,True,57.34126984126984,False,False,31.000881834215168,False,12.89,False
2017-04-06,78.34091710758376,False,True,50.644841269841265,False,False,24.43562610229277,False,12.39,False
2017-04-07,66.49805996472662,False,False,45.43650793650794,False,False,25.158730158730155,False,12.87,False
2017-04-10,70.96296296296298,False,False,60.51587301587301,False,False,23.49647266313933,False,14.05,False
2017-04-11,75.40723104056437,False,False,62.5,False,False,24.1005291005291,False,15.07,False
2017-04-12,66.4283950617284,False,False,59.32539682539683,False,False,26.71075837742504,False,15.77,False
2017-04-13,77.57089947089946,False,False,55.05952380952381,False,False,34.254850088183424,False,15.96,False
2017-04-17,71.32134038800706,False,False,52.033730158730165,False,False,28.042328042328048,False,14.66,False
2017-04-18,70.02275132275132,False,False,55.15873015873016,False,False,30.4320987654321,False,14.42,False
2017-04-19,73.77707231040564,False,False,57.93650793650794,False,False,30.758377425044092,False,14.93,False
2017-04-20,66.68518518518518,False,False,61.210317460317455,False,False,23.602292768959433,False,14.15,False
2017-04-21,60.530158730158725,False,False,64.88095238095238,False,False,26.78571428571429,False,14.63,False
2017-04-24,60.42028218694885,False,False,68.84920634920636,False,False,20.462962962962965,False,10.84,False
2017-04-25,56.21022927689594,False,False,56.547619047619044,False,False,16.221340388007054,False,10.76,False
2017-04-26,49.38624338624338,False,False,59.42460317460317,False,False,21.74162257495591,False,10.85,False
2017-04-27,56.85308641975309,False,False,68.45238095238095,False,False,21.402116402116402,False,10.36,False
2017-04-28,75.83051146384479,False,False,72.42063492063492,False,False,23.937389770723104,False,10.82,False
2017-05-01,78.05238095238094,False,False,68.94841269841271,False,False,27.15608465608466,False,10.11,False
2017-05-02,75.09400352733687,False,True,70.08928571428571,False,False,27.79100529100529,False,10.59,False
2017-05-03,74.44285714285714,False,True,66.96428571428571,False,False,27.852733686067022,False,10.68,False
2017-05-04,58.54973544973544,False,False,55.35714285714285,False,False,31.124338624338623,False,10.46,False
2017-05-05,69.8031746031746,False,False,73.21428571428571,False,False,25.890652557319225,False,10.57,False
2017-05-08,78.37301587301587,False,False,79.26587301587301,False,False,27.84391534391534,False,9.77,False
2017-05-09,81.39329805996472,False,False,74.50396825396825,False,False,25.282186948853617,False,9.96,False
2017-05-10,79.90335097001763,False,True,74.2063492063492,False,False,24.30776014109347,False,10.21,False
2017-05-11,80.836860670194,False,True,71.72619047619047,False,False,28.74779541446208,False,10.6,False
2017-05-12,79.64814814814815,False,True,68.5515873015873,False,False,32.813051146384474,False,10.4,False
2017-05-15,78.14885361552028,False,True,77.08333333333334,False,False,26.141975308641975,False,10.42,False
2017-05-16,79.10582010582011,False,True,74.2063492063492,False,False,32.08112874779541,False,10.65,False
2017-05-17,73.59488536155203,False,False,51.68650793650794,False,False,44.91181657848325,False,15.59,False
2017-05-18,71.2331569664903,False,False,48.71031746031746,False,False,42.56613756613756,False,14.66,False
2017-05-19,63.01111111111111,False,False,46.32936507936508,False,False,37.44268077601411,False,12.04,False
2017-05-22,62.48077601410934,False,False,60.36706349206349,False,False,36.25220458553792,False,10.93,False
2017-05-23,59.18677248677248,False,False,60.317460317460316,False,False,36.45502645502646,False,10.72,False
2017-05-24,69.15767195767195,False,False,66.86507936507937,False,False,35.20282186948854,False,10.02,False
2017-05-25,73.0379188712522,False,False,64.98015873015873,False,False,34.510582010582006,False,9.99,False
2017-05-26,82.73809523809524,False,False,59.623015873015866,False,False,33.95943562610229,False,9.81,False
2017-05-30,80.9931216931217,False,False,68.9484126984127,False,False,37.839506172839506,False,10.38,False
2017-05-31,73.42010582010582,False,False,71.32936507936508,False,False,35.80246913580247,False,10.41,False
2017-06-01,66.005291005291,False,False,70.73412698412699,False,False,27.896825396825395,False,9.89,False
2017-06-02,68.40828924162257,False,False,68.15476190476191,False,False,34.232804232804234,False,9.75,False
2017-06-05,73.73174603174604,False,False,75.19841269841271,False,False,36.657848324514994,False,10.07,False
2017-06-06,75.51410934744268,False,False,72.22222222222223,False,False,36.05379188712522,False,10.45,False
2017-06-07,70.95114638447971,False,False,68.3531746031746,False,False,38.461199294532626,False,10.39,False
2017-06-08,75.35132275132274,False,False,75.09920634920636,False,False,36.36243386243386,False,10.16,False
2017-06-09,83.85626102292768,False,False,74.40476190476191,False,False,29.047619047619047,False,10.7,False
2017-06-12,82.12998236331569,False,True,66.31944444444446,False,False,28.522927689594358,False,11.46,False
2017-06-13,82.05097001763669,True,True,84.12698412698414,False,False,26.78571428571429,False,10.42,False
2017-06-14,80.43968253968254,False,True,68.45238095238096,False,False,30.63932980599647,False,10.64,False
2017-06-15,75.58730158730158,False,True,61.11111111111111,False,False,29.67372134038801,False,10.9,False
2017-06-16,62.71710758377424,False,False,53.670634920634924,False,False,27.83509700176367,False,10.38,False
2017-06-19,71.52451499118166,False,False,75.39682539682539,False,False,27.62345679012346,False,10.37,False
2017-06-20,71.3768959435626,False,False,63.69047619047619,False,False,32.83509700176367,False,10.86,False
2017-06-21,64.15784832451499,False,False,51.388888888888886,False,False,33.60229276895944,False,10.75,False
2017-06-22,74.81940035273368,False,False,56.448412698412696,False,False,32.782186948853614,False,10.48,False
2017-06-23,70.48042328042327,False,False,58.035714285714285,False,False,29.488536155202823,False,10.02,False
2017-06-26,76.89594356261023,False,False,67.26190476190476,False,False,23.500881834215164,False,9.9,False
2017-06-27,71.24285714285715,False,False,47.817460317460316,False,False,34.36948853615521,False,11.06,False
2017-06-28,77.81058201058201,False,False,54.36507936507937,False,False,31.83862433862434,False,10.03,False
2017-06-29,79.06578483245148,False,False,58.035714285714285,False,False,37.023809523809526,False,11.44,False
2017-06-30,69.96313932980598,False,False,43.948412698412696,False,False,30.921516754850085,False,11.18,False
2017-07-03,75.93721340388007,False,False,61.111111111111114,False,False,26.313932980599645,False,11.22,False
2017-07-05,78.04391534391534,False,False,53.373015873015866,False,False,35.55114638447972,False,11.07,False
2017-07-06,72.552557319224,False,False,38.095238095238095,False,False,40.908289241622576,False,12.54,False
2017-07-07,71.93615520282187,False,False,51.091269841269835,False,False,39.810405643738974,False,11.19,False
2017-07-10,77.69082892416225,False,False,56.051587301587304,False,False,39.95149911816578,False,11.11,False
2017-07-11,73.65837742504408,False,False,60.466269841269835,False,False,39.942680776014114,False,10.89,False
2017-07-12,79.18606701940035,False,False,58.92857142857143,False,False,35.68342151675485,False,10.3,False
2017-07-13,80.79805996472663,False,False,66.07142857142857,False,False,33.90652557319224,False,9.9,False
2017-07-14,82.4294532627866,False,True,67.85714285714286,False,False,31.569664902998237,False,9.51,False
2017-07-17,75.81569664902997,False,True,65.17857142857143,False,False,30.877425044091712,False,9.82,False
2017-07-18,70.56878306878306,False,False,51.19047619047619,False,False,32.55731922398589,False,9.89,False
2017-07-19,70.34832451499118,False,False,58.531746031746025,False,False,29.7310405643739,False,9.79,False
2017-07-20,71.18606701940035,False,False,67.70833333333333,False,False,29.977954144620814,False,9.58,False
2017-07-21,72.28835978835978,False,False,64.43452380952381,False,False,28.32451499118166,False,9.36,False
2017-07-24,64.70458553791886,False,False,64.28571428571429,False,False,31.966490299823633,False,9.43,False
2017-07-25,55.04850088183421,False,False,57.291666666666664,False,False,22.830687830687832,False,9.43,False
2017-07-26,59.39153439153439,False,False,48.01587301587302,False,False,27.605820105820104,False,9.6,False
2017-07-27,71.41657848324513,False,False,57.44047619047619,False,False,25.330687830687832,False,10.11,False
2017-07-28,65.57283950617284,False,False,45.932539682539684,False,False,25.626102292768962,False,10.29,False
2017-07-31,57.625573192239855,False,False,46.92460317460318,False,False,23.377425044091712,False,10.26,False
2017-08-01,51.20070546737213,False,False,42.361111111111114,False,False,24.889770723104053,False,10.09,False
2017-08-02,71.88906525573191,False,False,49.801587301587304,False,False,24.62081128747795,False,10.28,False
2017-08-03,54.31710758377425,False,False,31.25,False,False,28.659611992945326,False,10.44,False
2017-08-04,69.76384479717814,False,False,52.08333333333333,False,False,27.0326278659612,False,10.03,False
2017-08-07,63.93298059964727,False,False,48.611111111111114,False,False,31.371252204585545,False,9.93,False
2017-08-08,71.81693121693121,False,False,43.551587301587304,False,False,33.813932980599645,False,10.96,False
2017-08-09,65.54356261022929,False,False,31.54761904761905,False,False,34.86772486772487,False,11.11,False
2017-08-10,67.45114638447973,False,False,31.54761904761905,False,False,48.611111111111114,False,16.04,False
2017-08-11,69.09823633156967,False,False,31.8452380952381,False,False,47.31481481481482,False,15.51,False
2017-08-14,67.31851851851852,False,False,36.904761904761905,False,False,45.13227513227513,False,12.33,False
2017-08-15,66.22980599647266,False,False,42.85714285714286,False,False,47.40299823633157,False,12.04,False
2017-08-16,62.57283950617284,False,False,39.08730158730159,False,False,46.94444444444445,False,11.74,False
2017-08-17,54.12874779541446,False,False,24.107142857142854,False,False,58.086419753086425,False,15.55,False
2017-08-18,43.87777777777777,False,False,16.865079365079367,False,False,58.73456790123456,False,14.26,False
2017-08-21,55.53844797178131,False,False,27.380952380952383,False,False,59.92504409171075,False,13.19,False
2017-08-22,48.45590828924163,False,False,27.38095238095238,False,False,55.38800705467372,False,11.35,False
2017-08-23,56.25220458553792,False,False,34.12698412698413,False,False,58.968253968253975,False,12.25,False
2017-08-24,54.24620811287477,False,False,25.992063492063487,False,False,58.880070546737215,False,12.23,False
2017-08-25,61.56278659611993,False,False,29.811507936507937,False,False,56.27865961199294,False,11.28,False
2017-08-28,60.19559082892416,False,False,24.503968253968253,False,False,57.19576719576719,False,11.32,False
2017-08-29,66.23280423280424,False,False,26.78571428571429,False,False,57.71164021164021,False,11.7,False
2017-08-30,60.461022927689584,False,False,28.819444444444443,False,False,57.967372134038804,False,11.22,False
2017-08-31,52.607231040564365,False,False,29.960317460317455,False,False,52.8615520282187,False,10.59,False
2017-09-01,54.99223985890652,False,False,43.948412698412696,False,False,48.63756613756613,False,10.13,False
2017-09-05,62.40317460317459,False,False,42.55952380952381,False,False,57.70282186948854,False,12.23,False
2017-09-06,41.06807760141093,False,False,26.38888888888889,False,False,51.44620811287478,False,11.63,False
2017-09-07,46.13932980599648,False,False,27.876984126984123,False,False,54.88977072310405,False,11.55,False
2017-09-08,46.71851851851852,False,False,28.67063492063492,False,False,52.44268077601411,False,12.12,False
2017-09-11,51.19506172839505,False,False,44.5436507936508,False,False,46.666666666666664,False,10.73,False
2017-09-12,69.68183421516754,False,False,65.17857142857142,False,False,39.695767195767196,False,10.58,False
2017-09-13,59.78395061728395,False,False,54.56349206349207,False,False,41.8915343915344,False,10.5,False
2017-09-14,45.2121693121693,False,False,42.757936507936506,False,False,42.47795414462081,False,10.44,False
2017-09-15,56.18236331569665,False,False,59.573412698412696,False,False,36.208112874779545,False,10.17,False
2017-09-18,68.02116402116401,False,False,65.27777777777779,False,False,36.56966490299824,False,10.15,False
2017-09-19,48.27883597883598,False,False,50.7936507936508,False,False,36.574074074074076,False,10.18,False
2017-09-20,64.96913580246914,False,False,68.45238095238095,False,False,40.18077601410935,False,9.78,False
2017-09-21,68.62874779541445,False,False,56.69642857142857,False,False,39.25485008818342,False,9.67,False
2017-09-22,62.41181657848324,False,False,47.420634920634924,False,False,40.23809523809524,False,9.59,False
2017-09-25,68.83633156966489,False,False,48.11507936507936,False,False,35.59964726631393,False,10.21,False
2017-09-26,73.31199294532628,False,False,50.54563492063492,False,False,33.24955908289241,False,10.17,False
2017-09-27,63.977072310405646,False,False,52.38095238095239,False,False,31.133156966490294,False,9.87,False
2017-09-28,50.13227513227513,False,False,45.833333333333336,False,False,32.407407407407405,False,9.55,False
2017-09-29,56.15079365079365,False,False,56.15079365079365,False,False,29.444444444444443,False,9.51,False
2017-10-02,52.02821869488536,False,False,61.40873015873016,False,False,29.74867724867725,False,9.45,False
2017-10-03,50.26455026455026,False,False,63.29365079365079,False,False,26.65784832451499,False,9.51,False
2017-10-04,44.70899470899471,False,False,54.86111111111111,False,False,24.757495590828924,False,9.63,False
2017-10-05,45.94356261022927,False,False,53.96825396825396,False,False,22.92328042328042,False,9.19,False
2017-10-06,45.08377425044091,False,False,52.82738095238095,False,False,27.17372134038801,False,9.65,False
2017-10-09,54.43932980599647,False,False,55.50595238095238,False,False,34.347442680776005,False,10.33,False
2017-10-10,66.42345679012345,False,False,71.72619047619048,False,False,32.15608465608466,False,10.08,False
2017-10-11,56.50352733686066,False,False,68.9484126984127,False,False,29.94708994708995,False,9.85,False
2017-10-12,64.74867724867724,False,False,70.23809523809524,False,False,33.62433862433863,False,9.91,False
2017-10-13,66.64462081128748,False,False,63.392857142857146,False,False,33.880070546737215,False,9.61,False
2017-10-16,70.32627865961199,False,False,73.80952380952381,False,False,34.56349206349206,False,9.91,False
2017-10-17,67.04973544973545,False,False,60.51587301587301,False,False,26.525573192239857,False,10.31,False
2017-10-18,78.80229276895943,False,False,71.72619047619048,False,False,31.133156966490294,False,10.07,False
2017-10-19,74.48148148148147,False,False,70.03968253968253,False,False,31.746031746031747,False,10.05,False
2017-10-20,69.88536155202821,False,False,81.74603174603175,False,False,26.34920634920635,False,9.97,False
2017-10-23,55.44691358024691,False,False,62.202380952380956,False,False,33.835978835978835,False,11.07,False
2017-10-24,45.69082892416226,False,False,65.07936507936508,False,False,33.53174603174603,False,11.16,False
2017-10-25,48.28059964726632,False,False,51.19047619047619,False,False,37.75132275132275,False,11.23,False
2017-10-26,37.99559082892416,False,False,49.454365079365076,False,False,37.50000000000001,False,11.3,False
2017-10-27,69.06966490299824,False,False,77.38095238095238,False,False,36.785714285714285,False,9.8,False
2017-10-30,67.47795414462081,False,False,65.22817460317461,False,False,39.12698412698413,False,10.5,False
2017-10-31,60.95520282186948,False,False,66.56746031746032,False,False,36.41534391534392,False,10.18,False
2017-11-01,67.96560846560847,False,False,57.638888888888886,False,False,32.31922398589065,False,10.2,False
2017-11-02,78.04232804232804,False,False,68.5515873015873,False,False,40.19400352733686,False,9.93,False
2017-11-03,88.6463844797178,False,False,79.06746031746032,False,False,36.358024691358025,False,9.14,False
2017-11-06,80.62169312169311,False,True,77.97619047619048,False,False,36.06261022927689,False,9.4,False
2017-11-07,80.90828924162257,False,True,64.28571428571428,False,False,34.739858906525576,False,9.89,False
2017-11-08,71.64902998236332,False,False,55.605158730158735,False,False,36.208112874779545,False,9.78,False
2017-11-09,83.83597883597884,False,False,58.432539682539684,False,False,38.505291005291014,False,10.5,False
2017-11-10,75.02169312169312,False,False,64.18650793650794,False,False,39.39594356261023,False,11.29,False
2017-11-13,62.08994708994709,False,False,52.38095238095238,False,False,39.77513227513227,False,11.5,False
2017-11-14,56.23597883597883,False,False,41.36904761904762,False,False,41.741622574955905,False,11.59,False
2017-11-15,59.13245149911817,False,False,39.8313492063492,False,False,43.84479717813051,False,13.13,False
2017-11-16,51.197001763668425,False,False,45.78373015873016,False,False,39.25925925925926,False,11.76,False
2017-11-17,55.355555555555554,False,False,61.11111111111111,False,False,33.14373897707231,False,11.43,False
2017-11-20,47.16137566137567,False,False,70.2876984126984,False,False,40.573192239858905,False,10.65,False
2017-11-21,53.48324514991181,False,False,74.0079365079365,False,False,36.988536155202816,False,9.73,False
2017-11-22,66.84303350970018,False,False,80.50595238095238,False,False,33.029100529100525,False,9.88,False
2017-11-24,76.47707231040563,False,False,86.11111111111111,False,False,33.45679012345679,False,9.67,False
2017-11-27,78.28483245149913,False,False,80.95238095238096,False,False,33.9726631393298,False,9.87,False
2017-11-28,69.71975308641974,False,False,78.37301587301587,False,False,28.456790123456788,False,10.03,False
2017-11-29,82.86419753086419,False,False,88.29365079365078,False,False,28.306878306878307,False,10.7,False
2017-11-30,66.96402116402116,False,False,78.17460317460318,False,False,23.07319223985891,False,11.28,False
2017-12-01,72.17654320987654,False,False,79.6626984126984,False,False,24.409171075837744,False,11.43,False
2017-12-04,71.28148148148148,False,False,81.59722222222223,False,False,25.815696649029984,False,11.68,False
2017-12-05,74.77883597883599,False,False,70.53571428571429,False,False,27.738095238095237,False,11.33,False
2017-12-06,63.35079365079364,False,False,57.83730158730158,False,False,27.870370370370367,False,11.02,False
2017-12-07,67.41481481481482,False,False,72.42063492063491,False,False,25.31746031746032,False,10.16,False
2017-12-08,60.736331569664905,False,False,79.56349206349206,False,False,22.852733686067022,False,9.58,False
2017-12-11,59.1710758377425,False,False,81.69642857142857,False,False,22.623456790123456,False,9.34,False
2017-12-12,52.42504409171075,False,False,73.61111111111111,False,False,19.45767195767196,False,9.92,False
2017-12-13,58.66243386243386,False,False,77.9265873015873,False,False,19.052028218694886,False,10.18,False
2017-12-14,54.658377425044094,False,False,61.11111111111111,False,False,23.18342151675485,False,10.49,False
2017-12-15,62.23544973544973,False,False,77.57936507936509,False,False,17.142857142857142,False,9.42,False
2017-12-18,65.34391534391534,False,False,87.40079365079364,False,False,21.278659611992946,False,9.53,False
2017-12-19,63.94373897707232,False,False,83.03571428571429,False,False,24.228395061728396,False,10.03,False
2017-12-20,58.66402116402116,False,False,73.80952380952381,False,False,25.687830687830694,False,9.72,False
2017-12-21,54.27689594356261,False,False,67.26190476190476,False,False,23.284832451499117,False,9.62,False
2017-12-22,63.99911816578483,False,False,68.9484126984127,False,False,19.171075837742503,False,9.9,False
2017-12-26,78.29365079365078,False,False,79.96031746031747,False,False,21.794532627865962,False,10.25,False
2017-12-27,65.06419753086419,False,False,74.60317460317461,False,False,16.86067019400353,False,10.47,False
2017-12-28,55.73033509700176,False,False,68.40277777777777,False,False,15.555555555555557,False,10.18,False
2017-12-29,64.18835978835978,False,False,65.72420634920636,False,False,15.921516754850089,False,11.04,False
2018-01-02,55.24691358024692,False,False,64.8313492063492,False,False,17.539682539682538,False,9.77,False
2018-01-03,75.52910052910053,False,False,89.58333333333333,False,False,16.78130511463845,False,9.15,False
2018-01-04,73.01587301587301,False,False,87.54960317460318,False,False,19.43121693121693,False,9.22,False
2018-01-05,61.13315696649029,False,False,80.2579365079365,False,False,13.5978835978836,False,9.22,False
2018-01-08,68.29805996472662,False,False,86.11111111111111,False,False,11.20811287477954,False,9.52,False
2018-01-09,69.88465608465607,False,False,83.3829365079365,False,False,16.803350970017636,False,10.08,False
2018-01-10,79.07848324514991,False,False,87.10317460317461,False,False,19.616402116402117,False,9.82,False
2018-01-11,66.26984126984128,False,False,74.0079365079365,False,False,20.251322751322753,False,9.88,False
2018-01-12,77.95273368606703,False,False,76.14087301587301,False,False,19.951499118165785,False,10.16,False
2018-01-16,80.23227513227513,False,False,75.44642857142856,False,False,20.886243386243386,False,11.66,False
2018-01-17,87.36190476190475,False,True,90.57539682539682,False,False,13.289241622574954,False,11.91,False
2018-01-18,77.2731922398589,False,True,86.06150793650794,False,False,19.585537918871253,False,12.22,False
2018-01-19,71.25202821869487,False,False,88.4920634920635,False,False,17.12962962962963,False,11.27,False
2018-01-22,64.11128747795415,False,False,79.46428571428571,False,False,14.854497354497354,False,11.03,False
2018-01-23,63.63668430335097,False,False,78.27380952380952,False,False,9.589947089947088,False,11.1,False
2018-01-24,72.81552028218694,False,False,85.86309523809523,False,False,11.926807760141093,False,11.47,False
2018-01-25,75.95608465608466,False,False,85.96230158730158,False,False,14.84126984126984,False,11.58,False
2018-01-26,86.96137566137564,False,False,92.85714285714285,False,False,13.972663139329805,False,11.08,False
2018-01-29,87.24567901234568,False,False,86.9047619047619,False,False,18.597883597883598,False,13.84,False
2018-01-30,79.73068783068784,False,True,71.23015873015873,False,False,24.365079365079364,False,14.79,False
2018-01-31,67.91410934744269,False,False,55.8531746031746,False,False,18.703703703703702,False,13.54,False
2018-02-01,71.84991181657848,False,False,58.035714285714285,False,False,26.252204585537925,False,13.47,False
2018-02-02,80.54620811287478,False,False,62.10317460317461,False,False,37.64109347442681,False,17.31,False
2018-02-05,62.20317460317459,False,False,47.817460317460316,False,False,59.97354497354497,False,37.32,False
2018-02-06,60.3726631393298,False,False,54.46428571428572,False,False,52.17372134038802,False,29.98,False
2018-02-07,58.77874779541446,False,False,52.976190476190474,False,False,55.3615520282187,False,27.73,False
2018-02-08,44.396119929453256,False,False,40.77380952380952,False,False,67.44268077601411,False,33.46,False
2018-02-09,54.53456790123456,False,False,49.801587301587304,False,False,61.525573192239854,False,29.06,False
2018-02-12,57.37716049382715,False,False,48.41269841269841,False,False,56.82980599647266,False,25.61,False
2018-02-13,55.55017636684303,False,False,46.329365079365076,False,False,56.560846560846564,False,24.97,False
2018-02-14,65.3283950617284,False,False,56.150793650793645,False,False,51.70194003527337,False,19.26,False
2018-02-15,76.82645502645502,False,False,70.63492063492063,False,False,39.810405643738974,False,19.13,False
2018-02-16,73.81428571428572,False,False,63.888888888888886,False,False,42.95855379188712,False,19.46,False
2018-02-20,82.86772486772487,False,False,68.94841269841271,False,False,45.895061728395056,False,20.6,False
2018-02-21,78.36190476190475,False,False,59.623015873015866,False,False,55.947971781305114,False,20.02,False
2018-02-22,70.75643738977072,False,False,45.932539682539684,False,False,55.06613756613757,False,18.72,False
2018-02-23,81.8320987654321,False,False,75.0,False,False,44.2283950617284,False,16.49,False
2018-02-26,84.6931216931217,False,False,88.39285714285714,False,False,45.47619047619048,False,15.8,False
2018-02-27,77.11781305114638,False,False,73.80952380952381,False,False,57.7689594356261,False,18.59,False
2018-02-28,74.3068783068783,False,False,65.17857142857143,False,False,63.62433862433863,False,19.85,False
2018-03-01,76.9126102292769,False,False,51.19047619047619,False,False,67.88800705467371,False,22.47,False
2018-03-02,80.92292768959435,False,False,63.19444444444444,False,False,66.97971781305114,False,19.59,False
2018-03-05,71.86966490299824,False,False,65.47619047619047,False,False,56.080246913580254,False,18.73,False
2018-03-06,78.65202821869488,False,False,77.08333333333333,False,False,56.278659611992936,False,18.36,False
2018-03-07,77.70934744268077,False,False,75.0,False,False,59.7310405643739,False,17.76,False
2018-03-08,67.75537918871252,False,False,69.94047619047619,False,False,58.43915343915344,False,16.54,False
2018-03-09,85.69541446208113,False,False,93.05555555555556,False,False,46.432980599647266,False,14.64,False
2018-03-12,90.51340388007053,False,False,95.93253968253968,False,False,48.478835978835974,False,15.78,False
2018-03-13,89.70370370370371,True,True,90.77380952380952,False,False,49.74426807760142,False,16.35,False
2018-03-14,82.22239858906525,True,True,76.19047619047619,False,False,56.186067019400355,False,17.23,False
2018-03-15,72.1089947089947,False,False,68.65079365079364,False,False,58.65961199294532,False,16.59,False
2018-03-16,60.50881834215168,False,False,67.26190476190476,False,False,57.31481481481482,False,15.8,False
2018-03-19,77.89664902998236,False,False,72.51984126984127,False,False,64.60317460317461,False,19.02,False
2018-03-20,77.33068783068784,False,False,71.32936507936509,False,False,64.90299823633157,False,18.2,False
2018-03-21,75.98888888888888,False,False,72.22222222222223,False,False,66.00088183421516,False,17.86,False
2018-03-22,66.19999999999999,False,False,46.329365079365076,False,False,75.5246913580247,False,23.34,False
2018-03-23,71.34647266313932,False,False,48.75992063492063,False,False,80.70105820105819,False,24.87,False
2018-03-26,73.61208112874779,False,False,59.02777777777777,False,False,75.72751322751323,False,21.03,False
2018-03-27,71.64902998236332,False,False,57.539682539682545,False,False,79.40476190476191,True,22.5,False
2018-03-28,69.34911816578483,False,False,47.817460317460316,False,False,80.12345679012346,False,22.87,False
2018-03-29,70.42574955908289,False,False,55.95238095238095,False,False,70.04850088183422,False,19.97,False
2018-04-02,66.1326278659612,False,False,43.84920634920635,False,False,83.12610229276896,False,23.62,False
2018-04-03,65.21781305114638,False,False,48.611111111111114,False,False,75.13668430335098,False,21.1,False
2018-04-04,65.09012345679011,False,False,59.02777777777778,False,False,74.1490299823633,False,20.06,False
2018-04-05,72.93703703703703,False,False,68.84920634920636,False,False,71.26543209876543,False,18.94,False
2018-04-06,65.06728395061728,False,False,46.72619047619048,False,False,83.8888888888889,False,21.49,False
2018-04-09,60.59074074074074,False,False,43.35317460317461,False,False,84.99559082892415,False,21.77,False
2018-04-10,65.08280423280424,False,False,49.404761904761905,False,False,80.18959435626103,False,20.47,False
2018-04-11,60.51481481481482,False,False,44.3452380952381,False,False,81.6490299823633,False,20.24,False
2018-04-12,64.1116402116402,False,False,58.73015873015873,False,False,79.40035273368606,False,18.49,False
2018-04-13,77.17231040564374,False,False,62.5,False,False,78.1305114638448,False,17.41,False
2018-04-16,59.22345679012346,False,False,50.992063492063494,False,False,74.72663139329806,False,16.56,False
2018-04-17,70.00440917107584,False,False,74.70238095238095,False,False,70.72310405643739,False,15.25,False
2018-04-18,66.94797178130511,False,False,77.18253968253968,False,False,73.05114638447972,False,15.6,False
2018-04-19,72.34603174603174,False,False,75.69444444444444,False,False,81.30511463844798,False,15.96,False
2018-04-20,73.99135802469137,False,False,67.31150793650794,False,False,83.20546737213404,False,16.88,False
2018-04-23,65.48641975308641,False,False,60.51587301587301,False,False,82.56613756613757,False,16.34,False
2018-04-24,59.51922398589064,False,False,40.87301587301587,False,False,85.4673721340388,False,18.02,False
2018-04-25,57.31622574955908,False,False,39.43452380952381,False,False,83.76984126984127,False,17.84,False
2018-04-26,69.30123456790123,False,False,61.30952380952381,False,False,82.31040564373897,False,16.24,False
2018-04-27,80.93774250440917,False,False,70.68452380952381,False,False,82.03703703703705,False,15.41,False
2018-04-30,62.48077601410935,False,False,52.48015873015873,False,False,83.10405643738977,False,15.93,False
2018-05-01,62.66102292768959,False,False,46.974206349206355,False,False,82.53527336860672,False,15.49,False
2018-05-02,62.37019400352734,False,False,43.948412698412696,False,False,84.28571428571429,False,15.97,False
2018-05-03,62.82275132275132,False,False,42.70833333333333,False,False,84.86331569664902,False,15.9,False
2018-05-04,74.32962962962962,False,False,57.242063492063494,False,False,72.32804232804233,False,14.77,False
2018-05-07,71.55202821869489,False,False,66.17063492063491,False,False,74.28571428571429,False,14.75,False
2018-05-08,58.76578483245149,False,False,50.89285714285714,False,False,77.58818342151676,False,14.71,False
2018-05-09,57.729982363315685,False,False,52.182539682539684,False,False,73.89329805996472,False,13.42,False
2018-05-10,76.23915343915343,False,False,66.26984126984127,False,False,63.095238095238095,False,13.23,False
2018-05-11,78.02998236331568,False,False,75.0,False,False,63.23192239858906,False,12.65,False
2018-05-14,70.73033509700177,False,False,73.51190476190476,False,False,62.70723104056438,False,12.93,False
2018-05-15,78.29911816578482,False,False,73.31349206349205,False,False,70.67901234567901,False,14.63,False
2018-05-16,67.38606701940036,False,False,72.51984126984127,False,False,68.28483245149913,False,13.42,False
2018-05-17,61.62098765432098,False,False,61.557539682539684,False,False,67.0546737213404,False,13.43,False
2018-05-18,68.70881834215167,False,False,65.0297619047619,False,False,68.65079365079366,False,13.42,False
2018-05-21,72.65802469135802,False,False,80.80357142857143,False,False,63.055555555555564,False,13.08,False
2018-05-22,71.64268077601412,False,False,74.45436507936509,False,False,62.15608465608466,False,13.22,False
2018-05-23,65.60776014109346,False,False,59.920634920634924,False,False,61.684303350970026,False,12.58,False
2018-05-24,73.9084656084656,False,False,68.94841269841271,False,False,62.25308641975309,False,12.53,False
2018-05-25,66.39576719576719,False,False,65.67460317460318,False,False,62.51322751322751,False,13.22,False
2018-05-29,69.80141093474427,False,False,59.920634920634924,False,False,72.6410934744268,False,17.02,False
2018-05-30,61.57460317460318,False,False,68.84920634920636,False,False,67.09435626102292,False,14.94,False
2018-05-31,50.18359788359788,False,False,47.22222222222222,False,False,72.2310405643739,False,15.43,False
2018-06-01,67.89276895943561,False,False,70.33730158730158,False,False,65.59523809523809,False,13.46,False
2018-06-04,70.69894179894179,False,False,72.12301587301587,False,False,65.85537918871252,False,12.74,False
2018-06-05,73.21516754850089,False,False,70.63492063492063,False,False,68.668430335097,False,12.4,False
2018-06-06,77.91763668430335,False,False,79.01785714285714,False,False,64.74867724867725,False,11.64,False
2018-06-07,77.28500881834213,False,False,72.22222222222223,False,False,58.02469135802469,False,12.13,False
2018-06-08,72.77619047619048,False,False,86.90476190476193,False,False,56.31834215167549,False,12.18,False
2018-06-11,56.07495590828925,False,False,78.67063492063492,False,False,61.468253968253975,False,12.35,False
2018-06-12,56.06402116402116,False,False,75.69444444444444,False,False,56.569664902998234,False,12.34,False
2018-06-13,61.96701940035273,False,False,69.54365079365078,False,False,56.90035273368608,False,12.94,False
2018-06-14,58.57918871252205,False,False,69.44444444444446,False,False,54.86772486772487,False,12.12,False
2018-06-15,55.97901234567901,False,False,66.56746031746032,False,False,55.0705467372134,False,11.98,False
2018-06-18,57.35396825396825,False,False,65.22817460317461,False,False,61.85185185185185,False,12.31,False
2018-06-19,62.45943562610229,False,False,61.30952380952381,False,False,64.11816578483244,False,13.35,False
2018-06-20,71.74567901234569,False,False,66.2202380952381,False,False,64.19753086419753,False,12.79,False
2018-06-21,70.59400352733685,False,False,57.53968253968254,False,False,67.31040564373897,False,14.64,False
2018-06-22,61.0668430335097,False,False,48.908730158730165,False,False,60.08818342151676,False,13.77,False
2018-06-25,73.4031746031746,False,False,51.339285714285715,False,False,72.82186948853615,False,17.33,False
2018-06-26,60.94867724867725,False,False,38.789682539682545,False,False,69.66931216931216,False,15.92,False
2018-06-27,56.86366843033508,False,False,27.28174603174603,False,False,71.13756613756614,False,17.91,False
2018-06-28,55.285714285714285,False,False,32.53968253968254,False,False,69.59876543209877,False,16.85,False
2018-06-29,50.24391534391534,False,False,33.33333333333333,False,False,68.7962962962963,False,16.09,False
2018-07-02,68.73368606701939,False,False,50.942460317460316,False,False,69.08289241622575,False,15.6,False
2018-07-03,69.01552028218694,False,False,50.3968253968254,False,False,69.92504409171075,False,16.14,False
2018-07-05,60.02010582010582,False,False,34.02777777777777,False,False,63.28483245149911,False,14.97,False
2018-07-06,54.368430335097,False,False,29.66269841269841,False,False,62.34126984126984,False,13.37,False
2018-07-09,57.70335097001763,False,False,60.11904761904762,False,False,58.465608465608476,False,12.69,False
2018-07-10,57.648677248677245,False,False,56.547619047619044,False,False,57.48236331569665,False,12.64,False
2018-07-11,56.284126984126985,False,False,39.8313492063492,False,False,60.485008818342145,False,13.63,False
2018-07-12,82.20828924162258,False,False,77.08333333333333,False,False,63.395061728395056,False,12.58,False
2018-07-13,80.20564373897707,False,False,75.39682539682539,False,False,63.19664902998236,False,12.18,False
2018-07-16,69.32028218694884,False,False,61.35912698412699,False,False,62.6058201058201,False,12.83,False
2018-07-17,86.33544973544973,False,False,82.93650793650794,False,False,60.17636684303351,False,12.06,False
2018-07-18,68.3236331569665,False,False,66.6170634920635,False,False,57.27072310405644,False,12.1,False
2018-07-19,63.52186948853616,False,False,64.78174603174604,False,False,60.903880070546734,False,12.87,False
2018-07-20,67.83192239858906,False,False,62.20238095238095,False,False,65.95238095238095,False,12.86,False
2018-07-23,67.26084656084656,False,False,62.3015873015873,False,False,63.932980599647266,False,12.62,False
2018-07-24,65.17936507936508,False,False,53.17460317460317,False,False,58.41269841269841,False,12.41,False
2018-07-25,72.63192239858905,False,False,68.1547619047619,False,False,52.94091710758377,False,12.29,False
2018-07-26,85.563139329806,False,False,91.2202380952381,False,False,54.10493827160494,False,12.14,False
2018-07-27,86.22768959435626,False,False,69.04761904761904,False,False,52.01499118165785,False,13.03,False
2018-07-30,80.03298059964725,False,True,54.067460317460316,False,False,56.141975308641975,False,14.26,False
2018-07-31,61.03104056437389,False,False,39.78174603174603,False,False,53.69488536155203,False,12.83,False
2018-08-01,74.56437389770723,False,False,48.46230158730159,False,False,52.04585537918871,False,13.15,False
2018-08-02,75.21216931216931,False,False,62.10317460317461,False,False,51.46825396825397,False,12.19,False
2018-08-03,65.59400352733685,False,False,65.07936507936508,False,False,48.36860670194003,False,11.64,False
2018-08-06,67.17354497354498,False,False,65.97222222222221,False,False,44.038800705467374,False,11.27,False
2018-08-07,81.06543209876543,False,False,80.15873015873015,False,False,43.92857142857142,False,10.93,False
2018-08-08,84.96825396825396,False,False,76.5873015873016,False,False,47.03703703703704,False,10.85,False
2018-08-09,87.76437389770723,False,True,76.5376984126984,False,False,50.33068783068784,False,11.27,False
2018-08-10,78.67583774250441,False,True,53.76984126984127,False,False,53.738977072310405,False,13.16,False
2018-08-13,79.16860670194004,False,True,57.68849206349206,False,False,54.470899470899475,False,14.78,False
2018-08-14,78.42098765432097,False,True,65.0297619047619,False,False,51.25661375661375,False,13.31,False
2018-08-15,75.42204585537918,False,False,49.30555555555556,False,False,57.24867724867725,False,14.64,False
2018-08-16,71.76190476190476,False,False,63.095238095238095,False,False,52.01940035273369,False,13.45,False
2018-08-17,79.69453262786597,False,False,69.34523809523809,False,False,47.70282186948854,False,12.64,False
2018-08-20,79.00141093474426,False,False,75.44642857142857,False,False,46.08465608465608,False,12.49,False
2018-08-21,68.97830687830688,False,False,68.45238095238095,False,False,41.4594356261023,False,12.86,False
2018-08-22,78.45238095238095,False,False,75.84325396825398,False,False,43.62433862433863,False,12.25,False
2018-08-23,81.84603174603174,False,False,64.03769841269842,False,False,48.544973544973544,False,12.41,False
2018-08-24,81.82768959435626,False,True,73.36309523809523,False,False,46.36243386243385,False,11.99,False
2018-08-27,86.6652557319224,True,True,89.98015873015873,False,False,38.32010582010582,False,12.16,False
2018-08-28,83.79629629629628,True,True,87.79761904761905,False,False,38.69488536155203,False,12.5,False
2018-08-29,84.05202821869489,True,True,84.32539682539684,False,False,38.25396825396825,False,12.25,False
2018-08-30,84.5257495590829,True,True,81.05158730158729,False,False,45.573192239858905,False,13.53,False
2018-08-31,79.29576719576718,False,True,67.21230158730158,False,False,46.230158730158735,False,12.86,False
2018-09-04,78.83015873015873,False,True,71.6765873015873,False,False,49.26807760141094,False,13.16,False
2018-09-05,74.73403880070546,False,False,65.07936507936509,False,False,48.81834215167549,False,13.91,False
2018-09-06,74.06613756613756,False,False,60.76388888888889,False,False,51.94885361552028,False,14.65,False
2018-09-07,69.00458553791887,False,False,53.968253968253975,False,False,53.14373897707231,False,14.88,False
2018-09-10,69.62821869488536,False,False,65.57539682539682,False,False,52.24426807760141,False,14.16,False
2018-09-11,72.12768959435626,False,False,70.98214285714285,False,False,51.14638447971782,False,13.22,False
2018-09-12,72.54726631393298,False,False,65.32738095238095,False,False,47.4074074074074,False,13.14,False
2018-09-13,74.042151675485,False,False,72.61904761904762,False,False,39.9647266313933,False,12.37,False
2018-09-14,78.12328042328042,False,False,81.20039682539682,False,False,40.736331569664905,False,12.07,False
2018-09-17,76.4005291005291,False,False,58.13492063492064,False,False,41.31834215167549,False,13.68,False
2018-09-18,71.06225749559083,False,False,58.382936507936506,False,False,35.273368606701936,False,12.79,False
2018-09-19,61.92239858906525,False,False,52.28174603174603,False,False,34.47089947089947,False,11.75,False
2018-09-20,61.42592592592592,False,False,58.63095238095238,False,False,30.423280423280428,False,11.8,False
2018-09-21,59.553086419753086,False,False,64.23611111111111,False,False,33.09082892416226,False,11.68,False
2018-09-24,55.99911816578484,False,False,55.10912698412698,False,False,41.358024691358025,False,12.2,False
2018-09-25,57.43015873015874,False,False,63.442460317460316,False,False,44.082892416225754,False,12.42,False
2018-09-26,48.35414462081128,False,False,38.095238095238095,False,False,44.81922398589065,False,12.89,False
2018-09-27,61.89453262786596,False,False,50.7936507936508,False,False,43.27601410934744,False,12.41,False
2018-09-28,65.5015873015873,False,False,48.01587301587302,False,False,45.04850088183422,False,12.12,False
2018-10-01,66.56084656084656,False,False,60.41666666666667,False,False,42.945326278659614,False,12.0,False
2018-10-02,65.95414462081129,False,False,47.91666666666667,False,False,42.56172839506173,False,12.05,False
2018-10-03,65.605291005291,False,False,53.17460317460318,False,False,43.30246913580246,False,11.61,False
2018-10-04,69.38518518518518,False,False,57.29166666666667,False,False,47.55731922398589,False,14.22,False
2018-10-05,72.11358024691357,False,False,46.62698412698413,False,False,51.78130511463845,False,14.82,False
2018-10-08,63.14426807760142,False,False,43.551587301587304,False,False,51.261022927689595,False,15.69,False
2018-10-09,53.37566137566138,False,False,43.25396825396825,False,False,51.91358024691359,False,15.95,False
2018-10-10,54.61657848324516,False,False,32.44047619047619,False,False,70.00881834215168,False,22.96,False
2018-10-11,46.72627865961199,False,False,23.11507936507936,False,False,76.59171075837743,False,24.98,False
2018-10-12,48.7210758377425,False,False,25.29761904761905,False,False,73.84038800705467,True,21.31,False
2018-10-15,46.213403880070544,False,False,22.619047619047617,False,False,74.71340388007054,False,21.3,False
2018-10-16,50.32962962962962,False,False,25.694444444444443,False,False,68.94620811287479,False,17.62,False
2018-10-17,47.15696649029982,False,False,20.634920634920633,False,False,71.49911816578484,False,17.4,False
2018-10-18,38.128042328042326,False,False,16.765873015873016,False,False,76.44179894179894,False,20.06,False
2018-10-19,35.792416225749555,False,False,17.361111111111107,False,False,77.15608465608466,False,19.89,False
2018-10-22,35.40881834215167,False,False,16.369047619047617,False,False,77.39417989417989,False,19.64,False
2018-10-23,46.07821869488536,False,False,22.023809523809526,False,False,78.13492063492065,False,20.71,False
2018-10-24,41.40661375661375,False,False,14.484126984126982,False,False,82.89682539682538,False,25.23,False
2018-10-25,50.78606701940035,False,False,25.099206349206344,False,False,81.02733686067019,False,24.22,False
2018-10-26,55.07425044091711,False,False,22.619047619047617,False,False,83.8095238095238,False,24.16,False
2018-10-29,52.45943562610229,False,False,22.123015873015873,False,False,84.70017636684302,False,24.7,False
2018-10-30,41.89991181657848,False,False,14.484126984126982,False,False,83.51851851851852,False,23.35,False
2018-10-31,36.5521164021164,False,False,12.20238095238095,False,False,85.89506172839505,False,21.23,False
2018-11-01,54.39294532627866,False,False,33.92857142857143,False,False,82.49559082892416,False,19.34,False
2018-11-02,57.51093474426807,False,False,35.11904761904762,False,False,86.89594356261023,False,19.51,False
2018-11-05,55.269312169312165,False,False,39.632936507936506,False,False,85.74074074074075,False,19.96,False
2018-11-06,44.6326278659612,False,False,39.980158730158735,False,False,81.3888888888889,False,19.91,False
2018-11-07,52.65555555555556,False,False,51.83531746031746,False,False,81.34038800705467,False,16.36,False
2018-11-08,51.131216931216926,False,False,50.84325396825396,False,False,84.0299823633157,False,16.72,False
2018-11-09,44.71022927689594,False,False,37.698412698412696,False,False,86.25661375661377,False,17.36,False
2018-11-12,53.05687830687831,False,False,31.69642857142857,False,False,90.83333333333333,False,20.45,False
2018-11-13,51.069135802469134,False,False,31.547619047619047,False,False,88.9241622574956,False,20.02,False
2018-11-14,43.463403880070544,False,False,21.329365079365083,False,False,90.65696649029981,False,21.25,False
2018-11-15,49.20652557319224,False,False,37.94642857142858,False,False,87.50440917107584,False,19.98,False
2018-11-16,49.332980599647264,False,False,38.93849206349206,False,False,89.09171075837743,False,18.14,False
2018-11-19,50.87037037037037,False,False,31.001984126984127,False,False,91.77248677248677,False,20.1,False
2018-11-20,52.458201058201055,False,False,28.57142857142857,False,False,93.84479717813052,False,22.48,False
2018-11-21,40.07583774250441,False,False,19.84126984126984,False,False,87.80864197530865,False,20.8,False
2018-11-23,45.87072310405644,False,False,22.718253968253972,False,False,92.20017636684302,False,21.52,False
2018-11-26,49.10582010582011,False,False,29.017857142857142,False,False,82.5,False,18.9,False
2018-11-27,45.9962962962963,False,False,26.438492063492063,False,False,90.37918871252204,False,19.02,False
2018-11-28,53.220987654320986,False,False,46.0813492063492,False,False,83.08641975308642,False,18.49,False
2018-11-29,43.56225749559083,False,False,35.11904761904762,False,False,85.45414462081129,False,18.79,False
2018-11-30,27.54126984126984,False,False,30.257936507936506,False,False,86.26543209876543,False,18.07,False
2018-12-03,43.37354497354497,False,False,54.36507936507937,False,False,79.46649029982363,False,16.44,False
2018-12-04,33.826102292768965,False,False,16.46825396825397,False,False,92.96296296296295,False,20.74,False
2018-12-06,34.14929453262786,False,False,16.17063492063492,False,False,93.35978835978835,False,21.19,False
2018-12-07,42.31931216931217,False,False,19.84126984126984,False,False,94.95590828924162,False,23.23,False
2018-12-10,45.6673721340388,False,False,19.59325396825397,False,False,94.95590828924162,False,22.64,False
2018-12-11,41.92345679012345,False,False,19.642857142857142,False,False,94.98236331569665,False,21.76,False
2018-12-12,38.56278659611993,False,False,16.369047619047617,False,False,93.51410934744268,False,21.46,False
2018-12-13,35.11067019400353,False,False,11.408730158730158,False,False,93.95943562610229,False,20.65,False
2018-12-14,39.43835978835978,False,False,6.944444444444443,False,False,95.45855379188713,False,21.63,False
2018-12-17,38.80282186948854,False,False,9.92063492063492,False,False,96.7283950617284,False,24.52,False
2018-12-18,31.291534391534388,False,False,6.547619047619047,False,False,96.59171075837742,False,25.58,False
2018-12-19,36.11957671957671,False,False,9.126984126984127,False,False,97.19576719576719,False,25.58,False
2018-12-20,30.882363315696647,False,False,9.226190476190474,False,False,97.47795414462081,False,28.38,False
2018-12-21,29.083509700176364,False,False,9.325396825396822,True,False,97.97178130511463,False,30.11,False
2018-12-24,38.82354497354497,False,False,15.87301587301587,True,False,98.3509700176367,False,36.07,False
2018-12-26,45.62760141093474,False,False,20.238095238095237,True,False,88.92857142857143,False,30.41,False
2018-12-27,41.75502645502645,False,False,21.031746031746035,False,False,88.86684303350971,False,29.96,False
2018-12-28,49.665608465608464,False,False,22.916666666666668,False,False,88.91975308641975,False,28.34,False
2018-12-31,41.38924162257495,False,False,15.52579365079365,False,False,88.74338624338624,False,25.42,False
2019-01-02,45.34514991181658,False,False,18.154761904761905,False,False,88.77865961199295,False,23.22,False
2019-01-03,50.5436507936508,False,False,18.501984126984127,False,False,98.11287477954143,False,25.45,False
2019-01-04,49.89470899470899,False,False,23.214285714285715,False,False,89.17107583774249,False,21.38,False
2019-01-07,52.04409171075837,False,False,34.32539682539682,False,False,88.91975308641975,False,21.4,False
2019-01-08,53.2221340388007,False,False,40.67460317460318,False,False,89.93386243386244,False,20.47,False
2019-01-09,50.66155202821869,False,False,41.17063492063492,False,False,89.58553791887125,False,19.98,False
2019-01-10,41.51675485008818,False,False,32.34126984126984,False,False,87.7204585537919,False,19.5,False
2019-01-11,46.65396825396825,False,False,37.5,False,False,87.47795414462081,False,18.19,False
2019-01-14,40.49541446208113,False,False,32.44047619047619,False,False,89.41358024691357,False,19.07,False
2019-01-15,42.56084656084656,False,False,31.746031746031743,False,False,88.6816578483245,False,18.6,False
2019-01-16,54.086948853615525,False,False,46.57738095238095,False,False,88.15255731922399,False,19.04,False
2019-01-17,43.072663139329805,False,False,40.277777777777786,False,False,90.1190476190476,False,18.06,False
2019-01-18,40.27513227513227,False,False,36.01190476190476,False,False,84.84126984126983,False,17.8,False
2019-01-22,33.90299823633157,False,False,34.42460317460318,False,False,89.43121693121692,False,20.8,False
2019-01-23,38.95925925925926,False,False,36.507936507936506,False,False,86.25220458553792,False,19.52,False
2019-01-24,47.72804232804232,False,False,45.63492063492063,False,False,84.62962962962963,False,18.89,False
2019-01-25,56.43809523809524,False,False,52.182539682539684,False,False,81.06701940035273,False,17.42,False
2019-01-28,51.10123456790122,False,False,48.01587301587301,False,False,81.5432098765432,False,18.87,False
2019-01-29,46.204761904761895,False,False,38.98809523809524,False,False,81.5432098765432,False,19.13,False
2019-01-30,53.94479717813051,False,False,48.61111111111111,False,False,80.89065255731923,False,17.66,False
2019-01-31,41.28906525573192,False,False,41.07142857142857,False,False,80.24250440917109,False,16.57,False
2019-02-01,52.17248677248677,False,False,56.25,False,False,76.62698412698413,False,16.14,False
2019-02-04,35.60864197530864,False,False,41.964285714285715,False,False,73.81393298059965,False,15.73,False
2019-02-05,39.02716049382716,False,False,44.345238095238095,False,False,72.93650793650794,False,15.57,False
2019-02-06,44.48518518518519,False,False,48.21428571428571,False,False,74.6384479717813,False,15.38,False
2019-02-07,49.73439153439153,False,False,42.460317460317455,False,False,74.20194003527337,False,16.37,False
2019-02-08,47.87724867724868,False,False,36.30952380952381,False,False,74.31216931216932,False,15.72,False
2019-02-11,43.60917107583774,False,False,42.26190476190476,False,False,74.21516754850087,False,15.97,False
2019-02-12,46.17125220458554,False,False,39.632936507936506,False,False,74.28130511463844,False,15.43,False
2019-02-13,43.47971781305114,False,False,41.170634920634924,False,False,71.79894179894178,False,15.65,False
2019-02-14,39.649735449735445,False,False,36.7063492063492,False,False,72.43386243386243,False,16.22,False
2019-02-15,41.3037037037037,False,False,47.420634920634924,False,False,70.02204585537919,False,14.91,False
2019-02-19,37.50105820105819,False,False,51.19047619047619,False,False,69.37389770723104,False,14.88,False
2019-02-20,40.595061728395066,False,False,51.83531746031746,False,False,64.58994708994709,False,14.02,False
2019-02-21,40.50299823633157,False,False,38.19444444444444,False,False,65.8289241622575,False,14.46,False
2019-02-22,44.3363315696649,False,False,49.801587301587304,False,False,67.11199294532626,False,13.51,False
2019-02-25,47.03615520282187,False,False,51.19047619047619,False,False,64.07848324514991,False,14.85,False
2019-02-26,44.27760141093474,False,False,37.20238095238095,False,False,63.62874779541445,False,15.17,False
2019-02-27,51.72222222222221,False,False,45.03968253968254,False,False,67.8615520282187,False,14.7,False
2019-02-28,47.37848324514991,False,False,42.658730158730165,False,False,62.74250440917107,False,14.78,False
2019-03-01,48.85520282186949,False,False,49.801587301587304,False,False,59.55026455026454,False,13.57,False
2019-03-04,51.64567901234567,False,False,47.966269841269835,False,False,62.13403880070547,False,14.63,False
2019-03-05,45.39470899470899,False,False,33.432539682539684,False,False,64.77072310405644,False,14.74,False
2019-03-06,49.66278659611993,False,False,31.349206349206348,False,False,67.87037037037037,False,15.74,False
2019-03-07,46.116931216931214,False,False,18.15476190476191,False,False,70.78483245149911,False,16.59,False
2019-03-08,43.4320987654321,False,False,19.04761904761905,False,False,69.37389770723104,False,16.05,False
2019-03-11,56.91728395061728,False,False,28.273809523809526,False,False,62.9320987654321,False,14.33,False
2019-03-12,59.39135802469135,False,False,39.285714285714285,False,False,62.20458553791887,False,13.77,False
2019-03-13,54.125573192239855,False,False,36.40873015873015,False,False,60.268959435626094,False,13.41,False
2019-03-14,43.90652557319223,False,False,34.12698412698413,False,False,60.445326278659614,False,13.5,False
2019-03-15,39.7453262786596,False,False,34.72222222222222,False,False,58.5273368606702,False,12.88,False
2019-03-18,45.58553791887125,False,False,50.198412698412696,False,False,56.538800705467374,False,13.1,False
2019-03-19,63.39453262786596,False,False,54.66269841269842,False,False,56.98412698412699,False,13.56,False
2019-03-20,55.37777777777778,False,False,31.250000000000004,False,False,60.32186948853615,False,13.91,False
2019-03-21,74.67037037037036,False,False,57.192460317460316,False,False,58.029100529100525,False,13.63,False
2019-03-22,59.92962962962962,False,False,35.01984126984127,False,False,70.6305114638448,False,16.48,False
2019-03-25,61.57336860670194,False,False,33.03571428571429,False,False,66.89594356261023,False,16.33,False
2019-03-26,66.33880070546738,False,False,46.82539682539682,False,False,69.27248677248677,False,14.68,False
2019-03-27,52.67724867724869,False,False,30.25793650793651,False,False,70.37037037037037,False,15.15,False
2019-03-28,48.274426807760136,False,False,30.357142857142858,False,False,67.28835978835978,False,14.43,False
2019-03-29,44.11410934744268,False,False,36.01190476190476,False,False,63.71693121693122,False,13.71,False
2019-04-01,49.61728395061728,False,False,48.80952380952381,False,False,59.360670194003525,False,13.4,False
2019-04-02,46.02416225749559,False,False,49.007936507936506,False,False,64.40476190476191,False,13.36,False
2019-04-03,61.45291005291005,False,False,63.591269841269835,False,False,58.52292768959436,False,13.74,False
2019-04-04,68.1342151675485,False,False,67.26190476190476,False,False,55.26455026455027,False,13.58,False
2019-04-05,56.368430335097,False,False,56.6468253968254,False,False,51.0273368606702,False,12.82,False
2019-04-08,60.55396825396826,False,False,53.7202380952381,False,False,51.37125220458554,False,13.18,False
2019-04-09,67.62098765432098,False,False,58.53174603174603,False,False,53.24074074074074,False,14.28,False
2019-04-10,58.4805996472663,False,False,55.75396825396825,False,False,53.769841269841265,False,13.3,False
2019-04-11,54.02980599647267,False,False,53.96825396825396,False,False,55.24691358024692,False,13.02,False
2019-04-12,63.11058201058201,False,False,54.761904761904766,False,False,49.9647266313933,False,12.01,False
2019-04-15,55.07213403880071,False,False,52.083333333333336,False,False,48.9726631393298,False,12.32,False
2019-04-16,76.50194003527336,False,False,70.13888888888889,False,False,54.761904761904766,False,12.18,False
2019-04-17,81.87742504409171,False,False,69.7420634920635,False,False,55.17636684303351,False,12.6,False
2019-04-18,65.90970017636685,False,False,59.82142857142857,False,False,44.435626102292765,False,12.09,False
2019-04-22,57.07742504409171,False,False,43.10515873015873,False,False,40.37918871252205,False,12.42,False
2019-04-23,60.45167548500881,False,False,50.59523809523809,False,False,34.81481481481482,False,12.28,False
2019-04-24,57.68835978835979,False,False,53.57142857142857,False,False,36.477072310405646,False,13.14,False
2019-04-25,73.505291005291,False,False,57.73809523809524,False,False,40.08377425044092,False,13.25,False
2019-04-26,87.17830687830687,False,False,73.06547619047619,False,False,36.90035273368607,False,12.73,False
2019-04-29,67.22345679012345,False,False,50.29761904761905,False,False,35.198412698412696,False,13.11,False
2019-04-30,69.41693121693122,False,False,59.72222222222222,False,False,32.88800705467372,False,13.12,False
2019-05-01,73.19400352733686,False,False,52.67857142857143,False,False,38.827160493827165,False,14.8,False
2019-05-02,67.81816578483244,False,False,50.00000000000001,False,False,40.32186948853616,False,14.42,False
2019-05-03,84.61975308641975,False,False,70.13888888888889,False,False,39.25485008818342,False,12.87,False
2019-05-06,69.70511463844797,False,False,55.654761904761905,False,False,39.27689594356261,False,15.44,False
2019-05-07,64.04920634920634,False,False,45.23809523809524,False,False,55.24250440917108,False,19.32,False
2019-05-08,54.679012345679006,False,False,33.03571428571429,False,False,51.81216931216932,False,19.4,False
2019-05-09,62.39770723104056,False,False,38.69047619047619,False,False,54.78835978835978,False,19.1,False
2019-05-10,73.07283950617284,False,False,46.62698412698413,False,False,48.0379188712522,False,16.04,False
2019-05-13,64.6194885361552,False,False,35.21825396825397,False,False,69.18871252204586,False,20.55,False
2019-05-14,54.73492063492064,False,False,27.28174603174603,False,False,62.34567901234568,False,18.06,False
2019-05-15,54.83738977072309,False,False,26.091269841269842,False,False,59.22398589065256,False,16.44,False
2019-05-16,67.29241622574956,False,False,46.42857142857143,False,False,55.55114638447972,False,15.29,False
2019-05-17,70.80282186948853,False,False,42.9563492063492,False,False,62.001763668430335,False,15.96,False
2019-05-20,71.16349206349207,False,False,42.65873015873016,False,False,62.83950617283951,False,16.31,False
2019-05-21,65.68606701940035,False,False,39.88095238095238,False,False,56.04938271604939,False,14.95,False
2019-05-22,70.67019400352733,False,False,42.06349206349206,False,False,61.28747795414463,False,14.75,False
2019-05-23,66.40723104056435,False,False,36.50793650793651,False,False,71.41975308641976,False,16.92,False
2019-05-24,62.21693121693121,False,False,27.380952380952383,False,False,70.3042328042328,False,15.85,False
2019-05-28,52.09435626102293,False,False,17.757936507936506,False,False,74.21957671957672,True,17.5,False
2019-05-29,51.76014109347443,False,False,15.873015873015873,False,False,75.53350970017637,False,17.9,False
2019-05-30,45.1957671957672,False,False,12.103174603174605,False,False,73.65520282186948,False,17.3,False
2019-05-31,37.94126984126984,False,False,8.630952380952383,False,False,76.93562610229277,False,18.71,False
2019-06-03,54.816049382716045,False,False,18.501984126984127,False,False,73.48324514991181,False,18.86,False
2019-06-04,50.54479717813051,False,False,23.21428571428571,False,False,64.24162257495591,False,16.97,False
2019-06-05,43.87266313932981,False,False,28.075396825396822,False,False,64.93827160493827,False,16.09,False
2019-06-06,49.71622574955909,False,False,33.829365079365076,False,False,61.847442680776005,False,15.93,False
2019-06-07,59.57848324514991,False,False,44.64285714285714,False,False,57.61022927689594,False,16.3,False
2019-06-10,67.16543209876542,False,False,57.93650793650792,False,False,54.382716049382715,False,15.94,False
2019-06-11,56.41763668430335,False,False,46.92460317460318,False,False,53.43915343915344,False,15.99,False
2019-06-12,48.26137566137566,False,False,36.65674603174604,False,False,57.94091710758377,False,15.91,False
2019-06-13,46.02451499118165,False,False,36.21031746031747,False,False,50.89065255731922,False,15.82,False
2019-06-14,57.14038800705468,False,False,45.138888888888886,False,False,51.860670194003525,False,15.28,False
2019-06-17,46.48059964726631,False,False,35.51587301587301,False,False,52.835097001763664,False,15.35,False
2019-06-18,54.26455026455026,False,False,46.92460317460318,False,False,47.954144620811284,False,15.15,False
2019-06-19,50.30352733686066,False,False,52.777777777777786,False,False,50.26455026455026,False,14.33,False
2019-06-20,47.65432098765432,False,False,52.97619047619048,False,False,43.50529100529101,False,14.75,False
2019-06-21,39.45855379188712,False,False,47.22222222222223,False,False,43.170194003527335,False,15.4,False
2019-06-24,36.08677248677248,False,False,43.45238095238095,False,False,43.66843033509701,False,15.26,False
2019-06-25,40.619223985890656,False,False,33.23412698412699,False,False,49.629629629629626,False,16.28,False
2019-06-26,46.29664902998236,False,False,36.60714285714286,False,False,48.7037037037037,False,16.21,False
2019-06-27,45.80405643738977,False,False,33.13492063492063,False,False,44.40917107583774,False,15.82,False
2019-06-28,52.40229276895943,False,False,46.726190476190474,False,False,36.38447971781304,False,15.08,False
2019-07-01,60.34779541446207,False,False,55.85317460317461,False,False,33.00705467372134,False,14.06,False
2019-07-02,45.73033509700176,False,False,37.79761904761905,False,False,29.38271604938272,False,12.93,False
2019-07-03,58.25555555555555,False,False,52.77777777777777,False,False,27.063492063492063,False,12.57,False
2019-07-05,53.87319223985891,False,False,49.30555555555556,False,False,27.47795414462081,False,13.28,False
2019-07-08,56.027689594356254,False,False,49.60317460317461,False,False,28.439153439153433,False,13.96,False
2019-07-09,56.280070546737214,False,False,50.49603174603175,False,False,28.196649029982364,False,14.09,False
2019-07-10,71.6774250440917,False,False,58.43253968253968,False,False,29.669312169312168,False,13.03,False
2019-07-11,67.5116402116402,False,False,57.0436507936508,False,False,28.761022927689595,False,12.93,False
2019-07-12,58.47760141093474,False,False,49.8015873015873,False,False,25.731922398589063,False,12.39,False
2019-07-15,60.00723104056437,False,False,50.7936507936508,False,False,27.72927689594356,False,12.68,False
2019-07-16,60.79929453262786,False,False,51.289682539682545,False,False,25.895061728395063,False,12.86,False
2019-07-17,54.12063492063491,False,False,30.357142857142858,False,False,31.490299823633155,False,13.97,False
2019-07-18,56.858201058201054,False,False,33.63095238095238,False,False,31.59171075837742,False,13.53,False
2019-07-19,61.19312169312168,False,False,40.17857142857143,False,False,32.87477954144621,False,14.45,False
2019-07-22,57.3652557319224,False,False,33.03571428571429,False,False,32.7689594356261,False,13.53,False
2019-07-23,48.75343915343915,False,False,35.16865079365079,False,False,27.72927689594356,False,12.61,False
2019-07-24,51.53597883597883,False,False,36.904761904761905,False,False,22.588183421516757,False,12.07,False
2019-07-25,55.24479717813051,False,False,35.11904761904762,False,False,25.793650793650794,False,12.74,False
2019-07-26,62.61322751322752,False,False,41.76587301587301,False,False,25.379188712522048,False,12.16,False
2019-07-29,57.54779541446208,False,False,37.698412698412696,False,False,29.86331569664903,False,12.83,False
2019-07-30,55.89559082892415,False,False,43.65079365079365,False,False,25.784832451499117,False,13.94,False
2019-07-31,71.66119929453262,False,False,46.82539682539682,False,False,34.069664902998234,False,16.12,False
2019-08-01,64.35961199294532,False,False,34.920634920634924,False,False,39.80599647266313,False,17.87,False
2019-08-02,64.0753086419753,False,False,32.04365079365079,False,False,45.46296296296296,False,17.61,False
2019-08-05,53.22601410934743,False,False,23.41269841269841,False,False,64.2063492063492,False,24.59,False
2019-08-06,39.14717813051146,False,False,11.30952380952381,False,False,60.74955908289241,False,20.17,False
2019-08-07,40.97671957671957,False,False,19.345238095238095,False,False,60.59082892416226,False,19.49,False
2019-08-08,47.70141093474427,False,False,26.587301587301585,False,False,47.00176366843033,False,16.91,False
2019-08-09,54.08536155202822,False,False,32.14285714285714,False,False,58.22751322751322,False,17.97,False
2019-08-12,51.422663139329806,False,False,23.61111111111111,False,False,65.16754850088184,False,21.09,False
2019-08-13,65.3657848324515,False,False,38.0952380952381,False,False,58.32451499118165,False,17.52,False
2019-08-14,55.7336860670194,False,False,23.61111111111111,False,False,71.15961199294533,False,22.1,False
2019-08-15,47.82328042328042,False,False,15.376984126984127,False,False,70.86860670194004,False,21.18,False
2019-08-16,58.57830687830688,False,False,37.40079365079365,False,False,58.21869488536155,False,18.47,False
2019-08-19,55.80352733686067,False,False,34.42460317460318,False,False,55.886243386243386,False,16.88,False
2019-08-20,49.51499118165784,False,False,26.587301587301585,False,False,62.20458553791887,False,17.5,False
2019-08-21,54.77689594356261,False,False,30.158730158730155,False,False,60.85537918871251,False,15.8,False
2019-08-22,55.71710758377424,False,False,31.15079365079365,False,False,61.69753086419754,False,16.68,False
2019-08-23,64.694708994709,False,False,28.07539682539683,False,False,73.91534391534391,False,19.87,False
2019-08-26,48.72733686067019,False,False,21.23015873015873,False,False,71.40652557319224,False,19.32,False
2019-08-27,40.149647266313934,False,False,9.821428571428571,False,False,74.77072310405643,False,20.31,False
2019-08-28,40.18430335097001,False,False,16.865079365079364,False,False,63.08201058201058,False,19.35,False
2019-08-29,47.24091710758378,False,False,29.86111111111111,False,False,59.77513227513227,False,17.88,False
2019-08-30,58.408465608465605,False,False,42.857142857142854,False,False,60.29541446208113,False,18.98,False
2019-09-03,43.36719576719576,False,False,21.230158730158735,False,False,64.19312169312168,False,19.66,False
2019-09-04,48.4031746031746,False,False,33.829365079365076,False,False,60.38800705467373,False,17.33,False
2019-09-05,59.67795414462081,False,False,49.404761904761905,False,False,53.88888888888889,False,16.27,False
2019-09-06,49.22839506172839,False,False,44.04761904761905,False,False,53.2716049382716,False,15.0,False
2019-09-09,54.90282186948853,False,False,46.03174603174604,False,False,57.15608465608466,False,15.27,False
2019-09-10,51.71781305114638,False,False,39.18650793650794,False,False,48.72574955908289,False,15.2,False
2019-09-11,58.48007054673722,False,False,45.882936507936506,False,False,46.3668430335097,False,14.61,False
2019-09-12,65.17442680776014,False,False,54.96031746031746,False,False,41.51234567901235,False,14.22,False
2019-09-13,64.18659611992945,False,False,62.79761904761905,False,False,39.435626102292765,False,13.74,False
2019-09-16,37.42574955908289,False,False,29.66269841269842,False,False,41.63139329805997,False,14.67,False
2019-09-17,41.34091710758378,False,False,40.476190476190474,False,False,39.98677248677249,False,14.44,False
2019-09-18,56.9426807760141,False,False,58.73015873015873,False,False,42.39417989417989,False,13.95,False
2019-09-19,60.22663139329806,False,False,62.54960317460317,False,False,43.289241622574956,False,14.05,False
2019-09-20,55.5968253968254,False,False,52.57936507936509,False,False,46.86948853615521,False,15.32,False
2019-09-23,40.46596119929453,False,False,32.14285714285714,False,False,41.04497354497354,False,14.91,False
2019-09-24,48.00881834215167,False,False,30.555555555555554,False,False,44.66490299823633,False,17.05,False
2019-09-25,52.19611992945325,False,False,47.02380952380952,False,False,41.19929453262787,False,15.96,False
2019-09-26,47.88518518518519,False,False,35.416666666666664,False,False,46.547619047619044,False,16.07,False
2019-09-27,65.01569664902998,False,False,38.29365079365079,False,False,45.771604938271615,False,17.22,False
2019-09-30,55.6989417989418,False,False,41.36904761904762,False,False,42.31922398589065,False,16.24,False
2019-10-01,52.812522045855374,False,False,26.984126984126984,False,False,58.9726631393298,False,18.56,False
2019-10-02,44.59629629629629,False,False,21.726190476190474,False,False,67.6984126984127,False,20.56,False
2019-10-03,49.96366843033509,False,False,24.603174603174608,False,False,64.97795414462081,False,19.12,False
2019-10-04,59.96878306878307,False,False,42.46031746031746,False,False,58.161375661375665,False,17.04,False
2019-10-07,55.79488536155202,False,False,34.72222222222222,False,False,63.293650793650784,False,17.86,False
2019-10-08,54.65044091710759,False,False,27.876984126984127,False,False,73.41710758377424,False,20.28,False
2019-10-09,49.65925925925926,False,False,25.198412698412696,False,False,65.1058201058201,False,18.64,False
2019-10-10,56.55802469135802,False,False,35.61507936507936,False,False,66.19488536155202,False,17.57,False
2019-10-11,71.26913580246912,False,False,50.49603174603175,False,False,59.99118165784832,False,15.58,False
2019-10-14,62.36049382716049,False,False,42.460317460317455,False,False,64.40476190476191,False,14.57,False
2019-10-15,78.73862433862432,False,False,50.99206349206349,False,False,56.96208112874779,False,13.54,False
2019-10-16,70.05132275132274,False,False,49.404761904761905,False,False,62.01940035273369,False,13.68,False
2019-10-17,65.65220458553792,False,False,50.198412698412696,False,False,62.8615520282187,False,13.79,False
2019-10-18,58.791887125220455,False,False,36.507936507936506,False,False,64.37389770723105,False,14.25,False
2019-10-21,61.11992945326279,False,False,49.90079365079365,False,False,58.359788359788354,False,14.0,False
2019-10-22,55.58236331569665,False,False,44.34523809523809,False,False,58.650793650793645,False,14.46,False
2019-10-23,65.5400352733686,False,False,52.67857142857143,False,False,57.05026455026455,False,14.01,False
2019-10-24,80.51181657848323,False,False,65.47619047619047,False,False,60.02204585537919,False,13.71,False
2019-10-25,88.01675485008818,False,False,68.60119047619048,False,False,52.35008818342152,False,12.65,False
2019-10-28,78.48888888888888,False,False,66.26984126984128,False,False,50.22927689594356,False,13.11,False
2019-10-29,68.4021164021164,False,False,54.36507936507937,False,False,46.90035273368608,False,13.2,False
2019-10-30,64.45255731922397,False,False,51.24007936507937,False,False,47.20458553791887,False,12.33,False
2019-10-31,62.71410934744268,False,False,39.08730158730158,False,False,46.45061728395061,False,13.22,False
2019-11-01,77.20634920634922,False,False,64.53373015873017,False,False,43.84920634920635,False,12.3,False
2019-11-04,57.21710758377424,False,False,53.47222222222222,False,False,37.94091710758377,False,12.83,False
2019-11-05,56.828924162257486,False,False,49.50396825396825,False,False,32.11640211640212,False,13.1,False
2019-11-06,55.55449735449735,False,False,49.2063492063492,False,False,35.467372134038804,False,12.62,False
2019-11-07,63.83174603174603,False,False,55.00992063492063,False,False,34.219576719576715,False,12.73,False
2019-11-08,56.40811287477954,False,False,47.61904761904762,False,False,28.950617283950617,False,12.07,False
2019-11-11,67.5358024691358,False,False,63.29365079365079,False,False,29.819223985890655,False,12.69,False
2019-11-12,63.68888888888888,False,False,59.920634920634924,False,False,30.097001763668434,False,12.68,False
2019-11-13,69.72663139329805,False,False,57.34126984126984,False,False,31.402116402116402,False,13.0,False
2019-11-14,75.7116402116402,False,False,69.7420634920635,False,False,30.674603174603174,False,13.05,False
2019-11-15,81.27601410934743,False,False,76.68650793650794,False,False,24.228395061728396,False,12.05,False
2019-11-18,69.88571428571427,False,False,64.23611111111111,False,False,27.74691358024691,False,12.46,False
2019-11-19,64.50299823633156,False,False,65.07936507936508,False,False,26.825396825396826,False,12.86,False
2019-11-20,80.00194003527338,False,False,68.75,False,False,29.069664902998237,False,12.78,False
2019-11-21,61.95432098765431,False,False,50.29761904761905,False,False,29.55467372134039,False,13.13,False
2019-11-22,54.67513227513228,False,False,47.91666666666667,False,False,24.94268077601411,False,12.34,False
2019-11-25,56.5641975308642,False,False,59.62301587301587,False,False,20.978835978835978,False,11.87,False
2019-11-26,54.21922398589065,False,False,64.98015873015873,False,False,20.149911816578484,False,11.54,False
2019-11-27,55.3747795414462,False,False,68.65079365079364,False,False,19.79276895943563,False,11.75,False
2019-11-29,58.88342151675485,False,False,62.99603174603175,False,False,21.256613756613756,False,12.62,False
2019-12-02,60.17495590828924,False,False,52.77777777777778,False,False,30.767195767195762,False,14.91,False
2019-12-03,61.78606701940034,False,False,43.45238095238095,False,False,33.77865961199294,False,15.96,False
2019-12-04,55.821869488536144,False,False,48.71031746031746,False,False,27.429453262786595,False,14.8,False
2019-12-05,51.98835978835979,False,False,44.742063492063494,False,False,28.30246913580247,False,14.52,False
2019-12-06,67.4283950617284,False,False,59.02777777777778,False,False,24.85890652557319,False,13.62,False
2019-12-09,70.73756613756613,False,False,60.01984126984127,False,False,25.978835978835978,False,15.86,False
2019-12-10,67.6968253968254,False,False,59.424603174603185,False,False,27.050264550264547,False,15.68,False
2019-12-11,72.03492063492064,False,False,64.68253968253968,False,False,25.934744268077605,False,14.99,False
2019-12-12,81.35855379188712,False,False,77.03373015873015,False,False,23.002645502645503,False,13.94,False
2019-12-13,86.2753086419753,False,False,77.77777777777777,False,False,22.56172839506173,False,12.63,False
2019-12-16,80.6689594356261,False,True,81.25,False,False,20.396825396825395,False,12.14,False
2019-12-17,60.90352733686067,False,False,65.72420634920634,False,False,20.418871252204585,False,12.29,False
2019-12-18,58.68536155202821,False,False,60.26785714285714,False,False,20.925925925925924,False,12.58,False
2019-12-19,66.005291005291,False,False,76.48809523809524,False,False,19.682539682539684,False,12.5,False
2019-12-20,65.26666666666667,False,False,87.00396825396825,False,False,18.328924162257497,False,12.51,False
2019-12-23,67.24991181657849,False,False,82.2420634920635,False,False,18.78747795414462,False,12.61,False
2019-12-24,79.1320987654321,False,False,92.70833333333334,False,False,18.30246913580247,False,12.67,False
2019-12-26,80.41093474426808,False,False,94.04761904761905,False,False,17.38536155202822,False,12.65,False
2019-12-27,83.75502645502645,False,True,93.65079365079364,False,False,19.19753086419753,False,13.43,False
2019-12-30,88.16296296296295,False,True,84.92063492063492,False,False,20.696649029982364,False,14.82,False
2019-12-31,81.95520282186948,True,True,83.43253968253967,False,False,18.584656084656086,False,13.78,False
2020-01-02,87.5774250440917,True,True,86.40873015873015,False,False,17.279541446208114,False,12.47,False
2020-01-03,86.82522045855379,True,True,78.86904761904762,False,False,20.965608465608465,False,14.02,False
2020-01-06,78.57054673721339,False,False,71.2797619047619,False,False,19.929453262786595,False,13.85,False
2020-01-07,86.75008818342152,False,False,75.49603174603175,False,False,19.933862433862434,False,13.79,False
2020-01-08,89.94973544973546,False,False,78.42261904761905,False,False,17.535273368606703,False,13.45,False
2020-01-09,92.4820105820106,True,True,80.75396825396825,False,False,15.044091710758378,False,12.54,False
2020-01-10,88.73403880070546,True,True,73.61111111111111,False,False,19.911816578483247,False,12.56,False
2020-01-13,91.00687830687832,True,True,82.0436507936508,False,False,16.746031746031747,False,12.32,False
2020-01-14,88.59223985890651,True,True,78.07539682539682,False,False,15.692239858906527,False,12.39,False
2020-01-15,84.08359788359788,True,True,76.5873015873016,False,False,14.911816578483245,False,12.42,False
2020-01-16,84.5694885361552,True,True,86.35912698412699,False,False,15.238095238095235,False,12.32,False
2020-01-17,78.75132275132275,False,False,85.31746031746032,False,False,15.961199294532626,False,12.1,False
2020-01-21,75.66931216931216,False,False,75.04960317460316,False,False,18.849206349206348,False,12.85,False
2020-01-22,86.69171075837741,False,False,83.82936507936508,False,False,18.721340388007054,False,12.91,False
2020-01-23,83.30705467372134,False,False,77.57936507936509,False,False,18.06878306878307,False,12.98,False
2020-01-24,89.46596119929451,True,True,73.90873015873015,False,False,22.125220458553795,False,14.56,False
2020-01-27,84.28589065255731,True,True,55.35714285714286,False,False,34.09611992945326,False,18.23,False
2020-01-28,85.15185185185183,True,True,63.69047619047619,False,False,31.957671957671952,False,16.28,False
2020-01-29,88.09400352733685,True,True,63.095238095238095,False,False,34.72663139329806,False,16.39,False
2020-01-30,90.1522045855379,True,True,60.91269841269841,False,False,32.927689594356266,False,15.49,False
2020-01-31,85.2395061728395,True,True,66.17063492063491,False,False,42.79982363315696,False,18.84,False
2020-02-03,85.01569664902999,True,True,68.9484126984127,False,False,41.14197530864197,False,17.97,False
2020-02-04,87.54585537918871,True,True,70.03968253968254,False,False,34.801587301587304,False,16.05,False
2020-02-05,88.41358024691358,True,True,84.72222222222223,False,False,27.53968253968254,False,15.15,False
2020-02-06,89.3742504409171,True,True,84.67261904761904,False,False,30.846560846560845,False,14.96,False
2020-02-07,88.76349206349207,True,True,78.32341269841271,False,False,33.20546737213404,False,15.47,False
2020-02-10,91.13721340388004,True,True,84.22619047619048,False,False,33.38183421516755,False,15.04,False
2020-02-11,91.13597883597885,True,True,87.3015873015873,False,False,29.241622574955908,False,15.18,False
2020-02-12,91.6557319223986,True,True,91.46825396825396,False,False,30.079365079365076,False,13.74,False
2020-02-13,92.58906525573192,True,True,91.46825396825398,False,False,28.968253968253972,False,14.15,False
2020-02-14,92.42786596119927,True,True,90.57539682539682,False,False,28.377425044091712,False,13.68,False
2020-02-18,91.1721340388007,True,True,85.91269841269842,False,False,29.58994708994709,False,14.83,False
2020-02-19,92.8185185185185,True,True,90.97222222222221,False,False,29.470899470899468,False,14.38,False
2020-02-20,87.51710758377425,True,True,89.48412698412699,False,False,32.21340388007055,False,15.56,False
2020-02-21,83.51340388007054,True,False,75.9920634920635,False,False,37.96296296296297,False,17.08,False
2020-02-24,74.14559082892416,False,False,47.51984126984128,False,False,53.791887125220455,False,25.03,False
2020-02-25,67.22178130511463,False,False,30.25793650793651,False,False,65.9567901234568,False,27.85,False
2020-02-26,66.80970017636685,False,False,31.994047619047617,False,False,68.37301587301587,False,27.56,False
2020-02-27,46.16772486772487,False,False,24.90079365079365,False,False,79.10934744268077,False,39.16,False
2020-02-28,38.866843033509696,False,False,22.12301587301587,False,False,80.04409171075837,False,40.11,False
2020-03-02,43.24991181657848,False,False,40.27777777777778,False,False,68.09523809523809,False,33.42,False
2020-03-03,43.27901234567901,False,False,36.80555555555556,False,False,79.06966490299824,False,36.82,False
2020-03-04,44.08844797178131,False,False,33.23412698412699,False,False,71.168430335097,False,31.99,False
2020-03-05,30.259611992945324,False,False,25.89285714285714,False,False,79.91181657848325,True,39.62,False
2020-03-06,37.89682539682539,False,False,20.03968253968254,True,False,81.83421516754849,False,41.94,False
2020-03-09,31.0626102292769,False,False,14.682539682539684,True,False,86.16402116402116,False,54.46,False
2020-03-10,33.92857142857143,False,False,23.511904761904763,False,False,82.87037037037037,False,47.3,False
2020-03-11,28.924162257495592,False,False,17.16269841269841,True,False,86.60493827160492,False,53.9,False
2020-03-12,32.429453262786595,False,False,17.857142857142858,True,False,87.72927689594356,False,75.47,False
2020-03-13,31.900352733686063,False,False,20.634920634920633,True,False,86.79453262786596,False,57.83,False
2020-03-16,32.60582010582011,False,False,17.460317460317462,True,False,90.06172839506172,False,82.69,False
2020-03-17,33.99470899470899,False,False,18.750000000000004,True,False,90.48500881834217,False,75.91,False
2020-03-18,30.55555555555555,False,False,15.476190476190476,True,False,92.63668430335098,False,76.45,False
2020-03-19,42.173721340388006,False,False,22.71825396825397,False,False,94.2768959435626,False,72.0,False
2020-03-20,42.72486772486772,False,False,21.924603174603174,False,False,96.34920634920634,False,66.04,False
2020-03-23,41.75485008818342,False,False,20.337301587301585,True,False,97.11199294532629,False,61.59,False
2020-03-24,46.31834215167549,False,False,24.900793650793652,False,False,89.14902998236333,False,61.67,False
2020-03-25,44.48853615520282,False,False,21.031746031746035,True,False,92.98059964726632,False,63.95,False
2020-03-26,44.17989417989418,False,False,25.099206349206348,False,False,87.56613756613757,False,61.0,False
2020-03-27,45.01763668430334,False,False,20.53571428571429,True,False,88.0026455026455,False,65.54,False
2020-03-30,44.091710758377424,False,False,23.015873015873016,False,False,89.45326278659611,False,57.08,False
2020-03-31,47.50881834215167,False,False,30.15873015873016,False,False,88.13492063492065,False,53.54,False
2020-04-01,46.00970017636685,False,False,20.932539682539684,True,False,95.23809523809524,False,57.06,False
2020-04-02,45.94356261022928,False,False,24.30555555555556,False,False,96.26543209876543,False,50.91,False
2020-04-03,44.64285714285714,False,False,21.72619047619047,True,False,97.3015873015873,False,46.8,False
2020-04-06,48.4347442680776,False,False,45.83333333333333,False,False,88.42592592592592,False,45.24,False
2020-04-07,50.793650793650784,False,False,51.785714285714285,False,False,88.54497354497356,False,46.7,False
2020-04-08,44.31216931216931,False,False,49.6031746031746,False,False,87.92768959435627,False,43.35,False
2020-04-09,37.16931216931216,False,False,42.361111111111114,False,False,87.43827160493828,False,41.67,False
2020-04-13,55.37918871252204,False,False,57.93650793650794,False,False,87.85714285714285,False,41.17,False
2020-04-14,60.9005291005291,False,False,66.76587301587303,False,False,86.76807760141094,False,37.76,False
2020-04-15,58.245149911816576,False,False,58.13492063492063,False,False,87.91005291005291,False,40.84,False
2020-04-16,62.16931216931216,False,False,63.2936507936508,False,False,87.55731922398589,False,40.11,False
2020-04-17,58.80996472663139,False,False,66.26984126984127,False,False,86.5432098765432,False,38.15,False
2020-04-20,58.90652557319223,False,False,60.714285714285715,False,False,87.33245149911816,False,43.83,False
2020-04-21,62.21340388007054,False,False,46.329365079365076,False,False,92.1604938271605,False,45.41,False
2020-04-22,55.59964726631393,False,False,46.72619047619048,False,False,89.15784832451499,False,41.98,False
2020-04-23,55.59964726631393,False,False,47.817460317460316,False,False,89.15784832451499,False,41.38,False
2020-04-24,57.68439153439154,False,False,54.464285714285715,False,False,90.75396825396825,False,35.93,False
2020-04-27,62.92089947089947,False,False,68.84920634920636,False,False,87.66313932980601,False,33.29,False
2020-04-28,59.2600529100529,False,False,65.07936507936508,False,False,86.38007054673722,False,33.57,False
2020-04-29,58.35546737213404,False,False,56.646825396825406,False,False,84.54585537918871,False,31.23,False
2020-04-30,68.54982363315696,False,False,75.0,False,False,86.15520282186948,False,34.15,False
2020-05-01,68.22777777777777,False,False,55.75396825396825,False,False,91.7063492063492,False,37.19,False
2020-05-04,62.29179894179894,False,False,43.45238095238095,False,False,90.85537918871252,False,35.97,False
2020-05-05,61.971516754850086,False,False,55.6547619047619,False,False,88.73015873015873,False,33.61,False
2020-05-06,58.138800705467375,False,False,49.50396825396825,False,False,91.90917107583773,False,34.12,False
2020-05-07,50.14797178130511,False,False,40.47619047619047,False,False,84.4268077601411,False,31.44,False
2020-05-08,64.76860670194003,False,False,64.28571428571428,False,False,83.60670194003528,False,27.98,False
2020-05-11,68.41349206349206,False,False,65.57539682539684,False,False,83.69047619047619,False,27.57,False
2020-05-12,63.47865961199295,False,False,50.89285714285714,False,False,90.37477954144622,False,33.04,False
2020-05-13,61.94761904761904,False,False,39.58333333333333,False,False,94.03880070546735,False,35.28,False
2020-05-14,59.44065255731922,False,False,41.964285714285715,False,False,91.45502645502647,False,32.61,False
2020-05-15,59.179276895943566,False,False,46.527777777777786,False,False,91.62257495590829,False,31.89,False
2020-05-18,54.22486772486772,False,False,62.99603174603175,False,False,82.79100529100528,False,29.3,False
2020-05-19,59.56005291005291,False,False,60.11904761904762,False,False,83.34215167548501,False,30.53,False
2020-05-20,60.55229276895943,False,False,65.67460317460316,False,False,82.16490299823631,False,27.99,False
2020-05-21,66.94982363315697,False,False,65.57539682539682,False,False,82.76014109347443,False,29.53,False
2020-05-22,70.37848324514991,False,False,67.06349206349206,False,False,82.41181657848324,False,28.16,False
2020-05-26,57.36657848324515,False,False,68.1547619047619,False,False,81.10670194003528,False,28.01,False
2020-05-27,66.66613756613755,False,False,78.17460317460318,False,False,79.42239858906525,False,27.62,False
2020-05-28,62.20308641975308,False,False,68.89880952380952,False,False,79.22398589065256,False,28.59,False
2020-05-29,61.12760141093475,False,False,74.8015873015873,False,False,78.63756613756614,False,27.51,False
2020-06-01,67.69409171075839,False,False,84.22619047619048,False,False,76.71075837742505,False,28.23,False
2020-06-02,61.67619047619047,False,False,83.23412698412699,False,False,75.60405643738977,False,26.84,False
2020-06-03,50.09629629629629,False,False,73.4126984126984,False,False,73.12610229276896,False,25.66,False
2020-06-04,53.27574955908289,False,False,79.46428571428572,False,False,73.69929453262786,False,25.81,False
2020-06-05,53.19876543209877,False,False,80.35714285714286,False,False,67.8615520282187,False,24.52,False
2020-06-08,54.68668430335096,False,False,84.27579365079364,False,False,62.31040564373898,False,25.81,False
2020-06-09,61.35881834215167,False,False,88.54166666666667,False,False,67.55291005291005,False,27.57,False
2020-06-10,67.9505291005291,False,False,94.9404761904762,False,False,68.85361552028219,False,27.57,False
2020-06-11,56.10670194003527,False,False,60.26785714285714,False,False,79.35626102292768,False,40.79,False
2020-06-12,61.23306878306877,False,False,62.797619047619044,False,False,78.11728395061728,False,36.09,False
2020-06-15,57.123456790123456,False,False,70.38690476190476,False,False,76.82539682539682,False,34.4,False
2020-06-16,58.190388007054665,False,False,81.15079365079364,False,False,74.12257495590829,False,33.67,False
2020-06-17,56.55987654320987,False,False,73.71031746031746,False,False,72.92328042328042,False,33.47,False
2020-06-18,53.98835978835979,False,False,67.9563492063492,False,False,73.0026455026455,False,32.94,False
2020-06-19,47.59647266313932,False,False,62.301587301587304,False,False,73.73015873015873,False,35.12,False
2020-06-22,59.35617283950617,False,False,69.04761904761905,False,False,72.7910052910053,False,31.77,False
2020-06-23,63.304144620811286,False,False,71.32936507936508,False,False,72.05908289241621,False,31.37,False
2020-06-24,59.41869488536154,False,False,62.99603174603175,False,False,77.68077601410936,False,33.84,False
2020-06-25,54.60881834215167,False,False,58.23412698412698,False,False,76.19488536155201,False,32.22,False
2020-06-26,49.29021164021164,False,False,50.49603174603175,False,False,79.86772486772487,False,34.73,False
2020-06-29,57.12398589065255,False,False,52.480158730158735,False,False,78.28483245149911,False,31.78,False
2020-06-30,62.6579365079365,False,False,73.61111111111111,False,False,76.69312169312168,False,30.43,False
2020-07-01,63.66349206349207,False,False,70.53571428571428,False,False,76.15079365079366,False,28.62,False
2020-07-02,67.91146384479718,False,False,75.29761904761905,False,False,76.6005291005291,False,27.68,False
2020-07-06,69.31022927689592,False,False,79.91071428571429,False,False,74.03439153439153,False,27.94,False
2020-07-07,68.21790123456789,False,False,75.69444444444444,False,False,77.0326278659612,False,29.43,False
2020-07-08,69.38677248677249,False,False,77.67857142857143,False,False,74.15343915343915,False,28.08,False
2020-07-09,74.08835978835978,False,False,76.38888888888889,False,False,77.27072310405644,False,29.26,False
2020-07-10,78.3794532627866,False,False,79.86111111111111,False,False,71.05820105820106,False,27.29,False
2020-07-13,69.33007054673722,False,False,74.40476190476191,False,False,72.3236331569665,False,32.19,False
2020-07-14,69.71111111111111,False,False,82.73809523809524,False,False,69.62081128747796,False,29.52,False
2020-07-15,69.32204585537919,False,False,93.9484126984127,False,False,66.64902998236332,False,27.76,False
2020-07-16,70.07054673721339,False,False,93.1547619047619,False,False,67.3589065255732,False,28.0,False
2020-07-17,62.25449735449735,False,False,83.08531746031747,False,False,65.49823633156967,False,25.68,False
2020-07-20,74.48430335097002,False,False,94.39484126984127,False,False,64.39594356261021,False,24.46,False
2020-07-21,73.85432098765433,False,False,96.03174603174602,False,False,63.694885361552025,False,24.84,False
2020-07-22,73.87865961199294,False,False,96.42857142857143,False,False,64.2636684303351,False,24.32,False
2020-07-23,73.09929453262787,False,False,92.9563492063492,False,False,62.76455026455026,False,26.08,False
2020-07-24,73.38694885361552,False,False,87.40079365079364,False,False,65.24691358024693,False,25.84,False
2020-07-27,74.10828924162257,False,False,93.20436507936509,False,False,62.02821869488536,False,24.74,False
2020-07-28,72.24232804232804,False,False,85.31746031746032,False,False,63.84920634920635,False,25.44,False
2020-07-29,69.54761904761904,False,False,88.98809523809524,False,False,60.28659611992945,False,24.1,False
2020-07-30,71.89259259259259,False,False,83.33333333333334,False,False,60.84656084656084,False,24.76,False
2020-07-31,74.81499118165786,False,False,87.35119047619048,False,False,60.00000000000001,False,24.46,False
2020-08-03,74.8047619047619,False,False,87.84722222222223,False,False,58.716931216931215,False,24.28,False
2020-08-04,75.11569664902999,False,False,89.93055555555556,False,False,56.19488536155203,False,23.76,False
2020-08-05,67.40855379188713,False,False,82.14285714285714,False,False,54.87213403880071,False,22.99,False
2020-08-06,74.98280423280423,False,False,88.2936507936508,False,False,53.98589065255732,False,22.65,False
2020-08-07,75.11701940035272,False,False,91.51785714285714,False,False,52.61463844797178,False,22.21,False
2020-08-10,74.9410052910053,False,False,93.45238095238095,False,False,51.37566137566137,False,22.13,False
2020-08-11,70.0715167548501,False,False,86.5079365079365,False,False,51.81216931216932,False,24.03,False
2020-08-12,76.11428571428571,False,False,94.34523809523809,False,False,50.564373897707235,False,22.28,False
2020-08-13,76.99126984126984,False,False,94.34523809523809,False,False,48.5273368606702,False,22.13,False
2020-08-14,75.53659611992944,False,False,93.05555555555556,False,False,46.141975308641975,False,22.05,False
2020-08-17,75.99162257495591,False,False,93.30357142857143,False,False,45.73192239858906,False,21.35,False
2020-08-18,76.3216049382716,False,False,85.41666666666667,False,False,43.544973544973544,False,21.51,False
2020-08-19,74.29435626102293,False,False,79.56349206349206,False,False,44.01234567901235,False,22.54,False
2020-08-20,74.54708994708994,False,False,74.0079365079365,False,False,41.23456790123456,False,22.72,False
2020-08-21,74.42663139329807,False,False,75.1984126984127,False,False,39.30335097001764,False,22.54,False
2020-08-24,79.04047619047618,False,False,85.51587301587303,False,False,38.985890652557316,False,22.37,False
2020-08-25,79.11913580246913,False,False,83.18452380952381,False,False,36.882716049382715,False,22.03,False
2020-08-26,79.62072310405642,False,False,79.56349206349206,False,False,36.30952380952381,False,23.27,False
2020-08-27,80.32089947089946,False,False,82.9861111111111,False,False,34.93386243386244,False,24.47,False
2020-08-28,82.68095238095238,False,False,87.5,False,False,33.91093474426808,False,22.96,False
2020-08-31,80.25723104056436,False,False,79.26587301587301,False,False,36.61816578483245,False,26.41,False
2020-09-01,79.58059964726631,False,False,80.05952380952381,False,False,36.7768959435626,False,26.12,False
2020-09-02,79.77151675485008,False,False,91.66666666666666,False,False,33.84479717813051,False,26.57,False
2020-09-03,72.49294532627866,False,False,62.20238095238095,False,False,43.41269841269841,False,33.6,False
2020-09-04,72.18033509700176,False,False,59.72222222222223,False,False,43.835978835978835,False,30.75,False
2020-09-08,67.17830687830687,False,False,55.55555555555556,False,False,48.774250440917115,False,31.46,False
2020-09-09,65.67433862433862,False,False,64.93055555555556,False,False,47.5705467372134,False,28.81,False
2020-09-10,62.72724867724867,False,False,60.714285714285715,False,False,50.10141093474427,False,29.71,False
2020-09-11,64.39320987654321,False,False,53.47222222222223,False,False,48.104056437389765,False,26.87,False
2020-09-14,65.55511463844796,False,False,60.81349206349206,False,False,46.450617283950606,False,25.85,False
2020-09-15,69.60167548500881,False,False,71.72619047619047,False,False,46.41534391534392,False,25.59,False
2020-09-16,64.76613756613756,False,False,65.47619047619048,False,False,45.6657848324515,False,26.04,False
2020-09-17,62.217989417989415,False,False,60.317460317460316,False,False,46.61375661375661,False,26.46,False
2020-09-18,59.4595238095238,False,False,54.66269841269841,False,False,49.36067019400354,False,25.83,False
2020-09-21,62.8074074074074,False,False,50.69444444444444,False,False,53.80511463844797,False,27.78,False
2020-09-22,63.5389770723104,False,False,59.22619047619047,False,False,51.32275132275132,False,26.86,False
2020-09-23,58.54902998236332,False,False,50.89285714285714,False,False,56.944444444444436,False,28.58,False
2020-09-24,58.67610229276895,False,False,48.51190476190476,False,False,56.49029982363316,False,28.51,False
2020-09-25,60.27830687830687,False,False,51.88492063492063,False,False,53.91975308641975,False,26.38,False
2020-09-28,60.317724867724856,False,False,59.523809523809526,False,False,51.0273368606702,False,26.19,False
2020-09-29,62.05899470899471,False,False,62.400793650793645,False,False,52.04144620811288,False,26.27,False
2020-09-30,57.021075837742494,False,False,63.78968253968253,False,False,50.881834215167544,False,26.37,False
2020-10-01,59.99029982363315,False,False,65.52579365079364,False,False,49.81481481481481,False,26.7,False
2020-10-02,59.34135802469136,False,False,62.20238095238095,False,False,51.03174603174603,False,27.63,False
2020-10-05,57.17389770723104,False,False,79.76190476190476,False,False,46.46825396825397,False,27.96,False
2020-10-06,56.59400352733685,False,False,68.65079365079364,False,False,47.6058201058201,False,29.48,False
2020-10-07,55.48694885361552,False,False,79.46428571428571,False,False,45.18518518518518,False,28.06,False
2020-10-08,58.59188712522045,False,False,86.55753968253967,False,False,42.64550264550265,False,26.36,False
2020-10-09,61.7283950617284,False,False,88.14484126984127,False,False,42.46913580246914,False,25.0,False
2020-10-12,65.76798941798941,False,False,88.69047619047619,False,False,42.25308641975309,False,25.07,False
2020-10-13,65.63130511463844,False,False,90.97222222222221,False,False,43.30687830687831,False,26.07,False
2020-10-14,65.55820105820105,False,False,85.96230158730158,False,False,43.75220458553792,False,26.4,False
2020-10-15,60.50167548500882,False,False,80.15873015873015,False,False,43.236331569664905,False,26.97,False
2020-10-16,56.50943562610229,False,False,84.72222222222223,False,False,42.05026455026455,False,27.41,False
2020-10-19,58.9652557319224,False,False,71.42857142857143,False,False,45.71869488536155,False,29.18,False
2020-10-20,59.44400352733686,False,False,71.92460317460318,False,False,44.81040564373898,False,29.35,False
2020-10-21,54.91666666666666,False,False,62.84722222222222,False,False,45.74074074074074,False,28.65,False
2020-10-22,55.96622574955908,False,False,65.17857142857143,False,False,40.58201058201058,False,28.11,False
2020-10-23,58.19532627865961,False,False,70.43650793650794,False,False,40.238095238095234,False,27.55,False
2020-10-26,56.74620811287478,False,False,60.26785714285714,False,False,48.90652557319223,False,32.46,False
2020-10-27,58.47839506172839,False,False,56.051587301587304,False,False,52.25749559082892,False,33.35,False
2020-10-28,46.11992945326279,False,False,45.138888888888886,False,False,63.58906525573192,False,40.28,False
2020-10-29,44.54876543209876,False,False,46.230158730158735,False,False,59.47530864197531,False,37.59,False
2020-10-30,46.86719576719576,False,False,46.62698412698413,False,False,57.91887125220459,False,38.02,False
2020-11-02,38.08033509700176,False,False,47.519841269841265,False,False,51.61816578483245,False,37.13,False
2020-11-03,36.99603174603174,False,False,50.59523809523809,False,False,46.27865961199294,False,35.55,False
2020-11-04,39.50255731922398,False,False,52.48015873015873,False,False,44.97795414462081,False,29.57,False
2020-11-05,45.5904761904762,False,False,73.4126984126984,False,False,43.66843033509699,False,27.58,False
2020-11-06,50.18800705467371,False,False,68.89880952380952,False,False,44.37389770723104,False,24.86,False
2020-11-09,35.341710758377424,False,False,65.32738095238095,False,False,39.197530864197525,False,25.75,False
2020-11-10,43.38712522045855,False,False,64.23611111111111,False,False,38.267195767195766,False,24.8,False
2020-11-11,47.28968253968254,False,False,79.76190476190476,False,False,38.311287477954146,False,23.45,False
2020-11-12,48.130070546737215,False,False,76.33928571428572,False,False,39.74426807760141,False,25.35,False
2020-11-13,48.89506172839505,False,False,78.96825396825398,False,False,38.62874779541447,False,23.1,False
2020-11-16,47.77910052910054,False,False,80.90277777777777,False,False,36.732804232804234,False,22.45,False
2020-11-17,55.87980599647266,False,False,82.19246031746032,False,False,36.94003527336861,False,22.71,False
2020-11-18,56.04567901234567,False,False,78.76984126984127,False,False,38.611111111111114,False,23.84,False
2020-11-19,54.81984126984127,False,False,81.59722222222223,False,False,38.544973544973544,False,23.11,False
2020-11-20,45.49735449735449,False,False,74.05753968253968,False,False,39.223985890652564,False,23.7,False
2020-11-23,52.95343915343915,False,False,82.14285714285714,False,False,37.00617283950617,False,22.66,False
2020-11-24,46.57566137566137,False,False,78.96825396825398,False,False,36.525573192239854,False,21.64,False
2020-11-25,55.69885361552027,False,False,86.21031746031746,False,False,33.910934744268076,False,21.25,False
2020-11-27,60.071252204585534,False,False,90.87301587301587,False,False,34.08289241622575,False,20.84,False
2020-11-30,52.15246913580246,False,False,78.22420634920634,False,False,32.623456790123456,False,20.57,False
2020-12-01,53.60661375661376,False,False,79.46428571428571,False,False,31.32716049382716,False,20.77,False
2020-12-02,57.52901234567901,False,False,81.94444444444444,False,False,31.20811287477954,False,21.17,False
2020-12-03,52.26507936507935,False,False,78.27380952380952,False,False,30.63932980599647,False,21.28,False
2020-12-04,49.64929453262786,False,False,77.77777777777777,False,False,29.65608465608466,False,20.79,False
2020-12-07,59.74955908289241,False,False,83.73015873015873,False,False,31.772486772486772,False,21.3,False
2020-12-08,62.40881834215168,False,False,85.11904761904762,False,False,31.909171075837744,False,20.68,False
2020-12-09,61.128659611992944,False,False,77.67857142857142,False,False,30.260141093474427,False,22.27,False
2020-12-10,60.81340388007055,False,False,71.72619047619047,False,False,32.40299823633156,False,22.52,False
2020-12-11,57.9494708994709,False,False,69.04761904761905,False,False,32.7689594356261,False,23.31,False
2020-12-14,53.94744268077601,False,False,70.73412698412699,False,False,32.58818342151675,False,24.72,False
2020-12-15,55.934126984126976,False,False,78.37301587301587,False,False,32.120811287477956,False,22.89,False
2020-12-16,55.31305114638448,False,False,76.93452380952381,False,False,31.95767195767196,False,22.5,False
2020-12-17,56.401322751322745,False,False,82.53968253968253,False,False,27.870370370370367,False,21.93,False
2020-12-18,63.259171075837735,False,False,84.52380952380952,False,False,26.481481481481485,False,21.57,False
2020-12-21,54.16596119929453,False,False,74.20634920634922,False,False,28.734567901234566,False,25.16,False
2020-12-22,57.90132275132274,False,False,75.44642857142857,False,False,29.02557319223986,False,24.23,False
2020-12-23,49.7263668430335,False,False,69.64285714285714,False,False,25.82010582010582,False,23.31,False
2020-12-24,61.31931216931216,False,False,81.64682539682539,False,False,25.705467372134038,False,21.53,False
2020-12-28,63.89241622574956,False,False,79.26587301587301,False,False,27.636684303350965,False,21.7,False
2020-12-29,62.15573192239859,False,False,71.23015873015873,False,False,28.002645502645503,False,23.08,False
2020-12-30,60.96111111111111,False,False,78.76984126984127,False,False,26.975308641975307,False,22.77,False
2020-12-31,58.59126984126984,False,False,82.14285714285714,False,False,24.506172839506174,False,22.75,False
2021-01-04,50.735361552028216,False,False,66.76587301587301,False,False,30.61728395061728,False,26.97,False
2021-01-05,43.04303350970018,False,False,64.48412698412699,False,False,30.37918871252205,False,25.34,False
2021-01-06,41.49550264550264,False,False,67.9563492063492,False,False,28.880070546737212,False,25.07,False
2021-01-07,47.51490299823633,False,False,76.48809523809524,False,False,30.502645502645503,False,22.37,False
2021-01-08,55.68095238095238,False,False,81.34920634920634,False,False,30.154320987654327,False,21.56,False
2021-01-11,52.4731922398589,False,False,69.44444444444444,False,False,30.83333333333334,False,24.08,False
2021-01-12,48.14999999999999,False,False,74.50396825396825,False,False,30.815696649029977,False,23.33,False
2021-01-13,50.05088183421516,False,False,74.70238095238096,False,False,29.810405643738978,False,22.21,False
2021-01-14,46.27645502645503,False,False,72.61904761904762,False,False,29.01234567901234,False,23.25,False
2021-01-15,43.81904761904762,False,False,64.88095238095238,False,False,29.479717813051142,False,24.34,False
2021-01-19,41.431922398589066,False,False,69.5436507936508,False,False,29.38271604938272,False,23.24,False
2021-01-20,48.196296296296296,False,False,71.03174603174604,False,False,29.404761904761898,False,21.58,False
2021-01-21,48.51710758377425,False,False,71.82539682539682,False,False,29.519400352733687,False,21.32,False
2021-01-22,49.467989417989415,False,False,73.11507936507937,False,False,30.330687830687832,False,21.91,False
2021-01-25,53.518783068783065,False,False,68.35317460317461,False,False,29.72663139329806,False,23.19,False
2021-01-26,45.83104056437389,False,False,64.68253968253968,False,False,30.427689594356263,False,23.02,False
2021-01-27,35.85335097001763,False,False,51.58730158730159,False,False,36.07142857142857,False,37.21,False
2021-01-28,35.66375661375662,False,False,48.31349206349206,False,False,35.123456790123456,False,30.21,False
2021-01-29,31.04347442680776,False,False,46.82539682539682,False,False,38.68606701940035,False,33.09,False
2021-02-01,33.310229276895946,False,False,47.420634920634924,False,False,37.4647266313933,False,30.24,False
2021-02-02,34.67566137566138,False,False,54.26587301587301,False,False,35.05731922398589,False,25.56,False
2021-02-03,38.33042328042328,False,False,56.64682539682539,False,False,35.163139329806,False,22.91,False
2021-02-04,33.25388007054674,False,False,53.86904761904762,False,False,33.46119929453263,False,21.77,False
2021-02-05,36.37733686067019,False,False,66.46825396825398,False,False,32.92328042328042,False,20.87,False
2021-02-08,40.80141093474427,False,False,72.32142857142857,False,False,32.64991181657849,False,21.24,False
2021-02-09,39.4163139329806,False,False,63.59126984126984,False,False,32.813051146384474,False,21.63,False
2021-02-10,51.18721340388007,False,False,70.23809523809524,False,False,32.332451499118164,False,21.99,False
2021-02-11,52.81084656084656,False,False,68.5515873015873,False,False,32.482363315696645,False,21.25,False
2021-02-12,53.11975308641976,False,False,72.51984126984127,False,False,31.39770723104057,False,19.97,False
2021-02-16,44.096296296296295,False,False,67.26190476190476,False,False,32.19135802469136,False,21.46,False
2021-02-17,52.16490299823633,False,False,67.26190476190476,False,False,31.631393298059965,False,21.5,False
2021-02-18,47.13959435626101,False,False,60.317460317460316,False,False,31.54761904761904,False,22.49,False
2021-02-19,42.46781305114639,False,False,66.26984126984127,False,False,31.856261022927697,False,22.05,False
2021-02-22,42.77028218694885,False,False,60.21825396825397,False,False,32.68518518518518,False,23.45,False
2021-02-23,47.12583774250441,False,False,60.06944444444444,False,False,32.25308641975309,False,23.11,False
2021-02-24,37.61534391534392,False,False,58.23412698412698,False,False,31.65343915343915,False,21.34,False
2021-02-25,39.52760141093474,False,False,58.432539682539684,False,False,37.954144620811284,False,28.89,True
2021-02-26,35.133597883597886,False,False,50.0,False,False,38.21869488536156,False,27.95,True
2021-03-01,33.14770723104056,False,False,57.34126984126984,False,False,31.62257495590829,False,23.35,True
2021-03-02,30.81305114638448,False,False,54.067460317460316,False,False,32.782186948853614,False,24.1,True
2021-03-03,29.27504409171075,False,False,42.90674603174603,False,False,36.95326278659612,False,26.67,True
2021-03-04,36.50873015873016,False,False,43.650793650793645,False,False,40.85097001763668,False,28.57,True
2021-03-05,41.23827160493828,False,False,53.17460317460318,False,False,36.507936507936506,False,24.66,True
2021-03-08,31.374691358024688,False,False,50.34722222222222,False,False,39.55908289241623,False,25.47,True
2021-03-09,37.79638447971781,False,False,55.75396825396825,False,False,35.09700176366843,False,24.03,True
2021-03-10,34.8652557319224,False,False,61.30952380952381,False,False,34.788359788359784,False,22.56,True
2021-03-11,30.50855379188712,False,False,60.11904761904762,False,False,32.6058201058201,False,21.91,True
2021-03-12,30.45881834215167,False,False,62.40079365079366,False,False,32.1031746031746,False,20.69,True
2021-03-15,29.965696649029976,False,False,70.53571428571429,False,False,30.84656084656085,False,20.03,True
2021-03-16,38.526984126984125,False,False,70.3373015873016,False,False,30.84215167548501,False,19.79,True
2021-03-17,41.70652557319224,False,False,71.23015873015873,False,False,30.890652557319225,False,19.23,True
2021-03-18,33.51375661375661,False,False,62.40079365079365,False,False,34.00793650793651,False,21.58,True
2021-03-19,25.750881834215164,False,False,46.42857142857143,False,False,33.47442680776014,False,20.95,True
2021-03-22,39.82469135802469,False,False,62.20238095238095,False,False,32.56172839506173,False,18.88,True
2021-03-23,35.08465608465608,False,False,50.49603174603175,False,False,33.179012345679006,False,20.3,True
2021-03-24,35.48853615520282,False,False,49.2063492063492,False,False,35.58201058201059,False,21.2,True
2021-03-25,37.667019400352736,False,False,53.273809523809526,False,False,33.76984126984127,False,19.81,True
2021-03-26,34.90864197530864,False,False,67.36111111111111,False,False,30.8641975308642,False,18.86,True
2021-03-29,30.982186948853617,False,False,58.432539682539684,False,False,31.340388007054674,False,20.74,True
2021-03-30,36.103527336860665,False,False,64.98015873015873,False,False,31.238977072310405,False,19.61,True
2021-03-31,37.5273368606702,False,False,64.28571428571429,False,False,29.272486772486776,False,19.4,True
2021-04-01,44.45696649029983,False,False,75.19841269841271,False,False,26.119929453262785,False,17.33,True
2021-04-05,51.52857142857143,False,False,82.34126984126985,False,False,25.925925925925924,False,17.91,True
2021-04-06,43.42486772486773,False,False,75.69444444444444,False,False,26.23015873015873,False,18.12,True
2021-04-07,48.878659611992944,False,False,69.44444444444444,False,False,27.98941798941799,False,17.16,True
2021-04-08,48.979717813051145,False,False,70.13888888888889,False,False,27.68518518518518,False,16.95,True
2021-04-09,54.95643738977071,False,False,74.90079365079364,False,False,25.101410934744266,False,16.69,True
2021-04-12,62.6485008818342,False,False,86.06150793650792,False,False,27.081128747795415,False,16.91,True
2021-04-13,64.96560846560847,False,False,84.07738095238096,False,False,26.384479717813054,False,16.65,True
2021-04-14,63.15485008818341,False,False,80.05952380952381,False,False,24.484126984126984,False,16.99,True
2021-04-15,55.31022927689594,False,False,69.44444444444444,False,False,24.149029982363317,False,16.57,True
2021-04-16,47.37654320987654,False,False,72.22222222222223,False,False,19.20194003527337,False,16.25,True
2021-04-19,59.99964726631393,False,False,79.86111111111111,False,False,19.85449735449735,False,17.29,True
2021-04-20,47.93932980599647,False,False,58.33333333333333,False,False,20.418871252204585,False,18.68,True
2021-04-21,45.37037037037037,False,False,64.38492063492063,False,False,19.805996472663143,False,17.5,True
2021-04-22,43.4747795414462,False,False,52.182539682539684,False,False,20.3615520282187,False,18.71,True
2021-04-23,48.667724867724864,False,False,66.96428571428572,False,False,20.343915343915345,False,17.33,True
2021-04-26,50.858553791887125,False,False,71.82539682539682,False,False,19.47089947089947,False,17.64,True
2021-04-27,45.96507936507936,False,False,69.5436507936508,False,False,19.62962962962963,False,17.56,True
2021-04-28,52.889947089947086,False,False,71.23015873015873,False,False,19.717813051146386,False,17.28,True
2021-04-29,59.90864197530863,False,False,77.87698412698413,False,False,19.55026455026455,False,17.61,True
2021-04-30,56.10793650793649,False,False,61.011904761904766,False,False,20.383597883597883,False,18.61,True
2021-05-03,48.26225749559082,False,False,62.99603174603175,False,False,19.779541446208114,False,18.31,True
2021-05-04,47.0283950617284,False,False,48.611111111111114,False,False,22.918871252204585,False,19.48,True
2021-05-05,35.95326278659611,False,False,40.57539682539682,False,False,23.183421516754848,False,19.15,True
2021-05-06,39.66366843033509,False,False,46.676587301587304,False,False,23.373015873015873,False,18.39,True
2021-05-07,43.933509700176366,False,False,57.19246031746032,False,False,22.985008818342152,False,16.69,True
2021-05-10,41.49329805996473,False,False,56.051587301587304,False,False,25.242504409171072,False,19.66,True
2021-05-11,49.50687830687831,False,False,49.007936507936506,False,False,24.537037037037038,False,21.84,True
2021-05-12,38.90502645502646,False,False,30.555555555555557,False,False,34.77513227513227,False,27.59,True
2021-05-13,41.18439153439153,False,False,40.079365079365076,False,False,33.19223985890653,False,23.13,True
2021-05-14,41.86455026455027,False,False,48.01587301587301,False,False,29.898589065255734,False,18.81,True
2021-05-17,36.4663139329806,False,False,43.650793650793645,False,False,32.094356261022924,False,19.72,True
2021-05-18,29.744973544973547,False,False,38.98809523809524,False,False,30.74514991181658,False,21.34,True
2021-05-19,34.282716049382714,False,False,31.6468253968254,False,False,30.679012345679013,False,22.18,True
2021-05-20,38.450529100529096,False,False,44.1468253968254,False,False,29.065255731922395,False,20.67,True
2021-05-21,40.96604938271605,False,False,47.12301587301588,False,False,29.39594356261023,False,20.15,True
2021-05-24,49.35273368606703,False,False,54.06746031746032,False,False,28.311287477954142,False,18.4,True
2021-05-25,40.75097001763669,False,False,42.55952380952381,False,False,28.85802469135803,False,18.84,True
2021-05-26,41.337213403880064,False,False,37.25198412698413,False,False,30.846560846560845,False,17.36,True
2021-05-27,37.683068783068784,False,False,42.857142857142854,False,False,30.784832451499117,False,16.74,True
2021-05-28,48.13262786596119,False,False,58.333333333333336,False,False,28.500881834215175,False,16.76,True
2021-06-01,38.77513227513227,False,False,43.45238095238095,False,False,28.95502645502646,False,17.9,True
2021-06-02,40.71887125220458,False,False,41.76587301587302,False,False,28.88447971781305,False,17.48,True
2021-06-03,46.90881834215168,False,False,47.22222222222222,False,False,29.17989417989418,False,18.04,True
2021-06-04,50.78112874779541,False,False,45.63492063492063,False,False,27.92328042328042,False,16.42,True
2021-06-07,42.99894179894179,False,False,33.92857142857143,False,False,27.932098765432098,False,16.42,True
2021-06-08,38.92574955908289,False,False,36.60714285714286,False,False,29.748677248677243,False,17.07,True
2021-06-09,37.06666666666667,False,False,40.37698412698413,False,False,29.9647266313933,False,17.89,True
2021-06-10,42.4726631393298,False,False,35.41666666666666,False,False,21.344797178130516,False,16.1,True
2021-06-11,42.553791887125215,False,False,43.05555555555556,False,False,23.011463844797177,False,15.65,True
2021-06-14,49.97671957671957,False,False,46.52777777777778,False,False,21.03615520282187,False,16.39,True
2021-06-15,44.51481481481481,False,False,40.57539682539682,False,False,23.487654320987655,False,17.02,True
2021-06-16,44.84656084656085,False,False,36.210317460317455,False,False,21.701940035273367,False,18.15,True
2021-06-17,50.75837742504409,False,False,38.69047619047619,False,False,19.492945326278658,False,17.75,True
2021-06-18,39.359788359788354,False,False,32.0436507936508,False,False,27.75132275132275,False,20.7,True
2021-06-21,45.92910052910052,False,False,40.079365079365076,False,False,28.05114638447971,False,17.89,True
2021-06-22,47.38395061728394,False,False,35.11904761904762,False,False,25.17195767195767,False,16.66,True
2021-06-23,48.2026455026455,False,False,38.69047619047619,False,False,27.755731922398592,False,16.32,True
2021-06-24,61.97336860670194,False,False,47.61904761904762,False,False,27.566137566137566,False,15.97,True
2021-06-25,46.7758377425044,False,False,42.16269841269841,False,False,23.95061728395062,False,15.62,True
2021-06-28,51.073544973544976,False,False,41.269841269841265,False,False,24.07848324514991,False,15.76,True
2021-06-29,50.52010582010581,False,False,39.93055555555556,False,False,24.81922398589065,False,16.02,True
2021-06-30,51.34850088183421,False,False,38.492063492063494,False,False,25.599647266313934,False,15.83,True
2021-07-01,54.449029982363314,False,False,47.12301587301587,False,False,25.268959435626105,False,15.48,True
2021-07-02,70.11622574955908,False,False,58.730158730158735,False,False,23.98148148148148,False,15.07,True
2021-07-06,67.95467372134038,False,False,49.107142857142854,False,False,24.45767195767196,False,16.44,True
2021-07-07,65.09082892416225,False,False,47.56944444444444,False,False,24.378306878306876,False,16.2,True
2021-07-08,61.36243386243386,False,False,40.525793650793645,False,False,26.58289241622575,False,19.0,True
2021-07-09,57.661552028218686,False,False,52.182539682539684,False,False,24.81481481481481,False,16.18,True
2021-07-12,53.373721340388,False,False,50.79365079365079,False,False,27.332451499118168,False,16.17,True
2021-07-13,61.5774250440917,False,False,46.82539682539682,False,False,29.638447971781304,False,17.12,True
2021-07-14,63.0283950617284,False,False,45.38690476190476,False,False,27.363315696649025,False,16.33,True
2021-07-15,63.63968253968253,False,False,39.980158730158735,False,False,30.308641975308642,False,17.01,True
2021-07-16,58.33597883597884,False,False,31.150793650793652,False,False,32.182539682539684,False,18.45,True
2021-07-19,50.63932980599647,False,False,26.587301587301585,False,False,39.113756613756614,False,22.5,True
2021-07-20,55.32645502645502,False,False,31.547619047619047,False,False,31.847442680776012,False,19.73,True
2021-07-21,46.92098765432098,False,False,35.1686507936508,False,False,29.572310405643737,False,17.91,True
2021-07-22,58.937918871252194,False,False,42.16269841269842,False,False,32.24426807760141,False,17.69,True
2021-07-23,53.1111111111111,False,False,38.19444444444444,False,False,30.26014109347443,False,17.2,True
2021-07-26,55.00370370370371,False,False,43.105158730158735,False,False,30.582010582010582,False,17.58,True
2021-07-27,67.17936507936507,False,False,49.65277777777778,False,False,30.634920634920636,False,19.36,True
2021-07-28,60.71816578483245,False,False,38.492063492063494,False,False,30.09259259259259,False,18.31,True
2021-07-29,73.25661375661375,False,False,58.43253968253968,False,False,31.719576719576718,False,17.7,True
2021-07-30,74.11164021164022,False,False,50.44642857142857,False,False,33.6904761904762,False,18.24,True
2021-08-02,62.79135802469135,False,False,40.525793650793645,False,False,34.91181657848325,False,19.46,True
2021-08-03,61.370899470899474,False,False,43.05555555555556,False,False,35.82451499118166,False,18.04,True
2021-08-04,63.67530864197531,False,False,35.91269841269841,False,False,38.95502645502645,False,17.97,True
2021-08-05,55.82204585537918,False,False,39.980158730158735,False,False,39.83245149911817,False,17.28,True
2021-08-06,60.4726631393298,False,False,45.138888888888886,False,False,37.2663139329806,False,16.15,True
2021-08-09,60.10388007054673,False,False,39.13690476190476,False,False,38.86243386243387,False,16.72,True
2021-08-10,59.07813051146384,False,False,44.742063492063494,False,False,37.79982363315697,False,16.79,True
2021-08-11,55.67848324514991,False,False,44.24603174603174,False,False,34.88977072310406,False,16.06,True
2021-08-12,64.95291005291006,False,False,53.07539682539682,False,False,34.025573192239854,False,15.59,True
2021-08-13,70.22310405643739,False,False,56.54761904761905,False,False,32.742504409171076,False,15.45,True
2021-08-16,70.47072310405642,False,False,52.62896825396826,False,False,29.263668430335102,False,16.12,True
2021-08-17,61.97830687830687,False,False,36.9047619047619,False,False,29.60758377425044,False,17.91,True
2021-08-18,57.725661375661375,False,False,32.44047619047619,False,False,39.276895943562614,False,21.57,True
2021-08-19,63.20361552028218,False,False,37.599206349206355,False,False,38.544973544973544,False,21.67,True
2021-08-20,67.36278659611992,False,False,46.626984126984134,False,False,34.2989417989418,False,18.56,True
2021-08-23,70.25220458553791,False,False,49.50396825396825,False,False,32.067901234567906,False,17.15,True
2021-08-24,63.935449735449744,False,False,53.81944444444444,False,False,30.35714285714286,False,17.22,False
2021-08-25,65.16278659611993,False,False,56.34920634920634,False,False,31.591710758377427,False,16.79,False
2021-08-26,63.722751322751314,False,False,44.5436507936508,False,False,34.54585537918871,False,18.84,False
2021-08-27,62.91763668430335,False,False,52.67857142857143,False,False,29.506172839506178,False,16.39,False
2021-08-30,74.25097001763669,False,False,58.035714285714285,False,False,30.39241622574956,False,16.19,False
2021-08-31,62.11216931216931,False,False,52.083333333333336,False,False,30.674603174603178,False,16.48,False
2021-09-01,58.092063492063495,False,False,43.65079365079365,False,False,30.604056437389772,False,16.11,False
2021-09-02,55.04708994708994,False,False,45.33730158730158,False,False,28.531746031746035,False,16.41,False
2021-09-03,62.18994708994708,False,False,45.33730158730159,False,False,31.499118165784832,False,16.41,False
2021-09-07,57.357671957671954,False,False,34.920634920634924,False,False,34.05643738977072,False,18.14,False
2021-09-08,61.74638447971783,False,False,36.30952380952381,False,False,33.051146384479715,False,17.96,False
2021-09-09,55.89682539682539,False,False,29.365079365079367,False,False,38.78747795414463,False,18.8,False
2021-09-10,61.2226631393298,False,False,32.44047619047619,False,False,39.51940035273369,False,20.95,False
2021-09-13,63.81728395061728,False,False,34.920634920634924,False,False,37.00617283950617,False,19.37,False
2021-09-14,55.56031746031746,False,False,26.58730158730159,False,False,39.576719576719576,False,19.46,False
2021-09-15,52.15449735449735,False,False,29.96031746031746,False,False,37.24426807760141,False,18.18,False
2021-09-16,48.986419753086416,False,False,30.853174603174605,False,False,36.58730158730159,False,18.69,False
2021-09-17,40.621428571428574,False,False,25.694444444444443,False,False,37.279541446208114,False,20.81,False
2021-09-20,49.47328042328042,False,False,32.242063492063494,False,False,50.26455026455027,False,25.71,False
2021-09-21,39.68536155202821,False,False,18.5515873015873,False,False,54.03439153439154,False,24.36,False
2021-09-22,42.572222222222216,False,False,23.313492063492063,False,False,51.238977072310405,False,20.87,False
2021-09-23,44.555731922398586,False,False,31.944444444444446,False,False,45.33509700176367,False,18.63,False
2021-09-24,57.23985890652557,False,False,36.70634920634921,False,False,46.94444444444445,False,17.75,False
2021-09-27,64.45097001763668,False,False,45.23809523809524,False,False,43.62874779541446,False,18.76,False
2021-09-28,62.1494708994709,False,False,41.666666666666664,False,False,56.261022927689595,False,23.25,False
2021-09-29,53.82469135802469,False,False,33.23412698412699,False,False,54.9294532627866,False,22.56,False
2021-09-30,46.29347442680776,False,False,24.007936507936506,False,False,64.51940035273368,False,23.14,False
2021-10-01,49.53747795414461,False,False,25.54563492063492,False,False,59.99118165784832,False,21.15,False
2021-10-04,50.49400352733686,False,False,27.331349206349206,False,False,66.12874779541447,False,22.96,False
2021-10-05,45.04497354497354,False,False,19.94047619047619,False,False,64.35185185185186,False,21.3,False
2021-10-06,44.19753086419753,False,False,27.52976190476191,False,False,59.44003527336861,False,21.0,False
2021-10-07,47.160141093474415,False,False,30.456349206349206,False,False,58.50088183421517,False,19.54,False
2021-10-08,48.03774250440917,False,False,33.63095238095238,False,False,61.8915343915344,False,18.77,False
2021-10-11,42.85714285714285,False,False,20.535714285714285,False,False,66.87830687830687,False,20.0,False
2021-10-12,49.21869488536154,False,False,27.77777777777778,False,False,66.494708994709,False,19.85,False
2021-10-13,46.6610229276896,False,False,26.19047619047619,False,False,64.47971781305114,False,18.64,False
2021-10-14,45.57442680776013,False,False,42.212301587301596,False,False,53.2583774250441,False,16.86,False
2021-10-15,48.62169312169312,False,False,46.92460317460317,False,False,49.64726631393298,False,16.3,False
2021-10-18,56.61322751322751,False,False,54.66269841269841,False,False,51.49029982363316,False,16.31,False
2021-10-19,54.535273368606695,False,False,59.82142857142858,False,False,48.492063492063494,False,15.7,False
2021-10-20,49.742151675485005,False,False,56.349206349206355,False,False,43.716931216931215,False,15.49,False
2021-10-21,66.92010582010582,False,False,63.888888888888886,False,False,43.333333333333336,False,15.01,False
2021-10-22,69.62804232804233,False,False,64.13690476190476,False,False,42.93650793650793,False,15.43,False
2021-10-25,87.14514991181657,False,False,78.67063492063492,False,False,42.53968253968254,False,15.24,False
2021-10-26,87.71181657848324,False,False,77.03373015873017,False,False,42.40299823633157,False,15.98,False
2021-10-27,81.53015873015872,False,False,63.19444444444444,False,False,50.26014109347443,False,16.98,False
2021-10-28,82.80176366843033,False,False,69.94047619047619,False,False,45.511463844797184,False,16.53,False
2021-10-29,83.49858906525571,False,False,68.9484126984127,False,False,44.23721340388007,False,16.26,False
2021-11-01,88.64497354497352,True,False,73.01587301587301,False,False,32.40740740740741,False,16.41,False
2021-11-02,85.40758377425044,True,False,69.3452380952381,False,False,39.404761904761905,False,16.03,False
2021-11-03,84.17019400352733,True,True,70.48611111111111,False,False,35.5379188712522,False,15.1,False
2021-11-04,90.49435626102292,True,True,70.43650793650794,False,False,37.55291005291006,False,15.44,False
2021-11-05,85.23827160493828,True,False,69.24603174603175,False,False,30.586419753086428,False,16.48,False
2021-11-08,87.48042328042328,True,True,73.80952380952381,False,False,30.19400352733686,False,17.22,False
2021-11-09,87.87231040564373,True,True,68.35317460317461,False,False,34.77072310405644,False,17.78,False
2021-11-10,85.64832451499117,True,True,67.1626984126984,False,False,34.37389770723104,False,18.73,False
2021-11-11,81.28165784832451,False,False,63.095238095238095,False,False,37.66754850088183,False,17.66,False
2021-11-12,83.84003527336861,False,False,68.35317460317461,False,False,34.726631393298064,False,16.29,False
2021-11-15,84.41146384479717,False,False,70.78373015873017,False,False,31.30952380952381,False,16.49,False
2021-11-16,81.10564373897707,False,False,68.84920634920636,False,False,34.16225749559083,False,16.37,False
2021-11-17,83.3257495590829,False,False,64.78174603174602,False,False,39.40917107583774,False,17.11,False
2021-11-18,86.67248677248676,False,False,65.57539682539682,False,False,39.91181657848324,False,17.59,False
2021-11-19,82.08412698412698,True,False,57.986111111111114,False,False,40.48059964726631,False,17.91,False
2021-11-22,84.58624338624338,True,False,63.69047619047619,False,False,41.56084656084656,False,19.17,False
2021-11-23,84.4410934744268,True,False,66.66666666666667,False,False,40.211640211640216,False,19.38,False
2021-11-24,83.63245149911815,True,False,65.47619047619048,False,False,33.835978835978835,False,18.58,False
2021-11-26,58.3063492063492,False,False,31.051587301587304,False,False,55.2689594356261,False,28.62,False
2021-11-29,70.5336860670194,False,False,44.44444444444444,False,False,53.83156966490301,False,22.96,False
2021-11-30,62.25335097001764,False,False,36.210317460317455,False,False,64.81040564373897,False,27.19,False
2021-12-01,73.91481481481482,False,False,45.63492063492063,False,False,69.3694885361552,False,31.12,False
2021-12-02,71.88403880070547,False,False,44.3452380952381,False,False,62.34126984126984,False,27.95,False
2021-12-03,73.28298059964726,False,False,47.91666666666667,False,False,65.74514991181657,False,30.67,False
2021-12-06,73.94320987654321,False,False,47.817460317460316,False,False,57.47795414462081,False,27.18,False
2021-12-07,76.72777777777777,False,False,56.84523809523809,False,False,50.58201058201058,False,21.89,False
2021-12-08,75.83862433862433,False,False,58.92857142857143,False,False,49.30776014109347,False,19.9,False
2021-12-09,78.24479717813051,False,False,52.083333333333336,False,False,51.72398589065256,False,21.58,False
2021-12-10,83.55432098765432,False,False,60.317460317460316,False,False,52.74691358024692,False,18.69,False
2021-12-13,79.67786596119929,False,False,51.68650793650794,False,False,59.012345679012356,False,20.31,False
2021-12-14,77.01437389770723,False,False,46.92460317460318,False,False,59.02998236331569,False,21.89,False
2021-12-15,78.720987654321,False,False,53.86904761904762,False,False,57.71604938271605,False,19.29,False
2021-12-16,75.49902998236333,False,False,54.06746031746031,False,False,60.57760141093474,False,20.57,False
2021-12-17,58.47522045855379,False,False,38.045634920634924,False,False,63.93298059964726,False,21.57,False
2021-12-20,63.24241622574955,False,False,36.5079365079365,False,False,72.07231040564373,False,22.87,False
2021-12-21,75.60731922398588,False,False,55.75396825396826,False,False,58.74338624338625,False,21.01,False
2021-12-22,82.95961199294533,False,False,65.47619047619048,False,False,57.22222222222222,False,18.63,False
2021-12-23,84.05679012345679,False,False,72.22222222222223,False,False,54.34744268077602,False,17.96,False
2021-12-27,87.43227513227512,True,False,78.96825396825398,False,False,50.07936507936508,False,17.68,False
2021-12-28,88.77830687830689,True,False,78.47222222222223,False,False,49.241622574955905,False,17.54,False
2021-12-29,86.87654320987653,True,True,76.78571428571428,False,False,47.90564373897708,False,16.95,False
2021-12-30,84.93315696649032,True,False,77.57936507936509,False,False,47.3721340388007,False,17.33,False
2021-12-31,82.07918871252204,True,False,70.23809523809524,False,False,47.36772486772486,False,17.22,False
2022-01-03,86.84656084656083,True,False,74.0079365079365,False,False,45.780423280423285,False,16.6,False
2022-01-04,82.15908289241622,True,False,73.80952380952382,False,False,47.46031746031746,False,16.91,False
2022-01-05,73.80088183421516,False,False,55.15873015873016,False,False,57.826278659611994,False,19.73,False
2022-01-06,75.05855379188714,False,False,57.24206349206349,False,False,57.5352733686067,False,19.61,True
2022-01-07,71.50564373897707,False,False,49.75198412698413,False,False,61.141975308641975,False,18.76,True
2022-01-10,76.72486772486772,False,False,52.579365079365076,False,False,62.56613756613757,False,19.4,True
2022-01-11,73.94479717813051,False,False,54.56349206349206,False,False,51.979717813051145,False,18.41,True
2022-01-12,78.34991181657847,False,False,53.81944444444444,False,False,54.54144620811288,False,17.62,True
2022-01-13,75.35687830687829,False,False,35.664682539682545,False,False,64.18871252204586,False,20.31,True
2022-01-14,58.9026455026455,False,False,27.67857142857143,False,False,65.97442680776014,False,19.19,True
2022-01-18,48.6484126984127,False,False,18.551587301587304,False,False,72.02821869488535,False,22.79,True
2022-01-19,53.48280423280423,False,False,23.115079365079364,False,False,73.8447971781305,False,23.85,True
2022-01-20,46.49761904761905,False,False,19.64285714285714,False,False,75.88183421516754,True,25.59,True
2022-01-21,46.07539682539682,False,False,18.055555555555554,False,False,79.25044091710758,False,28.85,True
2022-01-24,48.291887125220455,False,False,24.6031746031746,False,False,78.05555555555554,False,29.9,True
2022-01-25,40.97813051146384,False,False,18.452380952380953,False,True,80.26455026455027,False,31.16,True
2022-01-26,44.74444444444443,False,False,22.22222222222222,False,False,81.0626102292769,False,31.96,True
2022-01-27,47.765696649029984,False,False,21.825396825396826,False,False,81.59611992945327,False,30.49,True
2022-01-28,51.91728395061729,False,False,26.041666666666664,False,False,79.40917107583773,False,27.66,True
2022-01-31,45.35458553791887,False,False,22.817460317460316,False,False,71.79453262786596,False,24.83,True
2022-02-01,37.07248677248677,False,False,15.27777777777778,False,False,71.52116402116401,False,21.96,True
2022-02-02,43.21719576719576,False,False,22.619047619047617,False,False,73.09523809523809,False,22.09,True
2022-02-03,43.17416225749559,False,False,19.1468253968254,False,False,82.20017636684302,False,24.35,True
2022-02-04,46.31516754850088,False,False,28.273809523809522,False,False,82.38095238095237,False,23.22,True
2022-02-07,35.51428571428571,False,False,14.186507936507937,False,False,82.34126984126983,False,22.86,True
2022-02-08,35.39929453262786,False,False,20.833333333333332,False,False,79.12257495590829,False,21.44,True
2022-02-09,41.95361552028218,False,False,38.888888888888886,False,False,71.2389770723104,False,19.96,True
2022-02-10,43.50679012345679,False,False,32.242063492063494,False,False,82.13403880070547,False,23.91,True
2022-02-11,45.00723104056437,False,False,22.96626984126984,False,False,86.10229276895943,False,27.36,True
2022-02-14,40.94100529100529,False,False,20.13888888888889,False,False,86.55643738977074,False,28.33,True
2022-02-15,49.50088183421517,False,False,37.89682539682539,False,False,78.81834215167548,False,25.7,True
2022-02-16,48.057583774250446,False,False,35.51587301587301,False,False,83.48324514991182,False,24.29,True
2022-02-17,48.36040564373897,False,False,25.09920634920635,False,False,87.01499118165783,False,28.11,True
2022-02-18,47.25970017636684,False,False,21.626984126984127,False,False,87.25308641975307,False,27.75,True
2022-02-22,50.17610229276896,False,False,23.115079365079367,False,False,88.5978835978836,False,28.81,True
2022-02-23,48.13262786596119,False,False,22.32142857142857,False,False,90.42328042328042,False,31.02,True
2022-02-24,47.7058201058201,False,False,23.115079365079364,False,False,88.55379188712521,False,30.32,True
2022-02-25,38.17751322751322,False,False,19.345238095238095,False,False,79.20634920634922,False,27.59,True
2022-02-28,31.55246913580247,False,False,11.607142857142858,False,True,86.1111111111111,False,30.15,True
2022-03-01,27.3663139329806,False,False,8.63095238095238,False,True,89.73544973544973,False,33.32,True
2022-03-02,33.62768959435626,False,False,20.634920634920636,False,True,81.5432098765432,False,30.74,True
2022-03-03,32.22892416225749,False,False,18.253968253968257,False,True,87.1031746031746,False,30.48,True
2022-03-04,26.699823633156967,False,False,10.317460317460316,False,True,88.51410934744268,False,31.98,True
2022-03-07,21.901675485008816,False,False,4.464285714285713,False,True,91.99735449735448,False,36.45,True
2022-03-08,31.03447971781305,False,False,8.63095238095238,False,True,92.16490299823634,False,35.13,True
2022-03-09,29.966049382716044,False,False,11.210317460317459,False,True,87.57936507936508,False,32.45,True
2022-03-10,44.14029982363315,False,False,23.511904761904766,False,False,90.65696649029981,False,30.23,True
2022-03-11,37.85493827160494,False,False,17.063492063492063,False,True,92.49559082892416,False,30.75,True
2022-03-14,32.041358024691355,False,False,15.178571428571429,False,True,92.35449735449735,False,31.77,True
2022-03-15,37.94717813051147,False,False,26.38888888888889,False,False,82.80864197530865,False,29.83,True
2022-03-16,43.58280423280422,False,False,50.99206349206349,False,False,81.45502645502647,False,26.67,True
2022-03-17,37.76710758377424,False,False,52.67857142857143,False,False,81.01410934744268,False,25.67,True
2022-03-18,29.133068783068776,False,False,46.82539682539682,False,False,80.82451499118166,False,23.87,True
2022-03-21,46.62795414462081,False,False,59.920634920634924,False,False,78.4700176366843,False,23.53,True
2022-03-22,53.70176366843033,False,False,68.25396825396825,False,False,76.80335097001763,False,22.94,True
2022-03-23,58.15776014109347,False,False,64.68253968253968,False,False,82.04585537918871,False,23.57,True
2022-03-24,62.23359788359788,False,False,69.5436507936508,False,False,78.58465608465609,False,21.67,True
2022-03-25,59.82336860670193,False,False,68.65079365079364,False,False,79.89858906525575,False,20.81,True
2022-03-28,63.99135802469136,False,False,72.22222222222223,False,False,77.63668430335098,False,19.63,True
2022-03-29,58.8721340388007,False,False,69.24603174603175,False,False,69.94268077601411,False,18.9,True
2022-03-30,61.63509700176366,False,False,71.13095238095238,False,False,71.38007054673722,False,19.33,True
2022-03-31,50.6589065255732,False,False,62.599206349206355,False,False,82.83068783068784,False,20.56,True
2022-04-01,53.3652557319224,False,False,63.6904761904762,False,False,76.67989417989418,False,19.63,True
2022-04-04,57.67354497354496,False,False,67.55952380952381,False,False,70.78042328042328,False,18.57,True
2022-04-05,53.13148148148148,False,False,60.81349206349206,False,False,81.7063492063492,False,21.03,True
2022-04-06,57.38712522045855,False,False,57.83730158730159,False,False,83.58465608465609,False,22.1,True
2022-04-07,53.0189594356261,False,False,54.761904761904766,False,False,83.05114638447974,False,21.55,True
2022-04-08,46.136860670194,False,False,49.404761904761905,False,False,81.43298059964725,False,21.16,True
2022-04-11,48.233597883597874,False,False,46.92460317460318,False,False,85.0705467372134,False,24.37,True
2022-04-12,51.68977072310406,False,False,47.22222222222222,False,False,85.49823633156966,False,24.26,True
2022-04-13,46.8283950617284,False,False,48.41269841269841,False,False,81.22574955908289,False,21.82,True
2022-04-14,37.80776014109347,False,False,38.78968253968254,False,False,86.09347442680776,False,22.7,True
2022-04-18,44.5616402116402,False,False,42.857142857142854,False,False,86.05820105820106,False,22.17,True
2022-04-19,37.775044091710754,False,False,42.9563492063492,False,False,76.30511463844796,False,21.37,True
2022-04-20,43.362786596119925,False,False,46.42857142857143,False,False,81.84303350970016,False,20.32,True
2022-04-21,46.857671957671954,False,False,44.5436507936508,False,False,85.94356261022926,False,22.68,True
2022-04-22,36.84100529100529,False,False,28.96825396825397,False,False,89.02116402116401,False,28.21,True
2022-04-25,37.25961199294533,False,False,30.753968253968253,False,False,87.7910052910053,False,27.02,True
2022-04-26,49.45537918871251,False,False,39.285714285714285,False,False,91.0626102292769,False,33.52,True
2022-04-27,37.55908289241621,False,False,27.678571428571427,False,False,90.57760141093473,False,31.6,True
2022-04-28,47.955291005291,False,False,41.567460317460316,False,False,90.29541446208113,False,29.99,True
2022-04-29,44.84832451499118,False,False,36.210317460317455,False,False,92.86596119929453,False,33.4,True
2022-05-02,39.66119929453262,False,False,36.507936507936506,False,False,91.93562610229277,False,32.34,True
2022-05-03,38.07098765432099,False,False,37.351190476190474,False,False,92.52204585537919,False,29.25,True
2022-05-04,52.47830687830688,False,False,54.26587301587301,False,False,88.98589065255733,False,25.42,True
2022-05-05,49.00264550264549,False,False,46.42857142857143,False,False,93.76984126984127,False,31.2,True
2022-05-06,44.89003527336861,False,False,42.361111111111114,False,False,94.0299823633157,False,30.19,True
2022-05-09,39.51278659611992,False,False,36.40873015873016,False,False,95.04409171075837,False,34.75,True
2022-05-10,40.55670194003528,False,False,35.91269841269841,False,False,94.75308641975307,False,32.99,True
2022-05-11,46.85820105820106,False,False,36.80555555555556,False,False,95.23368606701939,False,32.56,True
2022-05-12,52.52195767195767,False,False,39.38492063492063,False,False,94.99559082892416,False,31.77,True
2022-05-13,52.36940035273368,False,False,43.45238095238095,False,False,89.81040564373897,False,28.87,True
2022-05-16,50.19303350970017,False,False,38.69047619047619,False,False,93.46560846560845,False,27.47,True
2022-05-17,50.71164021164021,False,False,46.279761904761905,False,False,89.43562610229276,False,26.1,True
2022-05-18,43.99929453262786,False,False,33.73015873015873,False,False,96.14197530864197,False,30.96,True
2022-05-19,48.24470899470899,False,False,37.103174603174594,False,False,96.331569664903,False,29.35,True
2022-05-20,54.17469135802468,False,False,41.31944444444444,False,False,95.80246913580248,False,29.43,True
2022-05-23,51.7042328042328,False,False,42.9563492063492,False,False,93.35537918871252,False,28.48,True
2022-05-24,46.7120811287478,False,False,35.06944444444444,False,False,94.97795414462082,False,29.45,True
2022-05-25,48.17186948853615,False,False,43.10515873015873,False,False,91.43298059964725,False,28.37,True
2022-05-26,55.02645502645503,False,False,60.81349206349206,False,False,87.88800705467372,False,27.5,True
2022-05-27,54.53827160493827,False,False,68.25396825396825,False,False,84.07407407407406,False,25.72,True
2022-05-31,32.3194885361552,False,False,50.29761904761905,False,False,86.73721340388006,False,26.19,True
2022-06-01,53.364462081128735,False,False,63.392857142857146,False,False,90.10582010582011,False,25.69,True
2022-06-02,61.42098765432098,False,False,74.2063492063492,False,False,86.08465608465606,False,24.72,True
2022-06-03,62.59462081128748,False,False,71.32936507936508,False,False,90.31746031746032,False,24.79,True
2022-06-06,57.5889770723104,False,False,67.7579365079365,False,False,89.43121693121692,False,25.07,True
2022-06-07,40.27107583774251,False,False,55.90277777777778,False,False,83.98148148148148,False,24.02,True
2022-06-08,46.41111111111111,False,False,56.94444444444444,False,False,91.08024691358025,False,23.96,True
2022-06-09,50.36446208112874,False,False,46.42857142857143,False,False,92.87477954144619,False,26.09,True
2022-06-10,43.93077601410935,False,False,35.714285714285715,False,False,95.04409171075838,False,27.75,True
2022-06-13,36.523280423280426,False,False,34.42460317460318,False,False,96.26543209876543,False,34.02,False
2022-06-14,28.84065255731922,False,False,28.273809523809522,False,False,96.30952380952381,False,32.69,False
2022-06-15,38.96772486772486,False,False,33.63095238095238,False,False,95.24691358024693,False,29.62,False
2022-06-16,31.716490299823636,False,False,27.678571428571427,False,False,96.24779541446208,False,32.95,False
2022-06-17,25.09973544973545,False,False,20.238095238095237,True,False,96.0978835978836,False,31.13,False
2022-06-21,37.83536155202822,False,False,30.555555555555557,False,False,95.4320987654321,False,30.19,False
2022-06-22,34.511904761904766,False,False,27.182539682539684,False,False,95.4320987654321,False,28.95,False
2022-06-23,35.955467372134045,False,False,30.8531746031746,False,False,95.4453262786596,False,29.05,False
2022-06-24,28.43483245149912,False,False,31.795634920634917,False,False,86.89594356261023,False,27.23,False
2022-06-27,41.92813051146384,False,False,41.567460317460316,False,False,86.80335097001763,False,26.95,False
2022-06-28,44.12098765432099,False,False,39.48412698412699,False,False,91.65343915343915,False,28.36,False
2022-06-29,44.805291005291,False,False,38.095238095238095,False,False,95.29541446208113,False,28.16,False
2022-06-30,42.471516754850086,False,False,35.91269841269841,False,False,95.90388007054673,False,28.71,False
2022-07-01,46.27777777777777,False,False,43.84920634920635,False,False,95.43650793650795,False,26.7,False
2022-07-05,44.24585537918871,False,False,43.45238095238095,False,False,94.72222222222221,False,27.54,False
2022-07-06,41.25670194003526,False,False,43.948412698412696,False,False,94.58994708994709,False,26.73,False
2022-07-07,44.17513227513228,False,False,53.86904761904762,False,False,86.39329805996475,False,26.08,False
2022-07-08,58.13650793650793,False,False,62.20238095238095,False,False,88.35978835978835,False,24.64,False
2022-07-11,56.625132275132266,False,False,56.448412698412696,False,False,93.89329805996472,False,26.17,False
2022-07-12,50.844179894179895,False,False,52.132936507936506,False,False,91.90917107583773,False,27.29,False
2022-07-13,50.532098765432096,False,False,44.94047619047619,False,False,91.60493827160492,False,26.82,False
2022-07-14,39.36772486772486,False,False,36.06150793650794,False,False,92.0679012345679,False,26.4,False
2022-07-15,34.90749559082892,False,False,43.650793650793645,False,False,84.73985890652557,False,24.23,False
2022-07-18,48.025573192239854,False,False,46.13095238095238,False,False,86.58289241622576,False,25.3,False
2022-07-19,47.94091710758377,False,False,61.160714285714285,False,False,80.3747795414462,False,24.5,False
2022-07-20,51.01904761904762,False,False,62.202380952380956,False,False,79.38712522045854,False,23.88,False
2022-07-21,61.30132275132275,False,False,68.35317460317461,False,False,78.88007054673722,False,23.11,False
2022-07-22,58.61208112874779,False,False,60.11904761904762,False,False,84.64726631393297,False,23.03,False
2022-07-25,46.98694885361551,False,False,54.66269841269842,False,False,82.46031746031747,False,23.36,False
2022-07-26,44.66075837742504,False,False,51.14087301587301,False,False,85.14550264550265,False,24.69,False
2022-07-27,53.42486772486772,False,False,63.04563492063492,False,False,78.11287477954146,False,23.24,False
2022-07-28,50.40308641975309,False,False,61.9047619047619,False,False,82.3236331569665,False,22.33,False
2022-07-29,55.19144620811287,False,False,66.66666666666667,False,False,82.79982363315696,False,21.33,False
2022-08-01,62.35520282186948,False,False,70.43650793650794,False,False,81.45943562610229,False,22.84,True
2022-08-02,55.00361552028218,False,False,66.07142857142857,False,False,81.93562610229277,False,23.93,True
2022-08-03,57.22795414462082,False,False,70.58531746031746,False,False,81.41975308641976,False,21.95,True
2022-08-04,53.54303350970018,False,False,66.12103174603175,False,False,81.90035273368606,False,21.44,True
2022-08-05,65.85141093474427,False,False,74.10714285714286,False,False,79.66049382716047,False,21.15,True
2022-08-08,66.3468253968254,False,False,74.8015873015873,False,False,75.2821869488536,False,21.29,True
2022-08-09,63.30238095238095,False,False,71.72619047619048,False,False,79.41798941798942,False,21.77,True
2022-08-10,61.488183421516766,False,False,76.38888888888889,False,False,73.62874779541444,False,19.74,True
2022-08-11,44.84038800705467,False,False,62.698412698412696,False,False,70.75837742504409,False,20.2,True
2022-08-12,61.52310405643738,False,False,76.48809523809524,False,False,68.51851851851852,False,19.53,True
2022-08-15,58.65343915343916,False,False,74.0079365079365,False,False,67.70723104056438,False,19.95,True
2022-08-16,60.088712522045846,False,False,74.8015873015873,False,False,66.34479717813052,False,19.69,True
2022-08-17,62.74338624338624,False,False,76.19047619047619,False,False,67.57495590828923,False,19.9,True
2022-08-18,53.88395061728395,False,False,71.57738095238095,False,False,69.88977072310406,False,19.56,True
2022-08-19,47.94708994708994,False,False,57.192460317460316,False,False,75.25132275132275,False,20.6,True
2022-08-22,47.44797178130511,False,False,51.091269841269835,False,False,80.92592592592592,False,23.8,True
2022-08-23,44.18932980599647,False,False,45.33730158730159,False,False,78.57142857142857,False,24.11,True
2022-08-24,45.83192239858906,False,False,49.900793650793645,False,False,76.48148148148148,False,22.82,True
2022-08-25,55.53668430335097,False,False,64.98015873015873,False,False,70.77601410934744,False,21.78,True
2022-08-26,55.48694885361552,False,False,48.46230158730159,False,False,82.5,False,25.56,True
2022-08-29,42.62583774250441,False,False,36.40873015873016,False,False,82.9673721340388,False,26.21,False
2022-08-30,42.49356261022928,False,False,36.70634920634921,False,False,86.13756613756614,False,26.21,False
2022-08-31,35.341181657848324,False,False,31.200396825396826,False,False,86.11111111111113,False,25.87,False
2022-09-01,50.70299823633157,False,False,44.44444444444444,False,False,85.49382716049384,False,25.56,False
2022-09-02,48.68068783068783,False,False,42.361111111111114,False,False,87.11640211640211,False,25.47,False
2022-09-06,35.799559082892415,False,False,31.4484126984127,False,False,87.62786596119929,False,26.91,False
2022-09-07,39.309347442680775,False,False,38.492063492063494,False,False,81.08024691358024,False,24.64,False
2022-09-08,40.10202821869488,False,False,42.26190476190476,False,False,84.54585537918871,False,23.61,False
2022-09-09,39.14664902998236,False,False,47.22222222222223,False,False,77.53086419753086,False,22.79,False
2022-09-12,41.83148148148148,False,False,56.795634920634924,False,False,76.56966490299824,False,23.87,False
2022-09-13,46.53430335097001,False,False,45.833333333333336,False,False,89.20634920634922,False,27.27,False
2022-09-14,32.53456790123456,False,False,36.507936507936506,False,False,89.32980599647266,False,26.16,False
2022-09-15,36.816490299823634,False,False,40.773809523809526,False,False,90.54232804232805,False,26.27,False
2022-09-16,24.167548500881832,False,False,28.422619047619047,False,False,91.63139329805996,False,26.3,False
2022-09-19,35.75502645502646,False,False,41.4186507936508,False,False,90.91269841269842,False,25.76,False
2022-09-20,40.312345679012346,False,False,43.3531746031746,False,False,92.1031746031746,False,27.16,False
2022-09-21,43.86358024691358,False,False,41.86507936507937,False,False,93.15255731922399,False,27.99,False
2022-09-22,46.51190476190476,False,False,41.4186507936508,False,False,93.34656084656086,False,27.35,False
2022-09-23,33.75255731922398,False,False,30.50595238095238,False,False,94.30776014109347,False,29.92,False
2022-09-26,31.8352733686067,False,False,30.158730158730158,False,False,93.46560846560847,False,32.26,False
2022-09-27,33.16754850088184,False,False,32.93650793650794,False,False,93.30687830687829,False,32.6,False
2022-09-28,33.54197530864197,False,False,33.63095238095238,False,False,89.06966490299823,False,30.18,False
2022-09-29,44.34814814814814,False,False,38.492063492063494,False,False,93.9241622574956,False,31.84,False
2022-09-30,30.140564373897703,False,False,28.57142857142857,False,False,94.66490299823631,False,31.62,False
2022-10-03,38.26014109347442,False,False,40.27777777777778,False,False,87.2530864197531,False,30.1,False
2022-10-04,39.38350970017636,False,False,52.33134920634921,False,False,84.31657848324515,False,29.07,False
2022-10-05,40.31172839506173,False,False,51.68650793650794,False,False,86.43298059964728,False,28.55,False
2022-10-06,33.28694885361552,False,False,42.26190476190476,False,False,93.05555555555554,False,30.52,False
2022-10-07,41.08747795414462,False,False,40.37698412698413,False,False,94.86331569664902,False,31.36,False
2022-10-10,43.19356261022928,False,False,46.47817460317461,False,False,96.02292768959437,False,32.45,False
2022-10-11,32.8157848324515,False,False,37.698412698412696,False,False,95.47178130511463,False,33.63,False
2022-10-12,29.12336860670193,False,False,31.746031746031747,False,False,95.42328042328042,False,33.57,False
2022-10-13,37.94338624338624,False,False,47.96626984126984,False,False,91.67107583774249,False,31.94,False
2022-10-14,33.75432098765432,False,False,37.79761904761905,False,False,95.63051146384481,False,32.02,False
2022-10-17,30.610141093474425,False,False,42.46031746031746,False,False,92.12522045855378,False,31.37,False
2022-10-18,33.78306878306878,False,False,53.224206349206355,False,False,87.45590828924162,False,30.5,False
2022-10-19,29.33968253968254,False,False,43.154761904761905,False,False,92.24867724867725,False,30.76,False
2022-10-20,33.123985890652555,False,False,41.66666666666667,False,False,93.74338624338624,False,29.98,False
2022-10-21,29.493209876543208,False,False,47.222222222222214,False,False,90.24250440917108,False,29.69,False
2022-10-24,33.04188712522046,False,False,52.28174603174604,False,False,88.668430335097,False,29.85,False
2022-10-25,33.152733686067016,False,False,58.779761904761905,False,False,83.07760141093473,False,28.46,False
2022-10-26,41.94320987654321,False,False,54.31547619047619,False,False,87.43386243386243,False,27.28,False
2022-10-27,41.70573192239858,False,False,50.89285714285714,False,False,88.07760141093475,False,27.39,False
2022-10-28,52.97839506172839,False,False,68.05555555555554,False,False,82.88359788359789,False,25.75,False
2022-10-31,33.61604938271605,False,False,55.75396825396825,False,False,82.47795414462082,False,25.88,False
2022-11-01,35.57292768959435,False,False,55.45634920634921,False,False,83.11728395061728,False,25.81,False
2022-11-02,33.75943562610229,False,False,47.17261904761905,False,False,88.25396825396825,False,25.86,False
2022-11-03,33.563492063492056,False,False,46.13095238095238,False,False,89.06084656084657,False,25.3,False
2022-11-04,42.71031746031745,False,False,59.12698412698413,False,False,85.63051146384481,False,24.55,False
2022-11-07,35.50220458553792,False,False,53.224206349206355,False,False,84.78395061728396,False,24.35,False
2022-11-08,39.60299823633157,False,False,59.82142857142857,False,False,83.15255731922399,False,25.54,False
2022-11-09,36.784215167548496,False,False,45.039682539682545,False,False,86.67107583774249,False,26.09,False
2022-11-10,47.57592592592592,False,False,70.13888888888889,False,False,74.37830687830687,False,23.53,False
2022-11-11,37.46684303350969,False,False,63.442460317460316,False,False,72.09435626102292,False,22.52,False
2022-11-14,38.93306878306878,False,False,58.382936507936506,False,False,76.73721340388006,False,23.73,False
2022-11-15,40.66560846560846,False,False,60.317460317460316,False,False,71.83862433862434,False,24.54,False
2022-11-16,42.16111111111111,False,False,55.55555555555556,False,False,75.30864197530865,False,24.11,False
2022-11-17,46.7584656084656,False,False,59.523809523809526,False,False,74.25485008818343,False,23.93,False
2022-11-18,39.44832451499118,False,False,58.432539682539684,False,False,77.2442680776014,False,23.12,False
2022-11-21,37.02663139329806,False,False,49.95039682539682,False,False,79.0079365079365,False,22.36,False
2022-11-22,36.518783068783065,False,False,60.06944444444444,False,False,75.61287477954143,False,21.29,False
2022-11-23,54.61155202821869,False,False,74.0575396825397,False,False,71.41975308641975,False,20.35,False
2022-11-25,48.00264550264551,False,False,69.04761904761904,False,False,68.68606701940035,False,20.5,False
2022-11-28,36.514726631393295,False,False,50.69444444444444,False,False,77.93650793650794,False,22.21,False
2022-11-29,37.48615520282186,False,False,49.404761904761905,False,False,74.48853615520282,False,21.89,False
2022-11-30,29.616049382716053,False,False,63.492063492063494,False,False,70.57760141093475,False,20.58,False
2022-12-01,31.81358024691358,False,False,65.27777777777779,False,False,64.72222222222221,False,19.84,False
2022-12-02,31.6,False,False,55.357142857142854,False,False,61.750440917107575,False,19.06,False
2022-12-05,30.491622574955905,False,False,49.702380952380956,False,False,71.62257495590829,False,20.75,False
2022-12-06,31.863227513227503,False,False,40.27777777777778,False,False,76.46825396825396,False,22.17,False
2022-12-07,32.68218694885361,False,False,36.30952380952381,False,False,75.18077601410936,False,22.68,False
2022-12-08,41.629012345679016,False,False,52.43055555555556,False,False,70.60846560846561,False,22.29,False
2022-12-09,40.79991181657848,False,False,40.87301587301587,False,False,68.54938271604938,False,22.83,False
2022-12-12,35.00881834215167,False,False,48.51190476190476,False,False,64.24603174603175,False,25.0,False
2022-12-13,41.85934744268077,False,False,60.81349206349206,False,False,64.78395061728395,False,22.55,False
2022-12-14,38.58624338624338,False,False,52.579365079365076,False,False,65.43650793650794,False,21.14,False
2022-12-15,31.14382716049383,False,False,37.301587301587304,False,False,74.9294532627866,False,22.83,False
2022-12-16,27.402469135802463,False,False,27.976190476190474,False,False,77.41622574955909,False,22.62,False
2022-12-19,39.44038800705467,False,False,36.80555555555556,False,False,78.55379188712521,False,22.42,False
2022-12-20,35.75185185185185,False,False,40.476190476190474,False,False,77.37654320987654,False,21.48,False
2022-12-21,33.36058201058201,False,False,46.62698412698413,False,False,75.2116402116402,False,20.07,False
2022-12-22,47.40643738977072,False,False,54.81150793650794,False,False,78.21869488536156,False,21.97,False
2022-12-23,53.70537918871253,False,False,53.769841269841265,False,False,76.78130511463846,False,20.87,False
2022-12-27,52.78703703703703,False,False,53.769841269841265,False,False,77.30599647266314,False,21.65,False
2022-12-28,55.2705467372134,False,False,50.595238095238095,False,False,79.73104056437388,False,22.14,False
2022-12-29,57.24673721340388,False,False,60.763888888888886,False,False,68.47442680776015,False,21.44,False
2022-12-30,48.23447971781305,False,False,51.88492063492063,False,False,68.65079365079366,False,21.67,False
2023-01-03,37.45414462081128,False,False,51.58730158730159,False,False,74.40476190476191,False,22.9,False
2023-01-04,29.70343915343915,False,False,47.12301587301587,False,False,67.28835978835978,False,22.01,False
2023-01-05,27.4031746031746,False,False,39.48412698412699,False,False,76.10229276895943,False,22.46,False
2023-01-06,34.13853615520282,False,False,53.27380952380952,False,False,71.78130511463844,False,21.13,False
2023-01-09,31.62160493827161,False,False,50.24801587301587,False,False,71.35361552028218,False,21.97,False
2023-01-10,32.283597883597885,False,False,50.5952380952381,False,False,68.47442680776015,False,20.58,False
2023-01-11,33.631657848324515,False,False,60.51587301587302,False,False,66.76807760141094,False,21.09,False
2023-01-12,41.90846560846561,False,False,60.76388888888889,False,False,64.30335097001763,False,18.83,False
2023-01-13,38.8042328042328,False,False,59.12698412698413,False,False,63.897707231040556,False,18.35,False
2023-01-17,31.531216931216928,False,False,55.15873015873016,False,False,61.56084656084656,False,19.36,False
2023-01-18,29.110052910052907,False,False,43.154761904761905,False,False,67.22222222222221,False,20.34,False
2023-01-19,28.98800705467372,False,False,38.09523809523809,False,False,69.40035273368606,False,20.52,False
2023-01-20,24.74779541446208,False,False,44.742063492063494,False,False,62.51322751322751,False,19.85,False
2023-01-23,47.01446208112875,False,False,72.51984126984127,False,False,60.00881834215168,False,19.81,False
2023-01-24,41.938271604938265,False,False,63.74007936507936,False,False,60.49382716049382,False,19.2,False
2023-01-25,49.21446208112874,False,False,68.9484126984127,False,False,60.811287477954146,False,19.08,False
2023-01-26,55.55573192239859,False,False,79.76190476190476,False,False,57.098765432098766,False,18.73,False
2023-01-27,68.80723104056437,False,False,80.85317460317461,False,False,54.470899470899475,False,18.51,False
2023-01-30,62.14779541446208,False,False,70.13888888888889,False,False,57.64109347442682,False,19.94,False
2023-01-31,40.2610229276896,False,False,64.18650793650794,False,False,54.33421516754851,False,19.4,False
2023-02-01,63.41164021164021,False,False,79.06746031746032,False,False,53.0379188712522,False,17.87,False
2023-02-02,58.09100529100529,False,False,68.94841269841271,False,False,52.20899470899471,False,18.73,False
2023-02-03,68.98518518518519,False,False,75.34722222222223,False,False,55.44091710758378,False,18.33,False
2023-02-06,67.82910052910051,False,False,72.02380952380953,False,False,58.59347442680777,False,19.43,False
2023-02-07,77.98800705467372,False,False,82.83730158730158,False,False,54.188712522045854,False,18.66,False
2023-02-08,72.14832451499119,False,False,74.4047619047619,False,False,59.90740740740741,False,19.63,False
2023-02-09,67.70520282186949,False,False,66.36904761904762,False,False,59.85449735449735,False,20.71,False
2023-02-10,69.30432098765431,False,False,65.37698412698413,False,False,55.939153439153436,False,20.53,False
2023-02-13,70.82081128747795,False,False,79.46428571428571,False,False,53.443562610229286,False,20.34,False
2023-02-14,75.54973544973545,False,False,80.35714285714286,False,False,55.445326278659614,False,18.91,False
2023-02-15,74.01252204585538,False,False,80.4563492063492,False,False,50.55114638447972,False,18.23,False
2023-02-16,72.85529100529101,False,False,75.09920634920636,False,False,59.620811287477956,False,20.17,False
2023-02-17,64.36278659611993,False,False,68.25396825396825,False,False,53.93298059964727,False,20.02,False
2023-02-21,55.50432098765432,False,False,56.64682539682539,False,False,61.552028218694886,False,22.87,False
2023-02-22,60.58844797178131,False,False,63.69047619047619,False,False,59.113756613756614,False,22.29,False
2023-02-23,61.66825396825397,False,False,67.36111111111111,False,False,62.43827160493826,False,21.14,False
2023-02-24,49.380864197530855,False,False,54.761904761904766,False,False,66.82539682539682,False,21.67,False
2023-02-27,50.06746031746032,False,False,58.5813492063492,False,False,66.820987654321,False,20.95,False
2023-02-28,29.835978835978835,False,False,38.59126984126984,False,False,67.09435626102292,False,20.7,False
2023-03-01,47.84797178130511,False,False,55.4563492063492,False,False,67.64991181657848,False,20.58,False
2023-03-02,55.878835978835966,False,False,66.26984126984128,False,False,65.60846560846561,False,19.59,False
2023-03-03,52.6037037037037,False,False,71.32936507936509,False,False,59.35185185185185,False,18.49,False
2023-03-06,48.65643738977072,False,False,64.18650793650794,False,False,61.11111111111111,False,18.61,False
2023-03-07,46.77389770723104,False,False,54.71230158730158,False,False,66.43298059964728,False,19.59,False
2023-03-08,60.40246913580247,False,False,65.87301587301587,False,False,64.73985890652558,False,19.11,False
2023-03-09,44.07469135802469,False,False,46.92460317460318,False,False,69.16225749559084,False,22.61,False
2023-03-10,33.51058201058201,False,False,34.82142857142857,False,False,72.6763668430335,False,24.8,False
2023-03-13,31.18818342151675,False,False,34.02777777777778,False,False,73.60229276895944,False,26.52,False
2023-03-14,32.76022927689594,False,False,41.76587301587301,False,False,70.00881834215168,False,23.73,False
2023-03-15,26.65943562610229,False,False,39.58333333333333,False,False,71.59611992945327,False,26.14,False
2023-03-16,39.9173721340388,False,False,55.4563492063492,False,False,68.11287477954146,False,22.99,False
2023-03-17,27.450352733686064,False,False,40.97222222222222,False,False,71.005291005291,False,25.51,False
2023-03-20,48.069223985890645,False,False,55.55555555555556,False,False,64.99559082892416,False,24.15,False
2023-03-21,58.029629629629625,False,False,68.55158730158729,False,False,57.72486772486772,False,21.38,False
2023-03-22,66.9763668430335,False,False,64.38492063492063,False,False,70.07495590828924,False,22.26,False
2023-03-23,55.75899470899471,False,False,46.92460317460317,False,False,69.79276895943563,False,22.61,False
2023-03-24,49.95925925925926,False,False,50.297619047619044,False,False,64.42239858906525,False,21.74,False
2023-03-27,51.60670194003527,False,False,60.51587301587302,False,False,59.307760141093475,False,20.6,False
2023-03-28,54.92751322751322,False,False,62.400793650793645,False,False,60.445326278659614,False,19.97,False
2023-03-29,63.169135802469135,False,False,76.58730158730158,False,False,58.227513227513235,False,19.12,False
2023-03-30,62.17795414462081,False,False,78.62103174603175,False,False,56.935626102292765,False,19.02,False
2023-03-31,64.71604938271605,False,False,84.22619047619048,False,False,53.447971781305114,False,18.7,False
2023-04-03,54.366843033509696,False,False,79.86111111111111,False,False,54.23280423280423,False,18.55,False
2023-04-04,49.67813051146384,False,False,65.42658730158729,False,False,56.19929453262787,False,19.0,False
2023-04-05,50.16243386243386,False,False,60.81349206349206,False,False,57.50440917107585,False,19.08,False
2023-04-06,56.36331569664903,False,False,63.095238095238095,False,False,52.52645502645503,False,18.4,False
2023-04-10,70.50070546737214,False,False,87.59920634920636,False,False,47.076719576719576,False,18.97,False
2023-04-11,56.51146384479717,False,False,76.33928571428571,False,False,47.36331569664903,False,19.1,False
2023-04-12,63.9079365079365,False,False,76.88492063492063,False,False,52.42063492063492,False,19.09,False
2023-04-13,55.39858906525573,False,False,72.71825396825398,False,False,45.11904761904761,False,17.8,False
2023-04-14,48.118871252204585,False,False,61.408730158730165,False,False,47.25308641975309,False,17.07,False
2023-04-17,46.42239858906525,False,False,70.03968253968253,False,False,42.89682539682539,False,16.95,False
2023-04-18,48.69417989417989,False,False,71.82539682539682,False,False,43.205467372134045,False,16.83,False
2023-04-19,52.897178130511456,False,False,67.65873015873015,False,False,45.326278659612,False,16.46,False
2023-04-20,66.85696649029981,False,False,76.33928571428571,False,False,45.4320987654321,False,17.17,False
2023-04-21,46.15943562610229,False,False,58.58134920634921,False,False,46.164021164021165,False,16.77,False
2023-04-24,55.7042328042328,False,False,64.98015873015873,False,False,46.468253968253975,False,16.89,False
2023-04-25,49.52592592592592,False,False,58.382936507936506,False,False,55.36596119929453,False,18.76,False
2023-04-26,57.19717813051145,False,False,54.56349206349206,False,False,55.555555555555564,False,18.84,False
2023-04-27,56.0336860670194,False,False,62.20238095238095,False,False,51.044973544973544,False,17.03,False
2023-04-28,52.17566137566137,False,False,61.011904761904766,False,False,44.435626102292765,False,15.78,False
2023-05-01,58.58835978835978,False,False,72.12301587301587,False,False,45.03086419753087,False,16.08,False
2023-05-02,44.9710758377425,False,False,52.480158730158735,False,False,55.55555555555555,False,17.78,False
2023-05-03,43.07019400352733,False,False,53.67063492063491,False,False,57.54409171075838,False,18.34,False
2023-05-04,35.0910934744268,False,False,41.269841269841265,False,False,58.00705467372134,False,20.09,False
2023-05-05,64.63015873015873,False,False,70.03968253968254,False,False,49.62522045855379,False,17.19,False
2023-05-08,63.4084656084656,False,False,75.49603174603175,False,False,56.68430335097002,False,16.98,False
2023-05-09,45.46772486772487,False,False,61.111111111111114,False,False,57.27072310405644,False,17.71,False
2023-05-10,67.37707231040564,False,False,75.9920634920635,False,False,57.21340388007054,False,16.94,False
2023-05-11,56.56366843033509,False,False,53.62103174603175,False,False,58.11287477954144,False,16.93,False
2023-05-12,69.5037037037037,False,False,73.90873015873015,False,False,57.62786596119929,False,17.03,False
2023-05-15,57.91781305114638,False,False,69.94047619047619,False,False,55.33950617283951,False,17.12,False
2023-05-16,63.256261022927696,False,False,66.26984126984127,False,False,59.1358024691358,False,17.99,False
2023-05-17,66.08800705467371,False,False,76.09126984126983,False,False,55.25132275132275,False,16.87,False
2023-05-18,73.61287477954144,False,False,81.94444444444444,False,False,51.79012345679012,False,16.05,False
2023-05-19,67.83015873015873,False,False,77.48015873015872,False,False,53.7962962962963,False,16.81,False
2023-05-22,69.7005291005291,False,False,82.14285714285714,False,False,46.75044091710759,False,17.21,False
2023-05-23,67.72680776014109,False,False,75.29761904761904,False,False,52.79541446208112,False,18.53,False
2023-05-24,70.37574955908289,False,False,77.08333333333333,False,False,58.8095238095238,False,20.03,False
2023-05-25,72.95731922398588,False,False,80.45634920634922,False,False,57.879188712522044,False,19.14,False
2023-05-26,74.5,False,False,83.53174603174604,False,False,54.9647266313933,False,17.95,False
2023-05-30,75.97037037037036,False,False,81.69642857142856,False,False,54.67813051146385,False,17.46,False
2023-05-31,61.94497354497354,False,False,73.21428571428571,False,False,53.04673721340388,False,17.94,False
2023-06-01,76.52645502645501,False,False,79.96031746031747,False,False,50.1984126984127,False,15.65,False
2023-06-02,74.82716049382717,False,False,88.19444444444444,False,False,38.589065255731924,False,14.6,False
2023-06-05,77.37231040564374,False,False,87.79761904761905,False,False,43.0026455026455,False,14.73,False
2023-06-06,76.57442680776013,False,False,88.19444444444444,False,False,39.92063492063492,False,13.96,False
2023-06-07,78.33827160493826,False,False,91.76587301587301,False,False,41.58289241622575,False,13.94,False
2023-06-08,78.66049382716048,False,False,91.56746031746032,False,False,40.11904761904761,False,13.65,False
2023-06-09,78.48253968253968,False,False,92.26190476190476,False,False,41.3095238095238,False,13.83,False
2023-06-12,75.47389770723103,False,False,94.09722222222221,False,False,35.76278659611993,False,15.01,False
2023-06-13,76.33721340388007,False,False,96.32936507936508,False,False,31.70194003527337,False,14.61,False
2023-06-14,76.39876543209876,False,False,94.64285714285714,False,False,35.91269841269841,False,13.88,False
2023-06-15,75.29100529100529,False,False,98.51190476190476,False,False,29.387125220458554,False,14.5,False
2023-06-16,69.36913580246915,False,False,95.83333333333333,False,False,28.94179894179894,False,13.54,False
2023-06-20,74.3705467372134,False,False,92.7579365079365,False,False,31.26543209876543,False,13.88,False
2023-06-21,76.69135802469134,False,False,92.7579365079365,False,False,31.529982363315696,False,13.2,False
2023-06-22,76.96948853615518,False,False,90.07936507936509,False,False,33.311287477954146,False,12.91,False
2023-06-23,64.63015873015873,False,False,79.76190476190476,False,False,36.42857142857143,False,13.44,False
2023-06-26,74.68694885361552,False,False,86.7063492063492,False,False,30.326278659611997,False,14.25,False
2023-06-27,74.45996472663138,False,False,89.2361111111111,False,False,30.070546737213405,False,13.74,False
2023-06-28,75.99488536155202,False,False,87.79761904761904,False,False,34.55467372134039,False,13.43,False
2023-06-29,72.63192239858907,False,False,88.4920634920635,False,False,29.933862433862434,False,13.54,False
2023-06-30,71.42998236331569,False,False,90.97222222222223,False,False,25.436507936507937,False,13.59,False
2023-07-03,76.47865961199294,False,False,97.22222222222221,False,False,23.977072310405646,False,13.57,False
2023-07-05,68.59188712522045,False,False,87.99603174603175,False,False,25.0,False,14.18,False
2023-07-06,65.49435626102293,False,False,79.76190476190476,False,False,32.548500881834215,False,15.44,False
2023-07-07,65.02574955908288,False,False,79.81150793650792,False,False,33.90652557319224,False,14.83,False
2023-07-10,70.51305114638447,False,False,88.14484126984127,False,False,28.606701940035276,False,15.07,False
2023-07-11,63.89029982363316,False,False,88.4920634920635,False,False,24.90299823633157,False,14.84,False
2023-07-12,71.1989417989418,False,False,92.46031746031746,False,False,28.862433862433864,False,13.54,False
2023-07-13,68.87248677248677,False,False,88.4920634920635,False,False,26.626984126984127,False,13.61,False
2023-07-14,75.21305114638447,False,False,91.46825396825396,False,False,27.6058201058201,False,13.34,False
2023-07-17,74.88112874779542,False,False,91.07142857142857,False,False,28.350970017636683,False,13.48,False
2023-07-18,74.1331569664903,False,False,89.18650793650794,False,False,24.497354497354497,False,13.3,False
2023-07-19,74.45978835978835,False,False,91.96428571428572,False,False,20.996472663139333,False,13.76,False
2023-07-20,74.51287477954145,False,False,91.22023809523809,False,False,23.575837742504408,False,13.99,False
2023-07-21,75.56349206349206,False,False,91.76587301587301,False,False,23.606701940035276,False,13.6,False
2023-07-24,68.16437389770722,False,False,85.56547619047619,False,False,19.422398589065256,False,13.91,False
2023-07-25,62.9068783068783,False,False,80.6547619047619,False,False,22.17372134038801,False,13.86,False
2023-07-26,62.59312169312169,False,False,76.1904761904762,False,False,19.387125220458557,False,13.19,False
2023-07-27,60.15731922398588,False,False,72.91666666666667,False,False,26.7989417989418,False,14.41,False
2023-07-28,67.72857142857143,False,False,78.96825396825398,False,False,23.18342151675485,False,13.33,False
2023-07-31,50.59629629629629,False,False,69.94047619047618,False,False,22.037037037037038,False,13.63,False
2023-08-01,57.16331569664903,False,False,70.73412698412699,False,False,23.611111111111114,False,13.93,False
2023-08-02,66.75626102292769,False,False,79.76190476190476,False,False,32.107583774250436,False,16.09,False
2023-08-03,64.29964726631393,False,False,75.89285714285714,False,False,32.61022927689594,False,15.92,False
2023-08-04,68.52204585537919,False,False,77.67857142857143,False,False,35.6305114638448,False,17.1,False
2023-08-07,68.89753086419753,False,False,78.76984126984127,False,False,33.761022927689595,False,15.77,False
2023-08-08,60.49611992945326,False,False,70.13888888888889,False,False,35.50705467372134,False,15.99,False
2023-08-09,67.09911816578483,False,False,72.32142857142857,False,False,35.53791887125221,False,15.96,False
2023-08-10,66.20723104056437,False,False,74.0079365079365,False,False,35.59964726631393,False,15.85,False
2023-08-11,70.19541446208112,False,False,75.24801587301587,False,False,31.388888888888886,False,14.84,False
2023-08-14,71.38606701940036,False,False,73.71031746031747,False,False,34.757495590828924,False,14.82,False
2023-08-15,66.12469135802468,False,False,68.65079365079364,False,False,39.98677248677249,False,16.46,False
2023-08-16,63.87319223985891,False,False,65.87301587301587,False,False,41.33156966490299,False,16.78,False
2023-08-17,56.31269841269841,False,False,60.416666666666664,False,False,42.43827160493827,False,17.89,False
2023-08-18,61.31128747795413,False,False,66.36904761904762,False,False,41.24338624338625,False,17.3,False
2023-08-21,63.32998236331569,False,False,69.24603174603175,False,False,41.99294532627866,False,17.13,False
2023-08-22,66.7705467372134,False,False,71.13095238095238,False,False,42.70723104056437,False,16.97,False
2023-08-23,66.56984126984126,False,False,71.82539682539684,False,False,41.635802469135804,False,15.98,False
2023-08-24,67.59523809523809,False,False,69.94047619047619,False,False,46.719576719576715,False,17.2,False
2023-08-25,69.54867724867724,False,False,73.41269841269842,False,False,44.096119929453266,False,15.68,False
2023-08-28,70.17125220458553,False,False,77.48015873015873,False,False,39.83686067019401,False,15.08,False
2023-08-29,69.70282186948853,False,False,81.44841269841268,False,False,38.245149911816576,False,14.45,False
2023-08-30,70.84320987654321,False,False,85.11904761904762,False,False,32.29717813051147,False,13.88,False
2023-08-31,66.44779541446209,False,False,81.79563492063492,False,False,38.80070546737213,False,13.57,False
2023-09-01,71.19188712522046,False,False,82.58928571428572,False,False,38.170194003527335,False,13.09,False
2023-09-05,65.42980599647265,False,False,75.79365079365078,False,False,40.89065255731922,False,14.01,False
2023-09-06,66.15343915343915,False,False,74.80158730158729,False,False,41.54320987654321,False,14.45,False
2023-09-07,67.04673721340387,False,False,74.85119047619047,False,False,43.161375661375665,False,14.4,False
2023-09-08,66.56666666666666,False,False,75.29761904761905,False,False,41.80335097001764,False,13.84,False
2023-09-11,69.94003527336861,False,False,81.84523809523809,False,False,41.62257495590829,False,13.8,False
2023-09-12,67.56631393298059,False,False,80.65476190476191,False,False,42.35449735449736,False,14.23,False
2023-09-13,64.9384479717813,False,False,73.26388888888889,False,False,39.77513227513228,False,13.48,False
2023-09-14,61.35079365079365,False,False,73.51190476190476,False,False,35.93915343915344,False,12.82,False
2023-09-15,48.98553791887125,False,False,64.33531746031746,False,False,41.12433862433862,False,13.79,False
2023-09-18,65.83774250440918,False,False,74.90079365079364,False,False,42.257495590828924,False,14.0,False
2023-09-19,60.40246913580246,False,False,70.23809523809524,False,False,41.92239858906526,False,14.11,False
2023-09-20,62.91763668430334,False,False,72.02380952380952,False,False,43.8668430335097,False,15.14,False
2023-09-21,57.62751322751322,False,False,65.07936507936509,False,False,51.03174603174603,False,17.54,False
2023-09-22,59.04144620811287,False,False,63.59126984126984,False,False,50.45855379188712,False,17.2,False
2023-09-25,58.95590828924162,False,False,63.69047619047619,False,False,49.47530864197531,False,16.9,False
2023-09-26,53.27213403880072,False,False,62.1031746031746,False,False,54.31216931216932,False,18.94,False
2023-09-27,54.07213403880071,False,False,60.51587301587301,False,False,53.245149911816576,False,18.22,False
2023-09-28,57.386772486772486,False,False,67.26190476190476,False,False,51.860670194003525,False,17.34,False
2023-09-29,57.58359788359788,False,False,63.74007936507936,False,False,50.811287477954146,False,17.52,False
2023-10-02,56.072663139329805,False,False,61.507936507936506,False,False,53.985890652557316,False,17.61,False
2023-10-03,51.54514991181658,False,False,57.44047619047619,False,False,58.214285714285715,False,19.78,False
2023-10-04,58.58835978835979,False,False,62.99603174603174,False,False,57.57936507936507,False,18.58,False
2023-10-05,56.04285714285714,False,False,58.035714285714285,False,False,58.478835978835974,False,18.49,False
2023-10-06,58.300705467372126,False,False,63.888888888888886,False,False,56.71516754850089,False,17.45,False
2023-10-09,57.758377425044095,False,False,68.1547619047619,False,False,55.639329805996475,False,17.7,False
2023-10-10,61.78765432098765,False,False,74.70238095238096,False,False,51.16843033509699,False,17.03,False
2023-10-11,58.863844797178125,False,False,68.9484126984127,False,False,54.188712522045854,False,16.09,False
2023-10-12,65.9132275132275,False,False,71.77579365079364,False,False,58.18783068783068,False,16.69,False
2023-10-13,55.98042328042328,False,False,61.904761904761905,False,False,56.82539682539683,False,19.32,False
2023-10-16,56.86984126984126,False,False,69.7420634920635,False,False,51.560846560846564,False,17.21,False
2023-10-17,69.28677248677249,False,False,81.34920634920634,False,False,49.7310405643739,False,17.88,False
2023-10-18,59.83932980599647,False,False,70.93253968253968,False,False,61.80335097001764,False,19.22,False
2023-10-19,60.333333333333336,False,False,66.46825396825396,False,False,61.988536155202816,False,21.4,False
2023-10-20,50.32865961199295,False,False,56.051587301587304,False,False,65.56437389770723,False,21.71,False
2023-10-23,59.34029982363315,False,False,61.40873015873016,False,False,65.85537918871252,False,20.37,False
2023-10-24,50.28465608465609,False,False,56.94444444444444,False,False,62.93650793650793,False,18.97,False
2023-10-25,51.3274250440917,False,False,52.67857142857143,False,False,66.89153439153439,False,20.19,False
2023-10-26,49.68835978835979,False,False,50.0,False,False,69.36507936507935,False,20.68,False
2023-10-27,49.1621693121693,False,False,47.12301587301587,False,False,70.71428571428571,False,21.27,False
2023-10-30,49.81481481481481,False,False,53.57142857142857,False,False,69.16225749559082,False,19.75,False
2023-10-31,46.929982363315695,False,False,54.96031746031746,False,False,65.17195767195767,False,18.14,False
2023-11-01,58.879012345679016,False,False,67.85714285714286,False,False,65.51587301587303,False,16.87,False
2023-11-02,54.64585537918871,False,False,70.43650793650794,False,False,60.5952380952381,False,15.66,False
2023-11-03,59.95449735449736,False,False,77.08333333333334,False,False,52.82186948853616,False,14.91,False
2023-11-06,62.66631393298059,False,False,80.2579365079365,False,False,57.75132275132275,False,14.89,False
2023-11-07,62.95361552028219,False,False,75.89285714285714,False,False,57.16931216931217,False,14.81,False
2023-11-08,56.71781305114638,False,False,69.1468253968254,False,False,60.48059964726631,False,14.45,False
2023-11-09,68.06402116402117,False,False,73.90873015873017,False,False,62.870370370370374,False,15.29,False
2023-11-10,73.78377425044091,False,False,85.61507936507937,False,False,59.59435626102293,False,14.17,False
2023-11-13,71.49682539682539,False,False,83.48214285714286,False,False,59.86772486772487,False,14.76,False
2023-11-14,72.22962962962963,False,False,88.39285714285715,False,False,49.254850088183424,False,14.16,False
2023-11-15,72.40582010582011,False,False,90.47619047619047,False,False,47.12522045855379,False,14.18,False
2023-11-16,71.61093474426806,False,False,84.52380952380952,False,False,49.8589065255732,False,14.32,False
2023-11-17,71.46119929453262,False,False,89.38492063492063,False,False,45.0352733686067,False,13.8,False
2023-11-20,72.11499118165784,False,False,91.96428571428571,False,False,45.436507936507944,False,13.41,False
2023-11-21,77.42857142857142,False,False,92.26190476190476,False,False,46.26543209876544,False,13.35,False
2023-11-22,82.34920634920634,False,False,95.83333333333334,False,False,39.9647266313933,False,12.85,False
2023-11-24,78.43950617283949,False,False,93.45238095238096,False,False,36.32275132275132,False,12.46,False
2023-11-27,72.71657848324514,False,False,87.3015873015873,False,False,36.90035273368607,False,12.69,False
2023-11-28,72.91499118165784,False,False,87.59920634920634,False,False,38.57142857142858,False,12.69,False
2023-11-29,69.41816578483245,False,False,86.01190476190476,False,False,38.474426807760146,False,12.98,False
2023-11-30,51.47336860670193,False,False,73.21428571428572,False,False,35.286596119929456,False,12.92,False
2023-12-01,60.26119929453262,False,False,80.30753968253968,False,False,33.93738977072311,False,12.63,False
2023-12-04,55.72680776014109,False,False,75.94246031746032,False,False,33.05996472663139,False,13.08,False
2023-12-05,65.55026455026454,False,False,76.78571428571428,False,False,36.54320987654321,False,12.85,False
2023-12-06,53.66649029982363,False,False,67.95634920634922,False,False,37.45149911816578,False,12.97,False
2023-12-07,62.18641975308641,False,False,73.71031746031746,False,False,36.19929453262787,False,13.06,False
2023-12-08,62.79894179894179,False,False,77.82738095238095,False,False,32.010582010582006,False,12.35,False
2023-12-11,68.59453262786596,False,False,86.40873015873015,False,False,30.207231040564377,False,12.63,False
2023-12-12,65.95396825396826,False,False,83.53174603174602,False,False,34.025573192239854,False,12.07,False
2023-12-13,59.86825396825396,False,False,80.60515873015872,False,False,26.657848324514998,False,12.19,False
2023-12-14,48.8758377425044,False,False,71.97420634920636,False,False,24.88977072310406,False,12.48,False
2023-12-15,42.814991181657845,False,False,63.69047619047619,False,False,28.659611992945326,False,12.28,False
2023-12-18,56.21640211640212,False,False,77.77777777777777,False,False,26.05820105820106,False,12.56,False
2023-12-19,52.36966490299823,False,False,74.65277777777777,False,False,22.38095238095238,False,12.53,False
2023-12-20,50.22116402116402,False,False,64.68253968253968,False,False,31.67548500881834,False,13.67,False
2023-12-21,56.482363315696645,False,False,76.28968253968254,False,False,27.667548500881832,False,13.65,False
2023-12-22,58.141269841269846,False,False,77.08333333333334,False,False,27.125220458553787,False,13.03,False
2023-12-26,66.49700176366844,False,False,84.47420634920636,False,False,25.815696649029984,False,12.99,False
2023-12-27,67.38377425044092,False,False,80.20833333333333,False,False,25.432098765432098,False,12.43,False
2023-12-28,69.14708994708995,False,False,84.07738095238096,False,False,25.396825396825395,False,12.47,False
2023-12-29,68.30952380952381,False,False,81.8452380952381,False,False,26.41093474426808,False,12.45,False
2024-01-02,52.26455026455026,False,False,72.66865079365078,False,False,26.984126984126988,False,13.2,False
2024-01-03,44.982010582010574,False,False,55.8531746031746,False,False,29.347442680776012,False,14.04,False
2024-01-04,45.54338624338624,False,False,56.25,False,False,29.841269841269845,False,14.13,False
2024-01-05,54.58906525573192,False,False,63.492063492063494,False,False,29.528218694885364,False,13.35,False
2024-01-08,60.33439153439153,False,False,70.83333333333333,False,False,28.373015873015873,False,13.08,False
2024-01-09,69.02328042328043,False,False,73.4126984126984,False,False,29.04761904761905,False,12.76,False
2024-01-10,66.87442680776013,False,False,69.64285714285714,False,False,28.311287477954142,False,12.69,False
2024-01-11,71.6716049382716,False,False,65.57539682539684,False,False,29.312169312169313,False,12.44,False
2024-01-12,57.86860670194003,False,False,54.96031746031746,False,False,28.350970017636683,False,12.7,False
2024-01-16,66.47848324514992,False,False,63.988095238095234,False,False,32.548500881834215,False,13.84,False
2024-01-17,64.89382716049383,False,False,60.11904761904762,False,False,39.210758377425044,False,14.79,False
2024-01-18,71.44726631393296,False,False,70.38690476190476,False,False,37.88800705467372,False,14.13,False
2024-01-19,70.64991181657848,False,False,78.07539682539684,False,False,36.81216931216931,False,13.3,False
2024-01-22,68.47936507936507,False,False,77.97619047619048,False,False,30.621693121693124,False,13.19,False
2024-01-23,57.021164021164026,False,False,64.28571428571429,False,False,24.991181657848326,False,12.55,False
2024-01-24,77.573721340388,False,False,76.38888888888889,False,False,30.25132275132275,False,13.14,False
2024-01-25,75.5978835978836,False,False,79.56349206349206,False,False,28.037918871252206,False,13.45,False
2024-01-26,69.87865961199294,False,False,74.0079365079365,False,False,23.02910052910053,False,13.26,False
2024-01-29,71.52910052910053,False,False,76.1904761904762,False,False,22.023809523809522,False,13.6,False
2024-01-30,71.43245149911816,False,False,73.71031746031747,False,False,22.570546737213405,False,13.31,False
2024-01-31,50.98677248677249,False,False,56.94444444444444,False,False,34.673721340388006,False,14.35,False
2024-02-01,52.787654320987656,False,False,59.32539682539682,False,False,28.774250440917104,False,13.88,False
2024-02-02,63.95414462081128,False,False,68.1547619047619,False,False,31.084656084656086,False,13.85,False
2024-02-05,73.23703703703703,False,False,75.89285714285714,False,False,36.283068783068785,False,13.67,False
2024-02-06,79.0294532627866,False,False,79.66269841269842,False,False,28.34215167548501,False,13.06,False
2024-02-07,71.28236331569666,False,False,76.5873015873016,False,False,30.462962962962965,False,12.83,False
2024-02-08,60.25978835978835,False,False,69.49404761904762,False,False,31.73280423280423,False,12.79,False
2024-02-09,74.72063492063492,False,False,83.03571428571429,False,False,28.78747795414462,False,12.93,False
2024-02-12,80.09100529100529,False,False,88.0952380952381,False,False,23.253968253968253,False,13.93,False
2024-02-13,70.85890652557319,False,False,80.65476190476191,False,False,35.87301587301588,False,15.85,False
2024-02-14,73.77089947089948,False,False,80.75396825396825,False,False,28.470017636684304,False,14.38,False
2024-02-15,78.19435626102293,False,False,86.40873015873015,False,False,25.343915343915345,False,14.01,False
2024-02-16,79.45996472663138,False,False,84.22619047619048,False,False,31.111111111111114,False,14.24,False
2024-02-20,74.4010582010582,False,False,83.18452380952381,False,False,30.537918871252202,False,15.42,False
2024-02-21,78.10546737213403,False,False,85.21825396825398,False,False,27.68077601410935,False,15.34,False
2024-02-22,83.60194003527337,False,False,92.1626984126984,False,False,28.368606701940035,False,14.54,False
2024-02-23,83.53174603174602,False,False,91.71626984126983,False,False,28.055555555555557,False,13.75,False
2024-02-26,78.07548500881833,False,False,86.65674603174604,False,False,32.442680776014114,False,13.74,False
2024-02-27,74.16507936507936,False,False,85.76388888888889,False,False,28.48324514991182,False,13.43,False
2024-02-28,62.68659611992945,False,False,75.59523809523809,False,False,28.65079365079365,False,13.84,False
2024-02-29,65.40211640211639,False,False,83.63095238095238,False,False,26.009700176366845,False,13.4,False
2024-03-01,77.65114638447972,False,False,90.47619047619048,False,False,23.077601410934744,False,13.11,False
2024-03-04,82.67425044091709,False,False,92.1626984126984,False,False,27.420634920634924,False,13.49,False
2024-03-05,79.83280423280422,False,False,85.21825396825398,False,False,28.72574955908289,False,14.46,False
2024-03-06,83.31569664902996,False,False,88.98809523809523,False,False,27.46913580246914,False,14.5,False
2024-03-07,83.49259259259259,False,False,90.52579365079364,False,False,20.84215167548501,False,14.44,False
2024-03-08,86.37795414462082,True,True,91.12103174603175,False,False,23.840388007054674,False,14.74,False
2024-03-11,79.42927689594356,False,False,86.7063492063492,False,False,21.358024691358025,False,15.22,False
2024-03-12,85.85679012345679,False,False,93.9484126984127,False,False,20.84215167548501,False,13.84,False
2024-03-13,81.70194003527337,False,False,90.27777777777779,False,False,17.425044091710756,False,13.75,False
2024-03-14,81.04585537918871,False,False,81.00198412698411,False,False,19.788359788359788,False,14.4,False
2024-03-15,52.41922398589065,False,False,61.507936507936506,False,False,21.027336860670196,False,14.41,False
2024-03-18,72.23915343915344,False,False,81.25,False,False,22.054673721340382,False,14.33,False
2024-03-19,70.77760141093474,False,False,83.92857142857142,False,False,19.00793650793651,False,13.82,False
2024-03-20,64.06049382716049,False,False,87.20238095238095,False,False,20.39241622574956,False,13.04,False
2024-03-21,71.18236331569665,False,False,92.3611111111111,False,False,16.062610229276896,False,12.92,False
2024-03-22,79.18377425044092,False,False,89.28571428571428,False,False,18.611111111111107,False,13.06,False
2024-03-25,82.8753086419753,False,False,85.86309523809524,False,False,18.98148148148148,False,13.19,False
2024-03-26,77.55079365079364,False,False,82.73809523809524,False,False,17.22663139329806,False,13.24,False
2024-03-27,69.68447971781305,False,False,88.2936507936508,False,False,12.791005291005291,False,12.78,False
2024-03-28,52.67407407407407,False,False,80.35714285714285,False,False,12.777777777777779,False,13.01,False
2024-04-01,67.65961199294532,False,False,85.9126984126984,False,False,13.055555555555557,False,13.65,False
2024-04-02,51.20493827160494,False,False,67.9563492063492,False,False,16.313932980599645,False,14.61,False
2024-04-03,51.36172839506172,False,False,67.55952380952381,False,False,16.32716049382716,False,14.33,False
2024-04-04,57.11992945326279,False,False,67.46031746031747,False,False,24.916225749559086,False,16.35,False
2024-04-05,65.83086419753086,False,False,70.73412698412699,False,False,22.023809523809522,False,16.03,False
2024-04-08,51.817107583774245,False,False,66.02182539682539,False,False,21.335978835978835,False,15.19,False
2024-04-09,65.89523809523808,False,False,75.04960317460318,False,False,16.31393298059965,False,14.98,False
2024-04-10,58.81128747795414,False,False,59.22619047619048,False,False,27.702821869488535,False,15.8,False
2024-04-11,72.78518518518518,False,False,67.26190476190476,False,False,26.922398589065253,False,14.91,False
2024-04-12,63.74726631393298,False,False,60.416666666666664,False,False,33.39065255731923,False,17.31,False
2024-04-15,60.79823633156966,False,False,57.44047619047619,False,False,37.09435626102293,False,19.23,False
2024-04-16,52.32892416225749,False,False,46.329365079365076,False,False,37.42504409171076,False,18.4,False
2024-04-17,57.235802469135805,False,False,51.48809523809524,False,False,37.173721340388006,False,18.21,False
2024-04-18,54.55908289241623,False,False,49.30555555555556,False,False,36.948853615520285,False,18.0,False
2024-04-19,64.30811287477954,False,False,56.74603174603175,False,False,36.53439153439154,False,18.71,False
2024-04-22,58.13985890652556,False,False,54.26587301587301,False,False,35.65696649029983,False,16.94,False
2024-04-23,49.630158730158726,False,False,52.97619047619048,False,False,32.89241622574956,False,15.69,False
2024-04-24,52.82433862433862,False,False,52.67857142857143,False,False,33.04673721340388,False,15.97,False
2024-04-25,56.202645502645495,False,False,51.68650793650794,False,False,36.64462081128748,False,15.37,False
2024-04-26,65.37671957671957,False,False,63.2936507936508,False,False,37.24426807760141,False,15.03,False
2024-04-29,73.64708994708994,False,False,72.71825396825398,False,False,36.60493827160494,False,14.67,False
2024-04-30,52.54056437389771,False,False,52.579365079365076,False,False,43.19223985890653,False,15.65,False
2024-05-01,63.05873015873015,False,False,57.638888888888886,False,False,43.09082892416226,False,15.39,False
2024-05-02,51.47989417989417,False,False,52.579365079365076,False,False,41.00088183421517,False,14.68,False
2024-05-03,56.96878306878306,False,False,63.492063492063494,False,False,37.58377425044091,False,13.49,False
2024-05-06,51.85414462081128,False,False,66.36904761904762,False,False,35.36596119929453,False,13.49,False
2024-05-07,49.69594356261022,False,False,61.60714285714286,False,False,32.91887125220459,False,13.23,False
2024-05-08,42.63227513227513,False,False,56.15079365079365,False,False,33.738977072310405,False,13.0,False
2024-05-09,46.52610229276896,False,False,61.408730158730165,False,False,29.519400352733687,False,12.69,False
2024-05-10,47.27689594356261,False,False,65.67460317460318,False,False,24.757495590828928,False,12.55,False
2024-05-13,43.64109347442681,False,False,62.89682539682539,False,False,22.372134038800706,False,13.6,False
2024-05-14,43.863139329806,False,False,62.54960317460317,False,False,22.103174603174605,False,13.42,False
2024-05-15,60.32892416225749,False,False,80.15873015873015,False,False,20.339506172839506,False,12.45,False
2024-05-16,45.61358024691358,False,False,67.65873015873015,False,False,20.643738977072314,False,12.42,False
2024-05-17,48.207760141093466,False,False,70.63492063492063,False,False,18.82275132275132,False,11.99,False
2024-05-20,58.63403880070546,False,False,76.58730158730158,False,False,22.69400352733686,False,12.15,False
2024-05-21,69.8689594356261,False,False,82.19246031746032,False,False,23.253968253968253,False,11.86,False
2024-05-22,71.50758377425045,False,False,79.86111111111111,False,False,23.368606701940035,False,12.29,False
2024-05-23,85.78906525573191,False,False,73.01587301587303,False,False,29.717813051146383,False,12.77,False
2024-05-24,80.30705467372134,False,False,70.03968253968253,False,False,28.487654320987655,False,11.93,False
2024-05-28,84.9389770723104,False,False,72.17261904761905,False,False,30.097001763668427,False,12.92,False
2024-05-29,79.92257495590829,False,False,66.76587301587301,False,False,28.87125220458554,False,14.28,False
2024-05-30,80.042151675485,False,False,65.77380952380953,False,False,27.12962962962963,False,14.47,False
2024-05-31,60.09329805996472,False,False,57.0436507936508,False,False,23.311287477954142,False,12.92,False
2024-06-03,72.51446208112874,False,False,63.19444444444444,False,False,26.11111111111111,False,13.11,False
2024-06-04,67.63086419753085,False,False,52.08333333333333,False,False,25.476190476190478,False,13.16,False
2024-06-05,85.305291005291,False,False,68.45238095238096,False,False,25.445326278659618,False,12.63,False
2024-06-06,87.96225749559082,False,False,65.92261904761905,False,False,23.62874779541446,False,12.58,False
2024-06-07,78.90458553791886,False,False,62.599206349206355,False,False,27.627865961199294,False,12.22,False
2024-06-10,75.1522045855379,False,False,62.301587301587304,False,False,21.992945326278658,False,12.74,False
2024-06-11,77.65343915343915,False,False,62.301587301587304,False,False,24.532627865961203,False,12.85,False
2024-06-12,88.67248677248678,False,False,71.42857142857143,False,False,26.34920634920635,False,12.04,False
2024-06-13,89.62134038800706,False,False,72.4702380952381,False,False,26.820987654320987,False,11.94,False
2024-06-14,89.21816578483244,True,True,68.9484126984127,False,False,28.033509700176367,False,12.66,False
2024-06-17,90.04409171075837,True,True,75.69444444444446,False,False,26.428571428571427,False,12.75,False
2024-06-18,89.15520282186948,True,True,74.80158730158732,False,False,26.534391534391535,False,12.3,False
2024-06-20,90.24885361552028,True,True,70.63492063492063,False,False,22.451499118165785,False,13.28,False
2024-06-21,78.71957671957671,False,False,63.888888888888886,False,False,19.72222222222222,False,13.2,False
2024-06-24,81.06631393298059,False,False,74.50396825396825,False,False,20.317460317460316,False,13.33,False
2024-06-25,79.7148148148148,False,False,68.15476190476191,False,False,23.743386243386244,False,12.84,False
2024-06-26,82.28571428571428,False,False,70.68452380952381,False,False,23.977072310405646,False,12.55,False
2024-06-27,78.72804232804232,False,False,68.50198412698413,False,False,19.034391534391535,False,12.24,False
2024-06-28,58.2236331569665,False,False,53.07539682539682,False,False,21.252204585537914,False,12.44,False
2024-07-01,85.4742504409171,False,False,68.10515873015873,False,False,25.67019400352733,False,12.22,False
2024-07-02,88.59541446208114,False,False,76.88492063492063,False,False,23.575837742504408,False,12.03,False
2024-07-03,92.03403880070547,True,True,81.94444444444444,False,False,25.19400352733686,False,12.09,False
2024-07-05,89.57248677248677,True,True,74.05753968253968,False,False,20.921516754850085,False,12.48,False
2024-07-08,93.26613756613756,True,True,80.55555555555556,False,False,23.597883597883595,False,12.37,False
2024-07-09,94.08059964726633,True,True,80.15873015873017,False,False,25.462962962962962,False,12.51,False
2024-07-10,94.05555555555556,True,True,85.01984126984127,False,False,23.37742504409171,False,12.85,False
2024-07-11,93.71322751322752,True,True,86.06150793650794,False,False,18.778659611992943,False,12.92,False
2024-07-12,87.78694885361553,True,True,81.15079365079364,False,False,14.828042328042327,False,12.46,False
2024-07-15,83.63650793650794,True,True,81.99404761904762,False,False,19.770723104056437,False,13.12,False
2024-07-16,66.6716049382716,False,False,70.13888888888889,False,False,14.938271604938272,False,13.19,False
2024-07-17,76.43756613756614,False,False,73.61111111111111,False,False,19.805996472663136,False,14.48,False
2024-07-18,71.47548500881834,False,False,64.58333333333333,False,False,25.0,False,15.93,False
2024-07-19,65.37460317460317,False,False,59.82142857142857,False,False,27.354497354497354,False,16.52,False
2024-07-22,76.79753086419753,False,False,77.77777777777779,False,False,21.781305114638446,False,14.91,False
2024-07-23,62.37019400352733,False,False,63.888888888888886,False,False,25.665784832451497,False,14.72,False
2024-07-24,68.88853615520281,False,False,64.48412698412699,False,False,37.83068783068783,False,18.04,False
2024-07-25,64.01269841269841,False,False,59.52380952380953,False,False,39.254850088183424,False,18.46,False
2024-07-26,54.47407407407408,False,False,52.28174603174604,False,False,34.38271604938272,False,16.39,False
2024-07-29,62.68430335097001,False,False,58.829365079365076,False,False,30.21604938271605,False,16.6,False
2024-07-30,67.97671957671957,False,False,59.82142857142857,False,False,30.947971781305114,False,17.69,False
2024-07-31,65.99329805996472,False,False,62.797619047619044,False,False,29.572310405643744,False,16.36,False
2024-08-01,65.05873015873016,False,False,52.77777777777777,False,False,42.46913580246913,False,18.59,False
2024-08-02,60.15370370370369,False,False,41.617063492063494,False,False,51.01851851851851,False,23.39,False
2024-08-05,46.36322751322752,False,False,28.571428571428566,False,False,58.7037037037037,False,38.57,False
2024-08-06,43.401851851851845,False,False,26.984126984126988,False,False,55.55114638447972,False,27.71,False
2024-08-07,43.23589065255732,False,False,28.174603174603178,False,False,58.20987654320987,False,27.85,False
2024-08-08,46.064638447971774,False,False,36.111111111111114,False,False,52.16490299823633,False,23.79,False
2024-08-09,48.16305114638447,False,False,35.317460317460316,False,False,50.73192239858907,False,20.37,False
2024-08-12,49.29691358024691,False,False,34.42460317460318,False,False,55.20723104056438,False,20.71,False
2024-08-13,67.4548500881834,False,False,54.464285714285715,False,False,49.58994708994709,False,18.12,False
2024-08-14,62.45643738977072,False,False,52.67857142857143,False,False,52.31481481481482,False,16.19,False
2024-08-15,66.94021164021163,False,False,67.46031746031746,False,False,43.69929453262787,False,15.23,False
2024-08-16,69.04938271604937,False,False,67.55952380952381,False,False,42.95414462081129,False,14.8,False
2024-08-19,79.57760141093475,False,False,79.06746031746032,False,False,40.855379188712526,False,14.65,False
2024-08-20,75.47724867724868,False,False,69.5436507936508,False,False,42.29717813051147,False,15.88,False
2024-08-21,68.54038800705467,False,False,71.23015873015872,False,False,40.85097001763668,False,16.27,False
2024-08-22,75.49559082892415,False,False,66.76587301587301,False,False,41.84744268077601,False,17.55,False
2024-08-23,71.99417989417988,False,False,71.72619047619048,False,False,38.65520282186949,False,15.86,False
2024-08-26,71.09876543209876,False,False,71.2797619047619,False,False,39.016754850088184,False,16.15,False
2024-08-27,68.96666666666665,False,False,71.32936507936508,False,False,39.44003527336861,False,15.43,False
2024-08-28,71.70758377425044,False,False,74.4047619047619,False,False,43.355379188712526,False,17.11,False
2024-08-29,71.96296296296296,False,False,68.75,False,False,42.65873015873016,False,15.65,False
2024-08-30,55.15873015873016,False,False,64.48412698412699,False,False,38.15255731922398,False,15.0,False
2024-09-03,48.56384479717813,False,False,50.49603174603175,False,False,45.42768959435626,False,20.72,False
2024-09-04,42.52063492063492,False,False,37.8968253968254,False,False,46.49470899470899,False,21.32,False
2024-09-05,39.17636684303351,False,False,32.14285714285714,False,False,47.16931216931217,False,19.9,False
2024-09-06,45.370899470899474,False,False,29.265873015873016,False,False,52.75132275132276,False,22.38,False
2024-09-09,32.114638447971785,False,False,19.841269841269842,False,False,49.00352733686068,False,19.45,False
2024-09-10,37.04514991181658,False,False,24.305555555555557,False,False,50.899470899470906,False,19.08,False
2024-09-11,53.05167548500881,False,False,44.49404761904762,False,False,49.664902998236336,False,17.69,False
2024-09-12,47.23703703703704,False,False,40.27777777777778,False,False,43.68165784832451,False,17.07,False
2024-09-13,36.93509700176367,False,False,36.80555555555556,False,False,44.85449735449736,False,16.56,False
2024-09-16,42.7721340388007,False,False,48.26388888888889,False,False,41.05379188712522,False,17.14,False
2024-09-17,38.45802469135803,False,False,40.17857142857143,False,False,37.79982363315697,False,17.61,False
2024-09-18,45.02222222222221,False,False,47.32142857142857,False,False,40.961199294532626,False,18.23,False
2024-09-19,44.90670194003527,False,False,47.22222222222222,False,False,40.20282186948854,False,16.33,False
2024-09-20,43.10052910052909,False,False,48.214285714285715,False,False,41.485890652557316,False,16.15,False
2024-09-23,38.91410934744268,False,False,48.71031746031746,False,False,38.452380952380956,False,15.89,False
2024-09-24,47.626631393298055,False,False,52.67857142857143,False,False,37.72486772486773,False,15.39,False
2024-09-25,39.403350970017634,False,False,44.44444444444444,False,False,42.01940035273369,False,15.41,False
2024-09-26,48.3984126984127,False,False,57.98611111111111,False,False,41.7063492063492,False,15.37,False
2024-09-27,43.3689594356261,False,False,47.71825396825397,False,False,35.21164021164021,False,16.96,False
2024-09-30,38.55396825396825,False,False,42.757936507936506,False,False,37.50881834215168,False,16.73,False
2024-10-01,42.00388007054673,False,False,41.66666666666667,False,False,36.17283950617284,False,19.26,False
2024-10-02,35.216931216931215,False,False,34.12698412698413,False,False,39.4973544973545,False,18.9,False
2024-10-03,36.43412698412698,False,False,39.682539682539684,False,False,40.42768959435626,False,20.49,False
2024-10-04,44.28606701940035,False,False,50.5952380952381,False,False,32.23985890652557,False,19.21,False
2024-10-07,46.39488536155202,False,False,48.80952380952381,False,False,36.0273368606702,False,22.64,False
2024-10-08,42.22257495590829,False,False,47.37103174603175,False,False,34.7310405643739,False,21.42,False
2024-10-09,43.9005291005291,False,False,52.87698412698413,False,False,29.281305114638446,False,20.86,False
2024-10-10,53.38544973544973,False,False,58.43253968253968,False,False,31.287477954144624,False,20.93,False
2024-10-11,40.92610229276896,False,False,52.579365079365076,False,False,25.56437389770723,False,20.46,False
2024-10-14,45.43915343915343,False,False,63.19444444444444,False,False,26.88271604938272,False,19.7,False
2024-10-15,47.109171075837736,False,False,56.89484126984127,False,False,27.04585537918871,False,20.64,False
2024-10-16,41.49400352733686,False,False,57.93650793650794,False,False,25.701058201058203,False,19.58,False
2024-10-17,40.75961199294533,False,False,55.952380952380956,False,False,29.45767195767196,False,19.11,False
2024-10-18,38.895238095238085,False,False,51.48809523809524,False,False,29.955908289241624,False,18.03,False
2024-10-21,39.95044091710759,False,False,50.09920634920634,False,False,30.27336860670194,False,18.37,False
2024-10-22,41.0432098765432,False,False,44.841269841269835,False,False,30.970017636684304,False,18.2,False
2024-10-23,44.71569664902999,False,False,47.023809523809526,False,False,35.45855379188712,False,19.24,False
2024-10-24,51.264726631393295,False,False,49.90079365079365,False,False,36.036155202821874,False,19.08,False
2024-10-25,55.37222222222222,False,False,53.07539682539682,False,False,35.22927689594356,False,20.33,False
2024-10-28,39.00088183421517,False,False,41.66666666666667,False,False,32.65432098765432,False,19.8,False
2024-10-29,34.79417989417989,False,False,38.095238095238095,False,False,36.402116402116405,False,19.34,False
2024-10-30,38.29761904761904,False,False,35.91269841269842,False,False,39.59435626102293,False,20.35,False
2024-10-31,33.231216931216935,False,False,37.698412698412696,False,False,48.61552028218694,False,23.16,False
2024-11-01,35.41940035273369,False,False,31.25,False,False,46.70194003527337,False,21.88,False
2024-11-04,30.1389770723104,False,False,25.0,False,False,46.269841269841265,False,21.98,False
2024-11-05,30.525837742504407,False,False,30.753968253968257,False,False,43.783068783068785,False,20.49,False
2024-11-06,34.54567901234568,False,False,56.10119047619048,False,False,42.857142857142854,False,16.27,False
2024-11-07,38.38007054673721,False,False,57.93650793650794,False,False,39.50176366843033,False,15.2,False
2024-11-08,51.65396825396825,False,False,58.87896825396825,False,False,40.02645502645503,False,14.94,False
2024-11-11,62.312874779541445,False,False,68.75,False,False,39.85890652557319,False,14.97,False
2024-11-12,53.34250440917107,False,False,52.87698412698413,False,False,41.87389770723104,False,14.71,False
2024-11-13,52.67619047619047,False,False,50.89285714285714,False,False,41.4021164021164,False,14.02,False
2024-11-14,44.0426807760141,False,False,47.22222222222222,False,False,43.117283950617285,False,14.31,False
2024-11-15,36.05696649029982,False,False,45.23809523809524,False,False,48.999118165784836,False,16.14,False
2024-11-18,43.33703703703703,False,False,51.091269841269835,False,False,47.06349206349207,False,15.58,False
2024-11-19,34.10405643738977,False,False,43.25396825396825,False,False,46.69312169312169,False,16.35,False
2024-11-20,34.725220458553785,False,False,43.3531746031746,False,False,44.73544973544974,False,17.16,False
2024-11-21,40.38253968253968,False,False,52.083333333333336,False,False,41.9620811287478,False,16.87,False
2024-11-22,37.54197530864197,False,False,62.35119047619048,False,False,40.489417989417994,False,15.24,False
2024-11-25,33.66754850088184,False,False,64.38492063492063,False,False,34.85008818342152,False,14.6,False
2024-11-26,38.19135802469136,False,False,64.68253968253968,False,False,40.12345679012346,False,14.1,False
2024-11-27,50.75749559082892,False,False,73.80952380952381,False,False,35.00440917107584,False,14.1,False
2024-11-29,46.54091710758377,False,False,67.36111111111111,False,False,30.317460317460313,False,13.51,False
2024-12-02,54.666313932980586,False,False,70.43650793650794,False,False,32.05026455026455,False,13.34,False
2024-12-03,49.97089947089947,False,False,63.59126984126984,False,False,35.29100529100529,False,13.3,False
2024-12-04,58.24779541446208,False,False,59.87103174603175,False,False,37.39417989417989,False,13.45,False
2024-12-05,52.283597883597885,False,False,39.38492063492063,False,False,35.69664902998236,False,13.54,False
2024-12-06,58.84902998236331,False,False,48.263888888888886,False,False,35.57760141093474,False,12.77,False
2024-12-09,50.98818342151676,False,False,43.45238095238095,False,False,31.133156966490294,False,14.19,False
2024-12-10,47.95696649029982,False,False,44.24603174603175,False,False,36.44620811287478,False,14.18,False
2024-12-11,49.28500881834214,False,False,35.714285714285715,False,False,35.683421516754855,False,13.58,False
2024-12-12,55.32257495590829,False,False,40.97222222222222,False,False,38.51410934744268,False,13.92,False
2024-12-13,76.03562610229275,False,False,64.93055555555556,False,False,38.81834215167549,False,13.81,False
2024-12-16,73.75714285714284,False,False,64.78174603174602,False,False,36.34479717813051,False,14.69,False
2024-12-17,66.40546737213404,False,False,52.67857142857143,False,False,37.49118165784833,False,15.87,False
2024-12-18,53.90158730158729,False,False,43.551587301587304,False,False,49.783950617283956,False,27.62,False
2024-12-19,40.12195767195768,False,False,35.71428571428571,False,False,50.25132275132275,False,24.09,False
2024-12-20,30.74638447971781,False,False,33.13492063492063,False,False,47.50881834215167,False,18.36,False
2024-12-23,47.84585537918871,False,False,57.0436507936508,False,False,45.29541446208113,False,16.78,False
2024-12-24,65.14091710758376,False,False,68.25396825396825,False,False,44.307760141093475,False,14.27,False
2024-12-26,63.52751322751322,False,False,60.91269841269841,False,False,43.34656084656084,False,14.73,False
2024-12-27,65.52292768959435,False,False,55.15873015873015,False,False,49.58112874779542,False,15.95,False
2024-12-30,54.76278659611993,False,False,48.01587301587301,False,False,54.25044091710759,False,17.4,False
2024-12-31,56.86860670194003,False,False,47.817460317460316,False,False,49.2283950617284,False,17.35,False
2025-01-02,61.60335097001763,False,False,51.48809523809524,False,False,55.661375661375665,False,17.93,False
2025-01-03,65.76384479717812,False,False,61.80555555555556,False,False,53.355379188712526,False,16.13,False
2025-01-06,60.19805996472663,False,False,48.31349206349206,False,False,53.34215167548501,False,16.04,False
2025-01-07,58.81552028218695,False,False,44.394841269841265,False,False,58.364197530864196,False,17.82,False
2025-01-08,45.05996472663139,False,False,35.416666666666664,False,False,57.813051146384474,False,17.7,False
2025-01-10,35.89470899470899,False,False,39.08730158730159,False,False,62.186948853615526,False,19.54,False
2025-01-13,31.58783068783068,False,False,32.73809523809524,False,False,59.92063492063492,False,19.19,False
2025-01-14,34.45802469135803,False,False,44.04761904761905,False,False,59.09611992945326,False,18.71,False
2025-01-15,35.836684303350964,False,False,41.86507936507937,False,False,57.56613756613757,False,16.12,False
2025-01-16,38.74250440917108,False,False,48.71031746031746,False,False,54.74867724867725,False,16.6,False
2025-01-17,38.009523809523806,False,False,51.19047619047619,False,False,54.85008818342151,False,15.97,False
2025-01-21,40.07883597883598,False,False,66.36904761904762,False,False,44.86331569664903,False,15.06,False
2025-01-22,45.810405643738974,False,False,66.46825396825398,False,False,50.780423280423285,False,15.1,False
2025-01-23,35.868430335097,False,False,53.273809523809526,False,False,46.34038800705466,False,15.02,False
2025-01-24,41.56878306878307,False,False,64.38492063492063,False,False,46.21252204585537,False,14.85,False
2025-01-27,62.18783068783068,False,False,68.65079365079364,False,False,48.24514991181658,False,17.9,False
2025-01-28,58.97125220458554,False,False,65.97222222222223,False,False,50.54673721340387,False,16.41,False
2025-01-29,57.37160493827161,False,False,66.07142857142857,False,False,50.899470899470906,False,16.56,False
2025-01-30,63.96966490299823,False,False,74.30555555555556,False,False,47.65432098765432,False,15.84,False
2025-01-31,52.48959435626102,False,False,52.182539682539684,False,False,50.348324514991184,False,16.43,False
2025-02-03,48.29259259259259,False,False,46.92460317460318,False,False,53.619929453262785,False,18.62,False
2025-02-04,42.36366843033509,False,False,38.591269841269835,False,False,52.20458553791887,False,17.21,False
2025-02-05,41.09770723104056,False,False,49.851190476190474,False,False,51.8562610229277,False,15.77,False
2025-02-06,44.660493827160494,False,False,54.26587301587301,False,False,50.55996472663139,False,15.5,False
2025-02-07,52.34532627865961,False,False,47.17261904761905,False,False,53.20987654320987,False,16.54,False
2025-02-10,49.21022927689594,False,False,50.992063492063494,False,False,49.49294532627866,False,15.81,False
2025-02-11,50.49805996472663,False,False,40.37698412698413,False,False,49.448853615520285,False,16.02,False
2025-02-12,39.53139329805996,False,False,35.51587301587301,False,False,51.33156966490299,False,15.89,False
2025-02-13,41.15873015873016,False,False,41.51785714285714,False,False,46.96649029982364,False,15.1,False
2025-02-14,44.1047619047619,False,False,46.92460317460318,False,False,47.50881834215168,False,14.77,False
2025-02-18,43.01940035273368,False,False,54.96031746031746,False,False,46.19929453262787,False,15.35,False
2025-02-19,58.84902998236332,False,False,62.1031746031746,False,False,45.76278659611993,False,15.27,False
2025-02-20,51.31693121693121,False,False,44.1468253968254,False,False,42.47354497354497,False,15.66,False
2025-02-21,40.04003527336861,False,False,29.563492063492063,False,False,53.412698412698404,False,18.21,False
2025-02-24,33.93756613756614,False,False,30.654761904761905,False,False,51.904761904761905,False,18.98,False
2025-02-25,29.910229276895944,False,False,29.36507936507936,False,False,51.24338624338625,False,19.43,False
2025-02-26,40.59435626102293,False,False,31.00198412698413,False,False,45.8774250440917,False,19.1,False
2025-02-27,40.90661375661376,False,False,34.82142857142857,False,False,56.31834215167549,False,21.13,False
2025-02-28,27.527513227513232,False,False,26.289682539682538,False,False,52.00176366843033,False,19.63,False
2025-03-03,32.5384479717813,False,False,19.990079365079364,False,False,60.67901234567901,False,22.78,False
2025-03-04,25.93800705467372,False,False,13.59126984126984,False,False,65.39241622574956,False,23.51,False
2025-03-05,25.73553791887125,False,False,17.857142857142854,False,False,61.807760141093475,False,21.93,False
2025-03-06,25.843827160493827,False,False,17.85714285714286,False,False,67.72045855379189,False,24.87,False
2025-03-07,26.30238095238095,False,False,20.138888888888886,False,False,65.3130511463845,False,23.37,False
2025-03-10,22.308818342151675,False,False,16.26984126984127,False,False,72.34126984126983,False,27.86,False
2025-03-11,27.659082892416222,False,False,11.607142857142858,False,False,73.44797178130511,False,26.92,False
2025-03-12,34.86340388007054,False,False,17.757936507936506,False,False,73.31569664902997,True,24.23,False
2025-03-13,32.50811287477954,False,False,14.384920634920636,False,False,76.06701940035275,False,24.66,False
2025-03-14,31.07134038800705,False,False,13.98809523809524,False,False,70.28659611992946,False,21.77,False
2025-03-17,35.01208112874779,False,False,28.571428571428577,False,False,66.08465608465609,False,20.51,False
2025-03-18,34.63756613756613,False,False,13.988095238095237,False,False,73.84038800705467,False,21.7,False
2025-03-19,30.424162257495592,False,False,16.07142857142857,False,False,69.19312169312168,False,19.9,False
2025-03-20,29.212522045855376,False,False,16.716269841269842,False,False,75.22486772486774,False,19.8,False
2025-03-21,23.22063492063492,False,False,11.607142857142856,False,False,77.2442680776014,False,19.28,False
2025-03-24,40.63068783068783,False,False,39.08730158730159,False,False,72.35890652557318,False,17.48,False
2025-03-25,28.98236331569665,False,False,30.853174603174608,False,False,74.32539682539682,False,17.15,False
2025-03-26,39.289417989417984,False,False,34.32539682539682,False,False,73.51851851851852,False,18.33,False
2025-03-27,39.48465608465608,False,False,32.242063492063494,False,False,74.99118165784832,False,18.69,False
2025-03-28,32.63712522045855,False,False,16.666666666666664,False,False,80.07936507936508,False,21.65,False
2025-03-31,26.048148148148147,False,False,17.16269841269841,False,False,78.63756613756613,False,22.28,False
2025-04-01,34.02548500881834,False,False,20.833333333333336,False,False,77.663139329806,False,21.77,False
2025-04-02,49.99885361552028,False,False,37.202380952380956,False,False,72.46031746031746,False,21.51,False
2025-04-03,19.367195767195764,False,False,5.853174603174602,True,False,84.59435626102294,False,30.02,False
2025-04-04,12.896825396825395,False,False,1.289682539682539,True,False,89.2063492063492,False,45.31,False
2025-04-07,20.21604938271605,False,False,5.5555555555555545,True,False,89.01234567901234,False,46.98,False
2025-04-08,17.94532627865961,False,False,5.307539682539682,True,False,90.29541446208113,False,52.33,False
2025-04-09,30.175837742504413,False,False,28.075396825396822,False,False,77.47354497354497,False,33.62,False
2025-04-10,25.396825396825395,False,False,14.384920634920634,True,False,87.3809523809524,False,40.72,False
2025-04-11,24.327336860670197,False,False,12.797619047619047,True,False,83.84479717813052,False,37.56,False
2025-04-14,38.17398589065256,False,False,20.932539682539684,True,False,78.54938271604938,False,30.89,False
2025-04-15,31.238447971781305,False,False,12.103174603174601,True,False,82.93650793650794,False,30.12,False
2025-04-16,44.300529100529104,False,False,17.70833333333333,True,False,86.26984126984127,False,32.64,False
2025-04-17,30.02248677248677,False,False,6.398809523809521,False,False,84.88536155202821,False,29.65,False
2025-04-21,25.19259259259259,False,False,5.257936507936511,True,False,88.74338624338624,False,33.82,False
2025-04-22,22.611022927689596,False,False,11.259920634920636,True,False,79.9867724867725,False,30.57,False
2025-04-23,23.149470899470906,False,False,20.13888888888889,False,False,80.06613756613757,False,28.45,False
2025-04-24,24.84470899470899,False,False,28.869047619047617,False,False,82.7910052910053,False,26.47,False
2025-04-25,43.23262786596119,False,False,35.714285714285715,False,False,85.21164021164022,False,24.84,False
2025-04-28,43.17063492063492,False,False,36.507936507936506,False,False,81.1904761904762,False,25.15,False
2025-04-29,34.74241622574955,False,False,33.432539682539684,False,False,82.9188712522046,False,24.17,False
2025-04-30,33.91887125220458,False,False,31.249999999999996,False,False,78.95943562610229,False,24.7,False
2025-05-01,41.470017636684304,False,False,35.11904761904762,False,False,85.26014109347443,False,24.6,False
2025-05-02,42.00758377425044,False,False,41.86507936507937,False,False,82.83068783068784,False,22.68,False
2025-05-05,36.095061728395066,False,False,39.18650793650794,False,False,82.76014109347443,False,23.64,False
2025-05-06,30.490476190476187,False,False,30.952380952380953,False,False,84.9647266313933,False,24.76,False
2025-05-07,38.592151675485006,False,False,34.12698412698413,False,False,81.61375661375662,False,23.55,False
2025-05-08,33.82945326278659,False,False,35.51587301587302,False,False,75.59082892416225,False,22.48,False
2025-05-09,41.029982363315696,False,False,40.77380952380952,False,False,77.27513227513226,False,21.9,False
2025-05-12,36.40088183421516,False,False,47.023809523809526,False,False,66.37125220458553,False,18.39,False
2025-05-13,51.25026455026455,False,False,56.59722222222222,False,False,69.70458553791887,False,18.22,False
2025-05-14,46.68324514991181,False,False,60.21825396825397,False,False,71.04497354497356,False,18.62,False
2025-05-15,35.47989417989418,False,False,46.676587301587304,False,False,65.05291005291006,False,17.83,False
2025-05-16,34.570194003527334,False,False,52.87698412698413,False,False,58.2716049382716,False,17.24,False
2025-05-19,32.90881834215168,False,False,49.2063492063492,False,False,54.93827160493828,False,18.14,False
2025-05-20,36.22716049382716,False,False,54.66269841269842,False,False,55.23809523809524,False,18.09,False
2025-05-21,31.52724867724867,False,False,41.964285714285715,False,False,67.56172839506173,False,20.87,False
2025-05-22,29.47407407407407,False,False,38.0952380952381,False,False,65.44091710758377,False,20.28,False
2025-05-23,36.11754850088183,False,False,45.53571428571428,False,False,68.58024691358025,False,22.29,False
2025-05-27,37.15643738977072,False,False,56.0515873015873,False,False,59.84567901234569,False,18.96,False
2025-05-28,45.01269841269841,False,False,62.20238095238095,False,False,63.29805996472663,False,19.31,False
2025-05-29,48.83880070546736,False,False,66.66666666666667,False,False,60.586419753086425,False,19.18,False
2025-05-30,28.991887125220455,False,False,40.27777777777778,False,False,65.00440917107584,False,18.57,False
2025-06-02,34.40599647266313,False,False,40.97222222222222,False,False,65.3395061728395,False,18.36,False
2025-06-03,36.84797178130511,False,False,54.464285714285715,False,False,63.34215167548501,False,17.69,False
2025-06-04,45.953615520282185,False,False,59.87103174603174,False,False,61.21252204585537,False,17.61,False
2025-06-05,57.1342151675485,False,False,55.75396825396825,False,False,65.27336860670194,False,18.48,False
2025-06-06,55.08800705467373,False,False,63.293650793650784,False,False,58.289241622574956,False,16.77,False
2025-06-09,52.62645502645502,False,False,61.210317460317455,False,False,59.97354497354498,False,17.16,False
2025-06-10,45.65079365079365,False,False,64.38492063492063,False,False,55.992063492063494,False,16.95,False
2025-06-11,47.62116402116401,False,False,65.97222222222221,False,False,58.589065255731924,False,17.26,False
2025-06-12,47.768783068783065,False,False,57.93650793650794,False,False,56.22134038800706,False,18.02,False
2025-06-13,47.67054673721341,False,False,47.02380952380952,False,False,64.1358024691358,False,20.82,False
2025-06-16,43.55943562610229,False,False,49.404761904761905,False,False,62.64991181657848,False,19.11,False
2025-06-17,36.47883597883598,False,False,39.98015873015873,False,False,65.67019400352734,False,21.6,False
2025-06-18,30.301410934744265,False,False,34.920634920634924,False,False,65.29100529100529,False,20.14,False
2025-06-20,25.22874779541446,False,False,36.30952380952381,False,False,60.06172839506172,False,20.62,False
2025-06-23,48.2047619047619,False,False,55.65476190476191,False,False,59.7663139329806,False,19.83,False
2025-06-24,42.92345679012345,False,False,62.797619047619044,False,False,52.62786596119929,False,17.48,False
2025-06-25,58.91305114638448,False,False,68.15476190476191,False,False,56.0405643738977,False,16.76,False
2025-06-26,49.11516754850088,False,False,59.47420634920635,False,False,53.985890652557316,False,16.59,False
2025-06-27,44.12416225749559,False,False,55.952380952380956,False,False,51.94885361552028,False,16.32,False
2025-06-30,50.017813051146376,False,False,62.10317460317461,False,False,47.83950617283951,False,16.73,False
2025-07-01,50.65626102292769,False,False,60.714285714285715,False,False,46.776895943562614,False,16.83,False
2025-07-02,45.53227513227513,False,False,54.761904761904766,False,False,48.924162257495595,False,16.64,False
2025-07-03,59.11481481481481,False,False,82.63888888888889,False,False,47.90564373897707,False,16.38,False
2025-07-07,48.79594356261022,False,False,70.23809523809524,False,False,49.37389770723104,False,17.79,False
2025-07-08,40.20670194003527,False,False,55.85317460317461,False,False,46.82539682539683,False,16.81,False
2025-07-09,41.50405643738976,False,False,54.46428571428571,False,False,48.24074074074074,False,15.94,False
2025-07-10,45.03280423280423,False,False,64.18650793650795,False,False,47.14726631393298,False,15.78,False
2025-07-11,41.05908289241622,False,False,52.38095238095239,False,False,50.348324514991184,False,16.4,False
2025-07-14,33.38007054673721,False,False,55.05952380952381,False,False,51.164021164021165,False,17.2,False
2025-07-15,43.43139329805997,False,False,53.323412698412696,False,False,50.81569664902998,False,17.38,False
2025-07-16,38.01005291005291,False,False,54.46428571428571,False,False,43.761022927689595,False,17.16,False
2025-07-17,33.51834215167548,False,False,48.214285714285715,False,False,45.28659611992945,False,16.52,False
2025-07-18,35.426278659611995,False,False,41.76587301587301,False,False,46.37566137566139,False,16.41,False
2025-07-21,34.69664902998237,False,False,39.18650793650794,False,False,46.441798941798936,False,16.65,False
2025-07-22,33.18783068783069,False,False,43.65079365079365,False,False,40.29541446208113,False,16.5,False
2025-07-23,33.69382716049383,False,False,57.93650793650794,False,False,40.15873015873016,False,15.37,False
2025-07-24,37.59576719576719,False,False,52.57936507936508,False,False,43.32451499118165,False,15.39,False
2025-07-25,48.15978835978836,False,False,67.55952380952381,False,False,37.00617283950617,False,14.93,False
2025-07-28,48.9305114638448,False,False,69.19642857142857,False,False,42.50881834215168,False,15.03,False
2025-07-29,41.59188712522046,False,False,50.3968253968254,False,False,43.747795414462075,False,15.98,False
2025-07-30,44.92522045855379,False,False,52.281746031746025,False,False,45.41005291005291,False,15.48,False
2025-07-31,57.45837742504408,False,False,54.216269841269835,False,False,48.32451499118165,False,16.72,False
2025-08-01,50.626631393298055,False,False,34.82142857142857,False,False,53.90652557319223,False,20.38,False
2025-08-04,49.02980599647266,False,False,37.6984126984127,False,False,51.075837742504405,False,17.52,False
2025-08-05,39.800705467372126,False,False,32.93650793650794,False,False,52.67195767195767,False,17.85,False
2025-08-06,55.81552028218695,False,False,47.56944444444444,False,False,51.9620811287478,False,16.77,False
2025-08-07,52.907231040564376,False,False,54.067460317460316,False,False,52.72486772486773,False,16.57,False
2025-08-08,63.43562610229277,False,False,55.208333333333336,False,False,52.085537918871246,False,15.15,False
2025-08-11,64.96913580246914,False,False,64.68253968253968,False,False,53.148148148148145,False,16.25,False
2025-08-12,61.54338624338624,False,False,66.76587301587303,False,False,48.64638447971782,False,14.73,False
2025-08-13,62.44938271604937,False,False,68.05555555555557,False,False,39.88536155202822,False,14.49,False
2025-08-14,62.8652557319224,False,False,61.60714285714286,False,False,39.88977072310406,False,14.83,False
2025-08-15,60.90088183421517,False,False,51.388888888888886,False,False,42.16049382716049,False,15.09,False
2025-08-18,53.3400352733686,False,False,45.932539682539684,False,False,44.122574955908284,False,14.99,False
2025-08-19,60.65414462081129,False,False,59.72222222222223,False,False,40.28218694885362,False,15.57,False
2025-08-20,61.73333333333333,False,False,65.57539682539684,False,False,39.44003527336861,False,15.69,False
2025-08-21,40.41798941798941,False,False,48.01587301587302,False,False,41.21252204585538,False,16.6,False
2025-08-22,49.41164021164021,False,False,66.76587301587301,False,False,37.5352733686067,False,14.22,False
2025-08-25,59.62486772486773,False,False,74.50396825396825,False,False,38.85802469135802,False,14.79,False
2025-08-26,47.75467372134039,False,False,66.31944444444444,False,False,43.522927689594354,False,14.62,False
2025-08-27,63.83509700176366,False,False,76.63690476190476,False,False,36.79012345679013,False,14.85,False
2025-08-28,70.0336860670194,False,False,78.86904761904762,False,False,41.269841269841265,False,14.43,False
2025-08-29,67.7437389770723,False,False,77.82738095238095,False,False,31.587301587301585,False,15.36,False
2025-09-02,47.58888888888889,False,False,55.6547619047619,False,False,37.96296296296296,False,17.17,False
2025-09-03,55.466490299823626,False,False,46.726190476190474,False,False,37.41181657848325,False,16.35,False
2025-09-04,55.266313932980594,False,False,58.63095238095238,False,False,33.7962962962963,False,15.3,False
2025-09-05,72.0663139329806,False,False,68.30357142857143,False,False,36.410934744268076,False,15.18,False
2025-09-08,44.10176366843033,False,False,45.982142857142854,False,False,36.851851851851855,False,15.11,False
2025-09-09,50.330335097001765,False,False,44.94047619047619,False,False,35.18518518518518,False,15.04,False
2025-09-10,74.10405643738977,False,False,63.19444444444444,False,False,37.11199294532628,False,15.35,False
2025-09-11,64.78430335097,False,False,66.22023809523809,False,False,27.30599647266314,False,14.71,False
2025-09-12,74.12028218694886,False,False,68.79960317460318,False,False,34.20194003527337,False,14.76,False
2025-09-15,72.82239858906526,False,False,62.20238095238095,False,False,36.88712522045855,False,15.69,False
2025-09-16,63.34779541446208,False,False,53.769841269841265,False,False,36.63139329805997,False,16.36,False
2025-09-17,68.57830687830688,False,False,55.35714285714286,False,False,35.29982363315697,False,15.72,False
2025-09-18,66.55026455026454,False,False,65.07936507936508,False,False,34.8015873015873,False,15.7,False
2025-09-19,48.52998236331569,False,False,46.37896825396825,False,False,33.89770723104056,False,15.45,False
2025-09-22,73.82186948853615,False,False,70.33730158730158,False,False,33.28042328042328,False,16.1,False
2025-09-23,66.16719576719576,False,False,68.05555555555554,False,False,33.91975308641975,False,16.64,False
2025-09-24,62.379365079365066,False,False,63.54166666666666,False,False,34.126984126984134,False,16.18,False
2025-09-25,67.77566137566137,False,False,54.464285714285715,False,False,35.35273368606702,False,16.74,False
2025-09-26,67.04991181657849,False,False,71.72619047619048,False,False,30.32627865961199,False,15.29,False
2025-09-29,52.81199294532627,False,False,55.158730158730165,False,False,27.041446208112873,False,16.12,False
2025-09-30,47.45343915343915,False,False,51.041666666666664,False,False,24.356261022927686,False,16.28,False
2025-10-01,53.61516754850088,False,False,56.94444444444444,False,False,31.759259259259256,False,16.29,False
2025-10-02,65.75943562610229,False,False,64.68253968253967,False,False,31.424162257495595,False,16.63,False
2025-10-03,67.69929453262785,False,False,70.33730158730158,False,False,28.597883597883598,False,16.65,False
2025-10-06,74.13915343915343,False,False,75.5952380952381,False,False,31.666666666666668,False,16.37,False
2025-10-07,71.43086419753087,False,False,66.66666666666667,False,False,30.599647266313934,False,17.24,False
2025-10-08,74.2389770723104,False,False,69.99007936507937,False,False,29.528218694885364,False,16.3,False
2025-10-09,73.52134038800705,False,False,64.23611111111111,False,False,32.81746031746032,False,16.43,False
2025-10-10,70.02134038800706,False,False,47.51984126984127,False,False,45.67901234567901,False,21.66,False
2025-10-13,65.36349206349206,False,False,47.71825396825397,False,False,42.82186948853615,False,19.03,False
2025-10-14,53.09938271604938,False,False,45.33730158730159,False,False,39.18430335097002,False,20.81,False
2025-10-15,58.749382716049375,False,False,50.29761904761905,False,False,41.979717813051145,False,20.64,False
2025-10-16,49.14435626102292,False,False,42.55952380952381,False,False,45.04409171075838,False,25.31,False
2025-10-17,53.51287477954145,False,False,43.948412698412696,False,False,38.924162257495595,False,20.78,False
2025-10-20,63.6068783068783,False,False,61.7063492063492,False,False,37.985008818342145,False,18.23,False
2025-10-21,43.28377425044091,False,False,49.30555555555556,False,False,32.182539682539684,False,17.87,False
2025-10-22,52.10670194003527,False,False,45.932539682539684,False,False,36.79453262786596,False,18.6,False
2025-10-23,60.53968253968253,False,False,60.218253968253975,False,False,37.00617283950617,False,17.3,False
2025-10-24,67.15061728395062,False,False,64.93055555555554,False,False,39.12257495590829,False,16.37,False
2025-10-27,73.61516754850088,False,False,73.11507936507937,False,False,36.882716049382715,False,15.79,False
2025-10-28,75.0095238095238,False,False,66.4186507936508,False,False,41.00970017636684,False,16.42,False
2025-10-29,70.11093474426808,False,False,62.5,False,False,44.175485008818335,False,16.92,False
2025-10-30,70.01181657848323,False,False,57.39087301587301,False,False,47.879188712522044,False,16.91,False
2025-10-31,66.84356261022927,False,False,54.46428571428572,False,False,47.95414462081129,False,17.44,False
2025-11-03,67.25379188712522,False,False,56.845238095238095,False,False,49.21516754850088,False,17.17,False
2025-11-04,67.5352733686067,False,False,46.82539682539683,False,False,51.91358024691357,False,19.0,False
2025-11-05,66.32045855379188,False,False,60.763888888888886,False,False,51.79453262786597,False,18.01,False
2025-11-06,68.7874779541446,False,False,53.07539682539682,False,False,57.23985890652557,False,19.5,False
2025-11-07,67.51252204585538,False,False,60.21825396825396,False,False,48.05996472663139,False,19.08,False
2025-11-10,71.64814814814814,False,False,66.12103174603175,False,False,48.17901234567902,False,17.6,False
2025-11-11,70.32821869488535,False,False,68.89880952380952,False,False,43.41710758377425,False,17.28,False
2025-11-12,68.97037037037038,False,False,64.23611111111111,False,False,43.32010582010582,False,17.51,False
2025-11-13,69.02557319223986,False,False,61.7063492063492,False,False,49.77072310405643,False,20.0,False
2025-11-14,70.60335097001763,False,False,58.9781746031746,False,False,51.666666666666664,False,19.83,False
2025-11-17,66.2042328042328,False,False,42.26190476190476,False,False,55.39682539682539,False,22.38,False
2025-11-18,64.39179894179894,False,False,47.519841269841265,False,False,56.68430335097002,False,24.69,False
2025-11-19,64.96402116402115,False,False,40.87301587301587,False,False,57.01499118165784,False,23.66,False
2025-11-20,69.3389770723104,False,False,36.80555555555556,False,False,61.9620811287478,False,26.42,False
2025-11-21,58.19144620811287,False,False,32.73809523809524,False,False,51.12874779541446,False,23.43,False
2025-11-24,40.03298059964727,False,False,20.436507936507937,False,False,56.728395061728385,False,20.52,False
2025-11-25,57.92716049382716,False,False,45.73412698412699,False,False,47.94973544973545,False,18.56,False
2025-11-26,54.709523809523816,False,False,48.412698412698404,False,False,48.553791887125215,False,17.19,False
2025-11-28,57.825396825396815,False,False,68.35317460317461,False,False,43.888888888888886,False,16.35,False
2025-12-01,45.26243386243386,False,False,43.65079365079365,False,False,47.15608465608466,False,17.24,False
2025-12-02,49.864726631393296,False,False,55.55555555555556,False,False,47.054673721340386,False,16.59,False
2025-12-03,49.30705467372134,False,False,54.91071428571429,False,False,43.58465608465608,False,16.08,False
2025-12-04,44.17301587301586,False,False,49.60317460317461,False,False,47.16490299823633,False,15.78,False
2025-12-05,41.69611992945326,False,False,43.25396825396825,False,False,45.661375661375665,False,15.41,False
2025-12-08,44.3416225749559,False,False,47.519841269841265,False,False,46.47707231040565,False,16.66,False
2025-12-09,31.277072310405643,False,False,34.523809523809526,False,False,45.577601410934754,False,16.93,False
2025-12-10,30.758201058201056,False,False,37.8968253968254,False,False,42.51322751322751,False,15.77,False
2025-12-11,38.74691358024691,False,False,59.02777777777778,False,False,36.46825396825397,False,14.85,False
2025-12-12,54.7994708994709,False,False,66.07142857142858,False,False,42.160493827160494,False,15.74,False
2025-12-15,45.86419753086419,False,False,53.37301587301587,False,False,43.13492063492064,False,16.5,False
2025-12-16,41.65361552028219,False,False,45.13888888888889,False,False,44.05643738977073,False,16.48,False
2025-12-17,45.01657848324515,False,False,44.64285714285714,False,False,43.214285714285715,False,17.62,False
2025-12-18,44.240564373897705,False,False,43.75,False,False,44.122574955908284,False,16.87,False
2025-12-19,37.57795414462081,False,False,49.801587301587304,False,False,44.104938271604944,False,14.91,False
2025-12-22,42.42433862433862,False,False,62.00396825396825,False,False,39.241622574955905,False,14.08,False
2025-12-23,48.02469135802468,False,False,62.10317460317461,False,False,39.34303350970017,False,14.0,False
2025-12-24,56.32962962962962,False,False,73.26388888888889,False,False,34.38712522045855,False,13.47,False
2025-12-26,62.86507936507936,False,False,77.97619047619047,False,False,34.457671957671955,False,13.6,False
2025-12-29,51.35185185185185,False,False,62.202380952380956,False,False,35.24691358024691,False,14.2,False
2025-12-30,53.21358024691357,False,False,60.36706349206348,False,False,34.23721340388007,False,14.33,False
2025-12-31,54.97178130511464,False,False,51.09126984126984,False,False,37.054673721340386,False,14.95,False
2026-01-02,60.04620811287478,False,False,69.44444444444444,False,False,42.892416225749564,False,14.51,False
2026-01-05,40.03615520282187,False,False,57.242063492063494,False,False,39.276895943562614,False,14.9,False
2026-01-06,50.56437389770723,False,False,70.53571428571429,False,False,37.25749559082892,False,14.75,False
2026-01-07,38.22416225749559,False,False,42.9563492063492,False,False,42.954144620811284,False,15.38,False
2026-01-08,40.505291005291,False,False,55.95238095238095,False,False,38.57583774250441,False,15.45,False
2026-01-09,46.46613756613756,False,False,68.35317460317461,False,False,37.68077601410935,False,14.49,False
2026-01-12,31.524514991181658,False,False,52.48015873015873,False,False,35.87301587301587,False,15.12,False
2026-01-13,33.74356261022928,False,False,54.36507936507937,False,False,38.029100529100525,False,15.98,False
2026-01-14,30.066137566137566,False,False,47.91666666666667,False,False,38.11287477954144,False,16.75,False
2026-01-15,40.71128747795414,False,False,68.70039682539682,False,False,37.098765432098766,False,15.84,False
2026-01-16,37.4042328042328,False,False,56.59722222222222,False,False,35.83774250440917,False,15.86,False
2026-01-20,32.57786596119929,False,False,53.67063492063492,False,False,46.15520282186949,False,20.09,False
2026-01-21,43.08289241622575,False,False,68.25396825396825,False,False,42.8615520282187,False,16.9,False
2026-01-22,37.89118165784832,False,False,59.573412698412696,False,False,39.88536155202822,False,15.64,False
2026-01-23,42.461728395061726,False,False,54.067460317460316,False,False,38.963844797178126,False,16.09,False
2026-01-26,32.91534391534392,False,False,45.138888888888886,False,False,37.698412698412696,False,16.15,False
2026-01-27,35.86772486772487,False,False,54.712301587301596,False,False,42.70282186948854,False,16.35,False
2026-01-28,46.71428571428572,False,False,60.71428571428571,False,False,44.052028218694886,False,16.35,False
2026-01-29,55.56102292768959,False,False,59.72222222222223,False,False,45.11904761904762,False,16.88,False
2026-01-30,45.194532627865954,False,False,52.67857142857143,False,False,45.12345679012345,False,17.44,False
2026-02-02,42.75714285714286,False,False,53.125,False,False,45.64373897707231,False,16.34,False
2026-02-03,43.99911816578483,False,False,63.59126984126985,False,False,49.0652557319224,False,18.0,False
2026-02-04,35.06490299823633,False,False,49.85119047619048,False,False,46.24779541446208,False,18.64,False
2026-02-05,34.92936507936508,False,False,36.656746031746025,False,False,53.67724867724868,False,21.77,False
2026-02-06,51.629100529100526,False,False,64.23611111111111,False,False,51.28747795414463,False,17.76,False
2026-02-09,43.93862433862434,False,False,57.09325396825396,False,False,53.108465608465615,False,17.36,False
2026-02-10,32.50405643738977,False,False,42.16269841269841,False,False,52.75573192239859,False,17.79,False
2026-02-11,31.226631393298057,False,False,42.60912698412699,False,False,54.58112874779542,False,17.65,False
2026-02-12,23.530335097001764,False,False,28.76984126984127,False,False,59.96031746031746,False,20.82,False
2026-02-13,27.11375661375661,False,False,31.498015873015873,False,False,56.94885361552028,False,20.6,False
2026-02-17,32.06992945326278,False,False,34.02777777777778,False,False,58.946208112874785,False,20.29,False
2026-02-18,33.82169312169312,False,False,39.682539682539684,False,False,51.988536155202816,False,19.62,False
2026-02-19,28.66410934744268,False,False,33.33333333333333,False,False,54.55026455026455,False,20.23,False
2026-02-20,36.571075837742505,False,False,39.78174603174603,False,False,53.43915343915344,False,19.09,False
2026-02-23,36.1231922398589,False,False,37.5,False,False,60.55996472663139,False,21.01,False
2026-02-24,42.078483245149904,False,False,45.33730158730159,False,False,58.302469135802475,False,19.55,False
2026-02-25,41.69594356261023,False,False,47.6686507936508,False,False,55.44091710758378,False,17.93,False
2026-02-26,44.97460317460318,False,False,51.58730158730158,False,False,51.03174603174603,False,18.63,False
2026-02-27,25.50828924162257,False,False,29.96031746031746,False,False,56.79012345679012,False,19.86,False
2026-03-02,25.85343915343915,False,False,28.571428571428573,False,False,51.503527336860664,False,21.44,False
2026-03-03,33.64276895943563,False,False,21.52777777777778,False,False,56.79453262786597,False,23.57,False
2026-03-04,39.19797178130512,False,False,30.456349206349202,False,False,56.19929453262787,False,21.15,False
2026-03-05,32.74911816578483,False,False,22.51984126984127,False,False,56.67107583774251,False,23.75,False
2026-03-06,38.29038800705467,False,False,22.519841269841272,False,False,64.82804232804233,False,29.49,False
2026-03-09,36.11992945326279,False,False,16.865079365079364,False,False,63.09082892416226,False,25.5,False
2026-03-10,43.99832451499118,False,False,24.702380952380956,False,False,65.32186948853615,False,24.93,False
2026-03-11,41.41102292768959,False,False,21.13095238095238,False,False,67.3941798941799,False,24.23,False
2026-03-12,31.047001763668437,False,False,13.59126984126984,False,False,72.75132275132275,False,27.29,False
2026-03-13,42.25776014109347,False,False,21.42857142857143,False,False,69.86331569664902,False,27.19,False
2026-03-16,52.61349206349206,False,False,28.571428571428573,False,False,67.7910052910053,False,23.51,False
2026-03-17,46.08192239858906,False,False,26.388888888888886,False,False,65.65696649029982,False,22.37,False
2026-03-18,44.24012345679012,False,False,25.595238095238095,False,False,73.39506172839508,False,25.09,False
2026-03-19,43.48959435626102,False,False,23.015873015873016,False,False,74.01234567901236,False,24.06,False
2026-03-20,22.00493827160493,False,False,14.384920634920634,False,False,77.19576719576719,True,26.78,False
2026-03-23,36.706790123456784,False,False,25.694444444444446,False,False,73.31128747795414,False,26.15,False
2026-03-24,37.47486772486772,False,False,25.396825396825395,False,False,75.12786596119929,False,26.95,False
2026-03-25,42.85017636684302,False,False,28.571428571428566,False,False,75.18959435626101,False,25.33,False
2026-03-26,43.83844797178131,False,False,30.257936507936506,False,False,78.8447971781305,False,27.44,False
2026-03-27,35.54982363315696,False,False,17.063492063492063,True,False,83.52292768959437,False,31.05,False
2026-03-30,38.836596119929446,False,False,19.047619047619044,True,False,82.01940035273368,False,30.61,False
2026-03-31,36.32495590828924,False,False,17.757936507936506,False,False,76.65343915343915,False,25.25,False
2026-04-01,41.10652557319224,False,False,26.388888888888886,False,False,80.679012345679,False,24.54,False
2026-04-02,52.28121693121693,False,False,34.82142857142857,False,False,79.77072310405644,False,23.87,False
2026-04-06,53.61366843033509,False,False,43.551587301587304,False,False,75.4320987654321,False,24.17,False
2026-04-07,49.3021164021164,False,False,35.11904761904762,False,False,79.51940035273368,False,25.78,False
2026-04-08,47.23968253968254,False,False,49.2063492063492,False,False,75.36596119929453,False,21.04,False
2026-04-09,58.304761904761904,False,False,57.4404761904762,False,False,76.15520282186948,False,19.49,False
2026-04-10,61.43756613756614,False,False,57.58928571428572,False,False,76.73280423280424,False,19.23,False
2026-04-13,59.1347442680776,False,False,58.730158730158735,False,False,70.21604938271605,False,19.12,False
2026-04-14,64.1679012345679,False,False,65.47619047619048,False,False,64.60758377425044,False,18.36,False
2026-04-15,67.70793650793651,False,False,66.96428571428571,False,False,65.26014109347443,False,18.17,False
2026-04-16,63.33386243386244,False,False,69.64285714285714,False,False,62.95414462081129,False,17.94,False
2026-04-17,58.862610229276896,False,False,63.789682539682545,False,False,58.23192239858906,False,17.48,False
2026-04-20,56.899294532627856,False,False,63.04563492063492,False,False,58.34656084656084,False,18.87,False
2026-04-21,47.1384479717813,False,False,52.3313492063492,False,False,64.35185185185186,False,19.5,False
2026-04-22,61.7379188712522,False,False,66.96428571428572,False,False,62.66754850088184,False,18.92,False
2026-04-23,61.54708994708994,False,False,70.98214285714286,False,False,66.04938271604938,False,19.31,False
2026-04-24,71.78165784832451,False,False,69.3452380952381,False,False,63.05555555555555,False,18.71,False
2026-04-27,72.21763668430336,False,False,70.98214285714286,False,False,60.02645502645503,False,18.02,False
2026-04-28,68.01957671957672,False,False,65.07936507936508,False,False,61.85185185185185,False,17.83,False
2026-04-29,63.18289241622576,False,False,58.730158730158735,False,False,60.13668430335097,False,18.81,False
2026-04-30,72.65749559082892,False,False,64.93055555555554,False,False,56.04938271604939,False,16.89,False
2026-05-01,74.06754850088183,False,False,62.400793650793645,False,False,56.22574955908289,False,16.99,False
2026-05-04,67.94938271604939,False,False,58.68055555555556,False,False,58.761022927689595,False,18.29,False
2026-05-05,74.42786596119929,False,False,63.541666666666664,False,False,57.26190476190476,False,17.38,False
2026-05-06,76.46701940035274,False,False,66.46825396825398,False,False,53.16578483245149,False,17.39,False
2026-05-07,73.37231040564373,False,False,63.888888888888886,False,False,52.20017636684304,False,17.08,False
2026-05-08,80.94409171075839,False,False,60.81349206349206,False,False,53.258377425044095,False,17.19,False
2026-05-11,80.83439153439153,False,False,69.29563492063492,False,False,53.46560846560846,False,18.38,False
2026-05-12,81.5984126984127,False,True,68.45238095238095,False,False,51.816578483245145,False,17.99,False
2026-05-13,80.10035273368605,False,True,66.36904761904762,False,False,51.335978835978835,False,17.87,False
2026-05-14,79.3010582010582,False,False,66.76587301587301,False,False,49.18430335097002,False,17.26,False
2026-05-15,77.7805996472663,False,False,58.92857142857143,False,False,55.07054673721341,False,18.43,False
2026-05-18,74.77671957671957,False,False,59.920634920634924,False,False,51.6225749559083,False,17.82,False
2026-05-19,73.29753086419754,False,False,55.35714285714286,False,False,56.37125220458554,False,18.06,False
2026-05-20,73.17072310405642,False,False,63.29365079365079,False,False,45.705467372134045,False,17.44,False
2026-05-21,77.12292768959436,False,False,72.51984126984127,False,False,47.92768959435626,False,16.76,False
2026-05-22,76.04320987654322,False,False,77.72817460317461,False,False,43.62874779541446,False,16.7,False
2026-05-26,82.26843033509701,False,False,88.64087301587301,False,False,45.952380952380956,False,17.01,False
2026-05-27,86.08871252204585,False,False,81.20039682539682,False,False,48.39506172839506,False,16.29,False
2026-05-28,82.42292768959436,True,True,77.97619047619048,False,False,46.38447971781304,False,15.74,False
2026-05-29,80.33227513227513,False,True,76.48809523809524,False,False,45.877425044091716,False,15.32,False
2026-06-01,85.12081128747795,False,True,71.08134920634922,False,False,46.6710758377425,False,16.05,False
2026-06-02,86.97513227513227,False,True,80.80357142857143,False,False,46.79012345679012,False,15.77,False
2026-06-03,86.41040564373897,True,True,72.61904761904762,False,False,48.31569664902998,False,16.06,False
2026-06-04,87.80511463844796,True,True,85.71428571428572,False,False,44.118165784832456,False,15.4,False
2026-06-05,80.90714285714286,False,True,72.42063492063491,False,False,54.20634920634921,False,21.51,False
2026-06-08,81.38077601410933,False,True,63.839285714285715,False,False,54.64285714285714,False,18.92,False
2026-06-09,75.54126984126984,False,False,72.37103174603175,False,False,50.833333333333336,False,19.87,False
2026-06-10,64.79400352733686,False,False,56.94444444444444,False,False,59.8236331569665,False,22.22,False
2026-06-11,67.99435626102293,False,False,71.52777777777777,False,False,56.150793650793645,False,19.44,False
2026-06-12,71.8679012345679,False,False,86.40873015873015,False,False,54.08289241622575,False,17.68,False
2026-06-15,73.18165784832452,False,False,91.56746031746033,False,False,49.219576719576715,False,16.2,False
2026-06-16,74.2710758377425,False,False,82.88690476190476,False,False,50.34391534391534,False,16.41,False
2026-06-17,72.63280423280423,False,False,65.07936507936508,False,False,59.72222222222222,False,18.44,False
2026-06-18,77.14814814814815,False,False,75.49603174603175,False,False,58.32892416225749,False,16.4,False
2026-06-22,78.00017636684302,False,False,78.17460317460318,False,False,59.6604938271605,False,17.28,False
2026-06-23,75.76507936507937,False,False,72.8670634920635,False,False,60.27777777777777,False,19.49,False
2026-06-24,74.33968253968254,False,False,60.91269841269841,False,False,58.430335097001766,False,18.63,False
2026-06-25,80.11340388007054,False,False,75.9920634920635,False,False,60.445326278659614,False,18.89,False
2026-06-26,75.5100529100529,False,False,59.72222222222223,False,False,55.859788359788354,False,18.41,False
2026-06-29,78.16225749559082,False,False,73.31349206349205,False,False,59.30776014109347,False,17.65,False
2026-06-30,74.55731922398589,False,False,70.63492063492063,False,False,59.122574955908284,False,16.45,False
2026-07-01,76.80476190476192,False,False,75.0,False,False,53.65961199294532,False,16.59,False
2026-07-02,78.94708994708995,False,False,74.4047619047619,False,False,49.316578483245145,False,16.15,False
2026-07-06,72.99982363315696,False,False,70.63492063492063,False,False,52.91887125220459,False,15.57,False
2026-07-07,76.78677248677248,False,False,76.68650793650794,False,False,47.34126984126985,False,16.13,False
2026-07-08,74.38800705467372,False,False,59.52380952380952,False,False,49.92945326278659,False,16.9,False
2026-07-09,78.16719576719576,False,False,71.82539682539682,False,False,47.68518518518518,False,15.84,False
2026-07-10,78.69241622574955,False,False,70.63492063492063,False,False,42.460317460317455,False,15.03,False
2026-07-13,67.81604938271605,False,False,73.61111111111111,False,False,45.16754850088183,False,17.16,False
2026-07-14,67.09435626102292,False,False,72.61904761904762,False,False,46.164021164021165,False,16.5,False
2026-07-15,76.90105820105819,False,False,75.69444444444444,False,False,44.532627865961196,False,15.67,False
2026-07-16,65.47195767195767,False,False,76.88492063492065,False,False,40.48941798941799,False,16.73,False
2026-07-17,65.542151675485,False,False,61.11111111111111,False,False,43.89329805996473,False,18.77,False
2026-07-20,61.00176366843034,False,False,53.67063492063492,False,False,47.60141093474427,False,18.65,False
2026-07-21,66.9021164021164,False,False,63.98809523809523,False,False,46.98853615520283,False,17.05,False
2026-07-22,61.09664902998236,False,False,57.93650793650794,False,False,43.183421516754855,False,16.64,False
2026-07-23,60.65961199294533,False,False,59.72222222222222,False,False,50.0352733686067,False,18.7,False
2026-07-24,62.66684303350969,False,False,66.46825396825396,False,False,47.6278659611993,False,18.58,False
2026-07-27,62.98571428571428,False,False,76.88492063492063,False,False,42.16490299823633,False,18.67,False
2026-07-28,58.38218694885361,False,False,76.09126984126985,False,False,36.67548500881834,False,18.21,False
2026-07-29,56.88641975308642,False,False,65.57539682539681,False,False,45.992063492063494,False,20.66,False
2026-07-30,69.65749559082893,False,False,68.75,False,False,45.947971781305114,False,17.09,False
2026-07-31,68.67513227513227,False,False,63.789682539682545,False,False,45.511463844797184,False,15.99,False
2026-08-03,62.13968253968254,False,False,60.11904761904762,False,False,39.85008818342152,False,15.86,False
2026-08-04,59.31216931216931,False,False,83.33333333333333,False,False,40.48941798941799,False,16.5,False
2026-08-05,59.54973544973545,False,False,78.96825396825396,False,False,42.8968253968254,False,15.81,False
2026-08-06,56.27072310405644,False,False,70.43650793650794,False,False,41.54320987654321,False,15.15,False
2026-08-07,60.18606701940036,False,False,84.72222222222223,False,False,34.470899470899475,False,14.9,False
2026-08-10,59.2331569664903,False,False,80.2579365079365,False,False,37.376543209876544,False,15.46,False
2026-08-11,59.34497354497355,False,False,76.98412698412699,False,False,36.8694885361552,False,15.28,False
2026-08-12,67.8941798941799,False,False,87.45039682539684,False,False,38.32451499118165,False,14.55,False
2026-08-13,70.25238095238096,False,False,86.95436507936508,False,False,33.65520282186949,False,14.63,False
2026-08-14,72.46031746031746,False,False,90.17857142857144,False,False,32.94973544973545,False,14.25,False
2026-08-17,66.45555555555555,False,False,76.78571428571429,False,False,37.261904761904766,False,15.19,False
2026-08-18,68.20246913580246,False,False,74.70238095238095,False,False,41.89594356261023,False,15.84,False
2026-08-19,63.59223985890653,False,False,66.26984126984127,False,False,34.435626102292765,False,14.89,False
2026-08-20,46.73932980599647,False,False,50.39682539682539,False,False,37.55731922398589,False,16.01,False
2026-08-21,46.79118165784833,False,False,56.051587301587304,False,False,37.82186948853616,False,15.13,False
2026-08-24,55.73544973544974,False,False,63.789682539682545,False,False,37.74250440917108,False,15.85,False
2026-08-25,50.35978835978836,False,False,59.22619047619048,False,False,36.366843033509696,False,15.45,False
2026-08-26,56.27019400352734,False,False,59.027777777777786,False,False,32.27072310405644,False,15.21,False
2026-08-27,71.59823633156967,False,False,73.61111111111111,False,False,34.42239858906525,False,14.51,False
2026-08-28,67.96137566137565,False,False,65.27777777777777,False,False,29.316578483245156,False,14.43,False
2026-08-31,54.07918871252205,False,False,51.68650793650794,False,False,36.283068783068785,False,14.92,False
2026-09-01,53.07460317460317,False,False,55.95238095238095,False,False,37.83068783068783,False,16.34,False
2026-09-02,57.75837742504409,False,False,50.992063492063494,False,False,35.05291005291006,False,15.2,False
2026-09-03,62.70440917107584,False,False,62.301587301587304,False,False,27.35008818342152,False,14.32,False
2026-09-04,70.53985890652557,False,False,67.36111111111111,False,False,33.04673721340388,False,14.53,False
2026-09-08,59.91428571428571,False,False,58.13492063492063,False,False,38.20546737213404,False,15.72,False
2026-09-09,56.77724867724867,False,False,47.420634920634924,False,False,41.164021164021165,False,16.46,False
2026-09-10,53.52433862433862,False,False,48.41269841269841,False,False,42.9320987654321,False,17.84,False
2026-09-11,55.4379188712522,False,False,49.007936507936506,False,False,39.78395061728395,False,15.84,False
2026-09-14,54.76543209876542,False,False,58.829365079365076,False,False,40.39682539682539,False,17.1,False
2026-09-15,43.49911816578483,False,False,46.82539682539682,False,False,43.43915343915344,False,17.2,False
2026-09-16,47.97442680776013,False,False,48.90873015873016,False,False,45.04409171075837,False,17.2,False
